date,industrial_production,industrial_confidence,unemployment_rate,employment_expectations,construction_confidence,retail_sales_volume,retail_confidence,cpi_index,core_cpi_index,food_price_index,energy_price_index,services_price_index,long_term_rate,short_term_rate,mortgage_rate,mortgage_rate_pure_new_loans,mortgage_rate_oenb,household_mortgage_loans,mortgage_new_lending,mortgage_new_lending_oenb,fx_rate_to_usd,real_effective_exchange_rate,consumer_confidence,consumer_financial_situation_past,consumer_financial_situation_expected,consumer_economic_situation_past,consumer_economic_situation_expected,consumer_price_trends_past,consumer_price_expectations,consumer_unemployment_expectations,consumer_major_purchases_now,consumer_major_purchases_expected,consumer_savings_expected,consumer_household_finances_now,industry_production_past,industry_order_books,industry_export_order_books,industry_stocks_finished_products,industry_production_expectations,industry_selling_price_expectations,industry_employment_expectations,services_business_situation_past,services_demand_past,services_demand_expected,services_employment_expectations,services_price_expectations,retail_business_activity_past,retail_stocks,retail_orders_expected,retail_business_activity_expected,retail_employment_expectations,retail_price_expectations,construction_activity_past,construction_limits_none,construction_limits_demand,construction_limits_labour,construction_limits_material_equipment,construction_limits_other,construction_limits_financial,construction_order_books,construction_employment_expectations,construction_price_expectations,economic_sentiment_indicator,services_confidence,oil_price,geopolitical_risk,global_activity,financial_stress,share_price_index,construction_weather_constraint,heating_degree_days,cooling_degree_days
1960-01-01,11.713770306382568,NA,NA,NA,NA,NA,NA,NA,NA,NA,NA,NA,NA,NA,NA,NA,NA,NA,NA,NA,1.89011140745478,NA,NA,NA,NA,NA,NA,NA,NA,NA,NA,NA,NA,NA,NA,NA,NA,NA,NA,NA,NA,NA,NA,NA,NA,NA,NA,NA,NA,NA,NA,NA,NA,NA,NA,NA,NA,NA,NA,NA,NA,NA,NA,NA,2.97,NA,NA,NA,NA,NA,796.5165166285632,0
1960-02-01,11.777221138625727,NA,NA,NA,NA,NA,NA,NA,NA,NA,NA,NA,NA,NA,NA,NA,NA,NA,NA,NA,1.8915866659883869,NA,NA,NA,NA,NA,NA,NA,NA,NA,NA,NA,NA,NA,NA,NA,NA,NA,NA,NA,NA,NA,NA,NA,NA,NA,NA,NA,NA,NA,NA,NA,NA,NA,NA,NA,NA,NA,NA,NA,NA,NA,NA,NA,2.97,NA,NA,NA,NA,NA,656.06104810604,0
1960-03-01,11.983042814744785,NA,NA,NA,NA,NA,NA,NA,NA,NA,NA,NA,NA,NA,NA,NA,NA,NA,NA,NA,1.891637536972304,NA,NA,NA,NA,NA,NA,NA,NA,NA,NA,NA,NA,NA,NA,NA,NA,NA,NA,NA,NA,NA,NA,NA,NA,NA,NA,NA,NA,NA,NA,NA,NA,NA,NA,NA,NA,NA,NA,NA,NA,NA,NA,NA,2.97,NA,NA,NA,NA,NA,507.37618958897053,0
1960-04-01,12.078528117039788,NA,NA,NA,NA,NA,NA,NA,NA,NA,NA,NA,NA,NA,NA,NA,NA,NA,NA,NA,1.8921753159451464,NA,NA,NA,NA,NA,NA,NA,NA,NA,NA,NA,NA,NA,NA,NA,NA,NA,NA,NA,NA,NA,NA,NA,NA,NA,NA,NA,NA,NA,NA,NA,NA,NA,NA,NA,NA,NA,NA,NA,NA,NA,NA,NA,2.97,NA,NA,NA,NA,NA,335.81982039220003,0
1960-05-01,12.170972328660975,NA,NA,NA,NA,NA,NA,NA,NA,NA,NA,NA,NA,NA,NA,NA,NA,NA,NA,NA,1.892226186929064,NA,NA,NA,NA,NA,NA,NA,NA,NA,NA,NA,NA,NA,NA,NA,NA,NA,NA,NA,NA,NA,NA,NA,NA,NA,NA,NA,NA,NA,NA,NA,NA,NA,NA,NA,NA,NA,NA,NA,NA,NA,NA,NA,2.97,NA,NA,NA,NA,NA,167.6525775038605,0
1960-06-01,12.238354326897118,NA,NA,NA,NA,NA,NA,NA,NA,NA,NA,NA,NA,NA,NA,NA,NA,NA,NA,NA,1.8912378363843807,NA,NA,NA,NA,NA,NA,NA,NA,NA,NA,NA,NA,NA,NA,NA,NA,NA,NA,NA,NA,NA,NA,NA,NA,NA,NA,NA,NA,NA,NA,NA,NA,NA,NA,NA,NA,NA,NA,NA,NA,NA,NA,NA,2.97,NA,NA,NA,NA,NA,13.961667344909573,0
1960-07-01,12.293324719293775,NA,NA,NA,NA,NA,NA,NA,NA,NA,NA,NA,NA,NA,NA,NA,NA,NA,NA,NA,1.8891739278940136,NA,NA,NA,NA,NA,NA,NA,NA,NA,NA,NA,NA,NA,NA,NA,NA,NA,NA,NA,NA,NA,NA,NA,NA,NA,NA,NA,NA,NA,NA,NA,NA,NA,NA,NA,NA,NA,NA,NA,NA,NA,NA,NA,2.97,NA,NA,NA,NA,NA,28.252063516245958,0
1960-08-01,12.501627068293104,NA,NA,NA,NA,NA,NA,NA,NA,NA,NA,NA,NA,NA,NA,NA,NA,NA,NA,NA,1.8840359585183464,NA,NA,NA,NA,NA,NA,NA,NA,NA,NA,NA,NA,NA,NA,NA,NA,NA,NA,NA,NA,NA,NA,NA,NA,NA,NA,NA,NA,NA,NA,NA,NA,NA,NA,NA,NA,NA,NA,NA,NA,NA,NA,NA,2.97,NA,NA,NA,NA,NA,6.526395088287141,0
1960-09-01,12.358324941907334,NA,NA,NA,NA,NA,NA,NA,NA,NA,NA,NA,NA,NA,NA,NA,NA,NA,NA,NA,1.882277275931484,NA,NA,NA,NA,NA,NA,NA,NA,NA,NA,NA,NA,NA,NA,NA,NA,NA,NA,NA,NA,NA,NA,NA,NA,NA,NA,NA,NA,NA,NA,NA,NA,NA,NA,NA,NA,NA,NA,NA,NA,NA,NA,NA,2.97,NA,NA,NA,NA,NA,136.329166178281,0
1960-10-01,12.48043008939592,NA,NA,NA,NA,NA,NA,NA,NA,NA,NA,NA,NA,NA,NA,NA,NA,NA,NA,NA,1.887168157670981,NA,NA,NA,NA,NA,NA,NA,NA,NA,NA,NA,NA,NA,NA,NA,NA,NA,NA,NA,NA,NA,NA,NA,NA,NA,NA,NA,NA,NA,NA,NA,NA,NA,NA,NA,NA,NA,NA,NA,NA,NA,NA,NA,2.97,NA,NA,NA,NA,NA,290.6258484450911,0
1960-11-01,12.81335122451667,NA,NA,NA,NA,NA,NA,NA,NA,NA,NA,NA,NA,NA,NA,NA,NA,NA,NA,NA,1.8909471450477096,NA,NA,NA,NA,NA,NA,NA,NA,NA,NA,NA,NA,NA,NA,NA,NA,NA,NA,NA,NA,NA,NA,NA,NA,NA,NA,NA,NA,NA,NA,NA,NA,NA,NA,NA,NA,NA,NA,NA,NA,NA,NA,NA,2.97,NA,NA,NA,NA,NA,449.15198513958575,0
1960-12-01,12.870769324041031,NA,NA,NA,NA,NA,NA,NA,NA,NA,NA,NA,NA,NA,NA,NA,NA,NA,NA,NA,1.892080841260728,NA,NA,NA,NA,NA,NA,NA,NA,NA,NA,NA,NA,NA,NA,NA,NA,NA,NA,NA,NA,NA,NA,NA,NA,NA,NA,NA,NA,NA,NA,NA,NA,NA,NA,NA,NA,NA,NA,NA,NA,NA,NA,NA,2.97,NA,NA,NA,NA,NA,633.0995257356918,0
1961-01-01,12.390342929082898,NA,NA,NA,NA,NA,NA,NA,NA,NA,NA,NA,NA,NA,NA,NA,NA,NA,NA,NA,1.892967449837576,NA,NA,NA,NA,NA,NA,NA,NA,NA,NA,NA,NA,NA,NA,NA,NA,NA,NA,NA,NA,NA,NA,NA,NA,NA,NA,NA,NA,NA,NA,NA,NA,NA,NA,NA,NA,NA,NA,NA,NA,NA,NA,NA,2.97,NA,NA,NA,NA,NA,784.220613076993,0
1961-02-01,12.720593838246145,NA,NA,NA,NA,NA,NA,NA,NA,NA,NA,NA,NA,NA,NA,NA,NA,NA,NA,NA,1.8948932799430245,NA,NA,NA,NA,NA,NA,NA,NA,NA,NA,NA,NA,NA,NA,NA,NA,NA,NA,NA,NA,NA,NA,NA,NA,NA,NA,NA,NA,NA,NA,NA,NA,NA,NA,NA,NA,NA,NA,NA,NA,NA,NA,NA,2.97,NA,NA,NA,NA,NA,511.71668033577464,0
1961-03-01,12.855349593280291,NA,NA,NA,NA,NA,NA,NA,NA,NA,NA,NA,NA,NA,NA,NA,NA,NA,NA,NA,1.8967682390645555,NA,NA,NA,NA,NA,NA,NA,NA,NA,NA,NA,NA,NA,NA,NA,NA,NA,NA,NA,NA,NA,NA,NA,NA,NA,NA,NA,NA,NA,NA,NA,NA,NA,NA,NA,NA,NA,NA,NA,NA,NA,NA,NA,2.97,NA,NA,NA,NA,NA,408.2111203271928,0
1961-04-01,12.72758257778923,NA,NA,NA,NA,NA,NA,NA,NA,NA,NA,NA,NA,NA,NA,NA,NA,NA,NA,NA,1.8971679396524783,NA,NA,NA,NA,NA,NA,NA,NA,NA,NA,NA,NA,NA,NA,NA,NA,NA,NA,NA,NA,NA,NA,NA,NA,NA,NA,NA,NA,NA,NA,NA,NA,NA,NA,NA,NA,NA,NA,NA,NA,NA,NA,NA,2.97,NA,NA,NA,NA,NA,190.41239484480226,0
1961-05-01,12.641640860860841,NA,NA,NA,NA,NA,NA,NA,NA,NA,NA,NA,NA,NA,NA,NA,NA,NA,NA,NA,1.8970661976846432,NA,NA,NA,NA,NA,NA,NA,NA,NA,NA,NA,NA,NA,NA,NA,NA,NA,NA,NA,NA,NA,NA,NA,NA,NA,NA,NA,NA,NA,NA,NA,NA,NA,NA,NA,NA,NA,NA,NA,NA,NA,NA,NA,2.97,NA,NA,NA,NA,NA,192.00150634683618,0
1961-06-01,12.693586645459963,NA,NA,NA,NA,NA,NA,NA,NA,NA,NA,NA,NA,NA,NA,NA,NA,NA,NA,NA,1.8941011460505948,NA,NA,NA,NA,NA,NA,NA,NA,NA,NA,NA,NA,NA,NA,NA,NA,NA,NA,NA,NA,NA,NA,NA,NA,NA,NA,NA,NA,NA,NA,NA,NA,NA,NA,NA,NA,NA,NA,NA,NA,NA,NA,NA,2.97,NA,NA,NA,NA,NA,16.528862084000238,1.6008986190514745
1961-07-01,12.895262878194385,NA,NA,NA,NA,NA,NA,NA,NA,NA,NA,NA,NA,NA,NA,NA,NA,NA,NA,NA,1.884958903512278,NA,NA,NA,NA,NA,NA,NA,NA,NA,NA,NA,NA,NA,NA,NA,NA,NA,NA,NA,NA,NA,NA,NA,NA,NA,NA,NA,NA,NA,NA,NA,NA,NA,NA,NA,NA,NA,NA,NA,NA,NA,NA,NA,2.97,NA,NA,NA,NA,NA,11.62530550592141,0.8120500241565448
1961-08-01,12.616257231388323,NA,NA,NA,NA,NA,NA,NA,NA,NA,NA,NA,NA,NA,NA,NA,NA,NA,NA,NA,1.8831057462409968,NA,NA,NA,NA,NA,NA,NA,NA,NA,NA,NA,NA,NA,NA,NA,NA,NA,NA,NA,NA,NA,NA,NA,NA,NA,NA,NA,NA,NA,NA,NA,NA,NA,NA,NA,NA,NA,NA,NA,NA,NA,NA,NA,2.97,NA,NA,NA,NA,NA,16.526014998894613,5.839555519577463
1961-09-01,12.94054958077604,NA,NA,NA,NA,NA,NA,NA,NA,NA,NA,NA,NA,NA,NA,NA,NA,NA,NA,NA,1.881056372317464,NA,NA,NA,NA,NA,NA,NA,NA,NA,NA,NA,NA,NA,NA,NA,NA,NA,NA,NA,NA,NA,NA,NA,NA,NA,NA,NA,NA,NA,NA,NA,NA,NA,NA,NA,NA,NA,NA,NA,NA,NA,NA,NA,2.97,NA,NA,NA,NA,NA,9.791563691349994,0
1961-10-01,12.878466827264193,NA,NA,NA,NA,NA,NA,NA,NA,NA,NA,NA,NA,NA,NA,NA,NA,NA,NA,NA,1.8797918650029433,NA,NA,NA,NA,NA,NA,NA,NA,NA,NA,NA,NA,NA,NA,NA,NA,NA,NA,NA,NA,NA,NA,NA,NA,NA,NA,NA,NA,NA,NA,NA,NA,NA,NA,NA,NA,NA,NA,NA,NA,NA,NA,NA,2.97,NA,NA,NA,NA,NA,231.56306792882538,0
1961-11-01,12.80743387193184,NA,NA,NA,NA,NA,NA,NA,NA,NA,NA,NA,NA,NA,NA,NA,NA,NA,NA,NA,1.8803805149597028,NA,NA,NA,NA,NA,NA,NA,NA,NA,NA,NA,NA,NA,NA,NA,NA,NA,NA,NA,NA,NA,NA,NA,NA,NA,NA,NA,NA,NA,NA,NA,NA,NA,NA,NA,NA,NA,NA,NA,NA,NA,NA,NA,2.97,NA,NA,NA,NA,NA,522.4190922543793,0
1961-12-01,13.108666677402638,NA,NA,NA,NA,NA,NA,NA,NA,NA,NA,NA,NA,NA,NA,NA,NA,NA,NA,NA,1.8792613533135176,NA,NA,NA,NA,NA,NA,NA,NA,NA,NA,NA,NA,NA,NA,NA,NA,NA,NA,NA,NA,NA,NA,NA,NA,NA,NA,NA,NA,NA,NA,NA,NA,NA,NA,NA,NA,NA,NA,NA,NA,NA,NA,NA,2.97,NA,NA,NA,NA,NA,754.2300755939409,0
1962-01-01,12.904732290617739,NA,NA,NA,NA,NA,NA,NA,NA,NA,NA,NA,NA,NA,NA,NA,NA,NA,NA,NA,1.8804241186602035,NA,NA,NA,NA,NA,NA,NA,NA,NA,NA,NA,NA,NA,NA,NA,NA,NA,NA,NA,NA,NA,NA,NA,NA,NA,NA,NA,NA,NA,NA,NA,NA,NA,NA,NA,NA,NA,NA,NA,NA,NA,NA,NA,2.97,NA,NA,NA,NA,NA,695.5713621561279,0
1962-02-01,13.174894874299122,NA,NA,NA,NA,NA,NA,NA,NA,NA,NA,NA,NA,NA,NA,NA,NA,NA,NA,NA,1.8806203353124569,NA,NA,NA,NA,NA,NA,NA,NA,NA,NA,NA,NA,NA,NA,NA,NA,NA,NA,NA,NA,NA,NA,NA,NA,NA,NA,NA,NA,NA,NA,NA,NA,NA,NA,NA,NA,NA,NA,NA,NA,NA,NA,NA,2.97,NA,NA,NA,NA,NA,626.2393646704063,0
1962-03-01,13.06194596458455,NA,NA,NA,NA,NA,NA,NA,NA,NA,NA,NA,NA,NA,NA,NA,NA,NA,NA,NA,1.8798427359868608,NA,NA,NA,NA,NA,NA,NA,NA,NA,NA,NA,NA,NA,NA,NA,NA,NA,NA,NA,NA,NA,NA,NA,NA,NA,NA,NA,NA,NA,NA,NA,NA,NA,NA,NA,NA,NA,NA,NA,NA,NA,NA,NA,2.97,NA,NA,NA,NA,NA,660.8853243142545,0
1962-04-01,13.291676052748992,NA,NA,NA,NA,NA,NA,NA,NA,NA,NA,NA,NA,NA,NA,NA,NA,NA,NA,NA,1.878338408319585,NA,NA,NA,NA,NA,NA,NA,NA,NA,NA,NA,NA,NA,NA,NA,NA,NA,NA,NA,NA,NA,NA,NA,NA,NA,NA,NA,NA,NA,NA,NA,NA,NA,NA,NA,NA,NA,NA,NA,NA,NA,NA,NA,2.97,NA,NA,NA,NA,NA,279.62777768859434,0
1962-05-01,12.698844682993556,NA,NA,NA,NA,NA,NA,NA,NA,NA,NA,NA,NA,NA,NA,NA,NA,NA,NA,NA,1.8779459750150795,NA,NA,NA,NA,NA,NA,NA,NA,NA,NA,NA,NA,NA,NA,NA,NA,NA,NA,NA,NA,NA,NA,NA,NA,NA,NA,NA,NA,NA,NA,NA,NA,NA,NA,NA,NA,NA,NA,NA,NA,NA,NA,NA,2.97,NA,NA,NA,NA,NA,213.52722179776126,0
1962-06-01,13.11541641523965,NA,NA,NA,NA,NA,NA,NA,NA,NA,NA,NA,NA,NA,NA,NA,NA,NA,NA,NA,1.8778515003306613,NA,NA,NA,NA,NA,NA,NA,NA,NA,NA,NA,NA,NA,NA,NA,NA,NA,NA,NA,NA,NA,NA,NA,NA,NA,NA,NA,NA,NA,NA,NA,NA,NA,NA,NA,NA,NA,NA,NA,NA,NA,NA,NA,2.97,NA,NA,NA,NA,NA,117.33538541244616,0.7656471656333138
1962-07-01,13.126830807064144,NA,NA,NA,NA,NA,NA,NA,NA,NA,NA,NA,NA,NA,NA,NA,NA,NA,NA,NA,1.8778515003306613,NA,NA,NA,NA,NA,NA,NA,NA,NA,NA,NA,NA,NA,NA,NA,NA,NA,NA,NA,NA,NA,NA,NA,NA,NA,NA,NA,NA,NA,NA,NA,NA,NA,NA,NA,NA,NA,NA,NA,NA,NA,NA,NA,2.97,NA,NA,NA,NA,NA,37.2254187495476,1.9226658090744055
1962-08-01,13.182963242238602,NA,NA,NA,NA,NA,NA,NA,NA,NA,NA,NA,NA,NA,NA,NA,NA,NA,NA,NA,1.8778515003306613,NA,NA,NA,NA,NA,NA,NA,NA,NA,NA,NA,NA,NA,NA,NA,NA,NA,NA,NA,NA,NA,NA,NA,NA,NA,NA,NA,NA,NA,NA,NA,NA,NA,NA,NA,NA,NA,NA,NA,NA,NA,NA,NA,2.97,NA,NA,NA,NA,NA,0.8151423663961322,5.082700474506446
1962-09-01,13.387944291667337,NA,NA,NA,NA,NA,NA,NA,NA,NA,NA,NA,NA,NA,NA,NA,NA,NA,NA,NA,1.8778515003306613,NA,NA,NA,NA,NA,NA,NA,NA,NA,NA,NA,NA,NA,NA,NA,NA,NA,NA,NA,NA,NA,NA,NA,NA,NA,NA,NA,NA,NA,NA,NA,NA,NA,NA,NA,NA,NA,NA,NA,NA,NA,NA,NA,2.97,NA,NA,NA,NA,NA,125.73297243477107,0
1962-10-01,13.21123137506027,NA,NA,NA,NA,NA,NA,NA,NA,NA,NA,NA,NA,NA,NA,NA,NA,NA,NA,NA,1.877800629346744,NA,NA,NA,NA,NA,NA,NA,NA,NA,NA,NA,NA,NA,NA,NA,NA,NA,NA,NA,NA,NA,NA,NA,NA,NA,NA,NA,NA,NA,NA,NA,NA,NA,NA,NA,NA,NA,NA,NA,NA,NA,NA,NA,2.97,NA,NA,NA,NA,NA,288.36460585158216,0
1962-11-01,13.194847396037101,NA,NA,NA,NA,NA,NA,NA,NA,NA,NA,NA,NA,NA,NA,NA,NA,NA,NA,NA,1.8788253163085111,NA,NA,NA,NA,NA,NA,NA,NA,NA,NA,NA,NA,NA,NA,NA,NA,NA,NA,NA,NA,NA,NA,NA,NA,NA,NA,NA,NA,NA,NA,NA,NA,NA,NA,NA,NA,NA,NA,NA,NA,NA,NA,NA,2.97,NA,NA,NA,NA,NA,545.5098284872137,0
1962-12-01,13.116487802197907,NA,NA,NA,NA,NA,NA,NA,NA,NA,NA,NA,NA,NA,NA,NA,NA,NA,NA,NA,1.8781421916673329,NA,NA,NA,NA,NA,NA,NA,NA,NA,NA,NA,NA,NA,NA,NA,NA,NA,NA,NA,NA,NA,NA,NA,NA,NA,NA,NA,NA,NA,NA,NA,NA,NA,NA,NA,NA,NA,NA,NA,NA,NA,NA,NA,2.97,NA,NA,NA,NA,NA,908.7394132174868,0
1963-01-01,13.210695681581143,NA,NA,NA,NA,NA,NA,NA,NA,NA,NA,NA,NA,NA,NA,NA,NA,NA,NA,NA,1.8781421916673329,NA,NA,NA,NA,NA,NA,NA,NA,NA,NA,NA,NA,NA,NA,NA,NA,NA,NA,NA,NA,NA,NA,NA,NA,NA,NA,NA,NA,NA,NA,NA,NA,NA,NA,NA,NA,NA,NA,NA,NA,NA,NA,NA,2.97,NA,NA,NA,NA,NA,989.8876899177534,0
1963-02-01,13.12001513772201,NA,NA,NA,NA,NA,NA,NA,NA,NA,NA,NA,NA,NA,NA,NA,NA,NA,NA,NA,1.8790142656773472,NA,NA,NA,NA,NA,NA,NA,NA,NA,NA,NA,NA,NA,NA,NA,NA,NA,NA,NA,NA,NA,NA,NA,NA,NA,NA,NA,NA,NA,NA,NA,NA,NA,NA,NA,NA,NA,NA,NA,NA,NA,NA,NA,2.97,NA,NA,NA,NA,NA,828.2015077625575,0
1963-03-01,13.431294256285991,NA,NA,NA,NA,NA,NA,NA,NA,NA,NA,NA,NA,NA,NA,NA,NA,NA,NA,NA,1.8787744453245927,NA,NA,NA,NA,NA,NA,NA,NA,NA,NA,NA,NA,NA,NA,NA,NA,NA,NA,NA,NA,NA,NA,NA,NA,NA,NA,NA,NA,NA,NA,NA,NA,NA,NA,NA,NA,NA,NA,NA,NA,NA,NA,NA,2.97,NA,NA,NA,NA,NA,629.6994490999314,0
1963-04-01,13.477133135223053,NA,NA,NA,NA,NA,NA,NA,NA,NA,NA,NA,NA,NA,NA,NA,NA,NA,NA,NA,1.8790142656773472,NA,NA,NA,NA,NA,NA,NA,NA,NA,NA,NA,NA,NA,NA,NA,NA,NA,NA,NA,NA,NA,NA,NA,NA,NA,NA,NA,NA,NA,NA,NA,NA,NA,NA,NA,NA,NA,NA,NA,NA,NA,NA,NA,2.97,NA,NA,NA,NA,NA,304.12103184577074,0
1963-05-01,13.612597653937277,NA,NA,NA,NA,NA,NA,NA,NA,NA,NA,NA,NA,NA,NA,NA,NA,NA,NA,NA,1.8789706619768465,NA,NA,NA,NA,NA,NA,NA,NA,NA,NA,NA,NA,NA,NA,NA,NA,NA,NA,NA,NA,NA,NA,NA,NA,NA,NA,NA,NA,NA,NA,NA,NA,NA,NA,NA,NA,NA,NA,NA,NA,NA,NA,NA,2.97,NA,NA,NA,NA,NA,150.49166252641072,0
1963-06-01,13.97992679329431,NA,NA,NA,NA,NA,NA,NA,NA,NA,NA,NA,NA,NA,NA,NA,NA,NA,NA,NA,1.8777570256462432,NA,NA,NA,NA,NA,NA,NA,NA,NA,NA,NA,NA,NA,NA,NA,NA,NA,NA,NA,NA,NA,NA,NA,NA,NA,NA,NA,NA,NA,NA,NA,NA,NA,NA,NA,NA,NA,NA,NA,NA,NA,NA,NA,2.97,NA,NA,NA,NA,NA,30.69289147795603,1.0440643167727004
1963-07-01,13.54171304449145,NA,NA,NA,NA,NA,NA,NA,NA,NA,NA,NA,NA,NA,NA,NA,NA,NA,NA,NA,1.8769285553367296,NA,NA,NA,NA,NA,NA,NA,NA,NA,NA,NA,NA,NA,NA,NA,NA,NA,NA,NA,NA,NA,NA,NA,NA,NA,NA,NA,NA,NA,NA,NA,NA,NA,NA,NA,NA,NA,NA,NA,NA,NA,NA,NA,2.97,NA,NA,NA,NA,NA,0.4040670784526771,7.934400356330172
1963-08-01,13.978229057037382,NA,NA,NA,NA,NA,NA,NA,NA,NA,NA,NA,NA,NA,NA,NA,NA,NA,NA,NA,1.8772701176573183,NA,NA,NA,NA,NA,NA,NA,NA,NA,NA,NA,NA,NA,NA,NA,NA,NA,NA,NA,NA,NA,NA,NA,NA,NA,NA,NA,NA,NA,NA,NA,NA,NA,NA,NA,NA,NA,NA,NA,NA,NA,NA,NA,2.97,NA,NA,NA,NA,NA,27.356983760345635,6.991567538809469
1963-09-01,13.98492110480741,NA,NA,NA,NA,NA,NA,NA,NA,NA,NA,NA,NA,NA,NA,NA,NA,NA,NA,NA,1.8775608089939897,NA,NA,NA,NA,NA,NA,NA,NA,NA,NA,NA,NA,NA,NA,NA,NA,NA,NA,NA,NA,NA,NA,NA,NA,NA,NA,NA,NA,NA,NA,NA,NA,NA,NA,NA,NA,NA,NA,NA,NA,NA,NA,NA,2.97,NA,NA,NA,NA,NA,55.23169899682251,0
1963-10-01,14.006307636781823,NA,NA,NA,NA,NA,NA,NA,NA,NA,NA,NA,NA,NA,NA,NA,NA,NA,NA,NA,1.8785273576884225,NA,NA,NA,NA,NA,NA,NA,NA,NA,NA,NA,NA,NA,NA,NA,NA,NA,NA,NA,NA,NA,NA,NA,NA,NA,NA,NA,NA,NA,NA,NA,NA,NA,NA,NA,NA,NA,NA,NA,NA,NA,NA,NA,2.97,NA,NA,NA,NA,NA,305.18014750506455,0
1963-11-01,14.459529044438403,NA,NA,NA,NA,NA,NA,NA,NA,NA,NA,NA,NA,NA,NA,NA,NA,NA,NA,NA,1.8798427359868608,NA,NA,NA,NA,NA,NA,NA,NA,NA,NA,NA,NA,NA,NA,NA,NA,NA,NA,NA,NA,NA,NA,NA,NA,NA,NA,NA,NA,NA,NA,NA,NA,NA,NA,NA,NA,NA,NA,NA,NA,NA,NA,NA,2.97,NA,NA,NA,NA,NA,384.50869880974136,0
1963-12-01,13.834242891285959,NA,NA,NA,NA,NA,NA,NA,NA,NA,NA,NA,NA,NA,NA,NA,NA,NA,NA,NA,1.878338408319585,NA,NA,NA,NA,NA,NA,NA,NA,NA,NA,NA,NA,NA,NA,NA,NA,NA,NA,NA,NA,NA,NA,NA,NA,NA,NA,NA,NA,NA,NA,NA,NA,NA,NA,NA,NA,NA,NA,NA,NA,NA,NA,NA,2.97,NA,NA,NA,NA,NA,873.394165670387,0
1964-01-01,14.48719555227582,NA,NA,NA,NA,NA,NA,NA,NA,NA,NA,NA,NA,NA,NA,NA,NA,NA,NA,NA,1.8777570256462432,NA,NA,NA,NA,NA,NA,NA,NA,NA,NA,NA,NA,NA,NA,NA,NA,NA,NA,NA,NA,NA,NA,NA,NA,NA,NA,NA,NA,NA,NA,NA,NA,NA,NA,NA,NA,NA,NA,NA,NA,NA,NA,NA,2.97,NA,NA,NA,NA,NA,925.5107155485586,0
1964-02-01,14.716818501744436,NA,NA,NA,NA,NA,NA,NA,NA,NA,NA,NA,NA,NA,NA,NA,NA,NA,NA,NA,1.8787744453245927,NA,NA,NA,NA,NA,NA,NA,NA,NA,NA,NA,NA,NA,NA,NA,NA,NA,NA,NA,NA,NA,NA,NA,NA,NA,NA,NA,NA,NA,NA,NA,NA,NA,NA,NA,NA,NA,NA,NA,NA,NA,NA,NA,2.97,NA,NA,NA,NA,NA,631.5126042991236,0
1964-03-01,14.529770821709274,NA,NA,NA,NA,NA,NA,NA,NA,NA,NA,NA,NA,NA,NA,NA,NA,NA,NA,NA,1.8790651366612643,NA,NA,NA,NA,NA,NA,NA,NA,NA,NA,NA,NA,NA,NA,NA,NA,NA,NA,NA,NA,NA,NA,NA,NA,NA,NA,NA,NA,NA,NA,NA,NA,NA,NA,NA,NA,NA,NA,NA,NA,NA,NA,NA,2.97,NA,NA,NA,NA,NA,646.1658943181544,0
1964-04-01,14.398954474106253,NA,NA,NA,NA,NA,NA,NA,NA,NA,NA,NA,NA,NA,NA,NA,NA,NA,NA,NA,1.8784837539879216,NA,NA,NA,NA,NA,NA,NA,NA,NA,NA,NA,NA,NA,NA,NA,NA,NA,NA,NA,NA,NA,NA,NA,NA,NA,NA,NA,NA,NA,NA,NA,NA,NA,NA,NA,NA,NA,NA,NA,NA,NA,NA,NA,2.97,NA,NA,NA,NA,NA,285.2496757394779,0
1964-05-01,15.279972452756192,NA,NA,NA,NA,NA,NA,NA,NA,NA,NA,NA,NA,NA,NA,NA,NA,NA,NA,NA,1.8785273576884225,NA,NA,NA,NA,NA,NA,NA,NA,NA,NA,NA,NA,NA,NA,NA,NA,NA,NA,NA,NA,NA,NA,NA,NA,NA,NA,NA,NA,NA,NA,NA,NA,NA,NA,NA,NA,NA,NA,NA,NA,NA,NA,NA,2.97,NA,NA,NA,NA,NA,129.04873155009545,0
1964-06-01,14.559233963061306,NA,NA,NA,NA,NA,NA,NA,NA,NA,NA,NA,NA,NA,NA,NA,NA,NA,NA,NA,1.8781421916673329,NA,NA,NA,NA,NA,NA,NA,NA,NA,NA,NA,NA,NA,NA,NA,NA,NA,NA,NA,NA,NA,NA,NA,NA,NA,NA,NA,NA,NA,NA,NA,NA,NA,NA,NA,NA,NA,NA,NA,NA,NA,NA,NA,2.97,NA,NA,NA,NA,NA,7.022444916306282,0
1964-07-01,14.903899147532162,NA,NA,NA,NA,NA,NA,NA,NA,NA,NA,NA,NA,NA,NA,NA,NA,NA,NA,NA,1.8773645923417368,NA,NA,NA,NA,NA,NA,NA,NA,NA,NA,NA,NA,NA,NA,NA,NA,NA,NA,NA,NA,NA,NA,NA,NA,NA,NA,NA,NA,NA,NA,NA,NA,NA,NA,NA,NA,NA,NA,NA,NA,NA,NA,NA,2.92,NA,NA,NA,NA,NA,11.279494168860827,4.371149272888371
1964-08-01,14.885240531582234,NA,NA,NA,NA,NA,NA,NA,NA,NA,NA,NA,NA,NA,NA,NA,NA,NA,NA,NA,1.876637864000058,NA,NA,NA,NA,NA,NA,NA,NA,NA,NA,NA,NA,NA,NA,NA,NA,NA,NA,NA,NA,NA,NA,NA,NA,NA,NA,NA,NA,NA,NA,NA,NA,NA,NA,NA,NA,NA,NA,NA,NA,NA,NA,NA,2.92,NA,NA,NA,NA,NA,13.225367335284695,0
1964-09-01,14.755108223344868,NA,NA,NA,NA,NA,NA,NA,NA,NA,NA,NA,NA,NA,NA,NA,NA,NA,NA,NA,1.8772701176573183,NA,NA,NA,NA,NA,NA,NA,NA,NA,NA,NA,NA,NA,NA,NA,NA,NA,NA,NA,NA,NA,NA,NA,NA,NA,NA,NA,NA,NA,NA,NA,NA,NA,NA,NA,NA,NA,NA,NA,NA,NA,NA,NA,2.92,NA,NA,NA,NA,NA,83.41389942470727,0
1964-10-01,15.046138128397816,NA,NA,NA,NA,NA,NA,NA,NA,NA,NA,NA,NA,NA,NA,NA,NA,NA,NA,NA,1.8779023713145784,NA,NA,NA,NA,NA,NA,NA,NA,NA,NA,NA,NA,NA,NA,NA,NA,NA,NA,NA,NA,NA,NA,NA,NA,NA,NA,NA,NA,NA,NA,NA,NA,NA,NA,NA,NA,NA,NA,NA,NA,NA,NA,NA,2.92,NA,NA,NA,NA,NA,345.64883420301635,0
1964-11-01,14.99292316232507,NA,NA,NA,NA,NA,NA,NA,NA,NA,NA,NA,NA,NA,NA,NA,NA,NA,NA,NA,1.8781930626512504,NA,NA,NA,NA,NA,NA,NA,NA,NA,NA,NA,NA,NA,NA,NA,NA,NA,NA,NA,NA,NA,NA,NA,NA,NA,NA,NA,NA,NA,NA,NA,NA,NA,NA,NA,NA,NA,NA,NA,NA,NA,NA,NA,2.92,NA,NA,NA,NA,NA,442.0064585440977,0
1964-12-01,14.959825546753109,NA,NA,NA,NA,NA,NA,NA,NA,NA,NA,NA,NA,NA,NA,NA,NA,NA,NA,NA,1.8775099380100724,NA,NA,NA,NA,NA,NA,NA,NA,NA,NA,NA,NA,NA,NA,NA,NA,NA,NA,NA,NA,NA,NA,NA,NA,NA,NA,NA,NA,NA,NA,NA,NA,NA,NA,NA,NA,NA,NA,NA,NA,NA,NA,NA,2.92,NA,NA,NA,NA,NA,731.0618110436146,0
1965-01-01,15.73869089965244,NA,NA,NA,NA,NA,NA,NA,NA,NA,NA,NA,NA,NA,NA,NA,NA,NA,NA,NA,1.8779968459989969,NA,NA,NA,NA,NA,NA,NA,NA,NA,NA,NA,NA,NA,NA,NA,NA,NA,NA,NA,NA,NA,NA,NA,NA,NA,NA,NA,NA,NA,NA,NA,NA,NA,NA,NA,NA,NA,NA,NA,NA,NA,NA,NA,2.92,NA,NA,NA,NA,NA,719.5488558960924,0
1965-02-01,15.199255807608836,NA,NA,NA,NA,NA,NA,NA,NA,NA,NA,NA,NA,NA,NA,NA,NA,NA,NA,NA,1.8787744453245927,NA,NA,NA,NA,NA,NA,NA,NA,NA,NA,NA,NA,NA,NA,NA,NA,NA,NA,NA,NA,NA,NA,NA,NA,NA,NA,NA,NA,NA,NA,NA,NA,NA,NA,NA,NA,NA,NA,NA,NA,NA,NA,NA,2.92,NA,NA,NA,NA,NA,764.500168589583,0
1965-03-01,15.006043531844632,NA,NA,NA,NA,NA,NA,NA,NA,NA,NA,NA,NA,NA,NA,NA,NA,NA,NA,NA,1.8781421916673329,NA,NA,NA,NA,NA,NA,NA,NA,NA,NA,NA,NA,NA,NA,NA,NA,NA,NA,NA,NA,NA,NA,NA,NA,NA,NA,NA,NA,NA,NA,NA,NA,NA,NA,NA,NA,NA,NA,NA,NA,NA,NA,NA,2.92,NA,NA,NA,NA,NA,604.5226755108575,0
1965-04-01,15.162836892466283,NA,NA,NA,NA,NA,NA,NA,NA,NA,NA,NA,NA,NA,NA,NA,NA,NA,NA,NA,1.8778515003306613,NA,NA,NA,NA,NA,NA,NA,NA,NA,NA,NA,NA,NA,NA,NA,NA,NA,NA,NA,NA,NA,NA,NA,NA,NA,NA,NA,NA,NA,NA,NA,NA,NA,NA,NA,NA,NA,NA,NA,NA,NA,NA,NA,2.92,NA,NA,NA,NA,NA,366.97897680783933,0
1965-05-01,15.29087587541598,NA,NA,NA,NA,NA,NA,NA,NA,NA,NA,NA,NA,NA,NA,NA,NA,NA,NA,NA,1.877800629346744,NA,NA,NA,NA,NA,NA,NA,NA,NA,NA,NA,NA,NA,NA,NA,NA,NA,NA,NA,NA,NA,NA,NA,NA,NA,NA,NA,NA,NA,NA,NA,NA,NA,NA,NA,NA,NA,NA,NA,NA,NA,NA,NA,2.92,NA,NA,NA,NA,NA,212.70507122187436,0
1965-06-01,15.433559893941219,NA,NA,NA,NA,NA,NA,NA,NA,NA,NA,NA,NA,NA,NA,NA,NA,NA,NA,NA,1.8772192466734008,NA,NA,NA,NA,NA,NA,NA,NA,NA,NA,NA,NA,NA,NA,NA,NA,NA,NA,NA,NA,NA,NA,NA,NA,NA,NA,NA,NA,NA,NA,NA,NA,NA,NA,NA,NA,NA,NA,NA,NA,NA,NA,NA,2.92,NA,NA,NA,NA,NA,60.84899791022777,1.0410114971330144
1965-07-01,15.514836956882121,NA,NA,NA,NA,NA,NA,NA,NA,NA,NA,NA,NA,NA,NA,NA,NA,NA,NA,NA,1.8765869930161403,NA,NA,NA,NA,NA,NA,NA,NA,NA,NA,NA,NA,NA,NA,NA,NA,NA,NA,NA,NA,NA,NA,NA,NA,NA,NA,NA,NA,NA,NA,NA,NA,NA,NA,NA,NA,NA,NA,NA,NA,NA,NA,NA,2.92,NA,NA,NA,NA,NA,24.443977684194387,0
1965-08-01,15.597605720126445,NA,NA,NA,NA,NA,NA,NA,NA,NA,NA,NA,NA,NA,NA,NA,NA,NA,NA,NA,1.876688734983976,NA,NA,NA,NA,NA,NA,NA,NA,NA,NA,NA,NA,NA,NA,NA,NA,NA,NA,NA,NA,NA,NA,NA,NA,NA,NA,NA,NA,NA,NA,NA,NA,NA,NA,NA,NA,NA,NA,NA,NA,NA,NA,NA,2.92,NA,NA,NA,NA,NA,46.7826454360497,0.14830597809595844
1965-09-01,15.789713643179832,NA,NA,NA,NA,NA,NA,NA,NA,NA,NA,NA,NA,NA,NA,NA,NA,NA,NA,NA,1.876834080652312,NA,NA,NA,NA,NA,NA,NA,NA,NA,NA,NA,NA,NA,NA,NA,NA,NA,NA,NA,NA,NA,NA,NA,NA,NA,NA,NA,NA,NA,NA,NA,NA,NA,NA,NA,NA,NA,NA,NA,NA,NA,NA,NA,2.92,NA,NA,NA,NA,NA,95.63096061950625,0
1965-10-01,15.74584446795833,NA,NA,NA,NA,NA,NA,NA,NA,NA,NA,NA,NA,NA,NA,NA,NA,NA,NA,NA,1.8775099380100724,NA,NA,NA,NA,NA,NA,NA,NA,NA,NA,NA,NA,NA,NA,NA,NA,NA,NA,NA,NA,NA,NA,NA,NA,NA,NA,NA,NA,NA,NA,NA,NA,NA,NA,NA,NA,NA,NA,NA,NA,NA,NA,NA,2.92,NA,NA,NA,NA,NA,333.51017735189544,0
1965-11-01,15.810795241943046,NA,NA,NA,NA,NA,NA,NA,NA,NA,NA,NA,NA,NA,NA,NA,NA,NA,NA,NA,1.8778515003306613,NA,NA,NA,NA,NA,NA,NA,NA,NA,NA,NA,NA,NA,NA,NA,NA,NA,NA,NA,NA,NA,NA,NA,NA,NA,NA,NA,NA,NA,NA,NA,NA,NA,NA,NA,NA,NA,NA,NA,NA,NA,NA,NA,2.92,NA,NA,NA,NA,NA,602.5592818207067,0
1965-12-01,15.079960990526136,NA,NA,NA,NA,NA,NA,NA,NA,NA,NA,NA,NA,NA,NA,NA,NA,NA,NA,NA,1.8788253163085111,NA,NA,NA,NA,NA,NA,NA,NA,NA,NA,NA,NA,NA,NA,NA,NA,NA,NA,NA,NA,NA,NA,NA,NA,NA,NA,NA,NA,NA,NA,NA,NA,NA,NA,NA,NA,NA,NA,NA,NA,NA,NA,NA,2.92,NA,NA,NA,NA,NA,644.5953983725803,0
1966-01-01,15.950075546516286,NA,NA,NA,NA,NA,NA,NA,NA,NA,NA,NA,NA,NA,NA,NA,NA,NA,NA,NA,1.8791596113456828,NA,NA,NA,NA,NA,NA,NA,NA,NA,NA,NA,NA,NA,NA,NA,NA,NA,NA,NA,NA,NA,NA,NA,NA,NA,NA,NA,NA,NA,NA,NA,NA,NA,NA,NA,NA,NA,NA,NA,NA,NA,NA,NA,2.92,NA,NA,NA,NA,NA,859.9684073449753,0
1966-02-01,15.97628331980285,NA,NA,NA,NA,NA,NA,NA,NA,NA,NA,NA,NA,NA,NA,NA,NA,NA,NA,NA,1.879355827997936,NA,NA,NA,NA,NA,NA,NA,NA,NA,NA,NA,NA,NA,NA,NA,NA,NA,NA,NA,NA,NA,NA,NA,NA,NA,NA,NA,NA,NA,NA,NA,NA,NA,NA,NA,NA,NA,NA,NA,NA,NA,NA,NA,2.92,NA,NA,NA,NA,NA,433.03003721914376,0
1966-03-01,16.05901911729461,NA,NA,NA,NA,NA,NA,NA,NA,NA,NA,NA,NA,NA,NA,NA,NA,NA,NA,NA,1.8790142656773472,NA,NA,NA,NA,NA,NA,NA,NA,NA,NA,NA,NA,NA,NA,NA,NA,NA,NA,NA,NA,NA,NA,NA,NA,NA,NA,NA,NA,NA,NA,NA,NA,NA,NA,NA,NA,NA,NA,NA,NA,NA,NA,NA,2.92,NA,NA,NA,NA,NA,521.3571295099797,0
1966-04-01,16.101066934687076,NA,NA,NA,NA,NA,NA,NA,NA,NA,NA,NA,NA,NA,NA,NA,NA,NA,NA,NA,1.8789706619768465,NA,NA,NA,NA,NA,NA,NA,NA,NA,NA,NA,NA,NA,NA,NA,NA,NA,NA,NA,NA,NA,NA,NA,NA,NA,NA,NA,NA,NA,NA,NA,NA,NA,NA,NA,NA,NA,NA,NA,NA,NA,NA,NA,2.92,NA,NA,NA,NA,NA,259.53918319637194,0
1966-05-01,16.048503042227424,NA,NA,NA,NA,NA,NA,NA,NA,NA,NA,NA,NA,NA,NA,NA,NA,NA,NA,NA,1.8787744453245927,NA,NA,NA,NA,NA,NA,NA,NA,NA,NA,NA,NA,NA,NA,NA,NA,NA,NA,NA,NA,NA,NA,NA,NA,NA,NA,NA,NA,NA,NA,NA,NA,NA,NA,NA,NA,NA,NA,NA,NA,NA,NA,NA,2.92,NA,NA,NA,NA,NA,128.6295530199283,0
1966-06-01,16.0949765119013,NA,NA,NA,NA,NA,NA,NA,NA,NA,NA,NA,NA,NA,NA,NA,NA,NA,NA,NA,1.8781421916673329,NA,NA,NA,NA,NA,NA,NA,NA,NA,NA,NA,NA,NA,NA,NA,NA,NA,NA,NA,NA,NA,NA,NA,NA,NA,NA,NA,NA,NA,NA,NA,NA,NA,NA,NA,NA,NA,NA,NA,NA,NA,NA,NA,2.92,NA,NA,NA,NA,NA,32.63810762474014,0
1966-07-01,16.246478869236793,NA,NA,NA,NA,NA,NA,NA,NA,NA,NA,NA,NA,NA,NA,NA,NA,NA,NA,NA,1.877611679977908,NA,NA,NA,NA,NA,NA,NA,NA,NA,NA,NA,NA,NA,NA,NA,NA,NA,NA,NA,NA,NA,NA,NA,NA,NA,NA,NA,NA,NA,NA,NA,NA,NA,NA,NA,NA,NA,NA,NA,NA,NA,NA,NA,2.92,NA,NA,NA,NA,NA,7.393003993131176,0
1966-08-01,15.70197529273683,NA,NA,NA,NA,NA,NA,NA,NA,NA,NA,NA,NA,NA,NA,NA,NA,NA,NA,NA,1.8769794263206472,NA,NA,NA,NA,NA,NA,NA,NA,NA,NA,NA,NA,NA,NA,NA,NA,NA,NA,NA,NA,NA,NA,NA,NA,NA,NA,NA,NA,NA,NA,NA,NA,NA,NA,NA,NA,NA,NA,NA,NA,NA,NA,NA,2.92,NA,NA,NA,NA,NA,33.46639038393148,0
1966-09-01,16.160265184849774,NA,NA,NA,NA,NA,NA,NA,NA,NA,NA,NA,NA,NA,NA,NA,NA,NA,NA,NA,1.876877684352812,NA,NA,NA,NA,NA,NA,NA,NA,NA,NA,NA,NA,NA,NA,NA,NA,NA,NA,NA,NA,NA,NA,NA,NA,NA,NA,NA,NA,NA,NA,NA,NA,NA,NA,NA,NA,NA,NA,NA,NA,NA,NA,NA,2.97,NA,NA,NA,NA,NA,91.81345750595145,0
1966-10-01,16.545857351125996,NA,NA,NA,NA,NA,NA,NA,NA,NA,NA,NA,NA,NA,NA,NA,NA,NA,NA,NA,1.8778515003306613,NA,NA,NA,NA,NA,NA,NA,NA,NA,NA,NA,NA,NA,NA,NA,NA,NA,NA,NA,NA,NA,NA,NA,NA,NA,NA,NA,NA,NA,NA,NA,NA,NA,NA,NA,NA,NA,NA,NA,NA,NA,NA,NA,2.97,NA,NA,NA,NA,NA,148.7969898689219,0
1966-11-01,16.271030113457133,NA,NA,NA,NA,NA,NA,NA,NA,NA,NA,NA,NA,NA,NA,NA,NA,NA,NA,NA,1.8794066989818528,NA,NA,NA,NA,NA,NA,NA,NA,NA,NA,NA,NA,NA,NA,NA,NA,NA,NA,NA,NA,NA,NA,NA,NA,NA,NA,NA,NA,NA,NA,NA,NA,NA,NA,NA,NA,NA,NA,NA,NA,NA,NA,NA,2.97,NA,NA,NA,NA,NA,591.7521847728336,0
1966-12-01,16.781488308998988,NA,NA,NA,NA,NA,NA,NA,NA,NA,NA,NA,NA,NA,NA,NA,NA,NA,NA,NA,1.8802351692913672,NA,NA,NA,NA,NA,NA,NA,NA,NA,NA,NA,NA,NA,NA,NA,NA,NA,NA,NA,NA,NA,NA,NA,NA,NA,NA,NA,NA,NA,NA,NA,NA,NA,NA,NA,NA,NA,NA,NA,NA,NA,NA,NA,2.97,NA,NA,NA,NA,NA,668.73232887846,0
1967-01-01,16.107421083493346,NA,NA,NA,NA,NA,NA,NA,NA,NA,NA,NA,NA,NA,NA,NA,NA,NA,NA,NA,1.8803805149597028,NA,NA,NA,NA,NA,NA,NA,NA,NA,NA,NA,NA,NA,NA,NA,NA,NA,NA,NA,NA,NA,NA,NA,NA,NA,NA,NA,NA,NA,NA,NA,NA,NA,NA,NA,NA,NA,NA,NA,NA,NA,NA,NA,2.97,NA,NA,NA,NA,NA,745.9323555568595,0
1967-02-01,16.113445574773998,NA,NA,NA,NA,NA,NA,NA,NA,NA,NA,NA,NA,NA,NA,NA,NA,NA,NA,NA,1.880133427323532,NA,NA,NA,NA,NA,NA,NA,NA,NA,NA,NA,NA,NA,NA,NA,NA,NA,NA,NA,NA,NA,NA,NA,NA,NA,NA,NA,NA,NA,NA,NA,NA,NA,NA,NA,NA,NA,NA,NA,NA,NA,NA,NA,3,NA,NA,NA,NA,NA,560.5465989693179,0
1967-03-01,16.163149688198924,NA,NA,NA,NA,NA,NA,NA,NA,NA,NA,NA,NA,NA,NA,NA,NA,NA,NA,NA,1.8788689200090112,NA,NA,NA,NA,NA,NA,NA,NA,NA,NA,NA,NA,NA,NA,NA,NA,NA,NA,NA,NA,NA,NA,NA,NA,NA,NA,NA,NA,NA,NA,NA,NA,NA,NA,NA,NA,NA,NA,NA,NA,NA,NA,NA,3,NA,NA,NA,NA,NA,460.2659103592269,0
1967-04-01,16.49857622051436,NA,NA,NA,NA,NA,NA,NA,NA,NA,NA,NA,NA,NA,NA,NA,NA,NA,NA,NA,1.8788689200090112,NA,NA,NA,NA,NA,NA,NA,NA,NA,NA,NA,NA,NA,NA,NA,NA,NA,NA,NA,NA,NA,NA,NA,NA,NA,NA,NA,NA,NA,NA,NA,NA,NA,NA,NA,NA,NA,NA,NA,NA,NA,NA,NA,3,NA,NA,NA,NA,NA,351.63910126525894,0
1967-05-01,16.31153678191734,NA,NA,NA,NA,NA,NA,NA,NA,NA,NA,NA,NA,NA,NA,NA,NA,NA,NA,NA,1.8785273576884225,NA,NA,NA,NA,NA,NA,NA,NA,NA,NA,NA,NA,NA,NA,NA,NA,NA,NA,NA,NA,NA,NA,NA,NA,NA,NA,NA,NA,NA,NA,NA,NA,NA,NA,NA,NA,NA,NA,NA,NA,NA,NA,NA,3,NA,NA,NA,NA,NA,131.63454184564603,0
1967-06-01,16.20344207926748,NA,NA,NA,NA,NA,NA,NA,NA,NA,NA,NA,NA,NA,NA,NA,NA,NA,NA,NA,1.8779459750150795,NA,NA,NA,NA,NA,NA,NA,NA,NA,NA,NA,NA,NA,NA,NA,NA,NA,NA,NA,NA,NA,NA,NA,NA,NA,NA,NA,NA,NA,NA,NA,NA,NA,NA,NA,NA,NA,NA,NA,NA,NA,NA,NA,3,NA,NA,NA,NA,NA,77.72410934438177,3.060940139927824
1967-07-01,16.231858557975674,NA,NA,NA,NA,NA,NA,NA,NA,NA,NA,NA,NA,NA,NA,NA,NA,NA,NA,NA,1.877168375689484,NA,NA,NA,NA,NA,NA,NA,NA,NA,NA,NA,NA,NA,NA,NA,NA,NA,NA,NA,NA,NA,NA,NA,NA,NA,NA,NA,NA,NA,NA,NA,NA,NA,NA,NA,NA,NA,NA,NA,NA,NA,NA,NA,3,NA,NA,NA,NA,NA,2.0748680223635025,2.9307068540988084
1967-08-01,15.747220788127782,NA,NA,NA,NA,NA,NA,NA,NA,NA,NA,NA,NA,NA,NA,NA,NA,NA,NA,NA,1.8764925183317225,NA,NA,NA,NA,NA,NA,NA,NA,NA,NA,NA,NA,NA,NA,NA,NA,NA,NA,NA,NA,NA,NA,NA,NA,NA,NA,NA,NA,NA,NA,NA,NA,NA,NA,NA,NA,NA,NA,NA,NA,NA,NA,NA,3.07,NA,NA,NA,NA,NA,3.1633305588999825,4.376766461025396
1967-09-01,16.295400046038377,NA,NA,NA,NA,NA,NA,NA,NA,NA,NA,NA,NA,NA,NA,NA,NA,NA,NA,NA,1.876877684352812,NA,NA,NA,NA,NA,NA,NA,NA,NA,NA,NA,NA,NA,NA,NA,NA,NA,NA,NA,NA,NA,NA,NA,NA,NA,NA,NA,NA,NA,NA,NA,NA,NA,NA,NA,NA,NA,NA,NA,NA,NA,NA,NA,3.07,NA,NA,NA,NA,NA,73.24257838157574,0
1967-10-01,16.354318087304303,NA,NA,NA,NA,NA,NA,NA,NA,NA,NA,NA,NA,NA,NA,NA,NA,NA,NA,NA,1.8781930626512504,NA,NA,NA,NA,NA,NA,NA,NA,NA,NA,NA,NA,NA,NA,NA,NA,NA,NA,NA,NA,NA,NA,NA,NA,NA,NA,NA,NA,NA,NA,NA,NA,NA,NA,NA,NA,NA,NA,NA,NA,NA,NA,NA,3.07,NA,NA,NA,NA,NA,214.53180482695498,0
1967-11-01,16.32776417361584,NA,NA,NA,NA,NA,NA,NA,NA,NA,NA,NA,NA,NA,NA,NA,NA,NA,NA,NA,1.8799880816551964,NA,NA,NA,NA,NA,NA,NA,NA,NA,NA,NA,NA,NA,NA,NA,NA,NA,NA,NA,NA,NA,NA,NA,NA,NA,NA,NA,NA,NA,NA,NA,NA,NA,NA,NA,NA,NA,NA,NA,NA,NA,NA,NA,3.07,NA,NA,NA,NA,NA,499.8042572472779,0
1967-12-01,17.075905445127653,NA,NA,NA,NA,NA,NA,NA,NA,NA,NA,NA,NA,NA,NA,NA,NA,NA,NA,NA,1.8780477169829144,NA,NA,NA,NA,NA,NA,NA,NA,NA,NA,NA,NA,NA,NA,NA,NA,NA,NA,NA,NA,NA,NA,NA,NA,NA,NA,NA,NA,NA,NA,NA,NA,NA,NA,NA,NA,NA,NA,NA,NA,NA,NA,NA,3.07,NA,NA,NA,NA,NA,702.0876829432721,0
1968-01-01,16.67496772103395,NA,NA,NA,NA,NA,NA,NA,NA,NA,NA,NA,NA,NA,NA,NA,NA,NA,NA,NA,1.8803805149597028,NA,NA,NA,NA,NA,NA,NA,NA,NA,NA,NA,NA,NA,NA,NA,NA,NA,NA,NA,NA,NA,NA,NA,NA,NA,NA,NA,NA,NA,NA,NA,NA,NA,NA,NA,NA,NA,NA,NA,NA,NA,NA,NA,3.07,NA,-12.199591,NA,NA,NA,790.3512633355977,0
1968-02-01,16.59921242164713,NA,NA,NA,NA,NA,NA,NA,NA,NA,NA,NA,NA,NA,NA,NA,NA,NA,NA,NA,1.8805258606280384,NA,NA,NA,NA,NA,NA,NA,NA,NA,NA,NA,NA,NA,NA,NA,NA,NA,NA,NA,NA,NA,NA,NA,NA,NA,NA,NA,NA,NA,NA,NA,NA,NA,NA,NA,NA,NA,NA,NA,NA,NA,NA,NA,3.07,NA,-8.8787913,NA,NA,NA,575.1217036512172,0
1968-03-01,17.096154658638685,NA,NA,NA,NA,NA,NA,NA,NA,NA,NA,NA,NA,NA,NA,NA,NA,NA,NA,NA,1.881012768616963,NA,NA,NA,NA,NA,NA,NA,NA,NA,NA,NA,NA,NA,NA,NA,NA,NA,NA,NA,NA,NA,NA,NA,NA,NA,NA,NA,NA,NA,NA,NA,NA,NA,NA,NA,NA,NA,NA,NA,NA,NA,NA,NA,3.07,NA,-10.715197999999999,NA,NA,NA,492.1322389137951,0
1968-04-01,17.113132021207967,NA,NA,NA,NA,NA,NA,NA,NA,NA,NA,NA,NA,NA,NA,NA,NA,NA,NA,NA,1.880038952639114,NA,NA,NA,NA,NA,NA,NA,NA,NA,NA,NA,NA,NA,NA,NA,NA,NA,NA,NA,NA,NA,NA,NA,NA,NA,NA,NA,NA,NA,NA,NA,NA,NA,NA,NA,NA,NA,NA,NA,NA,NA,NA,NA,3.07,NA,-10.841311,NA,NA,NA,249.7833175721156,0
1968-05-01,17.144284657378787,NA,NA,NA,NA,NA,NA,NA,NA,NA,NA,NA,NA,NA,NA,NA,NA,NA,NA,NA,1.8793049570140183,NA,NA,NA,NA,NA,NA,NA,NA,NA,NA,NA,NA,NA,NA,NA,NA,NA,NA,NA,NA,NA,NA,NA,NA,NA,NA,NA,NA,NA,NA,NA,NA,NA,NA,NA,NA,NA,NA,NA,NA,NA,NA,NA,3.07,NA,-10.108204,NA,NA,NA,135.64258065473135,0
1968-06-01,18.092783531522553,NA,NA,NA,NA,NA,NA,NA,NA,NA,NA,NA,NA,NA,NA,NA,NA,NA,NA,NA,1.878672703356758,NA,NA,NA,NA,NA,NA,NA,NA,NA,NA,NA,NA,NA,NA,NA,NA,NA,NA,NA,NA,NA,NA,NA,NA,NA,NA,NA,NA,NA,NA,NA,NA,NA,NA,NA,NA,NA,NA,NA,NA,NA,NA,NA,3.07,NA,-7.1595714,NA,NA,NA,38.875852084625855,2.1809343505918632
1968-07-01,17.61681575459839,NA,NA,NA,NA,NA,NA,NA,NA,NA,NA,NA,NA,NA,NA,NA,NA,NA,NA,NA,1.8775608089939897,NA,NA,NA,NA,NA,NA,NA,NA,NA,NA,NA,NA,NA,NA,NA,NA,NA,NA,NA,NA,NA,NA,NA,NA,NA,NA,NA,NA,NA,NA,NA,NA,NA,NA,NA,NA,NA,NA,NA,NA,NA,NA,NA,3.07,NA,-11.789313,NA,NA,NA,27.488387688297728,9.204495439225242
1968-08-01,17.85741629967006,NA,NA,NA,NA,NA,NA,NA,NA,NA,NA,NA,NA,NA,NA,NA,NA,NA,NA,NA,1.8777570256462432,NA,NA,NA,NA,NA,NA,NA,NA,NA,NA,NA,NA,NA,NA,NA,NA,NA,NA,NA,NA,NA,NA,NA,NA,NA,NA,NA,NA,NA,NA,NA,NA,NA,NA,NA,NA,NA,NA,NA,NA,NA,NA,NA,3.07,NA,-15.41956,NA,NA,NA,15.375792616220648,0
1968-09-01,18.174736392390972,NA,NA,NA,NA,NA,NA,NA,NA,NA,NA,NA,NA,NA,NA,NA,NA,NA,NA,NA,1.8777570256462432,NA,NA,NA,NA,NA,NA,NA,NA,NA,NA,NA,NA,NA,NA,NA,NA,NA,NA,NA,NA,NA,NA,NA,NA,NA,NA,NA,NA,NA,NA,NA,NA,NA,NA,NA,NA,NA,NA,NA,NA,NA,NA,NA,3.07,NA,-14.650964,NA,NA,NA,89.31043168501073,0
1968-10-01,18.01294047881808,NA,NA,NA,NA,NA,NA,NA,NA,NA,NA,NA,NA,NA,NA,NA,NA,NA,NA,NA,1.8775608089939897,NA,NA,NA,NA,NA,NA,NA,NA,NA,NA,NA,NA,NA,NA,NA,NA,NA,NA,NA,NA,NA,NA,NA,NA,NA,NA,NA,NA,NA,NA,NA,NA,NA,NA,NA,NA,NA,NA,NA,NA,NA,NA,NA,3.07,NA,-19.579799,NA,NA,NA,286.70825933974606,0
1968-11-01,18.436377329035153,NA,NA,NA,NA,NA,NA,NA,NA,NA,NA,NA,NA,NA,NA,NA,NA,NA,NA,NA,1.8796029156341068,NA,NA,NA,NA,NA,NA,NA,NA,NA,NA,NA,NA,NA,NA,NA,NA,NA,NA,NA,NA,NA,NA,NA,NA,NA,NA,NA,NA,NA,NA,NA,NA,NA,NA,NA,NA,NA,NA,NA,NA,NA,NA,NA,3.07,NA,-8.3317446,NA,NA,NA,476.3563213369604,0
1968-12-01,17.099410026704156,NA,NA,NA,NA,NA,NA,NA,NA,NA,NA,NA,NA,NA,NA,NA,NA,NA,NA,NA,1.8787744453245927,NA,NA,NA,NA,NA,NA,NA,NA,NA,NA,NA,NA,NA,NA,NA,NA,NA,NA,NA,NA,NA,NA,NA,NA,NA,NA,NA,NA,NA,NA,NA,NA,NA,NA,NA,NA,NA,NA,NA,NA,NA,NA,NA,3.07,NA,-16.013851,NA,NA,NA,786.783427685152,0
1969-01-01,18.524321715431665,NA,NA,NA,NA,NA,NA,NA,NA,NA,NA,NA,NA,NA,NA,NA,NA,NA,NA,NA,1.8793049570140183,NA,NA,NA,NA,NA,NA,NA,NA,NA,NA,NA,NA,NA,NA,NA,NA,NA,NA,NA,NA,NA,NA,NA,NA,NA,NA,NA,NA,NA,NA,NA,NA,NA,NA,NA,NA,NA,NA,NA,NA,NA,NA,NA,3.07,NA,-18.376633000000002,NA,NA,NA,786.0173427851912,0
1969-02-01,18.71769881995868,NA,NA,NA,NA,NA,NA,NA,NA,NA,NA,NA,NA,NA,NA,NA,NA,NA,NA,NA,1.880278772991868,NA,NA,NA,NA,NA,NA,NA,NA,NA,NA,NA,NA,NA,NA,NA,NA,NA,NA,NA,NA,NA,NA,NA,NA,NA,NA,NA,NA,NA,NA,NA,NA,NA,NA,NA,NA,NA,NA,NA,NA,NA,NA,NA,3.07,NA,-17.586362,NA,NA,NA,694.1397163610898,0
1969-03-01,18.89835114399687,NA,NA,NA,NA,NA,NA,NA,NA,NA,NA,NA,NA,NA,NA,NA,NA,NA,NA,NA,1.8792613533135176,NA,NA,NA,NA,NA,NA,NA,NA,NA,NA,NA,NA,NA,NA,NA,NA,NA,NA,NA,NA,NA,NA,NA,NA,NA,NA,NA,NA,NA,NA,NA,NA,NA,NA,NA,NA,NA,NA,NA,NA,NA,NA,NA,3.25,NA,-16.47009,NA,NA,NA,602.578773403353,0
1969-04-01,18.85220733184861,NA,NA,NA,NA,NA,NA,NA,NA,NA,NA,NA,NA,NA,NA,NA,NA,NA,NA,NA,1.879355827997936,NA,NA,NA,NA,NA,NA,NA,NA,NA,NA,NA,NA,NA,NA,NA,NA,NA,NA,NA,NA,NA,NA,NA,NA,NA,NA,NA,NA,NA,NA,NA,NA,NA,NA,NA,NA,NA,NA,NA,NA,NA,NA,NA,3.35,NA,-22.313468,NA,NA,NA,337.9700266665894,0
1969-05-01,19.309228042487927,NA,NA,NA,NA,NA,NA,NA,NA,NA,NA,NA,NA,NA,NA,NA,NA,NA,NA,NA,1.8804749896441209,NA,NA,NA,NA,NA,NA,NA,NA,NA,NA,NA,NA,NA,NA,NA,NA,NA,NA,NA,NA,NA,NA,NA,NA,NA,NA,NA,NA,NA,NA,NA,NA,NA,NA,NA,NA,NA,NA,NA,NA,NA,NA,NA,3.35,NA,-27.209165,NA,NA,NA,71.96270412332238,0
1969-06-01,19.720104940978988,NA,NA,NA,NA,NA,NA,NA,NA,NA,NA,NA,NA,NA,NA,NA,NA,NA,NA,NA,1.8804241186602035,NA,NA,NA,NA,NA,NA,NA,NA,NA,NA,NA,NA,NA,NA,NA,NA,NA,NA,NA,NA,NA,NA,NA,NA,NA,NA,NA,NA,NA,NA,NA,NA,NA,NA,NA,NA,NA,NA,NA,NA,NA,NA,NA,3.35,NA,-18.239498,NA,NA,NA,53.12135191391194,0
1969-07-01,19.690823111266045,NA,NA,NA,NA,NA,NA,NA,NA,NA,NA,NA,NA,NA,NA,NA,NA,NA,NA,NA,1.8796029156341068,NA,NA,NA,NA,NA,NA,NA,NA,NA,NA,NA,NA,NA,NA,NA,NA,NA,NA,NA,NA,NA,NA,NA,NA,NA,NA,NA,NA,NA,NA,NA,NA,NA,NA,NA,NA,NA,NA,NA,NA,NA,NA,NA,3.35,NA,-26.030248,NA,NA,NA,25.058510053916994,3.349553708663763
1969-08-01,20.114688516266423,NA,NA,NA,NA,NA,NA,NA,NA,NA,NA,NA,NA,NA,NA,NA,NA,NA,NA,NA,1.8794066989818528,NA,NA,NA,NA,NA,NA,NA,NA,NA,NA,NA,NA,NA,NA,NA,NA,NA,NA,NA,NA,NA,NA,NA,NA,NA,NA,NA,NA,NA,NA,NA,NA,NA,NA,NA,NA,NA,NA,NA,NA,NA,NA,NA,3.35,NA,-21.440912,NA,NA,NA,46.107886266015726,0
1969-09-01,20.033823525232535,NA,NA,NA,NA,NA,NA,NA,NA,NA,NA,NA,NA,NA,NA,NA,NA,NA,NA,NA,1.880911026649128,NA,NA,NA,NA,NA,NA,NA,NA,NA,NA,NA,NA,NA,NA,NA,NA,NA,NA,NA,NA,NA,NA,NA,NA,NA,NA,NA,NA,NA,NA,NA,NA,NA,NA,NA,NA,NA,NA,NA,NA,NA,NA,NA,3.35,NA,-13.882772,NA,NA,NA,58.2585884771989,0
1969-10-01,20.160354325002533,NA,NA,NA,NA,NA,NA,NA,NA,NA,NA,NA,NA,NA,NA,NA,NA,NA,NA,NA,1.880569464328539,NA,NA,NA,NA,NA,NA,NA,NA,NA,NA,NA,NA,NA,NA,NA,NA,NA,NA,NA,NA,NA,NA,NA,NA,NA,NA,NA,NA,NA,NA,NA,NA,NA,NA,NA,NA,NA,NA,NA,NA,NA,NA,NA,3.35,NA,-6.1208353,NA,NA,NA,267.01190557246076,0
1969-11-01,20.62735541722991,NA,NA,NA,NA,NA,NA,NA,NA,NA,NA,NA,NA,NA,NA,NA,NA,NA,NA,NA,1.8816886259747243,NA,NA,NA,NA,NA,NA,NA,NA,NA,NA,NA,NA,NA,NA,NA,NA,NA,NA,NA,NA,NA,NA,NA,NA,NA,NA,NA,NA,NA,NA,NA,NA,NA,NA,NA,NA,NA,NA,NA,NA,NA,NA,NA,3.35,NA,-0.42812575,NA,NA,NA,448.7439759432945,0
1969-12-01,18.886450507322092,NA,NA,NA,NA,NA,NA,NA,NA,NA,NA,NA,NA,NA,NA,NA,NA,NA,NA,NA,1.8801842983074493,NA,NA,NA,NA,NA,NA,NA,NA,NA,NA,NA,NA,NA,NA,NA,NA,NA,NA,NA,NA,NA,NA,NA,NA,NA,NA,NA,NA,NA,NA,NA,NA,NA,NA,NA,NA,NA,NA,NA,NA,NA,NA,NA,3.35,NA,4.2239406,NA,NA,NA,876.3448408725511,0
1970-01-01,19.96523827702789,NA,NA,NA,NA,NA,NA,NA,NA,NA,NA,NA,NA,NA,NA,NA,NA,NA,NA,NA,1.8803296439757853,85.80599,NA,NA,NA,NA,NA,NA,NA,NA,NA,NA,NA,NA,NA,NA,NA,NA,NA,NA,NA,NA,NA,NA,NA,NA,NA,NA,NA,NA,NA,NA,NA,NA,NA,NA,NA,NA,NA,NA,NA,NA,NA,NA,3.35,NA,25.753739,NA,NA,NA,804.116481808219,0
1970-02-01,20.774638158237508,NA,NA,NA,NA,NA,NA,NA,NA,NA,NA,NA,NA,NA,NA,NA,NA,NA,NA,NA,1.879646519334608,85.48621,NA,NA,NA,NA,NA,NA,NA,NA,NA,NA,NA,NA,NA,NA,NA,NA,NA,NA,NA,NA,NA,NA,NA,NA,NA,NA,NA,NA,NA,NA,NA,NA,NA,NA,NA,NA,NA,NA,NA,NA,NA,NA,3.35,NA,40.001692,NA,NA,NA,669.7704199092816,0
1970-03-01,20.767212622472982,NA,NA,NA,NA,NA,NA,NA,NA,NA,NA,NA,NA,NA,NA,NA,NA,NA,NA,NA,1.879646519334608,84.97035,NA,NA,NA,NA,NA,NA,NA,NA,NA,NA,NA,NA,NA,NA,NA,NA,NA,NA,NA,NA,NA,NA,NA,NA,NA,NA,NA,NA,NA,NA,NA,NA,NA,NA,NA,NA,NA,NA,NA,NA,NA,NA,3.35,NA,54.082589,NA,NA,NA,620.0020582236137,0
1970-04-01,20.91512171277925,NA,NA,NA,NA,NA,NA,NA,NA,NA,NA,NA,NA,NA,NA,NA,NA,NA,NA,NA,1.8802351692913672,84.38102,NA,NA,NA,NA,NA,NA,NA,NA,NA,NA,NA,NA,NA,NA,NA,NA,NA,NA,NA,NA,NA,NA,NA,NA,NA,NA,NA,NA,NA,NA,NA,NA,NA,NA,NA,NA,NA,NA,NA,NA,NA,NA,3.35,NA,55.393468,NA,NA,NA,380.5591347485947,0
1970-05-01,21.62972033105952,NA,NA,NA,NA,NA,NA,NA,NA,NA,NA,NA,NA,NA,NA,NA,NA,NA,NA,NA,1.8820301882953128,84.40558,NA,NA,NA,NA,NA,NA,NA,NA,NA,NA,NA,NA,NA,NA,NA,NA,NA,NA,NA,NA,NA,NA,NA,NA,NA,NA,NA,NA,NA,NA,NA,NA,NA,NA,NA,NA,NA,NA,NA,NA,NA,NA,3.35,NA,56.938453,NA,NA,NA,225.06667673742064,0
1970-06-01,21.03672413254127,NA,NA,NA,NA,NA,NA,NA,NA,NA,NA,NA,NA,NA,NA,NA,NA,NA,NA,NA,1.8818412389264767,85.08886,NA,NA,NA,NA,NA,NA,NA,NA,NA,NA,NA,NA,NA,NA,NA,NA,NA,NA,NA,NA,NA,NA,NA,NA,NA,NA,NA,NA,NA,NA,NA,NA,NA,NA,NA,NA,NA,NA,NA,NA,NA,NA,3.35,NA,52.436691,NA,NA,NA,34.63128620522676,0.8120500241565448
1970-07-01,21.375274169911933,NA,NA,NA,NA,NA,NA,NA,NA,NA,NA,NA,NA,NA,NA,NA,NA,NA,NA,NA,1.8793049570140183,85.47622,NA,NA,NA,NA,NA,NA,NA,NA,NA,NA,NA,NA,NA,NA,NA,NA,NA,NA,NA,NA,NA,NA,NA,NA,NA,NA,NA,NA,NA,NA,NA,NA,NA,NA,NA,NA,NA,NA,NA,NA,NA,NA,3.31,NA,48.014618,NA,NA,NA,27.653737630970774,0.8120500241565448
1970-08-01,21.672246151864126,NA,NA,NA,NA,NA,NA,NA,NA,NA,NA,NA,NA,NA,NA,NA,NA,NA,NA,NA,1.8808674229486275,85.25082,NA,NA,NA,NA,NA,NA,NA,NA,NA,NA,NA,NA,NA,NA,NA,NA,NA,NA,NA,NA,NA,NA,NA,NA,NA,NA,NA,NA,NA,NA,NA,NA,NA,NA,NA,NA,NA,NA,NA,NA,NA,NA,3.31,NA,53.933279,NA,NA,NA,7.644642515159428,1.7653845412377696
1970-09-01,21.55914889626303,NA,NA,NA,NA,NA,NA,NA,NA,NA,NA,NA,NA,NA,NA,NA,NA,NA,NA,NA,1.878629099656257,85.27198,NA,NA,NA,NA,NA,NA,NA,NA,NA,NA,NA,NA,NA,NA,NA,NA,NA,NA,NA,NA,NA,NA,NA,NA,NA,NA,NA,NA,NA,NA,NA,NA,NA,NA,NA,NA,NA,NA,NA,NA,NA,NA,3.31,NA,59.256311,NA,NA,NA,94.81231414836473,0
1970-10-01,21.75133099225968,NA,NA,NA,NA,NA,NA,NA,NA,NA,NA,NA,NA,NA,NA,NA,NA,NA,NA,NA,1.8779459750150795,85.24487,NA,NA,NA,NA,NA,NA,NA,NA,NA,NA,NA,NA,NA,NA,NA,NA,NA,NA,NA,NA,NA,NA,NA,NA,NA,NA,NA,NA,NA,NA,NA,NA,NA,NA,NA,NA,NA,NA,NA,NA,NA,NA,3.31,NA,59.69673,NA,NA,NA,343.8115882836995,0
1970-11-01,21.947452495687454,NA,NA,NA,NA,NA,NA,NA,NA,NA,NA,NA,NA,NA,NA,NA,NA,NA,NA,NA,1.8790142656773472,84.9491,NA,NA,NA,NA,NA,NA,NA,NA,NA,NA,NA,NA,NA,NA,NA,NA,NA,NA,NA,NA,NA,NA,NA,NA,NA,NA,NA,NA,NA,NA,NA,NA,NA,NA,NA,NA,NA,NA,NA,NA,NA,NA,3.31,NA,54.554486,NA,NA,NA,422.8446997570307,0
1970-12-01,20.77802538931322,NA,NA,NA,NA,NA,NA,NA,NA,NA,NA,NA,NA,NA,NA,NA,NA,NA,NA,NA,1.8787744453245927,85.08595,NA,NA,NA,NA,NA,NA,NA,NA,NA,NA,NA,NA,NA,NA,NA,NA,NA,NA,NA,NA,NA,NA,NA,NA,NA,NA,NA,NA,NA,NA,NA,NA,NA,NA,NA,NA,NA,NA,NA,NA,NA,NA,3.56,NA,16.89529,NA,NA,NA,694.7303770172344,0
1971-01-01,22.719271418976714,NA,NA,NA,NA,NA,NA,NA,NA,NA,NA,NA,NA,NA,NA,NA,NA,NA,NA,NA,1.8795520446501888,84.34869,NA,NA,NA,NA,NA,NA,NA,NA,NA,NA,NA,NA,NA,NA,NA,NA,NA,NA,NA,NA,NA,NA,NA,NA,NA,NA,NA,NA,NA,NA,NA,NA,NA,NA,NA,NA,NA,NA,NA,NA,NA,NA,3.56,NA,8.108219,NA,NA,NA,818.5014888076807,0
1971-02-01,22.33522864307089,NA,NA,NA,NA,NA,NA,NA,NA,NA,NA,NA,NA,NA,NA,NA,NA,NA,NA,NA,1.8802351692913672,83.75474,NA,NA,NA,NA,NA,NA,NA,NA,NA,NA,NA,NA,NA,NA,NA,NA,NA,NA,NA,NA,NA,NA,NA,NA,NA,NA,NA,NA,NA,NA,NA,NA,NA,NA,NA,NA,NA,NA,NA,NA,NA,NA,3.56,NA,-15.842979,NA,NA,NA,564.0640631140488,0
1971-03-01,22.015543257603674,NA,NA,NA,NA,NA,NA,NA,NA,NA,NA,NA,NA,NA,NA,NA,NA,NA,NA,NA,1.8793049570140183,83.51052,NA,NA,NA,NA,NA,NA,NA,NA,NA,NA,NA,NA,NA,NA,NA,NA,NA,NA,NA,NA,NA,NA,NA,NA,NA,NA,NA,NA,NA,NA,NA,NA,NA,NA,NA,NA,NA,NA,NA,NA,NA,NA,3.56,NA,-17.594989,NA,NA,NA,654.0249442424223,0
1971-04-01,22.272123951229634,NA,NA,NA,NA,NA,NA,NA,NA,NA,NA,NA,NA,NA,NA,NA,NA,NA,NA,NA,1.8780477169829144,83.54635,NA,NA,NA,NA,NA,NA,NA,NA,NA,NA,NA,NA,NA,NA,NA,NA,NA,NA,NA,NA,NA,NA,NA,NA,NA,NA,NA,NA,NA,NA,NA,NA,NA,NA,NA,NA,NA,NA,NA,NA,NA,NA,3.56,NA,-22.853236,NA,NA,NA,293.59995734774003,0
1971-05-01,22.626134926551735,NA,NA,NA,NA,NA,NA,NA,NA,NA,NA,NA,NA,NA,NA,NA,NA,NA,NA,NA,1.798797991322863,85.49136,NA,NA,NA,NA,NA,NA,NA,NA,NA,NA,NA,NA,NA,NA,NA,NA,NA,NA,NA,NA,NA,NA,NA,NA,NA,NA,NA,NA,NA,NA,NA,NA,NA,NA,NA,NA,NA,NA,NA,NA,NA,NA,3.56,NA,-29.580614,NA,NA,NA,106.17240272636951,0
1971-06-01,22.227125698982892,NA,NA,NA,NA,NA,NA,NA,NA,NA,NA,NA,NA,NA,NA,NA,NA,NA,NA,NA,1.798797991322863,85.55365,NA,NA,NA,NA,NA,NA,NA,NA,NA,NA,NA,NA,NA,NA,NA,NA,NA,NA,NA,NA,NA,NA,NA,NA,NA,NA,NA,NA,NA,NA,NA,NA,NA,NA,NA,NA,NA,NA,NA,NA,NA,NA,3.56,NA,-53.172886,NA,NA,NA,46.8391491250691,0
1971-07-01,22.403953995723924,NA,NA,NA,NA,NA,NA,NA,NA,NA,NA,NA,NA,NA,NA,NA,NA,NA,NA,NA,1.798797991322863,85.43629,NA,NA,NA,NA,NA,NA,NA,NA,NA,NA,NA,NA,NA,NA,NA,NA,NA,NA,NA,NA,NA,NA,NA,NA,NA,NA,NA,NA,NA,NA,NA,NA,NA,NA,NA,NA,NA,NA,NA,NA,NA,NA,3.56,NA,-59.391382,NA,NA,NA,10.510124170701339,5.626712934298537
1971-08-01,22.48793425037489,NA,NA,NA,NA,NA,NA,NA,NA,NA,NA,NA,NA,NA,NA,NA,NA,NA,NA,NA,1.798797991322863,84.7111,NA,NA,NA,NA,NA,NA,NA,NA,NA,NA,NA,NA,NA,NA,NA,NA,NA,NA,NA,NA,NA,NA,NA,NA,NA,NA,NA,NA,NA,NA,NA,NA,NA,NA,NA,NA,NA,NA,NA,NA,NA,NA,3.56,NA,-63.343828,NA,NA,NA,1.2730850553091662,14.086686719797097
1971-09-01,22.530756762952556,NA,NA,NA,NA,NA,NA,NA,NA,NA,NA,NA,NA,NA,NA,NA,NA,NA,NA,NA,1.7711823143390768,84.81725,NA,NA,NA,NA,NA,NA,NA,NA,NA,NA,NA,NA,NA,NA,NA,NA,NA,NA,NA,NA,NA,NA,NA,NA,NA,NA,NA,NA,NA,NA,NA,NA,NA,NA,NA,NA,NA,NA,NA,NA,NA,NA,3.56,NA,-49.906741,NA,NA,NA,133.4752918697082,0
1971-10-01,22.80935857928974,NA,NA,NA,NA,NA,NA,NA,NA,NA,NA,NA,NA,NA,NA,NA,NA,NA,NA,NA,1.7583192226913658,84.65524,NA,NA,NA,NA,NA,NA,NA,NA,NA,NA,NA,NA,NA,NA,NA,NA,NA,NA,NA,NA,NA,NA,NA,NA,NA,NA,NA,NA,NA,NA,NA,NA,NA,NA,NA,NA,NA,NA,NA,NA,NA,NA,3.56,NA,-59.632558,NA,NA,NA,321.14660077742985,0
1971-11-01,22.49001109278628,NA,NA,NA,NA,NA,NA,NA,NA,NA,NA,NA,NA,NA,NA,NA,NA,NA,NA,NA,1.7583192226913658,84.40984,NA,NA,NA,NA,NA,NA,NA,NA,NA,NA,NA,NA,NA,NA,NA,NA,NA,NA,NA,NA,NA,NA,NA,NA,NA,NA,NA,NA,NA,NA,NA,NA,NA,NA,NA,NA,NA,NA,NA,NA,NA,NA,3.56,NA,-43.396586,NA,NA,NA,513.9612784317429,0
1971-12-01,23.028745662587944,NA,NA,NA,NA,NA,NA,NA,NA,NA,NA,NA,NA,NA,NA,NA,NA,NA,NA,NA,1.7266338669941788,84.36772,NA,NA,NA,NA,NA,NA,NA,NA,NA,NA,NA,NA,NA,NA,NA,NA,NA,NA,NA,NA,NA,NA,NA,NA,NA,NA,NA,NA,NA,NA,NA,NA,NA,NA,NA,NA,NA,NA,NA,NA,NA,NA,3.56,NA,-47.871496,NA,NA,NA,574.0435344223703,0
1972-01-01,23.499496609169213,NA,NA,NA,NA,NA,NA,NA,NA,NA,NA,NA,NA,NA,NA,NA,NA,NA,NA,NA,1.7035239057287994,84.30478,NA,NA,NA,NA,NA,NA,NA,NA,NA,NA,NA,NA,NA,NA,NA,NA,NA,NA,NA,NA,NA,NA,NA,NA,NA,NA,NA,NA,NA,NA,NA,NA,NA,NA,NA,NA,NA,NA,NA,NA,NA,NA,3.56,NA,-59.868353,NA,NA,NA,797.8178535283821,0
1972-02-01,22.758335835762345,NA,NA,NA,NA,NA,NA,NA,NA,NA,NA,NA,NA,NA,NA,NA,NA,NA,NA,NA,1.6838295676693096,84.43249,NA,NA,NA,NA,NA,NA,NA,NA,NA,NA,NA,NA,NA,NA,NA,NA,NA,NA,NA,NA,NA,NA,NA,NA,NA,NA,NA,NA,NA,NA,NA,NA,NA,NA,NA,NA,NA,NA,NA,NA,NA,NA,3.56,NA,-66.725883,NA,NA,NA,561.3334894912043,0
1972-03-01,23.349469469260857,NA,NA,NA,NA,NA,NA,NA,NA,NA,NA,NA,NA,NA,NA,NA,NA,NA,NA,NA,1.6756175374083413,84.44773,NA,NA,NA,NA,NA,NA,NA,NA,NA,NA,NA,NA,NA,NA,NA,NA,NA,NA,NA,NA,NA,NA,NA,NA,NA,NA,NA,NA,NA,NA,NA,NA,NA,NA,NA,NA,NA,NA,NA,NA,NA,NA,3.56,NA,-69.300773,NA,NA,NA,441.77036948687703,0
1972-04-01,23.757115724000865,NA,NA,NA,NA,NA,NA,NA,NA,NA,NA,NA,NA,NA,NA,NA,NA,NA,NA,NA,1.6802685987950845,84.10103,NA,NA,NA,NA,NA,NA,NA,NA,NA,NA,NA,NA,NA,NA,NA,NA,NA,NA,NA,NA,NA,NA,NA,NA,NA,NA,NA,NA,NA,NA,NA,NA,NA,NA,NA,NA,NA,NA,NA,NA,NA,NA,3.56,NA,-60.098846,NA,NA,NA,330.6085596161667,0
1972-05-01,23.460423950945444,NA,NA,NA,NA,NA,NA,NA,NA,NA,NA,NA,NA,NA,NA,NA,NA,NA,NA,NA,1.6791058334483986,84.03204,NA,NA,NA,NA,NA,NA,NA,NA,NA,NA,NA,NA,NA,NA,NA,NA,NA,NA,NA,NA,NA,NA,NA,NA,NA,NA,NA,NA,NA,NA,NA,NA,NA,NA,NA,NA,NA,NA,NA,NA,NA,NA,3.56,NA,-64.045963,NA,NA,NA,163.69622423976966,0
1972-06-01,23.72602077789703,NA,NA,NA,NA,NA,NA,NA,NA,NA,NA,NA,NA,NA,NA,NA,NA,NA,NA,NA,1.6717658771974448,85.22182,NA,NA,NA,NA,NA,NA,NA,NA,NA,NA,NA,NA,NA,NA,NA,NA,NA,NA,NA,NA,NA,NA,NA,NA,NA,NA,NA,NA,NA,NA,NA,NA,NA,NA,NA,NA,NA,NA,NA,NA,NA,NA,3.56,NA,-66.787876,NA,NA,NA,30.651280234104533,0
1972-07-01,24.009864148891527,NA,NA,NA,NA,NA,NA,NA,NA,NA,NA,NA,NA,NA,NA,NA,NA,NA,NA,NA,1.6634085012681408,85.60406,NA,NA,NA,NA,NA,NA,NA,NA,NA,NA,NA,NA,NA,NA,NA,NA,NA,NA,NA,NA,NA,NA,NA,NA,NA,NA,NA,NA,NA,NA,NA,NA,NA,NA,NA,NA,NA,NA,NA,NA,NA,NA,3.56,NA,-56.596974,NA,NA,NA,21.859919441016537,0
1972-08-01,24.10806088433473,NA,NA,NA,NA,NA,NA,NA,NA,NA,NA,NA,NA,NA,NA,NA,NA,NA,NA,NA,1.6714025130266053,85.99167,NA,NA,NA,NA,NA,NA,NA,NA,NA,NA,NA,NA,NA,NA,NA,NA,NA,NA,NA,NA,NA,NA,NA,NA,NA,NA,NA,NA,NA,NA,NA,NA,NA,NA,NA,NA,NA,NA,NA,NA,NA,NA,3.56,NA,-62.962297,NA,NA,NA,35.294657034838224,4.027035443102936
1972-09-01,24.375503793429775,NA,NA,NA,NA,NA,NA,NA,NA,NA,NA,NA,NA,NA,NA,NA,NA,NA,NA,NA,1.6756175374083413,85.60846,NA,NA,NA,NA,NA,NA,NA,NA,NA,NA,NA,NA,NA,NA,NA,NA,NA,NA,NA,NA,NA,NA,NA,NA,NA,NA,NA,NA,NA,NA,NA,NA,NA,NA,NA,NA,NA,NA,NA,NA,NA,NA,3.56,NA,-8.6191098,NA,NA,NA,199.24755694720764,0
1972-10-01,25.06911971020451,NA,NA,NA,NA,NA,NA,NA,NA,NA,NA,NA,NA,NA,NA,NA,NA,NA,NA,NA,1.6853556971868344,85.8378,NA,NA,NA,NA,NA,NA,NA,NA,NA,NA,NA,NA,NA,NA,NA,NA,NA,NA,NA,NA,NA,NA,NA,NA,NA,NA,NA,NA,NA,NA,NA,NA,NA,NA,NA,NA,NA,NA,NA,NA,NA,NA,3.56,NA,-5.7281701,NA,NA,NA,399.27280614134503,0
1972-11-01,24.971697669946508,NA,NA,NA,NA,NA,NA,NA,NA,NA,NA,NA,NA,NA,NA,NA,NA,NA,NA,NA,1.686155098362681,85.83649,NA,NA,NA,NA,NA,NA,NA,NA,NA,NA,NA,NA,NA,NA,NA,NA,NA,NA,NA,NA,NA,NA,NA,NA,NA,NA,NA,NA,NA,NA,NA,NA,NA,NA,NA,NA,NA,NA,NA,NA,NA,NA,3.56,NA,-4.5866754,NA,NA,NA,488.25954615050046,0
1972-12-01,27.89410339310428,NA,NA,NA,NA,NA,NA,NA,NA,NA,NA,NA,NA,NA,NA,NA,NA,NA,NA,NA,1.6822307653176165,85.96664,NA,NA,NA,NA,NA,NA,NA,NA,NA,NA,NA,NA,NA,NA,NA,NA,NA,NA,NA,NA,NA,NA,NA,NA,NA,NA,NA,NA,NA,NA,NA,NA,NA,NA,NA,NA,NA,NA,NA,NA,NA,NA,3.56,NA,9.4127494,NA,NA,NA,696.8218895371385,0
1973-01-01,24.389118649237762,NA,NA,NA,NA,45.93827282840165,NA,NA,NA,NA,NA,NA,NA,NA,NA,NA,NA,NA,NA,NA,1.6807482395005922,86.12579,NA,NA,NA,NA,NA,NA,NA,NA,NA,NA,NA,NA,NA,NA,NA,NA,NA,NA,NA,NA,NA,NA,NA,NA,NA,NA,NA,NA,NA,NA,NA,NA,NA,NA,NA,NA,NA,NA,NA,NA,NA,NA,3.56,NA,20.886577,NA,NA,NA,730.4236259668608,0
1973-02-01,24.773589979926886,NA,NA,NA,NA,51.07875961916852,NA,NA,NA,NA,NA,NA,NA,NA,NA,NA,NA,NA,NA,NA,1.5939187372368335,85.95469,NA,NA,NA,NA,NA,NA,NA,NA,NA,NA,NA,NA,NA,NA,NA,NA,NA,NA,NA,NA,NA,NA,NA,NA,NA,NA,NA,NA,NA,NA,NA,NA,NA,NA,NA,NA,NA,NA,NA,NA,NA,NA,3.56,NA,29.629638,NA,NA,NA,591.0283681363642,0
1973-03-01,24.887247653321538,NA,NA,NA,NA,52.59217216547712,NA,NA,NA,NA,NA,NA,NA,NA,NA,NA,NA,NA,NA,NA,1.4946985167474545,86.40893,NA,NA,NA,NA,NA,NA,NA,NA,NA,NA,NA,NA,NA,NA,NA,NA,NA,NA,NA,NA,NA,NA,NA,NA,NA,NA,NA,NA,NA,NA,NA,NA,NA,NA,NA,NA,NA,NA,NA,NA,NA,NA,3.56,NA,38.744362,NA,NA,NA,527.6233448209217,0
1973-04-01,25.236511560274753,NA,NA,NA,NA,52.28674363954032,NA,NA,NA,NA,NA,NA,NA,NA,NA,NA,NA,NA,NA,NA,1.5037244827511027,86.4337,NA,NA,NA,NA,NA,NA,NA,NA,NA,NA,NA,NA,NA,NA,NA,NA,NA,NA,NA,NA,NA,NA,NA,NA,NA,NA,NA,NA,NA,NA,NA,NA,NA,NA,NA,NA,NA,NA,NA,NA,NA,NA,3.56,NA,43.143198,NA,NA,NA,407.05279470229516,0
1973-05-01,25.249063270562626,NA,NA,NA,NA,52.630052148926644,NA,NA,NA,NA,NA,NA,NA,NA,NA,NA,NA,NA,NA,NA,1.479531696256622,86.13819,NA,NA,NA,NA,NA,NA,NA,NA,NA,NA,NA,NA,NA,NA,NA,NA,NA,NA,NA,NA,NA,NA,NA,NA,NA,NA,NA,NA,NA,NA,NA,NA,NA,NA,NA,NA,NA,NA,NA,NA,NA,NA,3.56,NA,50.418217,NA,NA,NA,124.07553089020203,0
1973-06-01,25.617661591393286,NA,NA,NA,NA,54.43441080446097,NA,NA,NA,NA,NA,NA,NA,NA,NA,NA,NA,NA,NA,NA,1.3827024120113658,87.57343,NA,NA,NA,NA,NA,NA,NA,NA,NA,NA,NA,NA,NA,NA,NA,NA,NA,NA,NA,NA,NA,NA,NA,NA,NA,NA,NA,NA,NA,NA,NA,NA,NA,NA,NA,NA,NA,NA,NA,NA,NA,NA,3.56,NA,57.875301,NA,NA,NA,30.254440371689224,0
1973-07-01,25.449569219081106,NA,NA,NA,NA,53.44757516810081,NA,NA,NA,NA,NA,NA,NA,NA,NA,NA,NA,NA,NA,NA,1.2518549740921343,90.39579,NA,NA,NA,NA,NA,NA,NA,NA,NA,NA,NA,NA,NA,NA,NA,NA,NA,NA,NA,NA,NA,NA,NA,NA,NA,NA,NA,NA,NA,NA,NA,NA,NA,NA,NA,NA,NA,NA,NA,NA,NA,NA,3.56,NA,59.340235,NA,NA,NA,8.422772775182388,0.742445736371698
1973-08-01,25.72203116400367,NA,NA,NA,NA,53.98155315723862,NA,NA,NA,NA,NA,NA,NA,NA,NA,NA,NA,NA,NA,NA,1.299135920001744,90.23943,NA,NA,NA,NA,NA,NA,NA,NA,NA,NA,NA,NA,NA,NA,NA,NA,NA,NA,NA,NA,NA,NA,NA,NA,NA,NA,NA,NA,NA,NA,NA,NA,NA,NA,NA,NA,NA,NA,NA,NA,NA,NA,4.31,NA,69.858101,NA,NA,NA,1.1037929947975569,2.6449629358241746
1973-09-01,26.07247359661097,NA,NA,NA,NA,54.4806416879361,NA,NA,NA,NA,NA,NA,NA,NA,NA,NA,NA,NA,NA,NA,1.30538578374018,89.66142,NA,NA,NA,NA,NA,NA,NA,NA,NA,NA,NA,NA,NA,NA,NA,NA,NA,NA,NA,NA,NA,NA,NA,NA,NA,NA,NA,NA,NA,NA,NA,NA,NA,NA,NA,NA,NA,NA,NA,NA,NA,NA,4.31,NA,81.285305,NA,NA,NA,93.73764902426323,0
1973-10-01,25.89917263539404,NA,NA,NA,NA,54.2996302873809,NA,NA,NA,NA,NA,NA,NA,NA,NA,NA,NA,NA,NA,NA,1.2966287072229528,90.21961,NA,NA,NA,NA,NA,NA,NA,NA,NA,NA,NA,NA,NA,NA,NA,NA,NA,NA,NA,NA,NA,NA,NA,NA,NA,NA,NA,NA,NA,NA,NA,NA,NA,NA,NA,NA,NA,NA,NA,NA,NA,NA,4.31,NA,107.20737,NA,NA,NA,363.05897863048193,0
1973-11-01,25.570619462487723,NA,NA,NA,NA,55.282835915396575,NA,NA,NA,NA,NA,NA,NA,NA,NA,NA,NA,NA,NA,NA,1.377811530271869,89.44768,NA,NA,NA,NA,NA,NA,NA,NA,NA,NA,NA,NA,NA,NA,NA,NA,NA,NA,NA,NA,NA,NA,NA,NA,NA,NA,NA,NA,NA,NA,NA,NA,NA,NA,NA,NA,NA,NA,NA,NA,NA,NA,4.31,NA,104.23624,NA,NA,NA,556.1859596202278,0
1973-12-01,26.98779244080137,NA,NA,NA,NA,54.496083329650126,NA,NA,NA,NA,NA,NA,NA,NA,NA,NA,NA,NA,NA,NA,1.421269885104249,88.70911,NA,NA,NA,NA,NA,NA,NA,NA,NA,NA,NA,NA,NA,NA,NA,NA,NA,NA,NA,NA,NA,NA,NA,NA,NA,NA,NA,NA,NA,NA,NA,NA,NA,NA,NA,NA,NA,NA,NA,NA,NA,NA,4.31,NA,114.2407,NA,NA,NA,693.5313161746717,0
1974-01-01,26.586335506104824,NA,NA,NA,NA,54.9450852685273,NA,NA,NA,NA,NA,NA,NA,NA,NA,NA,NA,NA,NA,NA,1.5018349890627385,88.66187,NA,NA,NA,NA,NA,NA,NA,NA,NA,NA,NA,NA,NA,NA,NA,NA,NA,NA,NA,NA,NA,NA,NA,NA,NA,NA,NA,NA,NA,NA,NA,NA,NA,NA,NA,NA,NA,NA,NA,NA,NA,NA,10.11,NA,105.77078,NA,NA,NA,631.0533475709311,0
1974-02-01,26.96484827701842,NA,NA,NA,NA,54.91883823928013,NA,NA,NA,NA,NA,NA,NA,NA,NA,NA,NA,NA,NA,NA,1.4510221434125707,88.91579,NA,NA,NA,NA,NA,NA,NA,NA,NA,NA,NA,NA,NA,NA,NA,NA,NA,NA,NA,NA,NA,NA,NA,NA,NA,NA,NA,NA,NA,NA,NA,NA,NA,NA,NA,NA,NA,NA,NA,NA,NA,NA,10.11,NA,88.829192,NA,NA,NA,487.436081535334,0
1974-03-01,27.20012485305137,NA,NA,NA,NA,54.53358714643183,NA,NA,NA,NA,NA,NA,NA,NA,NA,NA,NA,NA,NA,NA,1.4068225256716786,88.97189,NA,NA,NA,NA,NA,NA,NA,NA,NA,NA,NA,NA,NA,NA,NA,NA,NA,NA,NA,NA,NA,NA,NA,NA,NA,NA,NA,NA,NA,NA,NA,NA,NA,NA,NA,NA,NA,NA,NA,NA,NA,NA,10.11,NA,98.413761,NA,NA,NA,422.2851380305014,0
1974-04-01,26.924234469862384,NA,NA,NA,NA,55.07522012725978,NA,NA,NA,NA,NA,NA,NA,NA,NA,NA,NA,NA,NA,NA,1.3614746771509345,89.84333,NA,NA,NA,NA,NA,NA,NA,NA,NA,NA,NA,NA,NA,NA,NA,NA,NA,NA,NA,NA,NA,NA,NA,NA,NA,NA,NA,NA,NA,NA,NA,NA,NA,NA,NA,NA,NA,NA,NA,NA,NA,NA,10.11,NA,86.437623,NA,NA,NA,328.68042598001637,0
1974-05-01,26.687251916134368,NA,NA,NA,NA,54.67137699685445,NA,NA,NA,NA,NA,NA,NA,NA,NA,NA,NA,NA,NA,NA,1.3032128659985611,91.38811,NA,NA,NA,NA,NA,NA,NA,NA,NA,NA,NA,NA,NA,NA,NA,NA,NA,NA,NA,NA,NA,NA,NA,NA,NA,NA,NA,NA,NA,NA,NA,NA,NA,NA,NA,NA,NA,NA,NA,NA,NA,NA,10.11,NA,104.19358,NA,NA,NA,185.58330049256296,0
1974-06-01,27.67130435441594,NA,NA,NA,NA,53.934316027927075,NA,NA,NA,NA,NA,NA,NA,NA,NA,NA,NA,NA,NA,NA,1.3183215482220587,92.7775,NA,NA,NA,NA,NA,NA,NA,NA,NA,NA,NA,NA,NA,NA,NA,NA,NA,NA,NA,NA,NA,NA,NA,NA,NA,NA,NA,NA,NA,NA,NA,NA,NA,NA,NA,NA,NA,NA,NA,NA,NA,NA,10.11,NA,82.523275,NA,NA,NA,73.11117445362365,0
1974-07-01,27.145385220922645,NA,NA,NA,NA,54.64496069260676,NA,NA,NA,NA,NA,NA,NA,NA,NA,NA,NA,NA,NA,NA,1.3209741066691858,92.34999,NA,NA,NA,NA,NA,NA,NA,NA,NA,NA,NA,NA,NA,NA,NA,NA,NA,NA,NA,NA,NA,NA,NA,NA,NA,NA,NA,NA,NA,NA,NA,NA,NA,NA,NA,NA,NA,NA,NA,NA,NA,NA,10.11,NA,62.219697,NA,NA,NA,16.25795098587235,0
1974-08-01,26.94501937685255,NA,NA,NA,NA,57.796503843939824,NA,NA,NA,NA,NA,NA,NA,NA,NA,NA,NA,NA,NA,NA,1.3483136268831348,92.12338,NA,NA,NA,NA,NA,NA,NA,NA,NA,NA,NA,NA,NA,NA,NA,NA,NA,NA,NA,NA,NA,NA,NA,NA,NA,NA,NA,NA,NA,NA,NA,NA,NA,NA,NA,NA,NA,NA,NA,NA,NA,NA,10.11,NA,58.853184,NA,NA,NA,7.793566966838464,8.435123833631515
1974-09-01,26.91954509156048,NA,NA,NA,NA,54.88753176835077,NA,NA,NA,NA,NA,NA,NA,NA,NA,NA,NA,NA,NA,NA,1.3706968598068356,91.18894,NA,NA,NA,NA,NA,NA,NA,NA,NA,NA,NA,NA,NA,NA,NA,NA,NA,NA,NA,NA,NA,NA,NA,NA,NA,NA,NA,NA,NA,NA,NA,NA,NA,NA,NA,NA,NA,NA,NA,NA,NA,NA,10.11,NA,60.600561,NA,NA,NA,99.23887446797748,0
1974-10-01,26.334386500713784,NA,NA,NA,NA,55.58326142465138,NA,NA,NA,NA,NA,NA,NA,NA,NA,NA,NA,NA,NA,NA,1.3429867081386306,91.52135,NA,NA,NA,NA,NA,NA,NA,NA,NA,NA,NA,NA,NA,NA,NA,NA,NA,NA,NA,NA,NA,NA,NA,NA,NA,NA,NA,NA,NA,NA,NA,NA,NA,NA,NA,NA,NA,NA,NA,NA,NA,NA,11.16,NA,61.753835,NA,NA,NA,450.8790707659694,0
1974-11-01,26.28403131367577,NA,NA,NA,NA,54.43833234197299,NA,NA,NA,NA,NA,NA,NA,NA,NA,NA,NA,NA,NA,NA,1.3056038022426837,91.87994,NA,NA,NA,NA,NA,NA,NA,NA,NA,NA,NA,NA,NA,NA,NA,NA,NA,NA,NA,NA,NA,NA,NA,NA,NA,NA,NA,NA,NA,NA,NA,NA,NA,NA,NA,NA,NA,NA,NA,NA,NA,NA,11.16,NA,59.167554,NA,NA,NA,519.8054681274122,0
1974-12-01,25.65656117941611,NA,NA,NA,NA,51.689626075208835,NA,NA,NA,NA,NA,NA,NA,NA,NA,NA,NA,NA,NA,NA,1.2705391597566913,92.41254,NA,NA,NA,NA,NA,NA,NA,NA,NA,NA,NA,NA,NA,NA,NA,NA,NA,NA,NA,NA,NA,NA,NA,NA,NA,NA,NA,NA,NA,NA,NA,NA,NA,NA,NA,NA,NA,NA,NA,NA,NA,NA,11.16,NA,22.003305,NA,NA,NA,548.2171874161198,0
1975-01-01,25.510959691789157,NA,NA,NA,NA,55.44601701589709,NA,NA,NA,NA,NA,NA,NA,NA,NA,NA,NA,NA,NA,NA,1.222059112083312,93.38466,NA,NA,NA,NA,NA,NA,NA,NA,NA,NA,NA,NA,NA,NA,NA,NA,NA,NA,NA,NA,NA,NA,NA,NA,NA,NA,NA,NA,NA,NA,NA,NA,NA,NA,NA,NA,NA,NA,NA,NA,NA,NA,11.16,NA,-0.56230564,NA,NA,NA,591.7589739757778,0
1975-02-01,25.99071853025792,NA,NA,NA,NA,55.69995772917597,NA,NA,NA,NA,NA,NA,NA,NA,NA,NA,NA,NA,NA,NA,1.202713603627828,93.69583,NA,NA,NA,NA,NA,NA,NA,NA,NA,NA,NA,NA,NA,NA,NA,NA,NA,NA,NA,NA,NA,NA,NA,NA,NA,NA,NA,NA,NA,NA,NA,NA,NA,NA,NA,NA,NA,NA,NA,NA,NA,NA,11.16,NA,-9.5110476,NA,NA,NA,600.5360993433377,0
1975-03-01,25.352007074374715,NA,NA,NA,NA,55.660309762387705,NA,NA,NA,NA,NA,NA,NA,NA,NA,NA,NA,NA,NA,NA,1.1971613990974033,93.38096,NA,NA,NA,NA,NA,NA,NA,NA,NA,NA,NA,NA,NA,NA,NA,NA,NA,NA,NA,NA,NA,NA,NA,NA,NA,NA,NA,NA,NA,NA,NA,NA,NA,NA,NA,NA,NA,NA,NA,NA,NA,NA,11.16,NA,-26.315214,NA,NA,NA,488.0841219066844,0
1975-04-01,25.050147919605244,NA,NA,NA,NA,55.1906280609471,NA,NA,NA,NA,NA,NA,NA,NA,NA,NA,NA,NA,NA,NA,1.2234471632159185,92.66811,NA,NA,NA,NA,NA,NA,NA,NA,NA,NA,NA,NA,NA,NA,NA,NA,NA,NA,NA,NA,NA,NA,NA,NA,NA,NA,NA,NA,NA,NA,NA,NA,NA,NA,NA,NA,NA,NA,NA,NA,NA,NA,11.16,NA,-41.069979,NA,NA,NA,355.4452160383912,0
1975-05-01,24.7126610277547,NA,NA,NA,NA,56.10744027209247,NA,NA,NA,NA,NA,NA,NA,NA,NA,NA,NA,NA,NA,NA,1.209871877793362,92.26661,NA,NA,NA,NA,NA,NA,NA,NA,NA,NA,NA,NA,NA,NA,NA,NA,NA,NA,NA,NA,NA,NA,NA,NA,NA,NA,NA,NA,NA,NA,NA,NA,NA,NA,NA,NA,NA,NA,NA,NA,NA,NA,11.16,NA,-43.736798,NA,NA,NA,106.64917997828901,0
1975-06-01,24.654995685086124,NA,NA,NA,NA,56.48706767325687,NA,NA,NA,NA,NA,NA,NA,NA,NA,NA,NA,NA,NA,NA,1.2033894609855893,92.87805,NA,NA,NA,NA,NA,NA,NA,NA,NA,NA,NA,NA,NA,NA,NA,NA,NA,NA,NA,NA,NA,NA,NA,NA,NA,NA,NA,NA,NA,NA,NA,NA,NA,NA,NA,NA,NA,NA,NA,NA,NA,NA,11.16,NA,-36.593095,NA,NA,NA,92.05743079884917,0
1975-07-01,24.608860114376004,NA,NA,NA,NA,56.266699835080956,NA,NA,NA,NA,NA,NA,NA,NA,NA,NA,NA,NA,NA,NA,1.2650378262101842,92.84895,NA,NA,NA,NA,NA,NA,NA,NA,NA,NA,NA,NA,NA,NA,NA,NA,NA,NA,NA,NA,NA,NA,NA,NA,NA,NA,NA,NA,NA,NA,NA,NA,NA,NA,NA,NA,NA,NA,NA,NA,NA,NA,11.16,NA,-41.578362,NA,NA,NA,12.474174880491912,0
1975-08-01,24.960942593173247,NA,NA,NA,NA,56.99178929980494,NA,NA,NA,NA,NA,NA,NA,NA,NA,NA,NA,NA,NA,NA,1.3202401110440904,92.38535,NA,NA,NA,NA,NA,NA,NA,NA,NA,NA,NA,NA,NA,NA,NA,NA,NA,NA,NA,NA,NA,NA,NA,NA,NA,NA,NA,NA,NA,NA,NA,NA,NA,NA,NA,NA,NA,NA,NA,NA,NA,NA,11.16,NA,-45.292172,NA,NA,NA,5.558824165466585,0
1975-09-01,24.61552743783161,NA,NA,NA,NA,56.01197857596633,NA,NA,NA,NA,NA,NA,NA,NA,NA,NA,NA,NA,NA,NA,1.3423253853477033,91.8504,NA,NA,NA,NA,NA,NA,NA,NA,NA,NA,NA,NA,NA,NA,NA,NA,NA,NA,NA,NA,NA,NA,NA,NA,NA,NA,NA,NA,NA,NA,NA,NA,NA,NA,NA,NA,NA,NA,NA,NA,NA,NA,11.16,NA,-34.084158,NA,NA,NA,12.444608996702692,0
1975-10-01,24.490018576391027,NA,NA,NA,NA,58.06120292391838,NA,NA,NA,NA,NA,NA,NA,NA,NA,NA,NA,NA,NA,NA,1.3298547270044982,91.77084,NA,NA,NA,NA,NA,NA,NA,NA,NA,NA,NA,NA,NA,NA,NA,NA,NA,NA,NA,NA,NA,NA,NA,NA,NA,NA,NA,NA,NA,NA,NA,NA,NA,NA,NA,NA,NA,NA,NA,NA,NA,NA,11.16,NA,-33.676578,NA,NA,NA,321.97072241223606,0
1975-11-01,25.315991989701043,NA,NA,NA,NA,56.50195446913585,NA,NA,NA,NA,NA,NA,NA,NA,NA,NA,NA,NA,NA,NA,1.3310392942014344,91.49231,NA,NA,NA,NA,NA,NA,NA,NA,NA,NA,NA,NA,NA,NA,NA,NA,NA,NA,NA,NA,NA,NA,NA,NA,NA,NA,NA,NA,NA,NA,NA,NA,NA,NA,NA,NA,NA,NA,NA,NA,NA,NA,11.16,NA,-23.780246000000002,NA,NA,NA,549.1922045615244,0
1975-12-01,25.978751962078018,NA,NA,NA,NA,56.87038150776589,NA,NA,NA,NA,NA,NA,NA,NA,NA,NA,NA,NA,NA,NA,1.3453340406822525,91.42606,NA,NA,NA,NA,NA,NA,NA,NA,NA,NA,NA,NA,NA,NA,NA,NA,NA,NA,NA,NA,NA,NA,NA,NA,NA,NA,NA,NA,NA,NA,NA,NA,NA,NA,NA,NA,NA,NA,NA,NA,NA,NA,11.16,NA,-35.404065,NA,NA,NA,696.5945607417815,0
1976-01-01,25.61199148195267,NA,NA,NA,NA,56.15750805557938,NA,NA,NA,NA,NA,NA,NA,NA,NA,NA,NA,NA,NA,NA,1.3366569042826102,92.30521,NA,NA,NA,NA,NA,NA,NA,NA,NA,NA,NA,NA,NA,NA,NA,NA,NA,NA,NA,NA,NA,NA,NA,NA,NA,NA,NA,NA,NA,NA,NA,NA,NA,NA,NA,NA,NA,NA,NA,NA,NA,NA,11.16,NA,-45.710648,NA,NA,NA,644.4188790960314,0
1976-02-01,25.802253322862605,NA,NA,NA,NA,56.44703413563407,NA,NA,NA,NA,NA,NA,NA,NA,NA,NA,NA,NA,NA,NA,1.3288954455934827,92.95673,NA,NA,NA,NA,NA,NA,NA,NA,NA,NA,NA,NA,NA,NA,NA,NA,NA,NA,NA,NA,NA,NA,NA,NA,NA,NA,NA,NA,NA,NA,NA,NA,NA,NA,NA,NA,NA,NA,NA,NA,NA,NA,12.03,NA,-49.97143,NA,NA,NA,648.7512666006119,0
1976-03-01,25.759480258913776,NA,NA,NA,NA,57.06040210001539,NA,NA,NA,NA,NA,NA,NA,NA,NA,NA,NA,NA,NA,NA,1.3355232080695911,93.7851,NA,NA,NA,NA,NA,NA,NA,NA,NA,NA,NA,NA,NA,NA,NA,NA,NA,NA,NA,NA,NA,NA,NA,NA,NA,NA,NA,NA,NA,NA,NA,NA,NA,NA,NA,NA,NA,NA,NA,NA,NA,NA,12.1,NA,-32.243819,NA,NA,NA,608.5125367765762,0
1976-04-01,25.478373045381904,NA,NA,NA,NA,57.56888539324168,NA,NA,NA,NA,NA,NA,NA,NA,NA,NA,NA,NA,NA,NA,1.321410143674193,94.74732,NA,NA,NA,NA,NA,NA,NA,NA,NA,NA,NA,NA,NA,NA,NA,NA,NA,NA,NA,NA,NA,NA,NA,NA,NA,NA,NA,NA,NA,NA,NA,NA,NA,NA,NA,NA,NA,NA,NA,NA,NA,NA,12.17,NA,-28.656726,NA,NA,NA,332.96550807053404,0
1976-05-01,26.55774595719567,NA,NA,NA,NA,57.856201494122935,NA,NA,NA,NA,NA,NA,NA,NA,NA,NA,NA,NA,NA,NA,1.3331468063923024,93.86433,NA,NA,NA,NA,NA,NA,NA,NA,NA,NA,NA,NA,NA,NA,NA,NA,NA,NA,NA,NA,NA,NA,NA,NA,NA,NA,NA,NA,NA,NA,NA,NA,NA,NA,NA,NA,NA,NA,NA,NA,NA,NA,12.17,NA,-19.06451,NA,NA,NA,131.8143462203938,0
1976-06-01,26.456895478671253,NA,NA,NA,NA,57.33998797587294,NA,NA,NA,NA,NA,NA,NA,NA,NA,NA,NA,NA,NA,NA,1.3399707855206646,94.49777,NA,NA,NA,NA,NA,NA,NA,NA,NA,NA,NA,NA,NA,NA,NA,NA,NA,NA,NA,NA,NA,NA,NA,NA,NA,NA,NA,NA,NA,NA,NA,NA,NA,NA,NA,NA,NA,NA,NA,NA,NA,NA,12.17,NA,-15.937888,NA,NA,NA,41.55714923448825,0.696042877848467
1976-07-01,26.547526573901543,NA,NA,NA,NA,59.46947688657116,NA,NA,NA,NA,NA,NA,NA,NA,NA,NA,NA,NA,NA,NA,1.332034912029534,94.69267,NA,NA,NA,NA,NA,NA,NA,NA,NA,NA,NA,NA,NA,NA,NA,NA,NA,NA,NA,NA,NA,NA,NA,NA,NA,NA,NA,NA,NA,NA,NA,NA,NA,NA,NA,NA,NA,NA,NA,NA,NA,NA,12.17,NA,-21.249121,NA,NA,NA,5.2942642571897105,9.0375672613272
1976-08-01,26.664480822552363,NA,NA,NA,NA,58.964821089189954,NA,NA,NA,NA,NA,NA,NA,NA,NA,NA,NA,NA,NA,NA,1.304673589965335,96.41668,NA,NA,NA,NA,NA,NA,NA,NA,NA,NA,NA,NA,NA,NA,NA,NA,NA,NA,NA,NA,NA,NA,NA,NA,NA,NA,NA,NA,NA,NA,NA,NA,NA,NA,NA,NA,NA,NA,NA,NA,NA,NA,12.17,NA,-23.734932,NA,NA,NA,33.52530314496333,0
1976-09-01,27.290467497946747,NA,NA,NA,NA,59.48158004910828,NA,NA,NA,NA,NA,NA,NA,NA,NA,NA,NA,NA,NA,NA,1.2841871180134152,96.57512,NA,NA,NA,NA,NA,NA,NA,NA,NA,NA,NA,NA,NA,NA,NA,NA,NA,NA,NA,NA,NA,NA,NA,NA,NA,NA,NA,NA,NA,NA,NA,NA,NA,NA,NA,NA,NA,NA,NA,NA,NA,NA,13.9,NA,-24.469478,NA,NA,NA,145.57408952935032,0
1976-10-01,27.44176381932873,NA,NA,NA,NA,58.69775215920413,NA,NA,NA,NA,NA,NA,NA,NA,NA,NA,NA,NA,NA,NA,1.253482845577495,97.71519,NA,NA,NA,NA,NA,NA,NA,NA,NA,NA,NA,NA,NA,NA,NA,NA,NA,NA,NA,NA,NA,NA,NA,NA,NA,NA,NA,NA,NA,NA,NA,NA,NA,NA,NA,NA,NA,NA,NA,NA,NA,NA,13.9,NA,-20.560264,NA,NA,NA,263.9635534505188,0
1976-11-01,27.132858234949193,NA,NA,NA,NA,60.31304944749189,NA,NA,NA,NA,NA,NA,NA,NA,NA,NA,NA,NA,NA,NA,1.2447766400441849,97.53217,NA,NA,NA,NA,NA,NA,NA,NA,NA,NA,NA,NA,NA,NA,NA,NA,NA,NA,NA,NA,NA,NA,NA,NA,NA,NA,NA,NA,NA,NA,NA,NA,NA,NA,NA,NA,NA,NA,NA,NA,NA,NA,13.9,NA,-19.132661,NA,NA,NA,465.0632487622111,0
1976-12-01,27.46250751912819,NA,NA,NA,NA,60.967635874499635,NA,NA,NA,NA,NA,NA,NA,NA,NA,NA,NA,NA,NA,NA,1.2294354047513498,98.09567,NA,NA,NA,NA,NA,NA,NA,NA,NA,NA,NA,NA,NA,NA,NA,NA,NA,NA,NA,NA,NA,NA,NA,NA,NA,NA,NA,NA,NA,NA,NA,NA,NA,NA,NA,NA,NA,NA,NA,NA,NA,NA,13.9,NA,-35.536353,NA,NA,NA,718.7919692710883,0
1977-01-01,27.275245561701375,NA,NA,NA,NA,59.41913638225009,NA,NA,NA,NA,NA,NA,NA,NA,NA,NA,NA,NA,NA,NA,1.2339919914536746,98.28309,NA,NA,NA,NA,NA,NA,NA,NA,NA,NA,NA,NA,NA,NA,NA,NA,NA,NA,NA,NA,NA,NA,NA,NA,NA,NA,NA,NA,NA,NA,NA,NA,NA,NA,NA,NA,NA,NA,NA,NA,NA,NA,13.9,NA,-48.91991,NA,NA,NA,731.2510326998657,0
1977-02-01,27.284459489542375,NA,NA,NA,NA,61.30384423803086,NA,NA,NA,NA,NA,NA,NA,NA,NA,NA,NA,NA,NA,NA,1.2418769939608874,97.99146,NA,NA,NA,NA,NA,NA,NA,NA,NA,NA,NA,NA,NA,NA,NA,NA,NA,NA,NA,NA,NA,NA,NA,NA,NA,NA,NA,NA,NA,NA,NA,NA,NA,NA,NA,NA,NA,NA,NA,NA,NA,NA,13.9,NA,-44.832584,NA,NA,NA,524.7837059378771,0
1977-03-01,27.75255669304243,NA,NA,NA,NA,60.39629513108056,NA,NA,NA,NA,NA,NA,NA,NA,NA,NA,NA,NA,NA,NA,1.2340210605873416,98.24746,NA,NA,NA,NA,NA,NA,NA,NA,NA,NA,NA,NA,NA,NA,NA,NA,NA,NA,NA,NA,NA,NA,NA,NA,NA,NA,NA,NA,NA,NA,NA,NA,NA,NA,NA,NA,NA,NA,NA,NA,NA,NA,13.9,NA,-45.172203,NA,NA,NA,416.41357251650885,0
1977-04-01,27.793796849497127,NA,NA,NA,NA,60.981939612043504,NA,NA,NA,NA,NA,NA,NA,NA,NA,NA,NA,NA,NA,NA,1.224740739664106,98.01099,NA,NA,NA,NA,NA,NA,NA,NA,NA,NA,NA,NA,NA,NA,NA,NA,NA,NA,NA,NA,NA,NA,NA,NA,NA,NA,NA,NA,NA,NA,NA,NA,NA,NA,NA,NA,NA,NA,NA,NA,NA,NA,13.9,NA,-43.295029,NA,NA,NA,391.3631657048156,0
1977-05-01,27.62178979406825,NA,NA,NA,NA,61.044308045568144,NA,NA,NA,NA,NA,NA,NA,NA,NA,NA,NA,NA,NA,NA,1.2196245721386887,97.85211,NA,NA,NA,NA,NA,NA,NA,NA,NA,NA,NA,NA,NA,NA,NA,NA,NA,NA,NA,NA,NA,NA,NA,NA,NA,NA,NA,NA,NA,NA,NA,NA,NA,NA,NA,NA,NA,NA,NA,NA,NA,NA,13.9,NA,-35.549068,NA,NA,NA,168.9964016737172,0
1977-06-01,27.399369861534367,NA,NA,NA,NA,60.74488878214977,NA,NA,NA,NA,NA,NA,NA,NA,NA,NA,NA,NA,NA,NA,1.2172845068784837,98.24969,NA,NA,NA,NA,NA,NA,NA,NA,NA,NA,NA,NA,NA,NA,NA,NA,NA,NA,NA,NA,NA,NA,NA,NA,NA,NA,NA,NA,NA,NA,NA,NA,NA,NA,NA,NA,NA,NA,NA,NA,NA,NA,13.9,NA,-40.326338,NA,NA,NA,42.758838155610114,0
1977-07-01,27.92037709789597,NA,NA,NA,NA,62.18334071572845,NA,NA,NA,NA,NA,NA,NA,NA,NA,NA,NA,NA,NA,NA,1.1774888628881637,99.69312,NA,NA,NA,NA,NA,NA,NA,NA,NA,NA,NA,NA,NA,NA,NA,NA,NA,NA,NA,NA,NA,NA,NA,NA,NA,NA,NA,NA,NA,NA,NA,NA,NA,NA,NA,NA,NA,NA,NA,NA,NA,NA,13.9,NA,-44.124528,NA,NA,NA,5.190893167200732,0
1977-08-01,27.486720864384765,NA,NA,NA,NA,61.59855201393478,NA,NA,NA,NA,NA,NA,NA,NA,NA,NA,NA,NA,NA,NA,1.19493034308845,98.82751,NA,NA,NA,NA,NA,NA,NA,NA,NA,NA,NA,NA,NA,NA,NA,NA,NA,NA,NA,NA,NA,NA,NA,NA,NA,NA,NA,NA,NA,NA,NA,NA,NA,NA,NA,NA,NA,NA,NA,NA,NA,NA,14.85,NA,-46.832792,NA,NA,NA,16.602886296746583,0
1977-09-01,27.212519976014573,NA,NA,NA,NA,63.84986250000666,NA,NA,NA,NA,NA,NA,NA,NA,NA,NA,NA,NA,NA,NA,1.2029025529966642,98.09505,NA,NA,NA,NA,NA,NA,NA,NA,NA,NA,NA,NA,NA,NA,NA,NA,NA,NA,NA,NA,NA,NA,NA,NA,NA,NA,NA,NA,NA,NA,NA,NA,NA,NA,NA,NA,NA,NA,NA,NA,NA,NA,14.85,NA,-46.994582,NA,NA,NA,190.81361483814933,0
1977-10-01,28.433456070766482,NA,NA,NA,NA,65.06244515789255,NA,NA,NA,NA,NA,NA,NA,NA,NA,NA,NA,NA,NA,NA,1.1807373385754667,98.34677,NA,NA,NA,NA,NA,NA,NA,NA,NA,NA,NA,NA,NA,NA,NA,NA,NA,NA,NA,NA,NA,NA,NA,NA,NA,NA,NA,NA,NA,NA,NA,NA,NA,NA,NA,NA,NA,NA,NA,NA,NA,NA,14.85,NA,-32.767018,NA,NA,NA,295.9700461949026,0
1977-11-01,27.73543922602476,NA,NA,NA,NA,65.67507019310493,NA,NA,NA,NA,NA,NA,NA,NA,NA,NA,NA,NA,NA,NA,1.161275553585314,97.81493,NA,NA,NA,NA,NA,NA,NA,NA,NA,NA,NA,NA,NA,NA,NA,NA,NA,NA,NA,NA,NA,NA,NA,NA,NA,NA,NA,NA,NA,NA,NA,NA,NA,NA,NA,NA,NA,NA,NA,NA,NA,NA,14.85,NA,-33.249262,NA,NA,NA,479.6637582035145,0
1977-12-01,26.973155646663972,NA,NA,NA,NA,69.0979047452701,NA,NA,NA,NA,NA,NA,NA,NA,NA,NA,NA,NA,NA,NA,1.1212618910924907,98.13509,NA,NA,NA,NA,NA,NA,NA,NA,NA,NA,NA,NA,NA,NA,NA,NA,NA,NA,NA,NA,NA,NA,NA,NA,NA,NA,NA,NA,NA,NA,NA,NA,NA,NA,NA,NA,NA,NA,NA,NA,NA,NA,14.85,NA,-37.822919,NA,NA,NA,705.3241616887319,0
1978-01-01,27.972586608515584,NA,NA,NA,NA,56.23408618498092,NA,NA,NA,NA,NA,NA,NA,NA,NA,NA,NA,NA,NA,NA,1.1050267799393907,98.06725,NA,NA,NA,NA,NA,NA,NA,NA,NA,NA,NA,NA,NA,NA,NA,NA,NA,NA,NA,NA,NA,NA,NA,NA,NA,NA,NA,NA,NA,NA,NA,NA,NA,NA,NA,NA,NA,NA,NA,NA,NA,NA,14.85,NA,-38.297913,NA,NA,NA,697.5783381490494,0
1978-02-01,27.772451524713418,NA,NA,NA,NA,56.67584691550255,NA,NA,NA,NA,NA,NA,NA,NA,NA,NA,NA,NA,NA,NA,1.083857183346293,98.57877,NA,NA,NA,NA,NA,NA,NA,NA,NA,NA,NA,NA,NA,NA,NA,NA,NA,NA,NA,NA,NA,NA,NA,NA,NA,NA,NA,NA,NA,NA,NA,NA,NA,NA,NA,NA,NA,NA,NA,NA,NA,NA,14.85,NA,-38.610233,NA,NA,NA,668.7697789979264,0
1978-03-01,27.539029272262066,NA,NA,NA,NA,57.612407876708495,NA,NA,NA,NA,NA,NA,NA,NA,NA,NA,NA,NA,NA,NA,1.0640974397360523,98.83504,NA,NA,NA,NA,NA,NA,NA,NA,NA,NA,NA,NA,NA,NA,NA,NA,NA,NA,NA,NA,NA,NA,NA,NA,NA,NA,NA,NA,NA,NA,NA,NA,NA,NA,NA,NA,NA,NA,NA,NA,NA,NA,14.85,NA,-39.078139,NA,NA,NA,482.233143008071,0
1978-04-01,28.712610063459074,NA,NA,NA,NA,58.865832830553,NA,NA,NA,NA,NA,NA,NA,NA,NA,NA,NA,NA,NA,NA,1.0673095790062717,98.39388,NA,NA,NA,NA,NA,NA,NA,NA,NA,NA,NA,NA,NA,NA,NA,NA,NA,NA,NA,NA,NA,NA,NA,NA,NA,NA,NA,NA,NA,NA,NA,NA,NA,NA,NA,NA,NA,NA,NA,NA,NA,NA,14.85,NA,-39.698681,NA,NA,NA,387.31110657986625,0
1978-05-01,27.854132418123207,NA,NA,NA,NA,57.95344057775451,NA,NA,NA,NA,NA,NA,NA,NA,NA,NA,NA,NA,NA,NA,1.1083915321613629,96.98206,NA,NA,NA,NA,NA,NA,NA,NA,NA,NA,NA,NA,NA,NA,NA,NA,NA,NA,NA,NA,NA,NA,NA,NA,NA,NA,NA,NA,NA,NA,NA,NA,NA,NA,NA,NA,NA,NA,NA,NA,NA,NA,14.85,NA,-22.59908,NA,NA,NA,211.79137590951416,0
1978-06-01,27.80704908202694,NA,NA,NA,NA,62.392489383036605,NA,NA,NA,NA,NA,NA,NA,NA,NA,NA,NA,NA,NA,NA,1.0892931113420492,97.28909,NA,NA,NA,NA,NA,NA,NA,NA,NA,NA,NA,NA,NA,NA,NA,NA,NA,NA,NA,NA,NA,NA,NA,NA,NA,NA,NA,NA,NA,NA,NA,NA,NA,NA,NA,NA,NA,NA,NA,NA,NA,NA,14.85,NA,-17.03692,NA,NA,NA,70.38782804681658,0
1978-07-01,28.325946510224593,NA,NA,NA,NA,59.70184444145054,NA,NA,NA,NA,NA,NA,NA,NA,NA,NA,NA,NA,NA,NA,1.075587014817991,96.64866,NA,NA,NA,NA,NA,NA,NA,NA,NA,NA,NA,NA,NA,NA,NA,NA,NA,NA,NA,NA,NA,NA,NA,NA,NA,NA,NA,NA,NA,NA,NA,NA,NA,NA,NA,NA,NA,NA,NA,NA,NA,NA,14.85,NA,-25.64247,NA,NA,NA,32.883832970010545,0
1978-08-01,28.25682556854082,NA,NA,NA,NA,60.90008574512578,NA,NA,NA,NA,NA,NA,NA,NA,NA,NA,NA,NA,NA,NA,1.0479931396844544,96.90662,NA,NA,NA,NA,NA,NA,NA,NA,NA,NA,NA,NA,NA,NA,NA,NA,NA,NA,NA,NA,NA,NA,NA,NA,NA,NA,NA,NA,NA,NA,NA,NA,NA,NA,NA,NA,NA,NA,NA,NA,NA,NA,14.85,NA,-26.086292,NA,NA,NA,29.60924708544446,0
1978-09-01,28.86808479397826,NA,NA,NA,NA,62.73577908408955,NA,NA,NA,NA,NA,NA,NA,NA,NA,NA,NA,NA,NA,NA,1.0359948547633409,96.11514,NA,NA,NA,NA,NA,NA,NA,NA,NA,NA,NA,NA,NA,NA,NA,NA,NA,NA,NA,NA,NA,NA,NA,NA,NA,NA,NA,NA,NA,NA,NA,NA,NA,NA,NA,NA,NA,NA,NA,NA,NA,NA,14.85,NA,-13.822322,NA,NA,NA,106.24467488674316,0
1978-10-01,28.722128924511267,NA,NA,NA,NA,60.30359825996291,NA,NA,NA,NA,NA,NA,NA,NA,NA,NA,NA,NA,NA,NA,0.9801239798550904,96.57414,NA,NA,NA,NA,NA,NA,NA,NA,NA,NA,NA,NA,NA,NA,NA,NA,NA,NA,NA,NA,NA,NA,NA,NA,NA,NA,NA,NA,NA,NA,NA,NA,NA,NA,NA,NA,NA,NA,NA,NA,NA,NA,14.85,NA,-17.861609,NA,NA,NA,313.9699752523265,0
1978-11-01,28.719368042734228,NA,NA,NA,NA,60.78392547810282,NA,NA,NA,NA,NA,NA,NA,NA,NA,NA,NA,NA,NA,NA,1.012906695348212,96.43835,NA,NA,NA,NA,NA,NA,NA,NA,NA,NA,NA,NA,NA,NA,NA,NA,NA,NA,NA,NA,NA,NA,NA,NA,NA,NA,NA,NA,NA,NA,NA,NA,NA,NA,NA,NA,NA,NA,NA,NA,NA,NA,14.85,NA,-3.8409143,NA,NA,NA,581.1945361815231,0
1978-12-01,29.344200916788946,NA,NA,NA,NA,62.172036907360436,NA,NA,NA,NA,NA,NA,NA,NA,NA,NA,NA,NA,NA,NA,1.0009084104270982,96.91074,NA,NA,NA,NA,NA,NA,NA,NA,NA,NA,NA,NA,NA,NA,NA,NA,NA,NA,NA,NA,NA,NA,NA,NA,NA,NA,NA,NA,NA,NA,NA,NA,NA,NA,NA,NA,NA,NA,NA,NA,NA,NA,14.85,NA,-6.8451617,NA,NA,NA,705.6817993793082,0
1979-01-01,29.32856690863655,NA,NA,NA,NA,62.41103439976016,NA,NA,NA,NA,NA,NA,NA,NA,NA,NA,NA,NA,NA,NA,0.982878280270052,97.3109,NA,NA,NA,NA,NA,NA,NA,NA,NA,NA,NA,NA,NA,NA,NA,NA,NA,NA,NA,NA,NA,NA,NA,NA,NA,NA,NA,NA,NA,NA,NA,NA,NA,NA,NA,NA,NA,NA,NA,NA,NA,NA,14.85,NA,-16.125469,NA,NA,NA,849.7657683656818,0
1979-02-01,29.259297621066253,NA,NA,NA,NA,61.886921381485934,NA,NA,NA,NA,NA,NA,NA,NA,NA,NA,NA,NA,NA,NA,0.9877618947261324,97.24396,NA,NA,NA,NA,NA,NA,NA,NA,NA,NA,NA,NA,NA,NA,NA,NA,NA,NA,NA,NA,NA,NA,NA,NA,NA,NA,NA,NA,NA,NA,NA,NA,NA,NA,NA,NA,NA,NA,NA,NA,NA,NA,15.85,NA,-10.675876,NA,NA,NA,600.8624190977521,0
1979-03-01,29.60976477798797,NA,NA,NA,NA,64.83074529884856,NA,NA,NA,NA,NA,NA,NA,NA,NA,NA,NA,NA,NA,NA,0.990930430295851,96.54595,NA,NA,NA,NA,NA,NA,NA,NA,NA,NA,NA,NA,NA,NA,NA,NA,NA,NA,NA,NA,NA,NA,NA,NA,NA,NA,NA,NA,NA,NA,NA,NA,NA,NA,NA,NA,NA,NA,NA,NA,NA,NA,15.85,NA,7.2224242,NA,NA,NA,468.66174532917915,0
1979-04-01,29.70839006821448,NA,NA,NA,NA,61.93247516495899,NA,NA,NA,NA,NA,NA,NA,NA,NA,NA,NA,NA,NA,NA,1.0104358189865046,95.5327,NA,NA,NA,NA,NA,NA,NA,NA,NA,NA,NA,NA,NA,NA,NA,NA,NA,NA,NA,NA,NA,NA,NA,NA,NA,NA,NA,NA,NA,NA,NA,NA,NA,NA,NA,NA,NA,NA,NA,NA,NA,NA,15.85,NA,9.1992795,NA,NA,NA,384.8764108014606,0
1979-05-01,29.714801907087733,NA,NA,NA,NA,63.09870468520271,NA,NA,NA,NA,NA,NA,NA,NA,NA,NA,NA,NA,NA,NA,1.0203847299840847,94.81047,NA,NA,NA,NA,NA,NA,NA,NA,NA,NA,NA,NA,NA,NA,NA,NA,NA,NA,NA,NA,NA,NA,NA,NA,NA,NA,NA,NA,NA,NA,NA,NA,NA,NA,NA,NA,NA,NA,NA,NA,NA,NA,18.1,NA,29.001452,NA,NA,NA,167.22945685585478,0
1979-06-01,30.580540259425312,NA,NA,NA,NA,64.09075022991217,NA,NA,NA,NA,NA,NA,NA,NA,NA,NA,NA,NA,NA,NA,1.0087788783674774,94.57694,NA,NA,NA,NA,NA,NA,NA,NA,NA,NA,NA,NA,NA,NA,NA,NA,NA,NA,NA,NA,NA,NA,NA,NA,NA,NA,NA,NA,NA,NA,NA,NA,NA,NA,NA,NA,NA,NA,NA,NA,NA,NA,19.1,NA,46.284398,NA,NA,NA,24.613269744705995,0
1979-07-01,30.88429494496709,NA,NA,NA,NA,61.36216887987641,NA,NA,NA,NA,NA,NA,NA,NA,NA,NA,NA,NA,NA,NA,0.9737142358814852,95.14046,NA,NA,NA,NA,NA,NA,NA,NA,NA,NA,NA,NA,NA,NA,NA,NA,NA,NA,NA,NA,NA,NA,NA,NA,NA,NA,NA,NA,NA,NA,NA,NA,NA,NA,NA,NA,NA,NA,NA,NA,NA,NA,21.75,NA,54.308682,NA,NA,NA,26.06265507001755,0
1979-08-01,30.93641379976716,NA,NA,NA,NA,63.41297312783329,NA,NA,NA,NA,NA,NA,NA,NA,NA,NA,NA,NA,NA,NA,0.9715267835730323,95.23185,NA,NA,NA,NA,NA,NA,NA,NA,NA,NA,NA,NA,NA,NA,NA,NA,NA,NA,NA,NA,NA,NA,NA,NA,NA,NA,NA,NA,NA,NA,NA,NA,NA,NA,NA,NA,NA,NA,NA,NA,NA,NA,26.5,NA,37.211423,NA,NA,NA,30.012219131164205,0.696042877848467
1979-09-01,31.236023041924287,NA,NA,NA,NA,62.795373288438995,NA,NA,NA,NA,NA,NA,NA,NA,NA,NA,NA,NA,NA,NA,0.942610262857641,96.16576,NA,NA,NA,NA,NA,NA,NA,NA,NA,NA,NA,NA,NA,NA,NA,NA,NA,NA,NA,NA,NA,NA,NA,NA,NA,NA,NA,NA,NA,NA,NA,NA,NA,NA,NA,NA,NA,NA,NA,NA,NA,NA,28.5,NA,43.777832,NA,NA,NA,101.37046518590698,0
1979-10-01,30.65200176954097,NA,NA,NA,NA,63.32954876507742,NA,NA,NA,NA,NA,NA,NA,NA,NA,NA,NA,NA,NA,NA,0.9357136108951112,97.15687,NA,NA,NA,NA,NA,NA,NA,NA,NA,NA,NA,NA,NA,NA,NA,NA,NA,NA,NA,NA,NA,NA,NA,NA,NA,NA,NA,NA,NA,NA,NA,NA,NA,NA,NA,NA,NA,NA,NA,NA,NA,NA,29,NA,43.703191,NA,NA,NA,352.44592138288476,0
1979-11-01,30.510199584896757,NA,NA,NA,NA,63.722445445449175,NA,NA,NA,NA,NA,NA,NA,NA,NA,NA,NA,NA,NA,NA,0.9265277646562936,97.66943,NA,NA,NA,NA,NA,NA,NA,NA,NA,NA,NA,NA,NA,NA,NA,NA,NA,NA,NA,NA,NA,NA,NA,NA,NA,NA,NA,NA,NA,NA,NA,NA,NA,NA,NA,NA,NA,NA,NA,NA,NA,NA,31,NA,49.212174,NA,NA,NA,507.9206398637853,0
1979-12-01,33.01078377971299,NA,NA,NA,NA,62.80478685930121,NA,NA,NA,NA,NA,NA,NA,NA,NA,NA,NA,NA,NA,NA,0.9073857401364795,97.76138,NA,NA,NA,NA,NA,NA,NA,NA,NA,NA,NA,NA,NA,NA,NA,NA,NA,NA,NA,NA,NA,NA,NA,NA,NA,NA,NA,NA,NA,NA,NA,NA,NA,NA,NA,NA,NA,NA,NA,NA,NA,NA,32.5,NA,35.398972,NA,NA,NA,550.4451410145475,0
1980-01-01,31.28963359702778,NA,NA,NA,NA,64.8939130865423,NA,NA,NA,NA,NA,NA,NA,NA,NA,NA,NA,NA,NA,NA,0.8999803783347746,97.94827,NA,NA,NA,NA,NA,NA,NA,NA,NA,NA,NA,NA,NA,NA,NA,NA,NA,NA,NA,NA,NA,NA,NA,NA,NA,NA,NA,NA,NA,NA,NA,NA,NA,NA,NA,NA,NA,NA,NA,NA,NA,NA,32.5,NA,34.775481,NA,NA,NA,708.9,0
1980-02-01,31.11543431905354,NA,NA,NA,NA,63.60463004508781,NA,NA,NA,NA,NA,NA,NA,NA,NA,NA,NA,NA,NA,NA,0.9103798609041954,97.68353,NA,NA,NA,NA,NA,NA,NA,NA,NA,NA,NA,NA,NA,NA,NA,NA,NA,NA,NA,NA,NA,NA,NA,NA,NA,NA,NA,NA,NA,NA,NA,NA,NA,NA,NA,NA,NA,NA,NA,NA,NA,NA,37,NA,40.129393,NA,NA,NA,505.45,0
1980-03-01,32.3176458663504,NA,NA,NA,NA,63.73113489547583,NA,NA,NA,NA,NA,NA,NA,NA,NA,NA,NA,NA,NA,NA,0.9623554719010486,97.04736,NA,NA,NA,NA,NA,NA,NA,NA,NA,NA,NA,NA,NA,NA,NA,NA,NA,NA,NA,NA,NA,NA,NA,NA,NA,NA,NA,NA,NA,NA,NA,NA,NA,NA,NA,NA,NA,NA,NA,NA,NA,NA,38,NA,42.105389,NA,NA,NA,481.63,0
1980-04-01,31.279348282228522,NA,NA,NA,NA,62.57128140025167,NA,NA,NA,NA,NA,NA,NA,NA,NA,NA,NA,NA,NA,NA,0.9743828259558294,96.27452,NA,NA,NA,NA,NA,NA,NA,NA,NA,NA,NA,NA,NA,NA,NA,NA,NA,NA,NA,NA,NA,NA,NA,NA,NA,NA,NA,NA,NA,NA,NA,NA,NA,NA,NA,NA,NA,NA,NA,NA,NA,NA,39.5,NA,60.435767,NA,NA,NA,417.12,0
1980-05-01,31.19774980320014,NA,NA,NA,NA,64.41172384339666,NA,NA,NA,NA,NA,NA,NA,NA,NA,NA,NA,NA,NA,NA,0.9287370188149968,96.63133,NA,NA,NA,NA,NA,NA,NA,NA,NA,NA,NA,NA,NA,NA,NA,NA,NA,NA,NA,NA,NA,NA,NA,NA,NA,NA,NA,NA,NA,NA,NA,NA,NA,NA,NA,NA,NA,NA,NA,NA,NA,NA,39.5,NA,63.591419,NA,NA,NA,278.7,0
1980-06-01,31.573312139259464,NA,NA,NA,NA,62.71060412984567,NA,NA,NA,NA,NA,NA,NA,NA,NA,NA,NA,NA,NA,NA,0.9143914013502612,97.43689,NA,NA,NA,NA,NA,NA,NA,NA,NA,NA,NA,NA,NA,NA,NA,NA,NA,NA,NA,NA,NA,NA,NA,NA,NA,NA,NA,NA,NA,NA,NA,NA,NA,NA,NA,NA,NA,NA,NA,NA,NA,NA,39.5,NA,56.829845,NA,NA,NA,129.62,0.37
1980-07-01,30.568837417265907,NA,NA,NA,NA,63.22810601893294,NA,NA,NA,NA,NA,NA,NA,NA,NA,NA,NA,NA,NA,NA,0.9012303510824616,97.76017,NA,NA,NA,NA,NA,NA,NA,NA,NA,NA,NA,NA,NA,NA,NA,NA,NA,NA,NA,NA,NA,NA,NA,NA,NA,NA,NA,NA,NA,NA,NA,NA,NA,NA,NA,NA,NA,NA,NA,NA,NA,NA,39.5,NA,44.715652,NA,NA,NA,100.88,0
1980-08-01,31.417886857369126,NA,NA,NA,NA,63.16656515207752,NA,NA,NA,NA,NA,NA,NA,NA,NA,NA,NA,NA,NA,NA,0.9220656526383872,97.79073,NA,NA,NA,NA,NA,NA,NA,NA,NA,NA,NA,NA,NA,NA,NA,NA,NA,NA,NA,NA,NA,NA,NA,NA,NA,NA,NA,NA,NA,NA,NA,NA,NA,NA,NA,NA,NA,NA,NA,NA,NA,NA,38,NA,53.468007,NA,NA,NA,57.73,1.07
1980-09-01,30.45507260517543,NA,NA,NA,NA,63.407340031982685,NA,NA,NA,NA,NA,NA,NA,NA,NA,NA,NA,NA,NA,NA,0.92040871201936,96.98754,NA,NA,NA,NA,NA,NA,NA,NA,NA,NA,NA,NA,NA,NA,NA,NA,NA,NA,NA,NA,NA,NA,NA,NA,NA,NA,NA,NA,NA,NA,NA,NA,NA,NA,NA,NA,NA,NA,NA,NA,NA,NA,36,NA,54.716271,NA,NA,NA,130.46,0
1980-10-01,30.98673602105261,NA,NA,NA,NA,64.72083880267812,NA,NA,NA,NA,NA,NA,NA,NA,NA,NA,NA,NA,NA,NA,0.946483724918788,96.10696,NA,NA,NA,NA,NA,NA,NA,NA,NA,NA,NA,NA,NA,NA,NA,NA,NA,NA,NA,NA,NA,NA,NA,NA,NA,NA,NA,NA,NA,NA,NA,NA,NA,NA,NA,NA,NA,NA,NA,NA,NA,NA,36,NA,54.600225,NA,NA,NA,339.55,0
1980-11-01,31.294800978741822,NA,NA,NA,NA,63.69983782871317,NA,NA,NA,NA,NA,NA,NA,NA,NA,NA,NA,NA,NA,NA,0.9888519872386502,94.66722,NA,NA,NA,NA,NA,NA,NA,NA,NA,NA,NA,NA,NA,NA,NA,NA,NA,NA,NA,NA,NA,NA,NA,NA,NA,NA,NA,NA,NA,NA,NA,NA,NA,NA,NA,NA,NA,NA,NA,NA,NA,NA,36,NA,64.425044,NA,NA,NA,518.51,0
1980-12-01,31.84169457230252,NA,NA,NA,NA,63.55800418661148,NA,NA,NA,NA,NA,NA,NA,NA,NA,NA,NA,NA,NA,NA,1.0156609957631737,94.64385,NA,NA,NA,NA,NA,NA,NA,NA,NA,NA,NA,NA,NA,NA,NA,NA,NA,NA,NA,NA,NA,NA,NA,NA,NA,NA,NA,NA,NA,NA,NA,NA,NA,NA,NA,NA,NA,NA,NA,NA,NA,NA,37,NA,68.06207,NA,NA,NA,652.42,0
1981-01-01,30.410066111490554,NA,NA,NA,NA,64.72839034853462,NA,NA,NA,NA,NA,NA,NA,NA,NA,NA,NA,NA,NA,NA,1.0340544900910589,94.65246,NA,NA,NA,NA,NA,NA,NA,NA,NA,NA,NA,NA,NA,NA,NA,NA,NA,NA,NA,NA,NA,NA,NA,NA,NA,NA,NA,NA,NA,NA,NA,NA,NA,NA,NA,NA,NA,NA,NA,NA,NA,NA,38,NA,63.752515,NA,NA,NA,718.91,0
1981-02-01,31.092778605605503,NA,NA,NA,NA,64.3146540347656,NA,NA,NA,NA,NA,NA,NA,NA,NA,NA,NA,NA,NA,NA,1.1069090063443383,93.52516,NA,NA,NA,NA,NA,NA,NA,NA,NA,NA,NA,NA,NA,NA,NA,NA,NA,NA,NA,NA,NA,NA,NA,NA,NA,NA,NA,NA,NA,NA,NA,NA,NA,NA,NA,NA,NA,NA,NA,NA,NA,NA,38,NA,61.562623,NA,NA,NA,570.33,0
1981-03-01,31.123082373647858,NA,NA,NA,NA,63.43125482788937,NA,NA,NA,NA,NA,NA,NA,NA,NA,NA,NA,NA,NA,NA,1.083014178469946,94.75838,NA,NA,NA,NA,NA,NA,NA,NA,NA,NA,NA,NA,NA,NA,NA,NA,NA,NA,NA,NA,NA,NA,NA,NA,NA,NA,NA,NA,NA,NA,NA,NA,NA,NA,NA,NA,NA,NA,NA,NA,NA,NA,38,NA,50.039089,NA,NA,NA,392.48,0
1981-04-01,30.938309330539454,NA,NA,NA,NA,64.84637502389648,NA,NA,NA,NA,NA,NA,NA,NA,NA,NA,NA,NA,NA,NA,1.1077592785041024,94.9465,NA,NA,NA,NA,NA,NA,NA,NA,NA,NA,NA,NA,NA,NA,NA,NA,NA,NA,NA,NA,NA,NA,NA,NA,NA,NA,NA,NA,NA,NA,NA,NA,NA,NA,NA,NA,NA,NA,NA,NA,NA,NA,38,NA,45.687338,NA,NA,NA,316.76,0
1981-05-01,30.81667394502487,NA,NA,NA,NA,63.66321800360085,NA,NA,NA,NA,NA,NA,NA,NA,NA,NA,NA,NA,NA,NA,1.1771327660007411,93.40288,NA,NA,NA,NA,NA,NA,NA,NA,NA,NA,NA,NA,NA,NA,NA,NA,NA,NA,NA,NA,NA,NA,NA,NA,NA,NA,NA,NA,NA,NA,NA,NA,NA,NA,NA,NA,NA,NA,NA,NA,NA,NA,38,NA,35.617106,NA,NA,NA,194.66,0
1981-06-01,30.432054268449217,NA,NA,NA,NA,64.39110991000011,NA,NA,NA,NA,NA,NA,NA,NA,NA,NA,NA,NA,NA,NA,1.2182437882894994,93.2412,NA,NA,NA,NA,NA,NA,NA,NA,NA,NA,NA,NA,NA,NA,NA,NA,NA,NA,NA,NA,NA,NA,NA,NA,NA,NA,NA,NA,NA,NA,NA,NA,NA,NA,NA,NA,NA,NA,NA,NA,NA,NA,36,NA,40.871405,NA,NA,NA,100.29,1.13
1981-07-01,30.47483557383618,NA,NA,NA,NA,64.85538421559079,NA,NA,NA,NA,NA,NA,NA,NA,NA,NA,NA,NA,NA,NA,1.2481559268329905,93.2263,NA,NA,NA,NA,NA,NA,NA,NA,NA,NA,NA,NA,NA,NA,NA,NA,NA,NA,NA,NA,NA,NA,NA,NA,NA,NA,NA,NA,NA,NA,NA,NA,NA,NA,NA,NA,NA,NA,NA,NA,NA,NA,36,NA,32.521055,NA,NA,NA,82.39,0.21
1981-08-01,30.570930742553575,NA,NA,NA,NA,64.62643977738857,NA,NA,NA,NA,NA,NA,NA,NA,NA,NA,NA,NA,NA,NA,1.2757861383836109,93.46536,NA,NA,NA,NA,NA,NA,NA,NA,NA,NA,NA,NA,NA,NA,NA,NA,NA,NA,NA,NA,NA,NA,NA,NA,NA,NA,NA,NA,NA,NA,NA,NA,NA,NA,NA,NA,NA,NA,NA,NA,NA,NA,36,NA,14.926407,NA,NA,NA,74.11,2.74
1981-09-01,30.660647038150277,NA,NA,NA,NA,64.00843555882638,NA,NA,NA,NA,NA,NA,NA,NA,NA,NA,NA,NA,NA,NA,1.2046176318830255,93.87089,NA,NA,NA,NA,NA,NA,NA,NA,NA,NA,NA,NA,NA,NA,NA,NA,NA,NA,NA,NA,NA,NA,NA,NA,NA,NA,NA,NA,NA,NA,NA,NA,NA,NA,NA,NA,NA,NA,NA,NA,NA,NA,36,NA,12.851064,NA,NA,NA,130.18,0
1981-10-01,30.843813000821303,NA,NA,NA,NA,64.52952043542463,NA,NA,NA,NA,NA,NA,NA,NA,NA,NA,NA,NA,NA,NA,1.14538927203622,95.6504,NA,NA,NA,NA,NA,NA,NA,NA,NA,NA,NA,NA,NA,NA,NA,NA,NA,NA,NA,NA,NA,NA,NA,NA,NA,NA,NA,NA,NA,NA,NA,NA,NA,NA,NA,NA,NA,NA,NA,NA,NA,NA,35,NA,15.382812,NA,NA,NA,307.18,0
1981-11-01,30.757673489377545,NA,NA,NA,NA,65.06622563290415,NA,NA,NA,NA,NA,NA,NA,NA,NA,NA,NA,NA,NA,NA,1.1348226419482133,94.33104,NA,NA,NA,NA,NA,NA,NA,NA,NA,NA,NA,NA,NA,NA,NA,NA,NA,NA,NA,NA,NA,NA,NA,NA,NA,NA,NA,NA,NA,NA,NA,NA,NA,NA,NA,NA,NA,NA,NA,NA,NA,NA,36,NA,14.413873,NA,NA,NA,469.66,0
1981-12-01,30.847224956211438,NA,NA,NA,NA,64.79697493624498,NA,NA,NA,NA,NA,NA,NA,NA,NA,NA,NA,NA,NA,NA,1.150549043262138,94.29286,NA,NA,NA,NA,NA,NA,NA,NA,NA,NA,NA,NA,NA,NA,NA,NA,NA,NA,NA,NA,NA,NA,NA,NA,NA,NA,NA,NA,NA,NA,NA,NA,NA,NA,NA,NA,NA,NA,NA,NA,NA,NA,35,NA,7.4681555,NA,NA,NA,662.64,0
1982-01-01,31.878978838449815,NA,NA,NA,NA,64.77502561117764,NA,NA,NA,NA,NA,NA,NA,NA,NA,NA,NA,NA,NA,NA,1.1682739475156791,94.60639,NA,NA,NA,NA,NA,NA,NA,NA,NA,NA,NA,NA,NA,NA,NA,NA,NA,NA,NA,NA,NA,NA,NA,NA,NA,NA,NA,NA,NA,NA,NA,NA,NA,NA,NA,NA,NA,NA,NA,NA,NA,NA,33.85,NA,2.8908477,NA,NA,NA,685.62,0
1982-02-01,31.217924843767907,NA,NA,NA,NA,65.80348408933213,NA,NA,NA,NA,NA,NA,NA,NA,NA,NA,NA,NA,NA,NA,1.2063472453362207,94.41131,NA,NA,NA,NA,NA,NA,NA,NA,NA,NA,NA,NA,NA,NA,NA,NA,NA,NA,NA,NA,NA,NA,NA,NA,NA,NA,NA,NA,NA,NA,NA,NA,NA,NA,NA,NA,NA,NA,NA,NA,NA,NA,31.56,NA,-6.4517642,NA,NA,NA,577.31,0
1982-03-01,30.78204342195879,NA,NA,NA,NA,65.47978326750594,NA,NA,NA,NA,NA,NA,NA,NA,NA,NA,NA,NA,NA,NA,1.2139924274906797,95.38399,NA,NA,NA,NA,NA,NA,NA,NA,NA,NA,NA,NA,NA,NA,NA,NA,NA,NA,NA,NA,NA,NA,NA,NA,NA,NA,NA,NA,NA,NA,NA,NA,NA,NA,NA,NA,NA,NA,NA,NA,NA,NA,28.48,NA,2.7724255,NA,NA,NA,481.38,0
1982-04-01,30.632255283756503,NA,NA,NA,NA,65.6870605056417,NA,NA,NA,NA,NA,NA,NA,NA,NA,NA,NA,NA,NA,NA,1.2242320298249312,95.70233,NA,NA,NA,NA,NA,NA,NA,NA,NA,NA,NA,NA,NA,NA,NA,NA,NA,NA,NA,NA,NA,NA,NA,NA,NA,NA,NA,NA,NA,NA,NA,NA,NA,NA,NA,NA,NA,NA,NA,NA,NA,NA,33.45,NA,10.717287,NA,NA,NA,393.82,0
1982-05-01,31.08130652371403,NA,NA,NA,NA,63.253976881512294,NA,NA,NA,NA,NA,NA,NA,NA,NA,NA,NA,NA,NA,NA,1.1804757163724628,95.68299,NA,NA,NA,NA,NA,NA,NA,NA,NA,NA,NA,NA,NA,NA,NA,NA,NA,NA,NA,NA,NA,NA,NA,NA,NA,NA,NA,NA,NA,NA,NA,NA,NA,NA,NA,NA,NA,NA,NA,NA,NA,NA,35.93,NA,7.5690969,NA,NA,NA,194.36,0
1982-06-01,30.639565439387063,NA,NA,NA,NA,65.13545910811649,NA,NA,NA,NA,NA,NA,NA,NA,NA,NA,NA,NA,NA,NA,1.2443406030391777,95.0824,NA,NA,NA,NA,NA,NA,NA,NA,NA,NA,NA,NA,NA,NA,NA,NA,NA,NA,NA,NA,NA,NA,NA,NA,NA,NA,NA,NA,NA,NA,NA,NA,NA,NA,NA,NA,NA,NA,NA,NA,NA,NA,35.07,NA,-16.774805,NA,NA,NA,82.35,0.04
1982-07-01,30.81039396916186,NA,NA,NA,NA,66.77483106314477,NA,NA,NA,NA,NA,NA,NA,NA,NA,NA,NA,NA,NA,NA,1.260394032106858,95.31832,NA,NA,NA,NA,NA,NA,NA,NA,NA,NA,NA,NA,NA,NA,NA,NA,NA,NA,NA,NA,NA,NA,NA,NA,NA,NA,NA,NA,NA,NA,NA,NA,NA,NA,NA,NA,NA,NA,NA,NA,NA,NA,34.16,NA,-41.075426,NA,NA,NA,35,1.01
1982-08-01,30.193324529835426,NA,NA,NA,NA,64.91449880743876,NA,NA,NA,NA,NA,NA,NA,NA,NA,NA,NA,NA,NA,NA,1.2669636563156328,95.27844,NA,NA,NA,NA,NA,NA,NA,NA,NA,NA,NA,NA,NA,NA,NA,NA,NA,NA,NA,NA,NA,NA,NA,NA,NA,NA,NA,NA,NA,NA,NA,NA,NA,NA,NA,NA,NA,NA,NA,NA,NA,NA,33.95,NA,-43.421641,NA,NA,NA,60.56,0.53
1982-09-01,30.173289593716046,NA,NA,NA,NA,63.0201516807951,NA,NA,NA,NA,NA,NA,NA,NA,NA,NA,NA,NA,NA,NA,1.2790854850548317,94.96907,NA,NA,NA,NA,NA,NA,NA,NA,NA,NA,NA,NA,NA,NA,NA,NA,NA,NA,NA,NA,NA,NA,NA,NA,NA,NA,NA,NA,NA,NA,NA,NA,NA,NA,NA,NA,NA,NA,NA,NA,NA,NA,35.63,NA,-27.618371,NA,NA,NA,69.6,0.1
1982-10-01,30.18240462429936,NA,NA,NA,NA,65.00643394105408,NA,NA,NA,NA,NA,NA,NA,NA,NA,NA,NA,NA,NA,NA,1.2918904384352086,95.33859,NA,NA,NA,NA,NA,NA,NA,NA,NA,NA,NA,NA,NA,NA,NA,NA,NA,NA,NA,NA,NA,NA,NA,NA,NA,NA,NA,NA,NA,NA,NA,NA,NA,NA,NA,NA,NA,NA,NA,NA,NA,NA,35.68,NA,-27.052983,NA,NA,NA,296.52,0
1982-11-01,30.000433670158703,NA,NA,NA,NA,64.83249447385391,NA,NA,NA,NA,NA,NA,NA,NA,NA,NA,NA,NA,NA,NA,1.3036125665864842,95.27123,NA,NA,NA,NA,NA,NA,NA,NA,NA,NA,NA,NA,NA,NA,NA,NA,NA,NA,NA,NA,NA,NA,NA,NA,NA,NA,NA,NA,NA,NA,NA,NA,NA,NA,NA,NA,NA,NA,NA,NA,NA,NA,34.15,NA,-24.460394,NA,NA,NA,433.03,0
1982-12-01,29.36734287508727,NA,NA,NA,NA,65.29444595027081,NA,NA,NA,NA,NA,NA,NA,NA,NA,NA,NA,NA,NA,NA,1.2371387251731427,95.77975,NA,NA,NA,NA,NA,NA,NA,NA,NA,NA,NA,NA,NA,NA,NA,NA,NA,NA,NA,NA,NA,NA,NA,NA,NA,NA,NA,NA,NA,NA,NA,NA,NA,NA,NA,NA,NA,NA,NA,NA,NA,NA,31.72,NA,-19.710052,NA,NA,NA,563.98,0
1983-01-01,29.74519633094963,NA,NA,NA,NA,66.02173599000155,NA,NA,NA,NA,NA,NA,NA,NA,NA,NA,NA,NA,NA,NA,1.2203004294964497,96.01749,NA,NA,NA,NA,NA,NA,NA,NA,NA,NA,NA,NA,NA,NA,NA,NA,NA,NA,NA,NA,NA,NA,NA,NA,NA,NA,NA,NA,NA,NA,NA,NA,NA,NA,NA,NA,NA,NA,NA,NA,NA,NA,31.19,NA,-17.681555,NA,NA,NA,529.18,0
1983-02-01,30.19343166853125,NA,NA,NA,NA,65.68232080562717,NA,NA,NA,NA,NA,NA,NA,NA,NA,NA,NA,NA,NA,NA,1.239231702797177,96.26604,NA,NA,NA,NA,NA,NA,NA,NA,NA,NA,NA,NA,NA,NA,NA,NA,NA,NA,NA,NA,NA,NA,NA,NA,NA,NA,NA,NA,NA,NA,NA,NA,NA,NA,NA,NA,NA,NA,NA,NA,NA,NA,28.95,NA,-12.807882,NA,NA,NA,621.51,0
1983-03-01,29.830997943429633,NA,NA,NA,NA,69.02574657421543,NA,NA,NA,NA,NA,NA,NA,NA,NA,NA,NA,NA,NA,NA,1.23065630836537,97.22549,NA,NA,NA,NA,NA,NA,NA,NA,NA,NA,NA,NA,NA,NA,NA,NA,NA,NA,NA,NA,NA,NA,NA,NA,NA,NA,NA,NA,NA,NA,NA,NA,NA,NA,NA,NA,NA,NA,NA,NA,NA,NA,28.82,NA,-9.9195093,NA,NA,NA,443.52,0
1983-04-01,30.96878616878276,NA,NA,NA,NA,67.17535452270658,NA,NA,NA,NA,NA,NA,NA,NA,NA,NA,NA,NA,NA,NA,1.2462809677114597,96.53051,NA,NA,NA,NA,NA,NA,NA,NA,NA,NA,NA,NA,NA,NA,NA,NA,NA,NA,NA,NA,NA,NA,NA,NA,NA,NA,NA,NA,NA,NA,NA,NA,NA,NA,NA,NA,NA,NA,NA,NA,NA,NA,30.61,NA,-7.2322072,NA,NA,NA,294.39,0
1983-05-01,30.843400928914278,NA,NA,NA,NA,67.90046279576397,NA,NA,NA,NA,NA,NA,NA,NA,NA,NA,NA,NA,NA,NA,1.262872175751982,95.35383,NA,NA,NA,NA,NA,NA,NA,NA,NA,NA,NA,NA,NA,NA,NA,NA,NA,NA,NA,NA,NA,NA,NA,NA,NA,NA,NA,NA,NA,NA,NA,NA,NA,NA,NA,NA,NA,NA,NA,NA,NA,NA,30,NA,-7.4394915,NA,NA,NA,199.85,0.07
1983-06-01,30.843400928914278,NA,NA,NA,NA,67.55923260721735,NA,NA,NA,NA,NA,NA,NA,NA,NA,NA,NA,NA,NA,NA,1.3050587559864246,94.95138,NA,NA,NA,NA,NA,NA,NA,NA,NA,NA,NA,NA,NA,NA,NA,NA,NA,NA,NA,NA,NA,NA,NA,NA,NA,NA,NA,NA,NA,NA,NA,NA,NA,NA,NA,NA,NA,NA,NA,NA,NA,NA,31,NA,-22.377964,NA,NA,NA,94.62,0
1983-07-01,32.23565179829127,NA,NA,NA,NA,67.54024559465911,NA,NA,NA,NA,NA,NA,NA,NA,NA,NA,NA,NA,NA,NA,1.32243483063596,95.01661,NA,NA,NA,NA,NA,NA,NA,NA,NA,NA,NA,NA,NA,NA,NA,NA,NA,NA,NA,NA,NA,NA,NA,NA,NA,NA,NA,NA,NA,NA,NA,NA,NA,NA,NA,NA,NA,NA,NA,NA,NA,NA,31.66,NA,-33.634472,NA,NA,NA,18.9,11.98
1983-08-01,30.880767609442984,NA,NA,NA,NA,67.04989353482178,NA,NA,NA,NA,NA,NA,NA,NA,NA,NA,NA,NA,NA,NA,1.3678044810069547,94.71732,NA,NA,NA,NA,NA,NA,NA,NA,NA,NA,NA,NA,NA,NA,NA,NA,NA,NA,NA,NA,NA,NA,NA,NA,NA,NA,NA,NA,NA,NA,NA,NA,NA,NA,NA,NA,NA,NA,NA,NA,NA,NA,31.91,NA,-34.679771,NA,NA,NA,59.06,2.28
1983-09-01,31.148515451749223,NA,NA,NA,NA,68.74775000252943,NA,NA,NA,NA,NA,NA,NA,NA,NA,NA,NA,NA,NA,NA,1.362971737534792,94.71468,NA,NA,NA,NA,NA,NA,NA,NA,NA,NA,NA,NA,NA,NA,NA,NA,NA,NA,NA,NA,NA,NA,NA,NA,NA,NA,NA,NA,NA,NA,NA,NA,NA,NA,NA,NA,NA,NA,NA,NA,NA,NA,31.11,NA,-31.663925,NA,NA,NA,139.36,0
1983-10-01,31.62707928168762,NA,NA,NA,NA,68.50184985177522,NA,NA,NA,NA,NA,NA,NA,NA,NA,NA,NA,NA,NA,NA,1.329702114052746,95.3976,NA,NA,NA,NA,NA,NA,NA,NA,NA,NA,NA,NA,NA,NA,NA,NA,NA,NA,NA,NA,NA,NA,NA,NA,NA,NA,NA,NA,NA,NA,NA,NA,NA,NA,NA,NA,NA,NA,NA,NA,NA,NA,30.41,NA,-28.696908,NA,NA,NA,300.19,0
1983-11-01,31.310550367028185,NA,NA,NA,NA,69.44233235049319,NA,NA,NA,NA,NA,NA,NA,NA,NA,NA,NA,NA,NA,NA,1.3735311003393822,94.58149,NA,NA,NA,NA,NA,NA,NA,NA,NA,NA,NA,NA,NA,NA,NA,NA,NA,NA,NA,NA,NA,NA,NA,NA,NA,NA,NA,NA,NA,NA,NA,NA,NA,NA,NA,NA,NA,NA,NA,NA,NA,NA,29.84,NA,-21.321197,NA,NA,NA,508.76,0
1983-12-01,30.334475640866543,NA,NA,NA,NA,76.47236073872233,NA,NA,NA,NA,NA,NA,NA,NA,NA,NA,NA,NA,NA,NA,1.408573940975124,94.24021,NA,NA,NA,NA,NA,NA,NA,NA,NA,NA,NA,NA,NA,NA,NA,NA,NA,NA,NA,NA,NA,NA,NA,NA,NA,NA,NA,NA,NA,NA,NA,NA,NA,NA,NA,NA,NA,NA,NA,NA,NA,NA,29.24,NA,-31.645389,NA,NA,NA,619.88,0
1984-01-01,31.91161493348591,NA,NA,NA,NA,63.180897102121484,NA,NA,NA,NA,NA,NA,NA,NA,NA,NA,NA,NA,NA,NA,1.436247756226245,95.98176,NA,NA,NA,NA,NA,NA,NA,NA,NA,NA,NA,NA,NA,NA,NA,NA,NA,NA,NA,NA,NA,NA,NA,NA,NA,NA,NA,NA,NA,NA,NA,NA,NA,NA,NA,NA,NA,NA,NA,NA,NA,NA,29.69,NA,-29.781145,NA,NA,NA,633.46,0
1984-02-01,31.656979219261093,NA,NA,NA,NA,65.77844079342199,NA,NA,NA,NA,NA,NA,NA,NA,NA,NA,NA,NA,NA,NA,1.3858346111640008,96.66877,NA,NA,NA,NA,NA,NA,NA,NA,NA,NA,NA,NA,NA,NA,NA,NA,NA,NA,NA,NA,NA,NA,NA,NA,NA,NA,NA,NA,NA,NA,NA,NA,NA,NA,NA,NA,NA,NA,NA,NA,NA,NA,30.145,NA,-23.152266,NA,NA,NA,600.46,0
1984-03-01,31.67416261778389,NA,NA,NA,NA,68.65929441059146,NA,NA,NA,NA,NA,NA,NA,NA,NA,NA,NA,NA,NA,NA,1.3286556252407289,97.48632,NA,NA,NA,NA,NA,NA,NA,NA,NA,NA,NA,NA,NA,NA,NA,NA,NA,NA,NA,NA,NA,NA,NA,NA,NA,NA,NA,NA,NA,NA,NA,NA,NA,NA,NA,NA,NA,NA,NA,NA,NA,NA,30.761,NA,-18.905335,NA,NA,NA,530.86,0
1984-04-01,31.819467413637778,NA,NA,NA,NA,65.83771525610379,NA,NA,NA,NA,NA,NA,NA,NA,NA,NA,NA,NA,NA,NA,1.350748166827758,96.92789,NA,NA,NA,NA,NA,NA,NA,NA,NA,NA,NA,NA,NA,NA,NA,NA,NA,NA,NA,NA,NA,NA,NA,NA,NA,NA,NA,NA,NA,NA,NA,NA,NA,NA,NA,NA,NA,NA,NA,NA,NA,NA,30.618,NA,-14.935474,NA,NA,NA,381.15,0
1984-05-01,32.08666307958861,NA,NA,NA,NA,67.01309503054223,NA,NA,NA,NA,NA,NA,NA,NA,NA,NA,NA,NA,NA,NA,1.405419939972239,95.99863,NA,NA,NA,NA,NA,NA,NA,NA,NA,NA,NA,NA,NA,NA,NA,NA,NA,NA,NA,NA,NA,NA,NA,NA,NA,NA,NA,NA,NA,NA,NA,NA,NA,NA,NA,NA,NA,NA,NA,NA,NA,NA,30.52,NA,-15.571924,NA,NA,NA,247.95,0
1984-06-01,32.08766853504174,NA,NA,NA,NA,67.56285321139512,NA,NA,NA,NA,NA,NA,NA,NA,NA,NA,NA,NA,NA,NA,1.3964448449525082,97.09647,NA,NA,NA,NA,NA,NA,NA,NA,NA,NA,NA,NA,NA,NA,NA,NA,NA,NA,NA,NA,NA,NA,NA,NA,NA,NA,NA,NA,NA,NA,NA,NA,NA,NA,NA,NA,NA,NA,NA,NA,NA,NA,29.967,NA,-24.426623,NA,NA,NA,126.36,0
1984-07-01,32.1379907563272,NA,NA,NA,NA,66.87917029263147,NA,NA,NA,NA,NA,NA,NA,NA,NA,NA,NA,NA,NA,NA,1.4518215445884173,96.64089,NA,NA,NA,NA,NA,NA,NA,NA,NA,NA,NA,NA,NA,NA,NA,NA,NA,NA,NA,NA,NA,NA,NA,NA,NA,NA,NA,NA,NA,NA,NA,NA,NA,NA,NA,NA,NA,NA,NA,NA,NA,NA,28.752,NA,-29.317473,NA,NA,NA,92.22,3.07
1984-08-01,32.469304811010566,NA,NA,NA,NA,67.56352090723051,NA,NA,NA,NA,NA,NA,NA,NA,NA,NA,NA,NA,NA,NA,1.4739504225925306,97.05234,NA,NA,NA,NA,NA,NA,NA,NA,NA,NA,NA,NA,NA,NA,NA,NA,NA,NA,NA,NA,NA,NA,NA,NA,NA,NA,NA,NA,NA,NA,NA,NA,NA,NA,NA,NA,NA,NA,NA,NA,NA,NA,29.25,NA,-28.47042,NA,NA,NA,69.24,0.28
1984-09-01,34.074868823776264,NA,NA,NA,NA,67.65863464918891,NA,NA,NA,NA,NA,NA,NA,NA,NA,NA,NA,NA,NA,NA,1.5436000668590075,95.96033,NA,NA,NA,NA,NA,NA,NA,NA,NA,NA,NA,NA,NA,NA,NA,NA,NA,NA,NA,NA,NA,NA,NA,NA,NA,NA,NA,NA,NA,NA,NA,NA,NA,NA,NA,NA,NA,NA,NA,NA,NA,NA,29.311,NA,-25.328418,NA,NA,NA,184.48,0
1984-10-01,32.98282058010252,NA,NA,NA,NA,67.26358441464387,NA,NA,NA,NA,NA,NA,NA,NA,NA,NA,NA,NA,NA,NA,1.5666518898570525,95.51436,NA,NA,NA,NA,NA,NA,NA,NA,NA,NA,NA,NA,NA,NA,NA,NA,NA,NA,NA,NA,NA,NA,NA,NA,NA,NA,NA,NA,NA,NA,NA,NA,NA,NA,NA,NA,NA,NA,NA,NA,NA,NA,28.765,NA,-24.058361,NA,NA,NA,278.56,0
1984-11-01,31.920367340791042,NA,NA,NA,NA,67.00261878884344,NA,NA,NA,NA,NA,NA,NA,NA,NA,NA,NA,NA,NA,NA,1.526289397760223,95.98959,NA,NA,NA,NA,NA,NA,NA,NA,NA,NA,NA,NA,NA,NA,NA,NA,NA,NA,NA,NA,NA,NA,NA,NA,NA,NA,NA,NA,NA,NA,NA,NA,NA,NA,NA,NA,NA,NA,NA,NA,NA,NA,28.098,NA,-16.514834,NA,NA,NA,429.73,0
1984-12-01,34.1755791978523,NA,NA,NA,NA,67.72287451188593,NA,NA,NA,NA,NA,NA,NA,NA,NA,NA,NA,NA,NA,NA,1.581666097396132,95.53738,NA,NA,NA,NA,NA,NA,NA,NA,NA,NA,NA,NA,NA,NA,NA,NA,NA,NA,NA,NA,NA,NA,NA,NA,NA,NA,NA,NA,NA,NA,NA,NA,NA,NA,NA,NA,NA,NA,NA,NA,NA,NA,25.429,NA,-19.674552,NA,NA,NA,596.93,0
1985-01-01,33.84797379033213,-5.8,NA,NA,NA,68.4765150266975,NA,NA,NA,NA,NA,NA,NA,NA,NA,NA,NA,NA,NA,NA,1.6165054540962045,95.7326,NA,NA,NA,NA,NA,NA,NA,NA,NA,NA,NA,NA,9.9,-15.8,-19.1,10.8,9.3,10.4,NA,NA,NA,NA,NA,NA,NA,NA,NA,NA,NA,NA,NA,31.6,21.5,3.7,0,27.1,NA,NA,NA,-16.7,97.3,NA,25.641,102.17337799072266,-23.231647,NA,NA,18,799.68,0
1985-02-01,33.37477513662315,-6,NA,NA,NA,67.05714414734402,NA,NA,NA,NA,NA,NA,NA,NA,NA,NA,NA,NA,NA,NA,1.6769837866906971,95.71192,NA,NA,NA,NA,NA,NA,NA,NA,NA,NA,NA,NA,11.4,-15.2,-18.2,11.2,8.3,10.5,NA,NA,NA,NA,NA,NA,NA,NA,NA,NA,NA,NA,NA,30.7,19.1,4.7,0,23.2,NA,NA,NA,-16.5,96.8,NA,27.271,117.10202026367188,-27.563124,NA,NA,23.1,603.93,0
1985-03-01,33.752661558238074,-5.7,NA,NA,NA,68.22796290093515,NA,NA,NA,NA,NA,NA,NA,NA,NA,NA,NA,NA,NA,NA,1.6927537917051223,95.09762,NA,NA,NA,NA,NA,NA,NA,NA,NA,NA,NA,NA,11.4,-14.8,-18.4,10.6,8.3,10.2,NA,NA,NA,NA,NA,NA,NA,NA,NA,NA,NA,NA,NA,28.7,17.5,5.3,0,19.9,NA,NA,NA,-17.2,97.3,NA,28.238,124.77815246582031,-25.834789,NA,NA,28.2,511.65,0
1985-04-01,33.19858143061893,-6.2,NA,NA,NA,67.78340913290494,NA,NA,NA,NA,NA,NA,NA,NA,NA,NA,NA,NA,NA,NA,1.5739409751240887,96.00496,NA,NA,NA,NA,NA,NA,NA,NA,NA,NA,NA,NA,9.5,-13.2,-15.3,13.9,8.4,10.3,NA,NA,NA,NA,NA,NA,NA,NA,NA,NA,NA,NA,NA,27.2,14.8,5,0,17.3,NA,NA,NA,-11.1,95.4,NA,28.805,87.92900085449219,-20.853376,NA,NA,33.3,344.76,0
1985-05-01,33.20670748862539,-6,NA,NA,NA,68.41474845984138,NA,NA,NA,NA,NA,NA,NA,NA,NA,NA,NA,NA,NA,NA,1.590735667100281,95.29958,NA,NA,NA,NA,NA,NA,NA,NA,NA,NA,NA,NA,8.6,-12.8,-14.4,14.1,8.9,10.2,NA,NA,NA,NA,NA,NA,NA,NA,NA,NA,NA,NA,NA,27.5,17.8,5.5,0,15.3,NA,NA,NA,-13.4,95.5,NA,27.623,103.26284790039063,-24.877596,NA,NA,32.9,175,0
1985-06-01,34.835248630926614,-6.1,NA,NA,NA,67.92750917918026,NA,NA,NA,NA,NA,NA,NA,NA,NA,NA,NA,NA,NA,NA,1.565314709708364,95.72398,NA,NA,NA,NA,NA,NA,NA,NA,NA,NA,NA,NA,7.9,-12.7,-14.5,14.9,9.2,10.6,NA,NA,NA,NA,NA,NA,NA,NA,NA,NA,NA,NA,NA,29.1,17.4,6,-0.1,13.6,NA,NA,NA,-12,95.2,NA,27.143,148.78282165527344,-34.383721,NA,NA,32.6,150.2,0
1985-07-01,33.89434836274832,-7.1,NA,NA,NA,68.48857116840115,NA,NA,NA,NA,NA,NA,NA,NA,NA,NA,NA,NA,NA,NA,1.4876710536834226,96.42545,NA,NA,NA,NA,NA,NA,NA,NA,NA,NA,NA,NA,10.2,-12.6,-19.7,14.6,6,9.9,NA,NA,NA,NA,NA,NA,NA,NA,NA,NA,NA,NA,NA,31.3,14.2,6.2,-0.1,12,NA,NA,NA,-10.3,94.1,NA,27.329,133.90542602539063,-50.130129,NA,NA,32.3,42.98,1.87
1985-08-01,34.48665228046277,-7.5,NA,NA,NA,69.29149892086389,NA,NA,NA,NA,NA,NA,NA,NA,NA,NA,NA,NA,NA,NA,1.424867190395558,97.46226,NA,NA,NA,NA,NA,NA,NA,NA,NA,NA,NA,NA,10.8,-12.2,-18.7,15.8,5.6,9.1,NA,NA,NA,NA,NA,NA,NA,NA,NA,NA,NA,NA,NA,38.2,14.3,8.5,0,11.1,NA,NA,NA,-11.7,93.2,NA,27.755,82.78410339355469,-57.590999,NA,NA,25.9,68.84,1.68
1985-09-01,34.77581137905784,-7.3,NA,NA,NA,68.51699996432168,NA,NA,NA,NA,NA,NA,NA,NA,NA,NA,NA,NA,NA,NA,1.4497794379483004,97.06565,NA,NA,NA,NA,NA,NA,NA,NA,NA,NA,NA,NA,11.7,-11.5,-18.1,16,5.5,9.5,NA,NA,NA,NA,NA,NA,NA,NA,NA,NA,NA,NA,NA,45.5,12.6,11.2,0,10.2,NA,NA,NA,-11.1,93.2,NA,28.289,102.43449401855469,-50.042868,NA,NA,19.6,117.44,0
1985-10-01,33.55678729795451,-4.8,NA,NA,NA,68.95075774898544,NA,NA,NA,NA,NA,NA,NA,NA,NA,NA,NA,NA,NA,NA,1.3508281069453427,97.46482,NA,NA,NA,NA,NA,NA,NA,NA,NA,NA,NA,NA,12,-9.6,-17,12,7,10.6,NA,NA,NA,NA,NA,NA,NA,NA,NA,NA,NA,NA,NA,53.2,9.5,12,0.1,9.4,NA,NA,NA,-10.8,97.2,NA,29.538,105.99191284179688,-36.97402,NA,NA,13.1,306.4,0
1985-11-01,34.65317877952827,-4.7,NA,NA,NA,69.47674219643207,NA,NA,NA,NA,NA,NA,NA,NA,NA,NA,NA,NA,NA,NA,1.3247240249122474,97.55186,NA,NA,NA,NA,NA,NA,NA,NA,NA,NA,NA,NA,12,-9.4,-16.8,12.8,8.2,10.1,NA,NA,NA,NA,NA,NA,NA,NA,NA,NA,NA,NA,NA,52.7,8.3,12.6,0.1,8.6,NA,NA,NA,-11.4,97.1,NA,30.813,94.84818267822266,-36.155186,NA,NA,18.3,555.5,0
1985-12-01,33.90995764658629,-4.9,NA,NA,NA,65.94874084811099,NA,NA,NA,NA,NA,NA,NA,NA,NA,NA,NA,NA,NA,NA,1.28487750993801,98.41312,NA,NA,NA,NA,NA,NA,NA,NA,NA,NA,NA,NA,12.4,-9.7,-16.3,13.1,8.2,9.2,NA,NA,NA,NA,NA,NA,NA,NA,NA,NA,NA,NA,NA,53,7,11.6,0.1,8,NA,NA,NA,-11.3,96.8,NA,27.228,96.4211654663086,-36.005855,NA,NA,23.4,531.24,0
1986-01-01,34.02052478067828,-5.9,NA,NA,NA,69.63637792608836,NA,NA,NA,NA,NA,NA,NA,NA,NA,NA,NA,NA,NA,NA,1.2482794706510758,99.62834,NA,NA,NA,NA,NA,NA,NA,NA,NA,NA,NA,NA,9.8,-12.5,-20.9,13.3,8.2,10,NA,NA,NA,NA,NA,NA,NA,NA,NA,NA,NA,NA,NA,53.7,5.3,9.9,0.1,7.3,NA,NA,NA,-10.8,95.9,NA,22.945,135.36074829101563,-37.761065,NA,NA,28.5,654.56,0
1986-02-01,34.562374614097024,-6.6,NA,NA,NA,66.60420186262142,NA,NA,NA,NA,NA,NA,NA,NA,NA,NA,NA,NA,NA,NA,1.1915292544493945,100.2526,NA,NA,NA,NA,NA,NA,NA,NA,NA,NA,NA,NA,11.3,-13.1,-20,13.7,7.1,10.1,NA,NA,NA,NA,NA,NA,NA,NA,NA,NA,NA,NA,NA,61,5.6,9.2,0.2,7.4,NA,NA,NA,-10.6,95.1,NA,15.442,98.750030517578125,-51.715379,NA,NA,21.7,695.44,0
1986-03-01,34.89735610875288,-6.6,NA,NA,NA,67.30884666894937,NA,NA,NA,NA,NA,NA,NA,NA,NA,NA,NA,NA,NA,NA,1.156842510701075,100.4899,NA,NA,NA,NA,NA,NA,NA,NA,NA,NA,NA,NA,11.3,-13.9,-20.2,13.1,7.1,9.8,NA,NA,NA,NA,NA,NA,NA,NA,NA,NA,NA,NA,NA,67,6.2,8.1,0.2,7.6,NA,NA,NA,-11.4,95.3,NA,12.618,98.67667388916016,-55.359048,NA,NA,14.9,515.75,0
1986-04-01,34.354146438040964,-7.1,NA,NA,NA,68.56561010197078,NA,NA,NA,NA,NA,NA,NA,NA,NA,NA,NA,NA,NA,NA,1.1603816777250495,100.1114,NA,NA,NA,NA,NA,NA,NA,NA,NA,NA,NA,NA,5.5,-14.3,-24.3,12.9,5.8,5.4,NA,NA,NA,NA,NA,NA,NA,NA,NA,NA,NA,NA,NA,73.7,6.4,6.2,0.2,7.8,NA,NA,NA,-8.2,94.8,NA,12.847,148.31385803222656,-61.523793,NA,NA,8.2,322.91,0
1986-05-01,34.48702314517909,-7.2,NA,NA,NA,68.09926687970707,NA,NA,NA,NA,NA,NA,NA,NA,NA,NA,NA,NA,NA,NA,1.1377586244485949,100.0664,NA,NA,NA,NA,NA,NA,NA,NA,NA,NA,NA,NA,4.6,-14.7,-23.3,13.1,6.3,5.4,NA,NA,NA,NA,NA,NA,NA,NA,NA,NA,NA,NA,NA,67.3,8.9,9.2,0.4,8.6,NA,NA,NA,-10.6,94.7,NA,15.444,117.38924407958984,-66.362009,NA,NA,6.6,122,0
1986-06-01,34.7489360492819,-7.5,NA,NA,NA,68.20612642586816,NA,NA,NA,NA,NA,NA,NA,NA,NA,NA,NA,NA,NA,NA,1.1396117817198752,100.4674,NA,NA,NA,NA,NA,NA,NA,NA,NA,NA,NA,NA,3.9,-15.2,-23.5,13.9,6.6,5.8,NA,NA,NA,NA,NA,NA,NA,NA,NA,NA,NA,NA,NA,62.2,10.4,12.1,0.5,9.5,NA,NA,NA,-9.2,94.2,NA,13.469,96.29425048828125,-69.324214,NA,NA,4.9,122.16,0.22
1986-07-01,33.79151169763205,-7.2,NA,NA,NA,67.58636362813391,NA,NA,NA,NA,NA,NA,NA,NA,NA,NA,NA,NA,NA,NA,1.10030304571848,100.995,NA,NA,NA,NA,NA,NA,NA,NA,NA,NA,NA,NA,6.1,-15.1,-27.2,12,5.4,2.8,NA,NA,NA,NA,NA,NA,NA,NA,NA,NA,NA,NA,NA,57.9,10.3,14.8,0.6,10,NA,NA,NA,-8.2,95.1,NA,11.575,94.70178985595703,-80.951145,NA,NA,3.2,76.73,1.49
1986-08-01,34.66236798305484,-7.8,NA,NA,NA,67.17875883105037,NA,NA,NA,NA,NA,NA,NA,NA,NA,NA,NA,NA,NA,NA,1.0548897916469844,102.255,NA,NA,NA,NA,NA,NA,NA,NA,NA,NA,NA,NA,6.8,-15.3,-26.2,13.2,5,2,NA,NA,NA,NA,NA,NA,NA,NA,NA,NA,NA,NA,NA,56.3,10.8,15.3,0.5,10.2,NA,NA,NA,-9.6,94,NA,15.092,103.34593963623047,-78.288837,NA,NA,6.1,68.32,3.68
1986-09-01,34.183120113750796,-8,NA,NA,NA,68.26492127604851,NA,NA,NA,NA,NA,NA,NA,NA,NA,NA,NA,NA,NA,NA,1.0430005159771225,102.3781,NA,NA,NA,NA,NA,NA,NA,NA,NA,NA,NA,NA,7.8,-15.6,-25.6,13.4,5,2.4,NA,NA,NA,NA,NA,NA,NA,NA,NA,NA,NA,NA,NA,55,9.9,16,0.4,10.6,NA,NA,NA,-8.9,93.7,NA,14.913,117.1078872680664,-54.250312,NA,NA,8.9,157.77,0
1986-10-01,34.08415692456053,-9.8,NA,NA,NA,68.26663283438708,NA,NA,NA,NA,NA,NA,NA,NA,NA,NA,NA,NA,NA,NA,1.0265401190381025,102.8058,NA,NA,NA,NA,NA,NA,NA,NA,NA,NA,NA,NA,4.5,-17,-28.2,13.8,1.4,2.7,NA,NA,NA,NA,NA,NA,NA,NA,NA,NA,NA,NA,NA,54.1,7.9,15,0.2,10.6,NA,NA,NA,-10.7,91.7,NA,14.852,96.79243469238281,-48.80396,NA,NA,11.7,286.94,0
1986-11-01,33.67369209797649,-9.9,NA,NA,NA,66.88611997181945,NA,NA,NA,NA,NA,NA,NA,NA,NA,NA,NA,NA,NA,NA,1.0360384584638416,102.885,NA,NA,NA,NA,NA,NA,NA,NA,NA,NA,NA,NA,4.5,-17.8,-28,14.6,2.6,2.2,NA,NA,NA,NA,NA,NA,NA,NA,NA,NA,NA,NA,NA,44.4,12.9,13.1,0.2,12.8,NA,NA,NA,-11.3,91.4,NA,15.207,109.77281951904297,-51.125115,NA,NA,17.7,443.14,0
1986-12-01,34.320982890963876,-10.3,NA,NA,NA,67.52297954460616,NA,NA,NA,NA,NA,NA,NA,NA,NA,NA,NA,NA,NA,NA,1.019730674476574,103.1551,NA,NA,NA,NA,NA,NA,NA,NA,NA,NA,NA,NA,5,-18.5,-27.5,14.9,2.6,1.3,NA,NA,NA,NA,NA,NA,NA,NA,NA,NA,NA,NA,NA,35.4,16.7,9.6,0.2,14.4,NA,NA,NA,-11.3,91,NA,16.076,89.75377655029297,-60.11716,NA,NA,23.6,625.71,0
1987-01-01,33.426193469181285,-10.7,NA,NA,NA,66.93788990947824,NA,NA,NA,NA,NA,NA,NA,NA,NA,NA,NA,NA,NA,NA,0.9498702789910104,104.0128,NA,NA,NA,NA,NA,NA,NA,NA,NA,NA,NA,NA,2.1,-21.1,-32.5,14.1,2.9,0.7,NA,NA,NA,NA,NA,NA,NA,NA,NA,NA,NA,NA,NA,26.8,17.7,5.4,0.2,16.3,NA,NA,NA,-12.8,91,NA,18.656,96.94281768798828,-46.522163,NA,NA,29.5,764.93,0
1987-02-01,34.21545127557569,-11.4,NA,NA,NA,68.27291481773969,NA,NA,NA,NA,NA,NA,NA,NA,NA,NA,NA,NA,NA,NA,0.933446218469074,103.9559,NA,NA,NA,NA,NA,NA,NA,NA,NA,NA,NA,NA,3.7,-21.7,-31.5,14.5,1.8,0.8,NA,NA,NA,NA,NA,NA,NA,NA,NA,NA,NA,NA,NA,26.7,17.4,6.2,0.1,16.6,NA,NA,NA,-12.6,90.1,NA,17.726,100.683349609375,-41.79557,NA,NA,29.4,552.59,0
1987-03-01,34.55586387796608,-11.4,NA,NA,NA,67.33985220654446,NA,NA,NA,NA,NA,NA,NA,NA,NA,NA,NA,NA,NA,NA,0.9367164960066277,103.6799,NA,NA,NA,NA,NA,NA,NA,NA,NA,NA,NA,NA,3.7,-22.2,-31.7,13.9,1.8,0.6,NA,NA,NA,NA,NA,NA,NA,NA,NA,NA,NA,NA,NA,25.2,17.9,6.6,0.1,17.2,NA,NA,NA,-13.5,90.4,NA,18.305,89.60771942138672,-35.088418,NA,NA,29.3,632.8,0
1987-04-01,34.45700782747165,-12.4,NA,NA,NA,69.20141640808758,NA,NA,NA,NA,NA,NA,NA,NA,NA,NA,NA,NA,NA,NA,0.9251469808071044,103.1832,NA,NA,NA,NA,NA,NA,NA,NA,NA,NA,NA,NA,1.2,-22.3,-31,15.1,0.2,3,NA,NA,NA,NA,NA,NA,NA,NA,NA,NA,NA,NA,NA,24.4,17.1,6.1,0.1,18.4,NA,NA,NA,-10.5,88.8,NA,18.643,113.39408111572266,-25.193309,NA,NA,29.2,314.69,0
1987-05-01,35.374395272635304,-12.2,NA,NA,NA,68.02200224613676,NA,NA,NA,NA,NA,NA,NA,NA,NA,NA,NA,NA,NA,NA,0.9122838891593932,103.6485,NA,NA,NA,NA,NA,NA,NA,NA,NA,NA,NA,NA,0.2,-22.1,-30,15.4,0.7,3,NA,NA,NA,NA,NA,NA,NA,NA,NA,NA,NA,NA,NA,31.8,17.4,7.5,0,16.6,NA,NA,NA,-13.1,88.9,NA,19.415,98.65091705322266,-19.446763,NA,NA,27.4,269.81,0
1987-06-01,34.51918123680304,-12.2,NA,NA,NA,68.08383464215974,NA,NA,NA,NA,NA,NA,NA,NA,NA,NA,NA,NA,NA,NA,0.9294128761727578,104.2762,NA,NA,NA,NA,NA,NA,NA,NA,NA,NA,NA,NA,-0.5,-21.6,-30.1,16.1,1.1,3.4,NA,NA,NA,NA,NA,NA,NA,NA,NA,NA,NA,NA,NA,40.6,13.1,8.9,0,14.6,NA,NA,NA,-11.6,88.7,NA,20.034,94.182403564453125,-30.73634,NA,NA,25.6,120.36,0.24
1987-07-01,34.42822048404713,-8.6,NA,NA,NA,70.36584973249245,NA,NA,NA,NA,NA,NA,NA,NA,NA,NA,NA,NA,NA,NA,0.9435259405681562,104.7666,NA,NA,NA,NA,NA,NA,NA,NA,NA,NA,NA,NA,1.7,-18.7,-29.1,12.6,5.6,4.9,NA,NA,NA,NA,NA,NA,NA,NA,NA,NA,NA,NA,NA,50.3,6,9.9,-0.1,9.1,NA,NA,NA,-3.9,93.7,NA,21.355,98.87196350097656,-33.682092,NA,NA,23.7,45.98,2.83
1987-08-01,34.97819637547234,-8.7,NA,NA,NA,69.48180163811425,NA,NA,NA,NA,NA,NA,NA,NA,NA,NA,NA,NA,NA,NA,0.94923802533375,104.9493,NA,NA,NA,NA,NA,NA,NA,NA,NA,NA,NA,NA,2.4,-17.3,-28.1,13.8,5.2,4.2,NA,NA,NA,NA,NA,NA,NA,NA,NA,NA,NA,NA,NA,55.9,6.6,9,-0.1,9,NA,NA,NA,-5.5,93,NA,20.274,99.96844482421875,-18.800499,NA,NA,19.2,74.29,0.06
1987-09-01,34.28720123602626,-8.2,NA,NA,NA,68.25666441768985,NA,NA,NA,NA,NA,NA,NA,NA,NA,NA,NA,NA,NA,NA,0.9272617602813892,104.181,NA,NA,NA,NA,NA,NA,NA,NA,NA,NA,NA,NA,3.4,-15.8,-27.4,14.1,5.1,4.6,NA,NA,NA,NA,NA,NA,NA,NA,NA,NA,NA,NA,NA,62,6.4,8.2,0,9.1,NA,NA,NA,-4.8,93.3,NA,19.526,121.16707611083984,-22.34964,NA,NA,14.8,81.26,0.33
1987-10-01,35.02509015849138,-4.8,NA,NA,NA,71.0855788222,NA,NA,NA,NA,NA,NA,NA,NA,NA,NA,NA,NA,NA,NA,0.9227487772795652,103.747,NA,NA,NA,NA,NA,NA,NA,NA,NA,NA,NA,NA,8.2,-13.1,-23.3,7.6,6.2,5.3,NA,NA,NA,NA,NA,NA,NA,NA,NA,NA,NA,NA,NA,68.4,5.5,5.7,0,8.7,NA,NA,NA,-5.1,99.1,NA,19.848,101.05858612060547,-17.349789,NA,NA,10.2,271.02,0
1987-11-01,35.29619226612078,-4.3,NA,NA,NA,71.399000889828,NA,NA,NA,NA,NA,NA,NA,NA,NA,NA,NA,NA,NA,NA,0.8596178862379453,104.4495,NA,NA,NA,NA,NA,NA,NA,NA,NA,NA,NA,NA,8.3,-12.1,-23,8.5,7.5,4.8,NA,NA,NA,NA,NA,NA,NA,NA,NA,NA,NA,NA,NA,61.4,11.1,10.6,0,10.4,NA,NA,NA,-5.8,99.2,NA,18.92,96.15348815917969,-12.33946,NA,NA,6.4,448.65,0
1987-12-01,35.13914342091677,-4.1,NA,NA,NA,71.22002078927903,NA,NA,NA,NA,NA,NA,NA,NA,NA,NA,NA,NA,NA,NA,0.8367332107584863,104.24,NA,NA,NA,NA,NA,NA,NA,NA,NA,NA,NA,NA,8.7,-11.1,-22.5,8.8,7.6,3.9,NA,NA,NA,NA,NA,NA,NA,NA,NA,NA,NA,NA,NA,55.2,15.4,14,0,11.4,NA,NA,NA,-5.7,99.3,NA,17.241,109.85638427734375,-5.151453,NA,NA,2.5,555.3,0
1988-01-01,35.654925585497345,-3.8,NA,NA,NA,71.22640621846529,NA,NA,NA,NA,NA,NA,NA,NA,NA,NA,NA,NA,NA,NA,0.8438842176406037,104.3665,NA,NA,NA,NA,NA,NA,NA,NA,NA,NA,NA,NA,12.6,-11.5,-20.1,8.8,8.8,5.3,NA,NA,NA,NA,NA,NA,NA,NA,NA,NA,NA,NA,NA,49.3,16.9,16.6,0,13.3,NA,NA,NA,-11.3,99.7,NA,17.16,83.20153045654297,2.8625339,NA,NA,-1.4,548.5,0
1988-02-01,35.085804833271915,-4,NA,NA,NA,71.49919288180197,NA,NA,NA,NA,NA,NA,NA,NA,NA,NA,NA,NA,NA,NA,0.8667906949703131,104.0507,NA,NA,NA,NA,NA,NA,NA,NA,NA,NA,NA,NA,14.2,-10.4,-19.1,9.2,7.6,5.4,NA,NA,NA,NA,NA,NA,NA,NA,NA,NA,NA,NA,NA,47.8,13.7,22.7,0,11.2,NA,NA,NA,-11.1,99.2,NA,16.765,86.206146240234375,14.109333,NA,NA,2.2,531.43,0
1988-03-01,34.92914333566051,-3.4,NA,NA,NA,70.63029489997024,NA,NA,NA,NA,NA,NA,NA,NA,NA,NA,NA,NA,NA,NA,0.856674636454147,104.2008,NA,NA,NA,NA,NA,NA,NA,NA,NA,NA,NA,NA,14.2,-9.1,-19.3,8.5,7.5,5.2,NA,NA,NA,NA,NA,NA,NA,NA,NA,NA,NA,NA,NA,44.5,11.1,28.5,0,10,NA,NA,NA,-12.1,100,NA,16.217,110.20651245117188,19.201659,NA,NA,5.6,524.57,0
1988-04-01,35.97855037839569,0.5,NA,NA,NA,72.16637148801502,NA,NA,NA,NA,NA,NA,NA,NA,NA,NA,NA,NA,NA,NA,0.8546034606803631,103.6436,NA,NA,NA,NA,NA,NA,NA,NA,NA,NA,NA,NA,20.1,-4.4,-14.3,5.2,10.9,8.2,NA,NA,NA,NA,NA,NA,NA,NA,NA,NA,NA,NA,NA,42,7.9,33.4,0,8.4,NA,NA,NA,-5.3,105,NA,17.875,119.45051574707031,11.658671,NA,NA,9.2,324.45,0
1988-05-01,36.240339660926395,1.2,NA,NA,NA,73.503051529614865,NA,NA,NA,NA,NA,NA,NA,NA,NA,NA,NA,NA,NA,NA,0.8650247451000341,103.0633,NA,NA,NA,NA,NA,NA,NA,NA,NA,NA,NA,NA,19.1,-2.5,-13.2,5.4,11.5,8.2,NA,NA,NA,NA,NA,NA,NA,NA,NA,NA,NA,NA,NA,48.1,8.2,30,0,7.8,NA,NA,NA,-8.3,105.6,NA,17.438,104.87347412109375,5.2079084,NA,NA,6.7,161.84,0
1988-06-01,35.70603898484428,1.6,NA,NA,NA,71.2720352352719,NA,NA,NA,NA,NA,NA,NA,NA,NA,NA,NA,NA,NA,NA,0.8960487780062935,103.167,NA,NA,NA,NA,NA,NA,NA,NA,NA,NA,NA,NA,18.4,-1,-13.4,6.1,11.9,8.6,NA,NA,NA,NA,NA,NA,NA,NA,NA,NA,NA,NA,NA,56,6.3,26.6,0,7.2,NA,NA,NA,-6.6,105.6,NA,16.53,79.70812225341797,-5.1051492,NA,NA,4.2,105.35,0
1988-07-01,37.17061671534167,4.4,NA,NA,NA,71.10479153475895,NA,NA,NA,NA,NA,NA,NA,NA,NA,NA,NA,NA,NA,NA,0.9423195715209696,103.7187,NA,NA,NA,NA,NA,NA,NA,NA,NA,NA,NA,NA,24.4,2.2,-8.9,2.2,13.3,13.5,NA,NA,NA,NA,NA,NA,NA,NA,NA,NA,NA,NA,NA,64.8,3.2,22.9,0,5.6,NA,NA,NA,-5.2,109.8,NA,15.498,83.43048095703125,-11.464908,NA,NA,1.5,44.29,6.48
1988-08-01,36.212870947604344,4.4,NA,NA,NA,71.26665605192207,NA,NA,NA,NA,NA,NA,NA,NA,NA,NA,NA,NA,NA,NA,0.9648408828295896,103.5752,NA,NA,NA,NA,NA,NA,NA,NA,NA,NA,NA,NA,25.1,4,-7.8,3.5,12.8,12.7,NA,NA,NA,NA,NA,NA,NA,NA,NA,NA,NA,NA,NA,65.3,3.3,20.2,0.1,5.2,NA,NA,NA,-7,109.2,NA,15.524,84.05416107177734,-9.3991243,NA,NA,3.7,63.16,4.61
1988-09-01,36.736597858552294,5,NA,NA,NA,71.36607690222702,NA,NA,NA,NA,NA,NA,NA,NA,NA,NA,NA,NA,NA,NA,0.9544414002601688,103.0908,NA,NA,NA,NA,NA,NA,NA,NA,NA,NA,NA,NA,26.1,5.9,-7.1,3.7,12.8,13.2,NA,NA,NA,NA,NA,NA,NA,NA,NA,NA,NA,NA,NA,66.4,3,17.8,0.1,4.7,NA,NA,NA,-6.3,109.6,NA,14.467,74.84265899658203,-4.8524822,NA,NA,6,145.81,0
1988-10-01,37.21361229812029,9,NA,NA,NA,71.1953724683701,NA,NA,NA,NA,NA,NA,NA,NA,NA,NA,NA,NA,NA,NA,0.9310552822249516,102.6833,NA,NA,NA,NA,NA,NA,NA,NA,NA,NA,NA,NA,28.5,9.6,-1.6,1.5,18.8,17.8,NA,NA,NA,NA,NA,NA,NA,NA,NA,NA,NA,NA,NA,67.8,2.3,13.5,0.1,4.2,NA,NA,NA,10.4,114.6,NA,13.798,73.45023345947266,-1.9444774,NA,NA,8.2,260.66,0
1988-11-01,37.28170306003651,9.5,NA,NA,NA,72.34411964272687,NA,NA,NA,NA,NA,NA,NA,NA,NA,NA,NA,NA,NA,NA,0.8932290720405804,102.5884,NA,NA,NA,NA,NA,NA,NA,NA,NA,NA,NA,NA,28.5,10.6,-1.4,2.4,20.2,17.4,NA,NA,NA,NA,NA,NA,NA,NA,NA,NA,NA,NA,NA,68.6,2.8,18.4,0.1,3.7,NA,NA,NA,9.6,114.7,NA,13.977,68.79841613769531,7.8308642,NA,NA,5.8,543.18,0
1988-12-01,35.67486986579718,9.6,NA,NA,NA,73.51112970880631,NA,NA,NA,NA,NA,NA,NA,NA,NA,NA,NA,NA,NA,NA,0.8965938242625524,102.1389,NA,NA,NA,NA,NA,NA,NA,NA,NA,NA,NA,NA,28.9,11.1,-0.9,2.6,20.2,16.4,NA,NA,NA,NA,NA,NA,NA,NA,NA,NA,NA,NA,NA,70.3,3.1,21.7,0.1,3.3,NA,NA,NA,9.6,114.7,NA,16.266,90.39871978759766,11.300686,NA,NA,3.4,557.51,0
1989-01-01,37.430996711950364,8.3,NA,NA,NA,71.90459710387876,NA,NA,NA,NA,NA,NA,NA,NA,NA,NA,NA,NA,NA,NA,0.9351685646388522,101.5842,NA,NA,NA,NA,NA,NA,NA,NA,NA,NA,NA,NA,31,8.5,0.4,3.1,19.6,15.3,NA,NA,NA,NA,NA,NA,NA,NA,NA,NA,NA,NA,NA,72.3,3,24.3,0,2.8,NA,NA,NA,1.1,113.4,NA,17.983,89.24658966064453,17.76623,NA,NA,1,580.28,0
1989-02-01,37.06388184998498,7.9,NA,NA,NA,73.21505832873153,NA,NA,NA,NA,NA,NA,NA,NA,NA,NA,NA,NA,NA,NA,0.9466654070042078,101.4105,NA,NA,NA,NA,NA,NA,NA,NA,NA,NA,NA,NA,32.7,9.2,1.5,3.6,18.3,15.4,NA,NA,NA,NA,NA,NA,NA,NA,NA,NA,NA,NA,NA,78.7,3.2,20.9,0,3,NA,NA,NA,1.2,112.7,NA,17.826,91.6185531616211,12.201897,NA,NA,-0.7,447.77,0
1989-03-01,36.99981290988129,8.5,NA,NA,NA,74.72343024169135,NA,NA,NA,NA,NA,NA,NA,NA,NA,NA,NA,NA,NA,NA,0.953620197234072,101.3115,NA,NA,NA,NA,NA,NA,NA,NA,NA,NA,NA,NA,32.7,10.3,1.3,2.9,18.2,15.2,NA,NA,NA,NA,NA,NA,NA,NA,NA,NA,NA,NA,NA,83,3.4,17.1,0,3,NA,NA,NA,0,113.4,NA,19.445,87.73377227783203,17.521615,NA,NA,-2.5,374.66,0
1989-04-01,39.04354946425915,11.7,NA,NA,NA,73.91074096419867,NA,NA,NA,NA,NA,NA,NA,NA,NA,NA,NA,NA,NA,NA,0.9568614056379584,100.9627,NA,NA,NA,NA,NA,NA,NA,NA,NA,NA,NA,NA,33.6,16,4.8,0.6,19.8,13,NA,NA,NA,NA,NA,NA,NA,NA,NA,NA,NA,NA,NA,88.3,3.4,12.5,0,3.3,NA,NA,NA,0.5,117.3,NA,21.04,83.57909393310547,16.952824,NA,NA,-4.3,311.6,0
1989-05-01,37.74478122770904,12.4,NA,NA,NA,72.75959572733454,NA,NA,NA,NA,NA,NA,NA,NA,NA,NA,NA,NA,NA,NA,0.9970930866332856,100.5148,NA,NA,NA,NA,NA,NA,NA,NA,NA,NA,NA,NA,32.5,17.6,5.9,0.8,20.4,12.9,NA,NA,NA,NA,NA,NA,NA,NA,NA,NA,NA,NA,NA,81.1,3.8,12.4,0,2.9,NA,NA,NA,-2.9,117.8,NA,20.032,103.82850646972656,21.507686,NA,NA,-0.2,195.31,0
1989-06-01,37.54064080497063,12.5,NA,NA,NA,75.32829683937993,NA,NA,NA,NA,NA,NA,NA,7.55,NA,NA,NA,NA,NA,NA,1.012964833615546,100.5687,NA,NA,NA,NA,NA,NA,NA,NA,NA,NA,NA,NA,31.7,18.3,5.7,1.6,20.8,13.4,NA,NA,NA,NA,NA,NA,NA,NA,NA,NA,NA,NA,NA,76.1,3.2,12.3,0,2.7,NA,NA,NA,-1.1,117.6,NA,20.005,89.46155548095703,3.0941928,NA,NA,3.8,139.27,0
1989-07-01,38.82411293233211,13.4,NA,NA,NA,74.50451064518654,NA,NA,NA,NA,NA,NA,NA,8,NA,NA,NA,NA,NA,NA,0.9684817918213992,102.2922,NA,NA,NA,NA,NA,NA,NA,NA,NA,NA,NA,NA,34.7,19.2,10,0.2,21.1,16.5,NA,NA,NA,NA,NA,NA,NA,NA,NA,NA,NA,NA,NA,72.3,2,11.8,0,2.5,NA,NA,NA,5.1,119,NA,19.644,84.75310516357422,1.0149469,NA,NA,7.7,50.98,1.05
1989-08-01,38.10747867883116,12.9,NA,NA,NA,74.688324487417,NA,NA,NA,NA,NA,NA,NA,7.57,NA,NA,NA,NA,NA,NA,0.9848477140760012,102.2494,NA,NA,NA,NA,NA,NA,NA,NA,NA,NA,NA,NA,35.4,19.7,11.1,1.5,20.6,15.6,NA,NA,NA,NA,NA,NA,NA,NA,NA,NA,NA,NA,NA,64,2.6,18.5,0,2.4,NA,NA,NA,3,118,NA,18.522,109.17729187011719,2.3946894,NA,NA,8.4,76.9,2.08
1989-09-01,38.606571931177356,13,NA,NA,NA,74.99981870087241,NA,NA,NA,NA,NA,NA,NA,7.63,NA,NA,NA,NA,NA,NA,0.9987936309528136,100.9686,NA,NA,NA,NA,NA,NA,NA,NA,NA,NA,NA,NA,36.5,20.1,11.8,1.7,20.5,16.1,NA,NA,NA,NA,NA,NA,NA,NA,NA,NA,NA,NA,NA,56.3,3,25.4,0,2.3,NA,NA,NA,3.8,117.9,NA,19.594,85.54584503173828,3.8694421,NA,NA,9.4,145.04,0
1989-10-01,38.61561278881741,14.9,NA,NA,NA,73.60672306326619,NA,NA,NA,NA,NA,NA,NA,8.77,NA,NA,NA,NA,NA,NA,0.956534377884203,101.4484,NA,NA,NA,NA,NA,NA,NA,NA,NA,NA,NA,NA,32.4,19.7,11.2,-0.2,24.8,24.3,NA,NA,NA,NA,NA,NA,NA,NA,NA,NA,NA,NA,NA,49.1,3,30.5,0,2.3,NA,NA,NA,3.5,120.9,NA,20.091,69.52467346191406,10.575259,NA,NA,10.3,281.97,0
1989-11-01,39.31205551887431,15,NA,NA,NA,75.12809153459919,NA,NA,NA,NA,NA,NA,NA,8.87,NA,NA,NA,NA,NA,NA,0.9366801595895438,101.7274,NA,NA,NA,NA,NA,NA,NA,NA,NA,NA,NA,NA,32.5,19.5,11.4,0.7,26.4,23.7,NA,NA,NA,NA,NA,NA,NA,NA,NA,NA,NA,NA,NA,54.8,2.4,31.7,0,2.3,NA,NA,NA,2.5,120.7,NA,19.82,92.8287124633789,18.115671,NA,NA,7.4,502.82,0
1989-12-01,40.23847558023987,14.9,NA,NA,NA,76.37095560924463,NA,NA,NA,NA,NA,NA,NA,9.36,NA,NA,NA,NA,NA,NA,0.8903003568236157,103.0734,NA,NA,NA,NA,NA,NA,NA,NA,NA,NA,NA,NA,32.9,19.4,11.9,1,26.4,22.7,NA,NA,NA,NA,NA,NA,NA,NA,NA,NA,NA,NA,NA,61.8,1.8,31.2,0,2.3,NA,NA,NA,2.4,120.5,NA,21.088,112.55352783203125,14.527549,NA,NA,4.5,576.37,0
1990-01-01,39.7868447701444,13.2,NA,NA,NA,77.32162282049384,NA,NA,NA,NA,NA,NA,8.17,9.15,NA,NA,NA,NA,NA,NA,0.8655552567894594,103.5268,NA,NA,NA,NA,NA,NA,NA,NA,NA,NA,NA,NA,32.9,18.4,8.4,1.1,22.3,15.6,NA,NA,NA,NA,NA,NA,NA,NA,NA,NA,NA,NA,NA,69,1.2,29.9,0,2.3,NA,NA,NA,11.7,118.5,NA,22.641,81.5440444946289,16.456449,NA,NA,1.7,622.41,0
1990-02-01,40.89915046876732,12.5,NA,NA,NA,76.51611832635653,NA,NA,NA,NA,NA,NA,8.6,8.74,NA,NA,NA,NA,NA,NA,0.8582952406560903,103.708,NA,NA,NA,NA,NA,NA,NA,NA,NA,NA,NA,NA,34.7,18.3,9.4,1.6,20.8,15.8,NA,NA,NA,NA,NA,NA,NA,NA,NA,NA,NA,NA,NA,73.7,1.4,28.2,0,2.3,NA,NA,NA,11.9,117.6,NA,22.108,77.40721130371094,13.019915,NA,NA,0.6,410.72,0
1990-03-01,41.06224028812826,12.5,NA,NA,NA,79.21043089295385,NA,NA,NA,NA,NA,NA,8.56,9.06,NA,NA,NA,NA,NA,NA,0.8717833186776451,103.5655,NA,NA,NA,NA,NA,NA,NA,NA,NA,NA,NA,NA,34.7,17.8,9.2,0.9,20.6,15.5,NA,NA,NA,NA,NA,NA,NA,NA,NA,NA,NA,NA,NA,75.8,1.7,26.1,0,2.4,NA,NA,NA,10.4,117.9,NA,20.418,67.5919418334961,12.466012,NA,NA,-0.7,373.62,0
1990-04-01,40.659291653128285,12.6,NA,NA,NA,76.05160891659847,NA,NA,NA,NA,NA,NA,8.68,9.13,NA,NA,NA,NA,NA,NA,0.8625175323212428,103.7607,NA,NA,NA,NA,NA,NA,NA,NA,NA,NA,NA,NA,31.5,18.3,5.6,0.9,20.3,9.3,NA,NA,NA,NA,NA,NA,NA,NA,NA,NA,NA,NA,NA,79.1,1.8,23.2,0,2.5,NA,NA,NA,16.8,117.9,NA,18.582,81.64384460449219,2.6277123,NA,NA,-1.9,362.65,0
1990-05-01,40.224646447040236,12.5,NA,NA,NA,78.18598799397836,NA,NA,NA,NA,NA,NA,8.83,8.75,NA,NA,NA,NA,NA,NA,0.8498361227589515,103.279,NA,NA,NA,NA,NA,NA,NA,NA,NA,NA,NA,NA,30.3,17.8,6.6,1.1,20.9,9.2,NA,NA,NA,NA,NA,NA,NA,NA,NA,NA,NA,NA,NA,71.3,2.5,24.1,0,2.7,NA,NA,NA,12.7,117.9,NA,18.237,86.40711975097656,-6.278035,NA,NA,0,154.02,0
1990-06-01,41.76112248387473,12,NA,NA,NA,76.53534984724887,NA,NA,NA,NA,NA,NA,8.84,8.7,NA,NA,NA,NA,NA,NA,0.861500112642893,102.8855,NA,NA,NA,NA,NA,NA,NA,NA,NA,NA,NA,NA,29.4,16.6,6.4,2,21.4,9.7,NA,NA,NA,NA,NA,NA,NA,NA,NA,NA,NA,NA,NA,66.3,2.9,24.9,0,2.9,NA,NA,NA,14.8,117.1,NA,16.871,79.68110656738281,-15.108514,NA,NA,1.8,113.27,0.93
1990-07-01,40.71970139469763,11.7,NA,NA,NA,76.11964806264048,NA,NA,NA,NA,NA,NA,8.67,8.689999999999998,NA,NA,NA,NA,NA,NA,0.83837561681068,104.2157,NA,NA,NA,NA,NA,NA,NA,NA,NA,NA,NA,NA,27.5,15.2,2.3,0.7,20.6,10.2,NA,NA,NA,NA,NA,NA,NA,NA,NA,NA,NA,NA,NA,62.8,2.8,25.4,0,2.9,NA,NA,NA,13.7,117.3,NA,18.638,85.78742980957031,-25.092113,NA,NA,3.4,72.66,1
1990-08-01,40.69579298265224,10.6,NA,NA,NA,78.30438645267483,NA,NA,NA,NA,NA,NA,8.83,8.769999999999998,NA,NA,NA,NA,NA,NA,0.8034708545598569,104.7632,NA,NA,NA,NA,NA,NA,NA,NA,NA,NA,NA,NA,28.2,14,3.5,2.1,20,9.3,NA,NA,NA,NA,NA,NA,NA,NA,NA,NA,NA,NA,NA,58.9,5.4,24.6,0,3.6,NA,NA,NA,11.2,115.7,NA,27.174,250.45108032226563,-16.078707,NA,NA,4.2,50.97,1.72
1990-09-01,41.7502520269675,10.1,NA,NA,NA,78.41143408216983,NA,NA,NA,NA,NA,NA,8.99,8.919999999999998,NA,NA,NA,NA,NA,NA,0.8024534348815069,103.9213,NA,NA,NA,NA,NA,NA,NA,NA,NA,NA,NA,NA,29.3,12.8,4.2,2.4,19.9,9.7,NA,NA,NA,NA,NA,NA,NA,NA,NA,NA,NA,NA,NA,55.7,7.7,24.1,0,4,NA,NA,NA,12,115.2,NA,33.687,188.66053771972656,-18.677803,NA,NA,5.4,200.61,0
1990-10-01,41.13925652755056,6.9,NA,NA,NA,78.17802266478725,NA,NA,NA,NA,NA,NA,9.02,9.039999999999997,NA,NA,NA,NA,NA,NA,0.7793652754663778,103.4743,NA,NA,NA,NA,NA,NA,NA,NA,NA,NA,NA,NA,21.9,8.8,-5.6,5.3,17.3,17.5,NA,NA,NA,NA,NA,NA,NA,NA,NA,NA,NA,NA,NA,53.1,8.8,21.7,0,4.9,NA,NA,NA,11.5,111,NA,35.922,143.85256958007813,-14.664085,NA,NA,6.3,271.38,0
1990-11-01,40.63058672408518,6.7,NA,NA,NA,78.10725631040353,NA,NA,NA,NA,NA,NA,8.85,9.169999999999998,NA,NA,NA,NA,NA,NA,0.7589732781988764,103.8035,NA,NA,NA,NA,NA,NA,NA,NA,NA,NA,NA,NA,21.9,7.3,-5.4,6.3,19.1,16.9,NA,NA,NA,NA,NA,NA,NA,NA,NA,NA,NA,NA,NA,51.6,11.3,24.6,0,3.9,NA,NA,NA,10.3,110.6,NA,32.3,158.74354553222656,-9.7030495,NA,NA,6.6,464.97,0
1990-12-01,42.90339405157625,6.3,NA,NA,NA,77.91915416815992,NA,NA,NA,NA,NA,NA,8.69,9.45,NA,NA,NA,NA,NA,NA,0.7626868600248541,104.0926,NA,NA,NA,NA,NA,NA,NA,NA,NA,NA,NA,NA,22.3,6.4,-4.9,6.6,19,15.8,NA,NA,NA,NA,NA,NA,NA,NA,NA,NA,NA,NA,NA,51.4,13,25.8,0,3.3,NA,NA,NA,10.1,110.1,NA,27.337,153.1624298095703,-0.42899827,NA,NA,7,650.06,0
1991-01-01,41.729310532652676,4.1,NA,NA,NA,84.70363976396926,NA,NA,NA,NA,NA,NA,8.85,9.66,NA,NA,NA,NA,NA,NA,0.7723,103.4656,NA,NA,NA,NA,NA,NA,NA,NA,NA,NA,NA,NA,21,5.7,-11.3,7.7,14.4,13.7,NA,NA,NA,NA,NA,NA,NA,NA,NA,NA,NA,NA,NA,51.5,12.8,26.3,0,2.4,NA,NA,NA,14.9,107.3,NA,24.959,379.2497863769531,0.19572948,NA,NA,7.4,618.41,0
1991-02-01,41.765894276558036,3,NA,NA,NA,79.02784899656051,NA,NA,NA,NA,NA,NA,8.55,9.429999999999998,NA,NA,NA,NA,NA,NA,0.756,104.1266,NA,NA,NA,NA,NA,NA,NA,NA,NA,NA,NA,NA,22.9,4.7,-10.2,8.2,12.6,13.9,NA,NA,NA,NA,NA,NA,NA,NA,NA,NA,NA,NA,NA,53.6,10.8,27.8,0,2.8,NA,NA,NA,15,105.9,NA,20.523,339.3580322265625,9.9492096,NA,NA,8.5,620.78,0
1991-03-01,41.584673293288155,2.5,NA,NA,NA,81.09086925705486,NA,NA,NA,NA,NA,NA,8.41,9.269999999999998,NA,NA,NA,NA,NA,NA,0.818,103.398,NA,NA,NA,NA,NA,NA,NA,NA,NA,NA,NA,NA,22.9,2.6,-10.5,7.5,12.5,13.6,NA,NA,NA,NA,NA,NA,NA,NA,NA,NA,NA,NA,NA,52.2,9.4,29,0,2.9,NA,NA,NA,13.1,105.8,NA,19.86,148.61831665039063,17.886873,NA,NA,9.1,392.32,0
1991-04-01,42.113880760599486,0.7,NA,NA,NA,77.79888428029103,NA,NA,NA,NA,NA,NA,8.4,9.26,NA,NA,NA,NA,NA,NA,0.8708,101.4815,NA,NA,NA,NA,NA,NA,NA,NA,NA,NA,NA,NA,14.1,-1.9,-17.5,9.5,13.5,8.5,NA,NA,NA,NA,NA,NA,NA,NA,NA,NA,NA,NA,NA,52.4,7.3,29.2,0,3.3,NA,NA,NA,18.5,103.6,NA,20.823,97.760009765625,10.432156,NA,NA,10,371.32,0
1991-05-01,41.74157379260563,0.1,NA,NA,NA,78.84590658350245,NA,NA,NA,NA,NA,NA,8.44,9.28,NA,NA,NA,NA,NA,NA,0.877,101.3475,NA,NA,NA,NA,NA,NA,NA,NA,NA,NA,NA,NA,12.9,-4,-16.3,9.8,14.3,8.4,NA,NA,NA,NA,NA,NA,NA,NA,NA,NA,NA,NA,NA,46.9,12.8,27.5,0,2.5,NA,NA,NA,13.6,103.1,NA,21.24,88.56902313232422,14.264996,NA,NA,10.2,312.71,0
1991-06-01,42.14988760383502,-0.7,NA,NA,NA,81.17411494064352,NA,NA,NA,NA,NA,NA,8.5,9.3,NA,NA,NA,NA,NA,NA,0.9126,101.1565,NA,NA,NA,NA,NA,NA,NA,NA,NA,NA,NA,NA,12,-6.1,-16.6,10.7,14.8,8.9,NA,NA,NA,NA,NA,NA,NA,NA,NA,NA,NA,NA,NA,45.1,17.5,25.8,0,1.9,NA,NA,NA,15.9,102.1,NA,20.195,87.73383331298828,16.446667,NA,NA,10.2,120.97,0.02
1991-07-01,41.552169061262305,-3.3,NA,NA,NA,81.049509731928,NA,NA,NA,NA,NA,NA,8.62,9.32,NA,NA,NA,NA,NA,NA,0.9145,101.6927,NA,NA,NA,NA,NA,NA,NA,NA,NA,NA,NA,NA,8.6,-8.1,-19.6,13.5,11.6,6.8,NA,NA,NA,NA,NA,NA,NA,NA,NA,NA,NA,NA,NA,45.2,19.4,23.7,0,1.3,NA,NA,NA,10.1,98.4,NA,21.42,115.18467712402344,7.9710724,NA,NA,9.9,38.88,4.58
1991-08-01,42.23300250748124,-4.5,NA,NA,NA,83.85861896137742,NA,NA,NA,NA,NA,NA,8.65,9.5,NA,NA,NA,NA,NA,NA,0.8928,102.5085,NA,NA,NA,NA,NA,NA,NA,NA,NA,NA,NA,NA,9.3,-9.3,-18.3,15,10.9,5.8,NA,NA,NA,NA,NA,NA,NA,NA,NA,NA,NA,NA,NA,44.4,20.3,26.2,0,1.4,NA,NA,NA,7.1,96.7,NA,21.688,113.49502563476563,2.8074365,NA,NA,9,48.85,1.43
1991-09-01,41.626852973690866,-4.9,NA,NA,NA,80.02944917463262,NA,NA,NA,NA,NA,NA,8.58,9.509999999999998,NA,NA,NA,NA,NA,NA,0.8684,101.9307,NA,NA,NA,NA,NA,NA,NA,NA,NA,NA,NA,NA,10.5,-10.1,-17.6,15.2,10.7,6.3,NA,NA,NA,NA,NA,NA,NA,NA,NA,NA,NA,NA,NA,44.4,18.5,29,0,1.5,NA,NA,NA,7.9,96.2,NA,21.857,117.94219207763672,5.9135847,NA,NA,8.7,90.6,0
1991-10-01,41.299297014799535,-6.9,NA,NA,NA,82.88494915839098,NA,NA,NA,NA,NA,NA,8.5,9.64,NA,NA,NA,NA,NA,NA,0.8646,100.622,NA,NA,NA,NA,NA,NA,NA,NA,NA,NA,NA,NA,7.1,-12.3,-24.5,14.3,5.8,7.1,NA,NA,NA,NA,NA,NA,NA,NA,NA,NA,NA,NA,NA,45.3,14.5,29.9,0,1.5,NA,NA,NA,0.5,94.3,NA,23.228,100.8318099975586,10.253589,NA,NA,7.9,338.17,0
1991-11-01,41.487605634870185,-7,NA,NA,NA,81.89652421785928,NA,NA,NA,NA,NA,NA,8.53,9.66,NA,NA,NA,NA,NA,NA,0.8286,101.3458,NA,NA,NA,NA,NA,NA,NA,NA,NA,NA,NA,NA,7.1,-13.3,-24.3,15.4,7.8,6.5,NA,NA,NA,NA,NA,NA,NA,NA,NA,NA,NA,NA,NA,49.6,11.9,27.9,0,2.1,NA,NA,NA,-0.9,94.1,NA,22.465,100.7423324584961,10.849111,NA,NA,8.7,480.69,0
1991-12-01,41.85322879653215,-7.3,NA,NA,NA,81.8032725009066,NA,NA,NA,NA,NA,NA,8.53,9.73,NA,NA,NA,NA,NA,NA,0.8015,101.371,NA,NA,NA,NA,NA,NA,NA,NA,NA,NA,NA,NA,7.5,-13.9,-23.8,15.7,7.7,5.2,NA,NA,NA,NA,NA,NA,NA,NA,NA,NA,NA,NA,NA,55.6,9.2,24.2,0,2.7,NA,NA,NA,-1.2,93.7,NA,19.517,103.96953582763672,5.4065556,NA,NA,9.5,655.33,0
1992-01-01,41.555721121100824,-7.7,NA,NA,NA,82.04941715999492,NA,NA,NA,NA,NA,NA,8.32,9.789999999999997,NA,NA,NA,NA,NA,NA,0.8078,101.9195,NA,NA,NA,NA,NA,NA,NA,NA,NA,NA,NA,NA,3.1,-15.5,-24.5,13.6,6.1,5.3,NA,NA,NA,NA,NA,NA,NA,NA,NA,NA,NA,NA,NA,62.1,6.2,19.7,0,3.5,NA,NA,NA,7.6,94.1,NA,18.82,102.95763397216797,2.5296956,NA,NA,10.3,592.31,0
1992-02-01,41.474386368092944,-8.6,NA,NA,NA,83.16881393009498,NA,NA,NA,NA,NA,NA,8.22,9.74,NA,NA,NA,NA,NA,NA,0.8283,102.1952,NA,NA,NA,NA,NA,NA,NA,NA,NA,NA,NA,NA,5.1,-15.7,-23.2,14.2,4,5.6,NA,NA,NA,NA,NA,NA,NA,NA,NA,NA,NA,NA,NA,65.5,8.7,19.4,0,3.7,NA,NA,NA,7.7,92.8,NA,18.995,87.2034683227539,-10.82729,NA,NA,8.5,495.3,0
1992-03-01,41.379337862019376,-8.6,NA,NA,NA,82.16040513533534,NA,NA,NA,NA,NA,NA,8.26,9.64,NA,NA,NA,NA,NA,NA,0.8497,102.0003,NA,NA,NA,NA,NA,NA,NA,NA,NA,NA,NA,NA,5.1,-16.3,-23.6,13.4,3.8,5.2,NA,NA,NA,NA,NA,NA,NA,NA,NA,NA,NA,NA,NA,64.3,11.7,18.6,0,4.1,NA,NA,NA,5.4,93.1,NA,18.916,85.29731750488281,-18.156945,NA,NA,6.1,451.37,0
1992-04-01,41.913935229874554,-7.8,NA,NA,NA,83.01400253795349,NA,NA,NA,NA,NA,NA,8.3,9.64,NA,NA,NA,NA,NA,NA,0.8431,101.6912,NA,NA,NA,NA,NA,NA,NA,NA,NA,NA,NA,NA,5.5,-15.7,-28.5,12.9,5.3,3.7,NA,NA,NA,NA,NA,NA,NA,NA,NA,NA,NA,NA,NA,65.3,13.5,16.9,0,4,NA,NA,NA,4.3,94.2,NA,20.243,85.855621337890625,-21.975089,NA,NA,4.1,331.36,0
1992-05-01,43.031029204057056,-7.7,NA,NA,NA,81.97688282227243,NA,NA,NA,NA,NA,NA,8.31,9.74,NA,NA,NA,NA,NA,NA,0.8289,101.7468,NA,NA,NA,NA,NA,NA,NA,NA,NA,NA,NA,NA,4.2,-16.1,-27.2,13.2,6.2,3.6,NA,NA,NA,NA,NA,NA,NA,NA,NA,NA,NA,NA,NA,54.6,13.7,21.1,0,6.6,NA,NA,NA,-1.6,94.2,NA,20.94,78.96814727783203,-14.309995,NA,NA,4.1,153.33,0
1992-06-01,42.3481518811793,-8.2,NA,NA,NA,81.10898168211041,NA,NA,NA,NA,NA,NA,8.35,9.689999999999998,NA,NA,NA,NA,NA,NA,0.8051,102.1725,NA,NA,NA,NA,NA,NA,NA,NA,NA,NA,NA,NA,3.1,-17.1,-27.5,14.2,6.8,4.2,NA,NA,NA,NA,NA,NA,NA,NA,NA,NA,NA,NA,NA,48.5,9.7,25.2,0.1,8.5,NA,NA,NA,1.1,93.5,NA,22.375,93.849090576171875,-22.316763,NA,NA,4,77.36,0.26
1992-07-01,40.67523059449187,-8.1,NA,NA,NA,82.26381335231918,NA,NA,NA,NA,NA,NA,8.39,9.75,NA,NA,NA,NA,NA,NA,0.7627,104.2963,NA,NA,NA,NA,NA,NA,NA,NA,NA,NA,NA,NA,2,-17.4,-32.2,12.7,5.8,2.8,NA,NA,NA,NA,NA,NA,NA,NA,NA,NA,NA,NA,NA,45.1,3.6,29,0.1,11,NA,NA,NA,-4,94.1,NA,21.759,75.19676971435547,-31.745901,NA,NA,3.2,35.76,3.4
1992-08-01,40.88324449315629,-9.3,NA,NA,NA,79.8719293824828,NA,NA,NA,NA,NA,NA,8.39,9.849999999999998,NA,NA,NA,NA,NA,NA,0.742,105.1647,NA,NA,NA,NA,NA,NA,NA,NA,NA,NA,NA,NA,2.8,-18.5,-30.8,14.3,5,1.7,NA,NA,NA,NA,NA,NA,NA,NA,NA,NA,NA,NA,NA,46.9,5.8,24.6,0.1,10.6,NA,NA,NA,-7.6,92.3,NA,21.35,81.64519500732422,-31.700423,NA,NA,4.4,16.32,30.52
1992-09-01,40.86151182077998,-9.9,NA,NA,NA,80.6795216016265,NA,NA,NA,NA,NA,NA,8.12,9.42,NA,NA,NA,NA,NA,NA,0.7405,104.9218,NA,NA,NA,NA,NA,NA,NA,NA,NA,NA,NA,NA,4.1,-19.9,-30,14.6,4.8,2.3,NA,NA,NA,NA,NA,NA,NA,NA,NA,NA,NA,NA,NA,49.9,7.4,20.6,0.1,10.7,NA,NA,NA,-6.7,91.7,NA,21.902,74.6097183227539,-33.069031,NA,NA,6.4,119.77,0
1992-10-01,41.453222354948316,-17.3,NA,NA,NA,83.22017008441917,NA,NA,NA,NA,NA,NA,7.78,8.839999999999998,NA,NA,NA,NA,NA,NA,0.7563,105.9396,NA,NA,NA,NA,NA,NA,NA,NA,NA,NA,NA,NA,-9,-25.8,-38.9,18.2,-7.8,-6.8,NA,NA,NA,NA,NA,NA,NA,NA,NA,NA,NA,NA,NA,53.9,8,14.5,0.1,11,NA,NA,NA,-16.8,82.5,NA,21.688,68.18277740478516,-32.477283,NA,NA,7.8,358.46,0
1992-11-01,40.435709677816604,-17.5,NA,NA,NA,80.93840890658723,NA,NA,NA,NA,NA,NA,7.69,8.68,NA,NA,NA,NA,NA,NA,0.8114,104.5618,NA,NA,NA,NA,NA,NA,NA,NA,NA,NA,NA,NA,-9,-27.9,-38.7,19.4,-5.4,-7.5,NA,NA,NA,NA,NA,NA,NA,NA,NA,NA,NA,NA,NA,57.7,8.6,16.2,0.1,9.9,NA,NA,NA,-18.5,82.1,NA,20.342,91.00899505615234,-19.712946,NA,747.70001220703125,6.1,430.65,0
1992-12-01,38.99079601872228,-18,NA,NA,NA,79.32464449747084,NA,NA,NA,NA,NA,NA,7.54,8.74,NA,NA,NA,NA,NA,NA,0.8091,105.0704,NA,NA,NA,NA,NA,NA,NA,NA,NA,NA,NA,NA,-8.4,-29,-38.1,19.6,-5.4,-8.8,NA,NA,NA,NA,NA,NA,NA,NA,NA,NA,NA,NA,NA,63.8,8.8,16.1,0.2,9.1,NA,NA,NA,-19,81.6,NA,19.407,83.42096710205078,-7.9102812,NA,771.4000244140625,4.4,609.33,0
1993-01-01,40.58321493765399,-21.8,3.8,NA,NA,80.243563241956,NA,NA,NA,NA,NA,NA,7.2235,8.429999999999998,NA,NA,NA,NA,NA,NA,0.8258,105.2209,NA,NA,NA,NA,NA,NA,NA,NA,NA,NA,NA,NA,-15.1,-30.8,-41.4,22.1,-12.7,-11.4,NA,NA,NA,NA,NA,NA,NA,NA,NA,NA,NA,NA,NA,70.3,8,15.2,0.2,7.6,NA,NA,NA,-18.7,76.5,NA,19.075,128.91807556152344,-12.534515,NA,837.1199951171875,2.7,566.12,0
1993-02-01,40.611400656094254,-23.1,3.8,NA,NA,79.68241661523486,NA,NA,NA,NA,NA,NA,7.1308,8.02,NA,NA,NA,NA,NA,NA,0.8398,105.2811,NA,NA,NA,NA,NA,NA,NA,NA,NA,NA,NA,NA,-12.9,-31.4,-40,22.8,-15.1,-11.2,NA,NA,NA,NA,NA,NA,NA,NA,NA,NA,NA,NA,NA,67.7,9.4,16.8,0.2,9,NA,NA,NA,-18.7,74.8,NA,20.053,90.46806335449219,-10.373119,NA,778.69000244140625,5.6,563.04,0
1993-03-01,40.666041390965304,-23,3.9,NA,NA,79.87984769084042,NA,NA,NA,NA,NA,NA,6.858,7.719999999999998,NA,NA,NA,NA,NA,NA,0.8424,105.3853,NA,NA,NA,NA,NA,NA,NA,NA,NA,NA,NA,NA,-12.9,-32.4,-40.3,21.5,-15.3,-11.6,NA,NA,NA,NA,NA,NA,NA,NA,NA,NA,NA,NA,NA,59,11.2,18,0.1,9.7,NA,NA,NA,-21.4,75.4,NA,20.347,94.24144744873047,-2.2567219,NA,763.8499755859375,7.5,504.46,0
1993-04-01,40.53359323861048,-22.2,3.9,NA,NA,82.722153628725,NA,NA,NA,NA,NA,NA,6.9251,7.589999999999998,NA,NA,NA,NA,NA,NA,0.816,105.1639,NA,NA,NA,NA,NA,NA,NA,NA,NA,NA,NA,NA,-19.1,-33.3,-45.6,20.5,-12.7,-11,NA,NA,NA,NA,NA,NA,NA,NA,NA,NA,NA,NA,NA,53.2,12,18.3,0.1,10.4,NA,NA,NA,-16.3,76.9,NA,20.27,112.72166442871094,1.7725544,NA,797.54998779296875,10.1,293.31,0
1993-05-01,40.577874485738995,-22.5,4,NA,NA,79.51636724389222,NA,NA,NA,NA,NA,NA,7.0583,7.169999999999999,NA,NA,NA,NA,NA,NA,0.8213,104.4451,NA,NA,NA,NA,NA,NA,NA,NA,NA,NA,NA,NA,-20.6,-33.6,-44.1,22.1,-11.7,-11.1,NA,NA,NA,NA,NA,NA,NA,NA,NA,NA,NA,NA,NA,45.6,15.1,15.4,0.1,11.1,NA,NA,NA,-23.3,76,NA,19.94,110.72975158691406,7.8513168,NA,851.70001220703125,11.9,120.66,0.01
1993-06-01,39.419227180452445,-21.7,4,NA,NA,80.15733643752486,NA,NA,NA,NA,NA,NA,6.9902,6.909999999999999,NA,NA,NA,NA,NA,NA,0.8442,103.7377,NA,NA,NA,NA,NA,NA,NA,NA,NA,NA,NA,NA,-21.7,-34.1,-44.4,20.2,-10.8,-10.4,NA,NA,NA,NA,NA,NA,NA,NA,NA,NA,NA,NA,NA,44,15.3,12.4,0.1,11.8,NA,NA,NA,-20,77.6,NA,19.07,104.19525146484375,4.5115483,NA,948.59002685546875,13.6,88.18,0.22
1993-07-01,40.24108811613039,-19.6,4,NA,NA,81.79958606756196,NA,NA,NA,NA,NA,NA,6.75,6.659999999999999,NA,NA,NA,NA,NA,NA,0.8772,104.0646,NA,NA,NA,NA,NA,NA,NA,NA,NA,NA,NA,NA,-16.5,-32.8,-44.5,17.5,-8.4,-8.7,NA,NA,NA,NA,NA,NA,NA,NA,NA,NA,NA,NA,NA,45.9,12.4,9,0,12.6,NA,NA,NA,-19,80.9,NA,17.866,123.31478881835938,-6.9736169,NA,1014.0800170898438,14.2,83.58,1.36
1993-08-01,40.643031295677226,-20,4.1,NA,NA,79.38077796847634,NA,NA,NA,NA,NA,NA,6.6043,6.599999999999999,NA,NA,NA,NA,NA,NA,0.8675,104.8978,NA,NA,NA,NA,NA,NA,NA,NA,NA,NA,NA,NA,-15.6,-31.9,-42.6,18.8,-9.3,-9.9,NA,NA,NA,NA,NA,NA,NA,NA,NA,NA,NA,NA,NA,44.1,12.6,12.2,0,11.9,NA,NA,NA,-23.4,79.8,NA,18.009,97.2416763305664,-6.2924139,NA,962.8699951171875,13.4,70.82,5.36
1993-09-01,40.77950951128272,-19.5,4,NA,NA,80.3738767798557,NA,NA,NA,NA,NA,NA,6.435,6.61,NA,NA,NA,NA,NA,NA,0.8299,105.0313,NA,NA,NA,NA,NA,NA,NA,NA,NA,NA,NA,NA,-14.1,-30.4,-41.5,18.7,-9.5,-9.2,NA,NA,NA,NA,NA,NA,NA,NA,NA,NA,NA,NA,NA,43.9,10.9,15.6,0,11.4,NA,NA,NA,-22.1,80.2,NA,17.514,89.16477966308594,-4.1255502,NA,1086.02001953125,14.1,162.57,0
1993-10-01,41.13914938885473,-16.1,4,NA,NA,78.53460985754765,NA,NA,NA,NA,NA,NA,6.2644,6.589999999999999,NA,NA,NA,NA,NA,NA,0.8372,104.939,NA,NA,NA,NA,NA,NA,NA,NA,NA,NA,NA,NA,-10.4,-28.6,-40.9,16.2,-3.6,-8.6,NA,NA,NA,NA,NA,NA,NA,NA,NA,NA,NA,NA,NA,44.9,7.9,17,0,11.1,NA,NA,NA,-13.5,84.9,NA,18.145,106.16590881347656,-7.6736376,NA,1057.010009765625,13.6,293.27,0
1993-11-01,41.059157990263735,-14.4,4,NA,NA,80.41499179664848,NA,NA,NA,NA,NA,NA,6.1763,6.219999999999999,NA,NA,NA,NA,NA,NA,0.8695,103.9482,NA,NA,NA,NA,NA,NA,NA,NA,NA,NA,NA,NA,-10.4,-26.7,-39,15.8,-0.8,-9.3,NA,NA,NA,NA,NA,NA,NA,NA,NA,NA,NA,NA,NA,41.6,11.9,17.4,0,9.4,NA,NA,NA,-15.5,86.7,NA,16.699,83.48017883300781,-13.254556,NA,1128.780029296875,16.7,534.94,0
1993-12-01,40.4817793170216,-13.2,4,NA,NA,79.78589066138557,NA,NA,NA,NA,NA,NA,6.036,5.759999999999999,NA,NA,NA,NA,NA,NA,0.8739,103.5534,NA,NA,NA,NA,NA,NA,NA,NA,NA,NA,NA,NA,-9.8,-24,-36.6,14.7,-0.8,-10.7,NA,NA,NA,NA,NA,NA,NA,NA,NA,NA,NA,NA,NA,41.3,14.7,16.1,0,7.9,NA,NA,NA,-16,88.3,NA,14.51,79.55179595947266,-18.432256,NA,1215.3800048828125,19.6,565.86,0
1994-01-01,40.84915790500748,-8.2,4,NA,NA,80.18170263343292,NA,NA,NA,NA,NA,NA,5.8139,5.46,NA,NA,NA,NA,NA,NA,0.8906,103.4,NA,NA,NA,NA,NA,NA,NA,NA,NA,NA,NA,NA,1.1,-18.4,-35.5,11.1,5.1,-3.8,NA,NA,NA,NA,NA,NA,NA,NA,NA,NA,NA,NA,NA,41.5,15.1,13.9,0,6.1,NA,NA,NA,-8.7,94.7,NA,15,83.48997497558594,-18.918186,NA,1158.9599609375,22.8,540.16,0
1994-02-01,41.73156044526501,-7.7,3.9,NA,NA,80.88196509808077,NA,NA,NA,NA,NA,NA,6.0563,5.389999999999999,NA,NA,NA,NA,NA,NA,0.888,103.2358,NA,NA,NA,NA,NA,NA,NA,NA,NA,NA,NA,NA,3.6,-15,-27.2,10.3,2.2,-3.5,NA,NA,NA,NA,NA,NA,NA,NA,NA,NA,NA,NA,NA,50.1,13.8,17.9,0,5.6,NA,NA,NA,-8.6,95,NA,14.78,117.2420654296875,-24.996884,NA,1121.8599853515625,19.2,523.76,0
1994-03-01,40.94418168676662,-5.2,3.8,NA,NA,82.70277164116554,NA,NA,NA,NA,NA,NA,6.4525,5.379999999999999,NA,NA,NA,NA,NA,NA,0.8654,104.1103,NA,NA,NA,NA,NA,NA,NA,NA,NA,NA,NA,NA,3.6,-9.6,-20.8,8,2,-3.9,NA,NA,NA,NA,NA,NA,NA,NA,NA,NA,NA,NA,NA,50.7,13.2,21.4,0,4.8,NA,NA,NA,-11.8,98,NA,14.66,93.47403717041016,-25.625457,NA,1092.31005859375,14.1,360.31,0
1994-04-01,40.53168946640004,-0.6,3.8,NA,NA,80.57497548047252,NA,NA,NA,NA,NA,NA,6.6674,5.389999999999999,NA,NA,NA,NA,NA,NA,0.8683,103.5443,NA,NA,NA,NA,NA,NA,NA,NA,NA,NA,NA,NA,17.1,-5.3,-17.5,6,9.5,2.7,NA,NA,NA,NA,NA,NA,NA,NA,NA,NA,NA,NA,NA,55,11.6,24,0,4,NA,NA,NA,-4.3,103.6,NA,16.38,95.35697174072266,-13.402277,NA,1042.530029296875,10.1,342.08,0
1994-05-01,42.96679543519056,1.3,3.9,NA,NA,81.29619042851795,NA,NA,NA,NA,NA,NA,6.9697,5.079999999999999,NA,NA,NA,NA,NA,NA,0.8474,103.9684,NA,NA,NA,NA,NA,NA,NA,NA,NA,NA,NA,NA,15.6,-2.3,-13.5,4.5,10.8,2.6,NA,NA,NA,NA,NA,NA,NA,NA,NA,NA,NA,NA,NA,48.5,12.9,25.8,0,3.6,NA,NA,NA,-12.8,106,NA,17.88,104.46678924560547,-0.50332656,NA,1058.6400146484375,9.1,177.75,0
1994-06-01,41.84968497813177,2.3,3.8,NA,NA,81.37433905375765,NA,NA,NA,NA,NA,NA,7.4108,4.97,NA,NA,NA,NA,NA,NA,0.833,104.3216,NA,NA,NA,NA,NA,NA,NA,NA,NA,NA,NA,NA,14.4,-1.2,-11.4,3.7,11.8,3.4,NA,NA,NA,NA,NA,NA,NA,NA,NA,NA,NA,NA,NA,50,10.8,27.6,0,3.2,NA,NA,NA,-8.8,107.2,NA,19.07,120.35224151611328,-9.8355356,NA,1077.699951171875,7.9,96.12,5.6
1994-07-01,42.05758349666222,4.4,3.8,NA,NA,80.02878147879721,NA,NA,NA,NA,NA,NA,7.119,4.839999999999999,NA,NA,NA,NA,NA,NA,0.8029,106.0467,NA,NA,NA,NA,NA,NA,NA,NA,NA,NA,NA,NA,20.8,0,-11.4,1.9,15.2,8,NA,NA,NA,NA,NA,NA,NA,NA,NA,NA,NA,NA,NA,56.1,6.4,29,0,2.7,NA,NA,NA,-7.2,110.2,NA,19.65,99.6402359008789,-5.8574461,NA,1145.699951171875,5.1,20.02,10.7
1994-08-01,42.042707700818745,4,3.8,NA,NA,80.9327852149033,NA,NA,NA,NA,NA,NA,7.2047,4.799999999999999,NA,NA,NA,NA,NA,NA,0.8003,106.6619,NA,NA,NA,NA,NA,NA,NA,NA,NA,NA,NA,NA,21.9,1.1,-7.6,3.3,14.1,6.7,NA,NA,NA,NA,NA,NA,NA,NA,NA,NA,NA,NA,NA,53.7,6.7,28.4,0,3.1,NA,NA,NA,-12.4,109.1,NA,18.38,98.2270278930664,-0.61416099,NA,1070.1300048828125,5.2,32.5,15.24
1994-09-01,41.97592732756685,4.5,3.8,NA,NA,81.7498662382428,NA,NA,NA,NA,NA,NA,7.568,4.87,NA,NA,NA,NA,NA,NA,0.7939,105.529,NA,NA,NA,NA,NA,NA,NA,NA,NA,NA,NA,NA,23.5,2.7,-4.5,3.2,13.9,7.5,NA,NA,NA,NA,NA,NA,NA,NA,NA,NA,NA,NA,NA,53.4,6,28.2,0,3.3,NA,NA,NA,-11,109.5,NA,17.46,98.89848327636719,3.0612001,NA,1040.469970703125,7.6,110.54,0.14
1994-10-01,43.560830054914504,6.1,3.8,NA,NA,81.74006709654607,NA,NA,NA,NA,NA,NA,7.689,5.029999999999999,NA,NA,NA,NA,NA,NA,0.7777,105.6247,NA,NA,NA,NA,NA,NA,NA,NA,NA,NA,NA,NA,21.6,3.9,-2.1,0.4,14.7,8,NA,NA,NA,NA,NA,NA,NA,NA,NA,NA,NA,NA,NA,54.8,4.5,25.8,0,3.8,NA,NA,NA,-6.9,112.1,NA,17.71,94.85363006591797,19.398131,NA,1038.1800537109375,8.4,336.52,0
1994-11-01,43.49092617660739,6.8,3.8,NA,NA,79.99402367869061,NA,NA,NA,NA,NA,NA,7.7239,5.05,NA,NA,NA,NA,NA,NA,0.7873,105.2746,NA,NA,NA,NA,NA,NA,NA,NA,NA,NA,NA,NA,21.6,4.6,1.5,2.1,18,7.2,NA,NA,NA,NA,NA,NA,NA,NA,NA,NA,NA,NA,NA,55.9,7.1,23,0,3.1,NA,NA,NA,-9.3,112.4,NA,18.1,86.5298080444336,22.238751,NA,1055.239990234375,8.1,363.24,0
1994-12-01,43.779763859114986,6.9,3.8,NA,NA,82.37521511099419,NA,NA,NA,NA,NA,NA,7.6304,5.15,NA,NA,NA,NA,NA,NA,0.8039,104.9524,NA,NA,NA,NA,NA,NA,NA,NA,NA,NA,NA,NA,22.4,5.5,5.5,2.9,18,5.6,NA,NA,NA,NA,NA,NA,NA,NA,NA,NA,NA,NA,NA,60.9,9,18.3,0,2.8,NA,NA,NA,-9.9,112.1,NA,17.16,96.04750061035156,29.002678,NA,993.27001953125,7.7,547.87,0
1995-01-01,45.04130551958478,6.7,4,NA,NA,81.12108484464753,NA,NA,NA,NA,NA,NA,7.7215,5.119999999999999,NA,NA,NA,NA,NA,NA,0.7831,105.8912,NA,NA,NA,NA,NA,NA,NA,NA,NA,NA,NA,NA,23.1,6.4,7.7,1.3,14.9,8.4,NA,NA,NA,NA,NA,NA,NA,NA,NA,NA,NA,NA,NA,66.6,9.3,12.7,0,2.3,NA,NA,NA,-10.4,112.3,NA,17.99,80.15467834472656,30.098574,NA,1017.4000244140625,7.4,654.64,0
1995-02-01,44.92491993016566,4.2,3.9,NA,NA,80.63433458065458,NA,NA,NA,NA,NA,NA,7.6484,5,NA,NA,NA,NA,NA,NA,0.7681,106.4926,NA,NA,NA,NA,NA,NA,NA,NA,NA,NA,NA,NA,28.2,5.4,6.9,4.3,11.5,8.7,NA,NA,NA,NA,NA,NA,NA,NA,NA,NA,NA,NA,NA,69.5,9,13.1,0,2.4,NA,NA,NA,-10.4,108.5,NA,18.53,76.87532806396484,28.650491,NA,937.9000244140625,13.5,436.29,0
1995-03-01,42.30105206220675,2.7,3.9,NA,NA,81.14333510304913,NA,NA,NA,NA,NA,NA,7.5122,5.01,NA,NA,NA,NA,NA,NA,0.7197,109.0562,NA,NA,NA,NA,NA,NA,NA,NA,NA,NA,NA,NA,24.5,2.5,4,5.7,11.3,8.3,NA,NA,NA,NA,NA,NA,NA,NA,NA,NA,NA,NA,NA,61.9,9.2,12.9,0,1.9,NA,NA,NA,-14.3,106.6,NA,18.55,82.24444580078125,38.467178,NA,955.95001220703125,16.9,509.82,0
1995-04-01,44.89197066048022,-1.8,4,NA,NA,80.18224807510127,NA,NA,NA,NA,NA,NA,7.3671,4.819999999999999,NA,NA,NA,NA,NA,NA,0.7057,109.1729,NA,NA,NA,NA,NA,NA,NA,NA,NA,NA,NA,NA,14.8,-1.3,-2.2,7.5,3.5,-2.3,NA,NA,NA,NA,NA,NA,NA,NA,NA,NA,NA,NA,NA,59.2,8.5,11.7,0,1.8,NA,NA,NA,-8.9,101.2,NA,19.87,99.19087982177734,41.02034,NA,1034.8900146484375,22.3,310.65,0
1995-05-01,44.895258994298246,-2.9,4.1,NA,NA,82.06741673505013,NA,NA,NA,NA,NA,NA,7.1317,4.659999999999999,NA,NA,NA,NA,NA,NA,0.7205,107.9501,NA,NA,NA,NA,NA,NA,NA,NA,NA,NA,NA,NA,9.9,-5.5,-6,8.3,5,-2.4,NA,NA,NA,NA,NA,NA,NA,NA,NA,NA,NA,NA,NA,54.6,8.7,11.2,0,2.1,NA,NA,NA,-19.5,100.2,NA,19.74,87.842529296875,40.588536,NA,1029.699951171875,19.8,192.62,0
1995-06-01,45.463761638663144,-4.7,4.2,NA,NA,81.36697559123506,NA,NA,NA,NA,NA,NA,7.0533,4.56,NA,NA,NA,NA,NA,NA,0.7151,108.238,NA,NA,NA,NA,NA,NA,NA,NA,NA,NA,NA,NA,5.4,-10.5,-12,9.7,6.2,-1.5,NA,NA,NA,NA,NA,NA,NA,NA,NA,NA,NA,NA,NA,60.6,6,10.7,0,1.9,NA,NA,NA,-14.6,98.2,NA,18.42,104.60775756835938,29.122201,NA,1034.199951171875,17.1,128.22,0
1995-07-01,44.51954007091426,-8.9,4.3,NA,NA,80.70543008087263,NA,NA,NA,NA,NA,NA,7.111,4.55,NA,NA,NA,NA,NA,NA,0.7096,108.938,NA,NA,NA,NA,NA,NA,NA,NA,NA,NA,NA,NA,1.7,-14.9,-20.2,10,-1.9,-9.2,NA,NA,NA,NA,NA,NA,NA,NA,NA,NA,NA,NA,NA,72.5,2,9.7,0,1.8,NA,NA,NA,-26.1,93.6,NA,17.3,107.64541625976563,27.345147,NA,1012.530029296875,11.7,17.58,6.45
1995-08-01,44.20490668702712,-11.9,4.4,NA,NA,81.45471646650418,NA,NA,NA,NA,NA,NA,7.0031,4.47,NA,NA,NA,NA,NA,NA,0.7393,108.1073,NA,NA,NA,NA,NA,NA,NA,NA,NA,NA,NA,NA,1.3,-18.6,-22.1,14.1,-3.2,-10.7,NA,NA,NA,NA,NA,NA,NA,NA,NA,NA,NA,NA,NA,62.1,15.1,8.2,0,1.6,NA,NA,NA,-33.9,89.2,NA,18.03,106.93478393554688,33.178949,NA,977.59002685546875,11.7,75.67,0.18
1995-09-01,43.865169882564246,-13.8,4.4,NA,NA,81.39972089966884,NA,NA,NA,NA,NA,NA,6.8798,4.099999999999999,NA,NA,NA,NA,NA,NA,0.7474,106.7502,NA,NA,NA,NA,NA,NA,NA,NA,NA,NA,NA,NA,1.5,-21.6,-24.7,16.5,-3.1,-9.8,NA,NA,NA,NA,NA,NA,NA,NA,NA,NA,NA,NA,NA,54.4,28.3,6.9,0,1.3,NA,NA,NA,-31.1,86.7,NA,18.23,71.205169677734375,29.358162,NA,924.97998046875,15,187.87,0
1995-10-01,43.12241851159627,-14.9,4.5,NA,NA,78.88998391280431,NA,NA,NA,NA,NA,NA,6.9635,4.179999999999999,NA,NA,NA,NA,NA,NA,0.7235,107.3173,-13.3,-7.5,-9.1,-31.6,-21.8,-32.7,-1.5,35.8,6.4,-14.9,30.4,26,-0.3,-24.9,-28.3,16.2,-3.5,-11.6,NA,NA,NA,NA,NA,NA,NA,NA,NA,NA,NA,NA,NA,48.9,35.9,3.4,0,0.8,NA,NA,NA,-38.1,89.6,NA,17.44,67.74150085449219,13.448372,NA,940.16998291015625,15.9,227.3,0
1995-11-01,44.451778966523655,-15.7,4.6,NA,NA,81.34854342451186,NA,NA,NA,NA,NA,NA,6.7628,4.29,NA,NA,NA,NA,NA,NA,0.7247,106.9323,-10.3,-8.1,-6.6,-32.1,-16,-38.4,-9.5,35.8,9.2,-10.6,36.1,30.5,-2,-30.1,-30,19.5,2.7,-12.5,NA,NA,NA,NA,NA,NA,NA,NA,NA,NA,NA,NA,NA,40.1,37.5,5.7,0,1.1,NA,NA,NA,-46.8,90.4,NA,17.99,76.33349609375,9.8032309,NA,959.78997802734375,17.7,514.19,0
1995-12-01,44.27560998483386,-15.6,4.6,NA,NA,81.8194288592895,NA,NA,NA,NA,NA,NA,6.4665,4.06,NA,NA,7.19,NA,NA,NA,0.7365,106.2243,-7.1,-6.8,-3,-28.4,-9.6,-46.6,-19,30.6,10.9,-8.9,39.5,30.8,-3,-34.6,-31.2,21.8,9.8,-14.2,NA,NA,NA,NA,NA,NA,NA,NA,NA,NA,NA,NA,NA,36.4,36.9,6,0,1,NA,NA,NA,-41,92,NA,19.04,65.67205810546875,7.8845358,NA,1086.5699462890625,19.4,630.16,0
1996-01-01,43.5,-19.8,4.7,73.7,-42.2,81.65321961711302,-13.6,51.32,NA,47.82,36.6,NA,6.2054,3.77,NA,NA,7.02,NA,NA,NA,0.7464,106.0708,-9.8,-6.7,-7,-32.9,-19.3,-49.1,-19.5,41.2,9.8,-6.3,34,28.8,-1.4,-36.1,-34.7,21.6,-1.8,-14.1,-23.9,NA,NA,NA,NA,NA,0.1,29.6,-31.7,-11.3,-15.9,NA,-14.5,33.6,31.6,5.4,0,1.1,NA,-50.3,-34.2,-39.7,87,NA,18.88,75.63492584228516,2.8614541,NA,1066.989990234375,21.6,653.53,0
1996-02-01,43.8,-17.7,4.8,74,-39.5,80.88057328140984,-17.3,51.47,NA,47.96,36.61,NA,6.4352,3.3199999999999994,NA,NA,6.96,NA,NA,NA,0.7495,105.8738,-14.5,-11.1,-13.7,-39.8,-22.8,-50.8,-14.2,42.9,6.7,-10.3,25.6,25.8,0.1,-36.3,-31.4,20.1,3.2,-20.7,-24.7,NA,NA,NA,NA,NA,-13.9,26.9,-28.8,-11,-16.2,NA,-9.2,31.1,51.3,3.2,0,0.5,NA,-49.8,-29.1,-59.2,86.1,NA,19.07,80.4209213256836,-4.7471664,NA,1050.81005859375,12.4,636.46,0
1996-03-01,43.9,-19.5,4.8,76,-33.2,82.80003893729722,-14.6,51.63,NA,48.5,36.66,NA,6.5493,3.3399999999999994,NA,NA,6.84,NA,NA,NA,0.7547,105.8308,-17.2,-12.6,-18.7,-42.6,-26.3,-36.6,-8.7,45.6,9.7,-11.2,30.8,24.2,-6.9,-37.1,-36.7,25.3,3.9,-22.2,-24.4,NA,NA,NA,NA,NA,-8.9,24.2,-23.1,-10.6,-16.2,NA,-46.6,26.1,19,4.6,0,2.4,NA,-48.2,-18.1,-15.1,83.2,NA,21.36,82.147613525390625,-8.5229191,NA,1118.5799560546875,47.3,559.45,0
1996-04-01,43.5,-21.4,4.8,73.1,-62.5,84.55740497185406,-5.5,51.57,NA,48.25,36.85,NA,6.4323,3.26,NA,NA,6.6,NA,NA,NA,0.7672,105.0968,-18.2,-13.8,-19.8,-45.8,-27.8,-34.4,-8.1,47.5,6.4,-11.6,27.8,25.4,-14.7,-42.9,-52,23.3,2,-16.2,-26.4,NA,NA,NA,NA,NA,-5,6.8,-29.5,-4.9,-9.4,NA,-109.6,22.3,28,5.4,0,2.3,NA,-61.7,-63.3,-43.4,80.8,NA,23.57,84.82862091064453,-3.7402163,NA,1138.8599853515625,38.2,324.28,0
1996-05-01,43.9,-23.5,4.8,79.4,-33.2,89.7625171961525,-21.5,51.52,NA,48.05,37.12,NA,6.4511,3.21,NA,NA,6.55,NA,NA,NA,0.784,103.8964,-13.6,-12.7,-14.7,-39.1,-21.9,-41.7,-18.7,45.5,18.8,-5,28.1,26.7,-11.6,-39.3,-37.6,28.3,-3,-16.3,-26.9,NA,NA,NA,NA,NA,-17.3,30.2,-38.6,-16.9,-10.3,NA,-1.9,15,30.5,1.7,0,0.4,NA,-44,-22.5,-5.3,81.5,NA,21.25,65.53082275390625,-6.5548453,NA,1090.6099853515625,49.6,169.09,0
1996-06-01,44.2,-19.1,4.8,78.7,-29.4,80.51568220945731,-13.7,51.68,NA,48.22,37.92,NA,6.6334,3.33,NA,NA,6.53,NA,NA,NA,0.7804,104.5221,-13.4,-12.3,-15,-33.9,-19.2,-39.3,-11,44,14.7,-7.1,35.1,28,-1.5,-32.8,-33.8,26.2,1.6,-9.2,-27.4,NA,NA,NA,NA,NA,-5.7,28.5,-35,-7.1,-11.5,NA,-5.3,15.5,43.5,1,0,0.6,NA,-40.3,-18.6,-35.7,85,NA,20.45,69.08858489990234,-17.235376,NA,1028.699951171875,41.9,76.03,1.36
1996-07-01,44.5,-17.6,4.7,80.4,-28.7,80.53247805117549,-19.2,51.73,NA,47.92,37.99,NA,6.5807,3.48,NA,NA,6.51,NA,NA,NA,0.7688,105.8137,-15.2,-14.6,-15.3,-40.5,-18.1,-37.1,-10.4,46.1,10.5,-12.9,24,27.7,-5.9,-31.2,-40,27.4,5.7,-12.3,-22.1,NA,NA,NA,NA,NA,-13.5,30.3,-38,-13.8,-12.2,NA,-1.4,20.3,40.1,0.9,0,1,NA,-38.9,-18.6,-30.9,84.1,NA,21.32,80.644317626953125,-30.166543,NA,1039.9300537109375,38.6,78.05,0
1996-08-01,44.3,-12.1,4.7,81.9,-27.5,81.6987263797526,-15.8,51.57,NA,47.07,38.05,NA,6.413,3.4399999999999995,NA,NA,6.52,NA,NA,NA,0.7577,106.6343,-14.1,-15.2,-11.8,-42.2,-15.7,-34.1,-16,45.8,9.2,-13.6,29.7,25.2,-1.7,-29.1,-36.9,16.8,9.7,-9.9,-21.7,NA,NA,NA,NA,NA,-8.8,31.5,-31.6,-7,-10.9,NA,-10,66.8,25.5,-0.2,0,0.6,NA,-37.2,-17.8,-5.1,90.5,NA,21.96,81.6876449584961,-33.032857,NA,1054.18994140625,7.2,61.31,0.01
1996-09-01,45.2,-14.9,4.7,84.1,-29.7,80.70887200588321,-12.6,51.58,NA,46.84,38.52,NA,6.2967,3.3399999999999994,NA,NA,6.52,NA,NA,NA,0.7697,105.1769,-14.5,-15.9,-11.6,-38.3,-19.5,-31.3,-7,47.2,16.1,-11.2,29,27.6,7.4,-29.6,-30.3,23.3,8.1,-10.9,-18.9,NA,NA,NA,NA,NA,-4.6,32.4,-27.5,-0.8,-8.6,NA,-5.6,24.4,19.1,-0.1,0.1,0.5,NA,-35.7,-23.7,-18.6,87.5,NA,23.99,88.19697570800781,-38.479653,NA,1067.0699462890625,59.8,245.2,0
1996-10-01,44.3,-12.4,4.6,85.1,-26.1,81.36914795374172,-14.9,51.68,NA,47.31,39.04,NA,6.0578,3.3199999999999994,NA,NA,6.47,NA,NA,NA,0.781,104.3889,-15,-18.5,-11,-40,-18.2,-31.7,-11.6,46.1,13,-12.5,32.2,26.7,5.5,-28.6,-32.9,18.2,9.5,-12.1,-20.6,-3.1,16.1,33,NA,NA,-14,29.6,-30,-1.3,-8,NA,-5.2,28.6,33.6,4.9,0,0.9,NA,-35.5,-16.8,-22.4,94.4,15.3,24.9,55.586830139160156,-29.188483,NA,1118.2900390625,36.2,298.61,0
1996-11-01,45,-11,4.6,85.8,-30.1,82.26296697731658,-15,51.83,NA,47.32,39.35,NA,5.9453,3.3199999999999994,NA,NA,6.45,NA,NA,NA,0.7727,104.676,-14,-16.2,-11.2,-39.9,-17,-29.3,-4.6,45.5,14.6,-11.6,30.3,26.7,6.9,-27.2,-27.6,9.7,3.9,-12.1,-19.2,8.2,26.9,36.4,NA,NA,-8.5,30.1,-29.8,-6.3,-6,NA,-8.1,61.1,16.4,1.6,0.1,0.5,NA,-34.6,-25.6,5.1,98.7,23.8,23.71,57.34461212158203,-4.7193009,NA,1140.18994140625,19.7,421.66,0
1996-12-01,45.7,-13.5,4.6,89.1,-27.8,80.9554304483061,-15,51.99,NA,47.4,39.3,NA,5.8574,3.35,NA,NA,6.42,NA,NA,NA,0.7934,103.833,-15.4,-18.5,-11.6,-40,-15.7,-25,-3.1,48.1,18.8,-15.7,22.6,23.6,14.1,-30.6,-39.3,11.4,1.6,-4,-19.2,11,31,39.2,NA,NA,-9.9,29.5,-31.9,-5.4,-2.9,NA,-1.5,68.4,7.6,2.3,0.1,1.1,NA,-33.7,-21.9,-13.4,98,27,25.39,74.982635498046875,-2.2828758,NA,1174.6199951171875,19.4,669.23,0
1997-01-01,46.4,-11.1,4.6,92.1,-24.9,82.53247158647653,-11.2,51.94,NA,47.7,39.19,NA,5.8388,3.33,NA,NA,6.37,NA,NA,NA,0.8198,102.8921,-16.4,-19.8,-11.9,-39,-15.8,-20.2,3.5,42.2,11,-18.3,22.4,20.4,11.4,-27,-30.1,15.7,9.4,-6.1,-14.9,2.8,16.5,26.8,NA,NA,-5.8,24.9,-28.3,-3,-3.7,NA,-4.9,48.5,20.9,5.9,0.3,0.9,NA,-37.9,-11.9,-26.5,94.6,15.4,25.17,54.062435150146484,-3.9356149,NA,1223.969970703125,18.8,645.32,0
1997-02-01,46.2,-9.2,4.7,90.1,-25,83.14131614667731,-18.7,52.19,NA,48.02,39.39,NA,5.5801,3.2999999999999994,NA,NA,6.29,NA,NA,NA,0.8563,102.5908,-18.6,-21,-12.5,-52.6,-22.6,-15,11.4,43.8,8.8,-18.4,24.5,23,7.6,-29.2,-32,11.5,13.1,-3.7,-15.7,9,30.5,25.9,-0.3,NA,-16.1,30.9,-32.4,-9.1,-4,NA,-9.9,33.6,49.1,3.3,0.1,0.6,NA,-37.3,-12.7,21.5,97.1,21.8,22.21,50.559940338134766,-5.6149883,NA,1215.239990234375,14.3,459.66,0
1997-03-01,46,-6.6,4.7,92.4,-27.9,81.5026495041512,-15.3,52.25,NA,48.35,39.1,NA,5.7105,3.3399999999999994,NA,NA,6.17,NA,NA,NA,0.8668,102.4533,-16.7,-21,-11.4,-48.2,-15.7,-13.7,6.6,34.2,12.2,-18.8,20.5,21.5,15.2,-26.5,-31.5,3.8,10.4,-4.2,-15.4,11.7,15.6,25.3,4.1,NA,-8.9,29.1,-29.7,-7.9,-4.1,NA,-3.3,36.5,23,2.9,0.1,0.3,NA,-38.3,-17.5,-15.4,98.4,17.5,20.99,58.48006057739258,-3.1740947,NA,1194.22998046875,37.3,423.18,0
1997-04-01,47.4,-6.3,4.7,89.5,-28,82.82828905405053,-18.5,52.19,NA,48.49,39.05,NA,5.8976,3.4199999999999995,NA,NA,6.11,NA,NA,NA,0.8748,102.07,-15.2,-20.3,-8.6,-44.7,-13.5,-13.6,7.9,34.9,15.7,-18.5,24.1,24.1,14.5,-19.7,-24.6,9.4,10.4,-3.4,-11.4,10.4,23.1,22.1,2.8,NA,-11.8,31.2,-37.6,-12.5,-9.8,NA,-4.8,51.4,20.8,3.5,0.3,8,NA,-34.7,-21.3,-27.9,98,18.5,19.72,62.844486236572266,-9.4575396,NA,1280.02001953125,16.1,398.57,0
1997-05-01,45.4,-3.6,4.7,91.6,-25.8,81.31417119523977,-15.7,52.19,NA,48.48,38.88,NA,5.7876,3.43,NA,NA,6.14,NA,NA,NA,0.8715,101.8627,-14,-19.9,-8.5,-39.1,-13.2,-13.4,10.8,33.2,19.9,-14.5,24.2,21.9,24.5,-14.2,-18.9,13.9,17.2,-4.5,-11.9,4.2,23.4,20.2,4.4,NA,-11,30.1,-33.1,-6,-8.2,NA,-8.7,72.7,22.8,0.9,0.1,0.6,NA,-34.9,-16.8,-8.1,98.3,15.9,20.83,53.57601547241211,-16.893029,NA,1309.699951171875,0.1,170.43,0
1997-06-01,46.7,-3.3,4.7,89.1,-28.7,83.05479781307861,-21.8,52.19,NA,48.53,38.76,NA,5.7813,3.3999999999999995,NA,NA,6.13,NA,NA,NA,0.883,101.4221,-16.9,-22,-10.8,-40,-20,-10.8,15.1,44.8,18.8,-15,27.5,24.7,20.3,-6.2,-18.7,11.8,8.1,-4.2,-12.4,2.1,27.5,21.7,1.1,NA,-26.3,29.9,-39.7,-9.2,-8,NA,-7.3,77.2,16.7,-0.2,0.1,0.9,NA,-35.8,-21.5,-16.3,97.4,17.1,19.17,39.045623779296875,-17.385683,NA,1480.489990234375,3.4,81.66,1.69
1997-07-01,47,-1.8,4.8,89.1,-33.7,83.06170987559982,-22.6,52.19,NA,48.54,38.56,NA,5.607,3.3999999999999995,NA,NA,6.01,NA,NA,NA,0.916,100.2295,-14.8,-14.7,-10.3,-40.5,-16.8,-8.8,12.1,42.2,20.2,-17.6,26.2,23.9,30.3,-6.6,-11.7,10.9,12.3,-3.3,-9.1,0.5,31.8,22.9,1.9,NA,-24.1,31.4,-35.7,-12.4,-9.5,NA,-8.1,49.2,35.9,0.7,0.2,1.3,NA,-39.9,-27.6,-36.9,98.9,18.4,19.63,47.69842529296875,-12.216112,NA,1335.9000244140625,13.6,64.33,0.01
1997-08-01,48.6,0.1,4.8,93.5,-32.6,81.9358994638134,-17.3,52.24,NA,48.14,39.05,NA,5.7032,3.45,NA,NA,6.02,NA,NA,NA,0.941,99.87662,-15.4,-18.3,-10.7,-37.6,-12.9,-2,25.7,40.6,16.8,-20,20.2,21.5,23.7,-3,-9,7,10.2,0,-8.7,5.1,29.4,19.5,6.9,NA,-16.4,29.3,-27.9,-6.2,-7.1,NA,-0.4,58.2,22.3,-2.4,0.1,0.2,NA,-39.6,-25.5,0.9,99.8,18,19.93,48.582298278808594,-15.793311,NA,1423.77001953125,20,40.86,0.17
1997-09-01,47.8,0.6,4.8,96.9,-31.1,81.8472745968749,-14.9,52.19,NA,48.04,38.87,NA,5.6349,3.48,NA,NA,5.97,NA,NA,NA,0.9144,100.4686,-9.8,-13.8,-3.8,-28.8,-5.9,-9.9,5.8,37.8,14.8,-16,26.5,25.6,25.9,-6.5,-13.5,0.7,9,-2.4,-5.9,8.2,30.7,20.6,11.2,NA,-12.5,29.3,-31.2,-2.8,-7.8,NA,0,78.8,14.6,-2,0.1,1,NA,-39.7,-22.5,-20.5,103.8,19.8,19.79,42.6890869140625,-15.64518,NA,1307.02001953125,9.7,123.01,0.01
1997-10-01,47.9,2.6,4.8,103,-29.5,85.86307947585883,-14.3,52.25,NA,48.41,38.95,NA,5.6219,3.73,NA,NA,5.95,NA,NA,NA,0.898,101.0926,-10.8,-13.2,-5.1,-24.6,-6.4,-10.1,13,37.6,15.9,-18.3,27.8,25.1,30.3,-5.3,-4.1,6.8,19.9,0.3,-2.6,15.7,31,20.5,19.1,NA,-7.8,29.9,-27.4,-5,-7.2,NA,-2.9,61.7,18,9.1,0.2,2.1,NA,-38.4,-20.6,-24.8,104.5,22.4,21.26,49.746307373046875,-13.605748,NA,1236.72998046875,8.5,345.39,0
1997-11-01,48.5,-1.5,4.9,101.8,-28.9,80.9812354817186,-11.9,52.4,NA,48.68,39.07,NA,5.6292,3.85,NA,NA,5.92,NA,NA,NA,0.8861,101.4057,-10.9,-14.4,-6.9,-28.1,-9.5,-9.2,17.6,39.6,12.3,-13.1,27.4,22.6,24.2,-7.3,-10.4,10.1,12.8,-3.5,-1.2,11.8,29.7,29.5,15,NA,-8,28.1,-24.3,0.5,-4.6,NA,4,82,9.3,0,0.1,0.5,NA,-36.4,-21.5,-18.6,103,23.7,20.17,59.6933708190918,-20.361339,NA,1294.93994140625,5.2,456.13,0
1997-12-01,50.2,1.2,4.9,101.4,-29.7,82.1464117352924,-12.8,52.5,NA,48.63,38.92,NA,5.402,3.84,NA,NA,5.97,NA,NA,NA,0.9091,101.3207,-11.3,-16.1,-6.8,-27.4,-5.9,-9.6,14.4,37.8,17.8,-16.6,27.4,23.1,18.4,-6.4,-14.4,4,13.9,1,-1.2,9,30.2,34,15.9,NA,-10.4,30.7,-28,2.6,-5.7,NA,-3.3,60.6,32.6,2.1,0.1,0.5,NA,-33,-26.5,-18.1,104.8,24.4,18.32,43.998268127441406,-20.419967,NA,1343.68994140625,4,550.54,0
1998-01-01,50,1.5,4.9,100.7,-35.3,84.7062917389774,-8.3,52.56,NA,49.2,38.61,NA,5.1932,3.7,NA,NA,6.03,NA,NA,NA,0.9283,101.2105,-11,-16,-3.1,-25.9,-4.5,-13,11.2,35.8,16,-20.6,27.2,22.4,27.2,-4.7,-8,5.5,14.8,-0.5,-1.9,20.6,31.1,36.4,17.8,NA,-1.7,24.4,-23,1.3,-8.3,NA,-4.5,69.6,17.2,7.4,0,1.1,NA,-38.9,-31.6,-30.2,106.3,29.4,16.71,53.0963020324707,-26.989012,NA,1402.9200439453125,1.8,573.08,0
1998-02-01,50.1,1.6,5,101,-27.6,86.3474975065113,-7.8,52.71,NA,49.34,38.34,NA,5.0682,3.62,NA,NA,6.12,NA,NA,NA,0.9273,100.8502,-7.4,-14.6,-2.6,-19.3,1,-11.9,11.2,29.7,14.2,-13.6,24.3,21.1,24.7,-3.2,-8.9,1.1,9.3,-11.7,-2.7,15.6,22.7,29.7,14.8,NA,2,25.1,-25.4,-0.4,-5.9,NA,-4.8,52,15.1,3.2,0,0.4,NA,-36.1,-19,-13.2,106.5,22.7,16.06,77.59761810302734,-42.831945,NA,1496.199951171875,38.8,424.62,0
1998-03-01,50.8,2.7,4.9,98.3,-26.4,82.51229024474796,-12.5,52.76,NA,49.83,38,NA,4.9687,3.6,NA,NA,6.06,NA,NA,NA,0.933,100.6546,-6.4,-11,-2.9,-21.2,0.6,-11,8,34.6,10.4,-12.5,28.5,23.3,19.9,-0.6,-6.7,10.3,19.1,1,-2.4,39.8,39.6,26.5,9.7,NA,-6.1,27.2,-26.1,-4,-3.8,NA,1.9,78.9,21.7,3.5,0,0.7,NA,-27.7,-25.1,-17.8,109.5,35.3,15.02,57.24806213378906,-35.801496,NA,1551.4100341796875,-5.6,480.35,0
1998-04-01,50.8,4.8,4.9,98.7,-30.9,85.07706041511462,-10.1,52.81,NA,49.89,37.83,NA,4.9735,3.64,NA,NA,6.03,NA,NA,NA,0.9279,100.7651,-7.2,-11.1,-2.4,-17.3,-0.1,-12.9,10.6,32.4,16.1,-15.2,32.4,23.9,29,1.7,-3.2,5.3,17.8,-4.3,0.6,11.1,27.5,22,11.8,NA,-3.6,28.5,-28.8,1.7,-7.9,NA,-15.5,48.1,36.1,4,0,2.7,NA,-39.2,-22.6,-20.8,106,20.2,15.44,50.99658203125,-42.726884,NA,1585.9100341796875,4.2,300.67,0
1998-05-01,50.9,2.3,4.8,102.9,-33.1,85.62889691680721,-8.9,52.71,NA,49.85,37.66,NA,5.0296,3.69,NA,NA,5.95,NA,NA,NA,0.9065,101.1682,-6,-9,-1.4,-17.5,-1.4,-15.3,1.4,35.9,12.9,-12.2,31.7,26.1,30.3,-2.7,-6.4,4.7,14.1,-8.2,0.1,8.1,41.7,26.3,13.9,NA,-2.8,29.6,-27.1,5.8,-0.8,NA,-15,76.2,18.2,0.4,0,0.8,NA,-42,-24.3,-18.9,107.2,25.4,14.86,94.4734878540039,-43.113525,NA,1490.3499755859375,0.9,170.02,0
1998-06-01,51.3,3.9,4.8,105.6,-35.2,83.57337177716917,-7.2,52.61,NA,49.53,37.51,NA,4.8886,3.64,NA,NA,5.88,NA,NA,NA,0.9156,101.0752,-7.5,-9.4,-1.2,-16.3,-3.5,-13.6,5.9,34.7,15.9,-15.8,33.8,25.4,36.4,-1.2,-7.5,7.8,20.7,-7.9,-0.4,28.5,37.6,35.6,20.6,NA,-3,25.3,-28.5,6.8,-3,NA,-12.1,65.6,30.9,-0.6,-0.1,1,NA,-41.9,-28.5,-9.7,109.9,33.9,13.66,76.30907440185547,-52.023102,NA,1463.4599609375,5.1,75.86,3.1
1998-07-01,51.7,-0.1,4.7,102.7,-33.9,84.48895204247744,-9.4,52.61,NA,49.52,37.45,NA,4.825,3.61,NA,NA,5.96,NA,NA,NA,0.9193,100.8003,-7.7,-10.3,-1.1,-15,-3.3,-16,2.8,29.9,13.3,-15.9,29.3,24.6,20.6,-4,-10.6,8.4,12.2,-8.8,-2.1,24,37.8,33,20.4,NA,-4.9,27.2,-27.9,3.7,-8.8,NA,-17.4,50,30.4,1,0,13.8,NA,-42.4,-25.5,-21.4,107.1,31.6,14.08,54.04841613769531,-58.66889,NA,1207.219970703125,7.6,53.34,6.2
1998-08-01,50.8,0,4.7,100.1,-32.3,84.2594151417734,-8,52.61,NA,48.85,37.34,NA,4.6212,3.5899999999999994,NA,NA,5.93,NA,NA,NA,0.9143,101.328,-7.2,-11.2,-1.2,-18.1,-3,-15.4,3,34,12.4,-13.5,32.5,26.3,25.5,-3.9,-13.9,7.6,11.5,-8.1,-1.7,29.8,22.2,28.2,14.6,NA,-1.4,27,-29.7,4.3,-7.6,NA,-6.2,60.1,34.1,-2.4,0,2.1,NA,-43.1,-21.5,-37.9,106.2,26.7,13.36,97.02085876464844,-63.630451,NA,1047.239990234375,7.1,58.88,6.9
1998-09-01,52.9,-9,4.6,106.1,-26.7,85.37285907435522,-1.4,52.5,NA,48.72,37.15,NA,4.3132,3.5499999999999994,NA,NA,5.84,NA,NA,NA,0.8705,102.5278,-7.5,-10.3,-1.3,-17.3,-5.6,-13,8.8,32.4,16.6,-12.8,29.4,24.4,4,-18.7,-19,13.2,5.1,-16,1.2,25.6,34.4,37.2,21.1,NA,15.4,26.2,-31.8,6.7,-5.3,NA,-8.6,73.2,21.2,-2.3,0,0.8,NA,-35.2,-18.2,-24.6,104.4,32.4,14.95,62.51344299316406,-54.783776,NA,1149.510009765625,13.8,161.82,0
1998-10-01,52.4,-9.1,4.5,99.8,-29.6,85.09185316932665,-9.5,52.61,NA,48.95,37.21,NA,4.2973,3.5699999999999994,NA,NA,5.74,NA,NA,NA,0.8372,103.1547,-6.3,-10,0.8,-15,-1.6,-14.9,10.7,30.7,18.8,-14.5,30.7,26.1,7.2,-20.1,-19.6,11.8,4.5,-21.4,-8.6,18.1,15.3,30.5,10.2,NA,-6.7,28.9,-26.2,7,1.2,NA,-8.9,49.5,24.4,-1.6,0,12.9,NA,-37.2,-21.9,-40,101,21.3,14.39,54.403648376464844,-42.77947,NA,1132.3699951171875,16,296.46,0
1998-11-01,52,-14.1,4.4,105.9,-29.3,84.72591823487093,-14.6,52.66,NA,49.11,37.14,NA,4.329,3.6,NA,NA,5.67,NA,NA,NA,0.8594,102.6577,-5.2,-7.6,1.1,-13.4,-1.9,-14,12.2,29.7,17.5,-12.2,30.1,24.9,-1.9,-24.4,-26.4,18.2,0.1,-14.8,-7.2,20.8,18.5,33.2,23.6,NA,-15.8,30.3,-28.5,2.2,-5.1,NA,-9.7,37.1,25.3,-0.4,0,1.7,NA,-40.6,-18,-24.1,99.2,24.2,12.85,67.96592712402344,-45.309895,NA,1120.77001953125,35.2,536.14,0
1998-12-01,50.8,-11.6,4.3,105.5,-22,83.83033122795732,-8.9,52.76,NA,48.96,36.9,NA,4.0545,3.3999999999999995,NA,NA,5.59,NA,NA,NA,0.8533,102.9267,-7.4,-9.9,-3.3,-11.5,-1.2,-22,11.3,26.2,11.9,-15.2,27.5,24.1,2.5,-26.4,-30.9,14.4,6.1,-18.9,-7.2,15.2,34.7,26,20.2,NA,1.7,28.7,-25.7,0.4,-2.9,NA,-10.9,35,22.9,4.2,0,2.1,NA,-33.3,-10.8,-30.7,100.5,25.3,11.28,75.95989227294922,-57.510725,NA,1073.6700439453125,34.2,642.91,0
1999-01-01,51.6,-11.8,4.3,98.6,-26.3,84.78446857671717,-7,52.71,NA,49.25,36.86,NA,3.8426,3.1321,NA,NA,5.39,NA,NA,NA,0.861525983,102.5742,-5.6,-8.3,2.9,-11.3,-2,-22.6,6.6,30.2,15.8,-14.8,31,24.1,5.9,-27,-23.3,13.4,4.9,-18.3,-6.9,16.4,17.6,29.8,10.8,NA,-0.5,25.4,-32.5,4.8,-4.3,NA,-3.6,37,15.5,4.9,0,3.2,NA,-37.5,-15.1,-29.4,100.4,21.3,12.47,63.98722457885742,-63.098479,0.34460876430930565,1172.760009765625,35.2,599.2,0
1999-02-01,51.7,-12.8,4.2,100.8,-27.3,82.234199631395,-14.5,52.81,NA,49.54,36.64,NA,3.984,3.0934,NA,NA,5.28,NA,NA,NA,0.8923797552,102.2885,-6.8,-9.1,2.3,-12.9,-5,-25.9,2.2,29,18.1,-15.5,33.9,26,8.1,-27.2,-34,15.5,4.4,-15.7,-7.7,18.1,16.9,24.4,19.2,NA,-14.2,27.3,-33,-2.2,-8.6,NA,-9.8,57.2,12.5,3.1,0,4,NA,-30.2,-24.4,-47.5,98.4,19.8,12.01,58.316383361816406,-58.906081,0.24555149807733334,1189.760009765625,28.4,571.98,0
1999-03-01,52.4,-11.9,4.2,115,-25.8,86.26374399792108,-13.5,52.87,NA,49.47,36.66,NA,4.1648,3.0466957,NA,NA,5.2,NA,NA,NA,0.9186893681,101.8936,-7.4,-8.8,-1.4,-21.6,-7.4,-27.1,-4.4,32.3,16.3,-11.9,32.2,28,-4,-28.4,-33.9,13.7,6.2,-17.5,-7.4,22.2,27,36.9,38.1,NA,-5.6,30.6,-34.6,-4.4,-5,NA,-15.3,56,6.3,3,0,1.3,NA,-35.6,-16,-14.8,102,28.7,14.66,83.39727783203125,-44.244783,0.1321824590990336,1298.530029296875,34.2,430.71,0
1999-04-01,52.9,-13.6,4.2,103.3,-24.5,86.17014432680065,-10.4,52.87,NA,49.42,36.95,NA,4.0321,2.6964545,NA,NA,5.01,NA,NA,NA,0.9343411465,101.2082,-4.7,-4.8,3,-14.4,-4.7,-23.3,0.4,26.8,24.2,-12.6,31.9,26.3,-0.2,-30.5,-32.1,14,3.8,-10.3,-12.4,16.1,20.7,20.3,18.9,NA,-0.6,30,-30.4,-0.7,-2.2,NA,-3.4,37.4,21.7,6.3,0.1,1,NA,-33.9,-15.1,-32.7,99.2,19,17.34,106.19801330566406,-49.293676,0.11922613394346442,1174.68994140625,33.8,304.36,0
1999-05-01,53.6,-15.8,4.2,97.8,-25.3,85.66352305858008,-11.6,52.92,NA,49.39,37.28,NA,4.2107,2.5789524,NA,NA,4.93,NA,NA,NA,0.9409123945,101.1587,-3,-3.4,3.4,-9.5,-2.8,-24.3,-0.3,26.3,22.5,-9.3,34.1,25.6,1.8,-31.3,-42.5,20.6,4.6,-13.3,-12.9,15.2,20.8,19,12.8,NA,-13.8,26.5,-28.9,5.5,-5.1,NA,-1.1,46.6,11.8,0.9,0.1,2.5,NA,-31.9,-18.8,-25.8,97.6,18.3,17.75,85.441131591796875,-35.175096,0.06210161789588329,1231.739990234375,34.3,152.18,0.21
1999-06-01,54.3,-15.8,4.2,101.1,-12,88.84048567249111,-10.5,52.71,NA,48.51,37.16,NA,4.5399,2.6266818,NA,NA,4.85,NA,NA,NA,0.9636387318,100.4044,-5.1,-6.5,1.9,-7.8,-0.9,-25.4,0.5,20.7,23.6,-14.9,32.2,25.9,5.4,-29.5,-37.4,14.3,-3.7,-16.1,-13.4,4.5,23.7,20.7,12.3,NA,-2.6,31.5,-32.9,2.6,0.3,NA,3.1,32.9,23.1,7.4,0.3,1.8,NA,-19.1,-4.8,-16.5,97.3,16.3,17.89,79.4105453491211,-42.225693,0.08481047556388337,1181.6300048828125,35.2,92.49,0.02
1999-07-01,53.4,-3.2,4.1,101.7,-15.8,90.183043318275665,-3.3,52.76,NA,48.2,37.5,NA,4.8678,2.6764545,NA,NA,4.81,NA,NA,NA,0.9662252,100.0011,-3.3,-3.1,1.2,-4.6,1.4,-24.1,6.1,19.5,26.9,-12.6,36.2,26.2,10.9,-20.4,-21,5.9,16.8,-5.8,-5.1,18.8,28.3,18.1,8.6,NA,0.3,28.1,-23.6,17.9,2.7,NA,2.8,56,21.3,3.4,0.1,1.2,NA,-23.5,-8,-14.4,106.3,21.7,20.07,62.14287185668945,-43.702253,0.07637926057887691,1203.1800537109375,20.7,45.25,3.77
1999-08-01,54.3,-4.7,4,106.3,-16.4,90.51068448594727,-3.6,52.87,NA,47.85,38.5,NA,5.1012,2.6950455,NA,NA,4.85,NA,NA,NA,0.9435675375,100.2693,-0.7,-1.8,4.1,3.8,8.1,-23.9,2.6,12.2,29.1,-13.2,36.8,30,14.2,-16.5,-28.2,10.7,13.2,-1.7,-4.7,15.6,26.2,14.7,16.3,NA,-0.2,24.8,-23.9,14,2.9,NA,-3.7,29.9,36.6,-0.1,0.1,4.8,NA,-22,-10.7,15.6,104.5,18.8,21.26,62.858642578125,-36.95271,0.1337984761451215,1116.4000244140625,29.5,48.64,0.97
1999-09-01,55.2,-1,4,110.2,-15.4,89.45802908688523,-3.1,52.81,NA,47.92,38.54,NA,5.2748,2.7266818,NA,NA,4.87,NA,NA,NA,0.9509796476,99.9766,-0.8,-2.4,3.1,4.8,6.8,-23.7,2.3,9.9,26.4,-10.8,37.2,28.3,26.6,-16,-33,9.1,22,-3.7,-1.8,18,41.2,28.6,20.3,NA,1.1,22.5,-24.6,12,4,NA,-2.9,24.4,10.6,46.7,0,8.4,NA,-22.3,-8.4,-6,109.8,29.2,23.88,69.581512451171875,-28.075313,0.14051618566657262,1130.1400146484375,14.1,71.48,0
1999-10-01,56.1,-1,4,103,-20.4,91.24751035070724,-7.7,53.02,NA,48.54,39.09,NA,5.5291,3.3756667,NA,NA,5.04,NA,NA,NA,0.9339608478,100.542,-0.7,-3.8,4.4,2.9,9.1,-22.3,6.2,9.9,26,-12.6,40.3,30.2,27.3,-12,-21.3,9.7,18.7,-2.2,-4.6,22.1,24.6,23.7,12.3,NA,-2.3,29.2,-29,8.5,1.6,NA,1.2,50.9,17.7,-1.2,0,1.9,NA,-26.8,-13.9,-21.1,107.3,23.4,22.64,72.353485107421875,-12.524384,0.19629448865915264,1136.3699951171875,29.8,282.8,0
1999-11-01,59.6,-4.2,4.1,100.2,-11.7,90.2632138393549,-3.8,53.18,NA,48.98,39.09,NA,5.271,3.4676818,NA,NA,5.17,NA,NA,NA,0.968291072,99.86674,-0.9,-2.6,2.3,5.4,10.4,-23,8.4,4.2,24.6,-13.7,34.6,27.2,26.9,-10.8,-23,5.7,4,-9.3,-3.2,15.9,32.8,16.7,7.8,NA,5.4,27.2,-20,10.4,-0.2,NA,-4.8,44.7,5,45.3,0,1.4,NA,-14.9,-8.6,-17,105.8,21.8,24.97,57.9638671875,-12.911794,0.05273812142339608,1197.8199462890625,1.6,515.44,0
1999-12-01,56.3,3.1,4.2,106.9,-21.2,93.3042580320157,-3,53.64,56.78,49.07,39.99,48.62,5.3528,3.4460455,NA,NA,5.31,NA,NA,NA,0.9882430935,99.81178,-2.4,-3.5,1.2,-2,4.4,-13,23.6,11.2,15.9,-11.8,29.5,25.7,32.5,-7.2,-16.9,1.4,17.9,-9.3,-3.2,19.3,31,12.2,21,NA,10,28.3,-26.7,9.3,-2.9,NA,-5.9,59,4,3.5,0,3.4,NA,-31.9,-10.6,0.1,108.7,20.8,26.08,86.0849380493164,-12.311638,0.06558191156457491,1126.010009765625,29.7,616.44,0
2000-01-01,55.6,4.2,4.3,107.8,-18.9,88.3,9.7,53.43,56.35,49.65,39.84,48.45,5.7533,3.3431429,5.39,NA,5.39,NA,NA,NA,0.9865996552,99.24532,-3,-3.8,1.7,2.3,3,-13.7,22.7,7.9,25.5,-12.8,38.8,27.1,31.8,-4.8,-10.7,1.6,18.9,-2.4,-0.9,23,29.7,18.7,23.6,NA,4.5,-12.4,-16.7,12.2,-5.4,NA,-1.5,58.9,13.1,3.8,-0.2,0.8,NA,-26,-11.9,-20.5,110.8,23.8,27.18,64.45780944824219,-10.378952,0.17693045697086884,1094.6199951171875,23.5,683.58,0
2000-02-01,56.7,6.6,4.3,107.4,-21,88.2,-5.1,53.85,56.75,50.04,40.27,48.83,5.7722,3.5367619,5.46,NA,5.46,NA,NA,NA,1.0158312604,99.26057,-10,-4.8,-5.5,3,-17.1,-8.8,31.3,14,17.7,-12.5,35,28.3,26.4,-2.8,-14.5,5.8,28.5,1.5,-1.7,20.4,16.8,24.6,23,NA,-1.2,22.8,-26.4,8.7,-4.6,NA,2.5,46.8,5.1,6,0,10.7,NA,-28,-14.1,22.2,107.9,20.6,29.35,63.54172134399414,-9.0346292,0.4401887971617487,1130.0699462890625,39.1,475.24,0
2000-03-01,57.5,9.2,4.1,115.8,-16.7,88.3,4,53.9,56.8,49.76,41.01,48.8,5.5851,3.7470435,5.54,NA,5.54,NA,NA,NA,1.0362688143,98.94951,-6.7,-3.2,-2,-3.3,-10.2,-6.6,26.3,11.8,19.1,-11.5,37.8,26.6,31.4,4.3,-6.4,2.9,26,3.4,-1.4,23.5,18.2,21.7,32.7,NA,18.6,22.5,-17.9,15.9,-0.8,NA,7.5,35.6,24.7,3.1,0,1,NA,-25.5,-7.9,-26,110.8,21.2,29.89,50.101985931396484,5.6405123,0.509250864301584,1132.47998046875,29.9,445.04,0
2000-04-01,57.9,9,3.8,113.6,-15.8,90,-6.5,53.8,56.74,49.97,40.43,48.7,5.4877,3.9252778,5.73,NA,5.73,NA,NA,NA,1.057506551,98.40369,-6.4,-4.3,-7.4,-3.9,-2,-1.7,34.8,8.9,17.5,-12.1,32.6,27,33,5.5,-5.7,2.3,23.8,9.3,5.6,23.1,29.7,25.4,25,NA,-5.1,24.6,-27.5,10.3,1.6,NA,3.2,46.6,23.4,3.5,0.1,3.9,NA,-22.4,-9.1,-4.6,111.3,26.1,25.74,48.6827392578125,8.7239624,0.3319276875354617,1131.0699462890625,19,244.31,0
2000-05-01,59.7,11.9,3.7,117.8,-15.9,90,-1.1,53.74,56.67,49.76,40.79,48.62,5.6624,4.3620455,5.81,NA,5.81,NA,NA,NA,1.1019083056,98.06665,-4.6,-4.9,-3.2,1.1,3,-3,26.4,1.5,16.6,-13.5,38.1,27.4,35.9,8.8,-5.9,-2.2,24.7,11.8,5.1,18.4,29.8,29.3,33.3,NA,9.3,25.6,-19.5,13.1,-1.2,NA,-0.2,60.7,9.3,1.3,0.1,0.7,NA,-26.9,-4.9,-0.7,113.9,25.8,28.78,79.482879638671875,4.7363075,0.3424079466857247,1129.5799560546875,23.3,125.97,0
2000-06-01,59.1,9.2,3.6,113.7,-17.4,90,-2.9,53.95,56.78,49.59,42.15,48.85,5.515,4.5017273,5.77,NA,5.77,NA,NA,NA,1.0529837192,99.1288,-5.9,-5.5,-8,-1.6,3.1,13.9,34.9,1.8,11.8,-13.2,31.9,24.4,36.8,8.1,-4.5,2.7,22.1,9.4,4.5,26.1,47.5,29.3,30,NA,4.5,23.3,-12.4,10,-4.6,NA,0.5,71.3,10.3,1.4,0,7.8,NA,-26,-8.7,-23.6,113.6,34.3,31.83,64.71781921386719,3.5041066,0.35379485372399994,1142.4000244140625,7.4,67.02,7.26
2000-07-01,59.5,9.8,3.8,113,-15.7,89.7,4.9,53.8,56.53,49.43,42.59,49.09,5.597,4.5829048,5.99,NA,5.99,NA,NA,NA,1.0654109333,98.69321,-5.8,-6.7,-6.5,8.7,7.5,4.3,29.3,-4.1,15.9,-17.6,40.4,26.4,37.9,7,-0.6,4.6,27.2,7.9,8,21.1,41.8,31.5,24.6,NA,14.2,21,-18.6,21.6,-0.5,NA,4.6,75.7,10.1,5.2,0.1,1.6,NA,-21.9,-9.5,-8.5,113.2,31.5,29.77,51.904022216796875,5.1877684,0.32559506792115894,1163,8.8,91.18,1.23
2000-08-01,60,8.8,3.8,119,-17,89.1,-1.7,53.85,56.66,49.22,42.44,49.13,5.5428,4.777087,6.07,NA,6.07,NA,NA,NA,1.1059381633,98.13943,-4,-6.5,-3.6,8.3,8.5,5.8,21.1,-2.6,14.9,-14.3,38,27,29.9,5.6,-1,11.6,32.4,0.9,8.4,21,43.1,30.7,37.1,NA,5.1,23.9,-23.8,13.6,-3.9,NA,-5.2,80.2,7.4,-1.1,0.1,0.3,NA,-22.2,-11.8,-7.5,112.3,31.6,31.22,46.49225616455078,6.6423245,0.27349742242282427,1161.1600341796875,10,33.96,8.29
2000-09-01,60.7,10.1,3.9,101.5,-20.7,90.5,-10.2,54.05,56.68,49.32,43.81,48.82,5.5665,4.8528095,6.06,NA,6.06,NA,NA,NA,1.1483974476,97.55412,-7.6,-8.5,-10.5,4.4,3.5,15.4,32,3.8,19.1,-14.9,33.4,26.3,23.1,9.1,3.4,4.7,25.9,9,11.2,18.4,27.6,15.5,7.4,NA,-5.7,24.6,-28.4,-0.4,-4.3,NA,-2.7,57.9,38.9,2.6,0.1,0.4,NA,-33.3,-8.1,-7.7,108.3,20.5,33.88,52.689998626708984,10.645149,0.22584231161153445,1130.5699462890625,11.7,132.43,0
2000-10-01,60.4,9,3.8,104.6,-22.2,88.9,-5,54.21,56.84,49.37,44.15,48.83,5.5152,5.0412727,6.18,NA,6.18,NA,NA,NA,1.171642344,97.3894,-11.5,-11.7,-15.2,-1.9,-0.5,23.1,37.6,0.3,14.2,-18.8,31.8,23.6,31.8,10.5,1.7,4.4,21,9,4.4,19.5,35.1,20.8,11.6,NA,-0.7,25,-23.8,10.8,1.7,NA,-0.4,68.7,10.1,4.8,0.2,0.8,NA,-29.4,-14.9,-10.4,107.8,25.1,33.08,76.45652770996094,11.914355,0.24831145961559795,1065.81005859375,12.8,244.59,0
2000-11-01,62.6,10.4,3.8,105.8,-23.4,90.6,-4.7,54.41,57.03,49.6,44.79,49.05,5.4556,5.0919545,6.19,NA,6.19,NA,NA,NA,1.1678184071,97.69498,-1.8,-5.3,2.7,-15.5,-4.5,19.7,21.3,-11.7,2.9,-0.1,-20.4,8.2,34.4,11.5,-2,7.1,26.8,12,5.9,25.4,40.8,22.8,13.9,NA,0.8,27.2,-19.9,12.3,0.2,NA,-2.4,51.3,17.5,27.2,0.2,1.1,NA,-33.5,-13.2,-29.4,114,29.7,34.4,45.06056213378906,11.212551,0.21281395348694723,1073.300048828125,3.3,396.48,0
2000-12-01,65,8.4,3.7,102.8,-23.8,89.2,-5.3,54.62,57.27,49.89,44.7,49.4,5.212,4.9391579,6.19,NA,6.19,NA,NA,NA,1.1108472407,98.33678,-7.6,-10.3,-7.2,3.4,0.7,15.3,28.3,-1.9,16.1,-13.8,34,25.1,29.3,9.5,3.5,2.2,17.9,9.9,5.8,27.5,27.6,26,10.7,NA,3.3,26.7,-23.2,7.4,-1.2,NA,1.5,59.6,11.7,3.5,22.3,0.4,NA,-30.7,-16.8,-26.9,110.2,27,28.46,45.39509963989258,4.3608476,0.33371569665205786,1104.06005859375,5.3,539.89,0
2001-01-01,61.8,5.3,3.6,106.4,-23.1,88.1,-4,54.64,57.38,50.72,42.76,49.65,5.0996,4.7707273,6.23,NA,6.23,NA,NA,NA,1.0651099201,99.19735,-8.9,-11.6,-7.2,3.4,-3,13.8,28.3,3,10.2,-13.8,32.7,24.6,31.1,6.7,-0.3,7.3,16.5,7.1,2.1,26.2,26.2,28.2,18.2,NA,0.4,22.4,-26.9,10,-2.3,NA,-3.1,70.4,8.7,14.3,0.9,0.2,NA,-31.8,-14.3,-22.2,108.1,26.9,29.58,46.89955520629883,1.2459248,0.29767317677103594,1198.3299560546875,6.1,612.19,0
2001-02-01,62.2,6.9,3.6,103.9,-61.6,88.5,-8.2,54.82,57.59,50.86,42.36,49.93,5.0983,4.7558,6.22,NA,6.22,NA,NA,NA,1.0853814393,98.86557,-8.5,-12.6,-6.2,0.1,-1.8,12.6,30.8,1.5,19.5,-13.6,35.4,26.4,27.9,2.6,-10.2,5.9,24.1,6.8,1.3,18.9,23.8,31.8,26.5,NA,-4.1,24.8,-26.6,4.2,-3.4,NA,-4.3,60,30.1,9.5,0.2,2.5,NA,-35.3,-87.9,-0.8,106.6,24.8,29.61,55.087711334228516,-4.53244,0.16790877509868965,1186.5400390625,-1.7,488.91,0
2001-03-01,61.7,2.3,3.7,109.5,-19.3,89.3,-3.5,54.91,57.65,51.03,42.5,49.87,5.0094,4.7086364,6.16,NA,6.16,NA,NA,NA,1.1010139483,98.87808,-5.7,-10.1,-4.9,2.3,2.6,8.6,27.8,-5,17.7,-10.4,36.6,25.6,20,0.6,-12.9,6.8,13.1,2.8,1.6,20,24.2,21.8,23.2,NA,5.4,23.5,-21.6,7.5,-2.9,NA,-7.8,68,12.6,3,0.2,1.1,NA,-29,-9.5,7.2,106.7,22,27.24,61.708953857421875,-2.8810971,0.1383255047708709,1219.3499755859375,11.7,405.9,0
2001-04-01,61,-3.8,3.9,105.3,-23.7,87.3,-9.9,55.19,57.95,51.25,42.7,50.2,5.1608,4.682,6.12,NA,6.12,NA,NA,NA,1.118874966,98.81603,-8,-11.2,-3.3,-1,-0.9,12,29.2,-0.4,18.8,-16.7,36.2,25.9,16.8,-8,-14.7,14.8,11.3,-4.4,-0.4,17.9,20.4,25.5,16.5,NA,-6.2,26.3,-25.2,2.8,-0.2,NA,-5.9,64.7,20.4,2.9,0.2,0.1,NA,-30,-17.3,-26.8,101.7,21.3,27.41,50.5687370300293,-7.1712144,0.15381967371454494,1194.81005859375,9.5,361.83,0
2001-05-01,61.2,-6.5,4,96,-30.7,87.3,-0.6,55.29,57.89,51.65,43.66,50.15,5.3443,4.6366818,6.04,NA,6.04,NA,NA,NA,1.143491682,97.95393,-6.5,-10.9,-1.8,-1.3,0.3,15.3,30.9,-0.4,17.1,-13.8,36.5,26.5,11,-12,-20.7,11.4,3.8,-0.5,-0.9,17.1,23.1,25.4,7,NA,5.7,22.7,-22,15,-6.1,NA,-7.8,59.4,31.7,5.3,0.1,1.2,NA,-37.2,-24.1,-25.8,101.9,21.9,28.64,60.376861572265625,-6.8916267,0.05805945239020642,1206.8199462890625,2,126.02,0.29
2001-06-01,60.7,-8.1,4.1,96.9,-36.3,87,-4.5,55.36,58.04,51.48,43.52,50.39,5.2723,4.4535714,5.99,NA,5.99,NA,NA,NA,1.1708814672,97.52718,-6.6,-8.4,-1.9,-6.3,-4,18.2,33.9,9.3,20,-12.3,38.4,27.1,11.6,-14.9,-23.1,11.9,2.5,-8.2,-1.5,10.7,25,8.6,9.7,NA,2.2,23.8,-24.5,8.1,-6.9,NA,-9.2,65.7,23.7,2.7,0.1,1.3,NA,-45.2,-27.4,-16.1,98.5,14.8,27.6,72.06433868408203,-11.979578,0.0698616071414984,1230.030029296875,7.4,121.76,0.04
2001-07-01,61.4,-9.5,4.1,92.8,-40.1,87.8,-4.2,55.28,58.11,51.04,42.77,50.87,5.2923,4.4671364,5.98,NA,5.98,NA,NA,NA,1.1609328566,97.88834,-9.3,-10.6,-0.7,-11.1,-11.3,19.4,35.7,19.5,23.1,-14.6,40.5,28.3,1.5,-19,-26,17.8,8.2,-4.1,-6,6.7,20.9,13.2,6.3,NA,1.5,25.3,-21.9,11.1,-9.2,NA,-20.1,47.6,40.1,2.1,0.1,1.1,NA,-54.5,-25.6,-44.6,96.3,13.6,26.45,61.072940826416016,-24.822532,0.038205051503530985,1200.1300048828125,11.6,44.8,4.81
2001-08-01,61.7,-7.5,4.1,88.1,-37.7,88.4,-7.2,55.14,58.02,50.84,42.23,50.81,5.0979,4.3535217,5.91,NA,5.91,NA,NA,NA,1.1085936288,98.56609,-10.2,-10.2,-4.1,-16.9,-8.1,17.5,35,20.8,19.3,-18.5,35.4,26.5,-2,-21.5,-18.2,8.4,7.4,-6.8,-5.6,3.7,10.5,12.1,0.9,NA,1.7,31.7,-23.6,8.4,-11.9,NA,-7.3,59.9,35.4,-2.3,0.1,1.2,NA,-47.4,-27.9,-27.5,96.4,8.8,27.47,64.10773468017578,-45.491588,0.022736597946807217,1084.0699462890625,9.6,37.32,7.06
2001-09-01,61.2,-18,4.1,93.1,-36,87,-2.2,55.35,58.17,51.27,42.66,50.65,5.0806,3.98285,5.84,NA,5.84,NA,NA,NA,1.0958313556,98.91473,-11.3,-9.4,-5.5,-20.3,-13.4,15.8,39.4,28.7,13.1,-17,33.4,26.8,2.6,-28,-32.8,12.6,-13.3,-14.9,-2.7,12.7,2.8,4.9,1.6,NA,6.6,25.8,-24.5,12.8,-3.8,NA,-15.6,67,21.4,3.2,0.1,2.6,NA,-45.6,-26.4,-19.2,90.8,6.8,25.88,498.64788818359375,-49.357157,0.08897018990928139,1033.7900390625,10.2,223.17,0
2001-10-01,62.1,-17.9,4.2,82.6,-36.9,87.3,-6,55.46,58.38,51.56,41.67,50.75,4.8475,3.5998696,5.71,NA,5.71,NA,NA,NA,1.1038487339,98.92174,-11.1,-8.9,-2.8,-19.7,-17.8,8.9,31.3,35.8,12.6,-15,39.5,27.8,-15.1,-33,-38.4,19.6,-1,-15.5,-23.6,9.6,-9.1,-3.7,-3,NA,5.1,27.7,-27.8,4.6,-9.6,NA,-17.2,51.2,31,-0.2,0.1,1.8,NA,-45.8,-28,-26,87.9,-1.1,22.21,512.52972412109375,-54.012499,0.13906460262792367,1120.3800048828125,15.3,196.76,0
2001-11-01,60.7,-13.5,4.3,88.1,-39.5,87.6,-8,55.44,58.44,51.42,41.25,50.82,4.7045,3.3856818,5.56,NA,5.56,NA,NA,NA,1.1257230773,98.42564,-9,-9.4,-1.2,-22.2,-11.5,10.9,26.4,32.4,4.8,-13.9,37.4,27.8,3.4,-29.5,-29.9,9.1,-1.9,-17.2,-22.1,9.5,-8.1,8.6,4.6,NA,-1.1,28.7,-24.6,5.7,-7.9,NA,-10.6,55.7,37.9,2.5,0.1,1.1,NA,-47.7,-31.2,-35.2,93.1,3.3,19.67,306.785888671875,-58.698029,0.08048993839048685,1140.3599853515625,5.1,503.52,0
2001-12-01,61.6,-14.1,4.4,83.3,-41.3,87.8,0.6,55.59,58.68,51.66,40.66,51.12,4.9545,3.3448889,5.46,NA,5.46,NA,NA,NA,1.1198899849,98.2528,-8.5,-8.2,-3.7,-24.8,-10.3,11.4,28.1,30.9,-3.2,-11.8,42.2,28.6,-6.2,-30.5,-30.3,13.5,1.6,-9.2,-22.2,12.1,-16.3,2.2,-8.1,NA,10.7,22.3,-19.8,13.4,-2.3,NA,-14.5,38.4,49,4,0,2.9,NA,-56.8,-25.9,10.1,91.5,-0.7,19.33,236.09974670410156,-56.737492,0.009287787377837125,1165.9000244140625,9.8,697.71,0
2002-01-01,61.1,-14.2,4.5,83.2,-33.8,85.5,-6.4,55.68,58.53,53,40.66,51.15,5.0646,3.3387727,5.35,NA,5.35,NA,NA,NA,1.1329108656,97.93264,-7,-8.8,-1.7,-25,-2.7,9.4,24,24.7,-3.2,-14.8,36.3,27,-2.6,-32.2,-35.4,17.1,6.7,-12,-15.8,3.8,-15.1,18.8,-4.2,NA,2.8,29.2,-24,7.1,-11.7,NA,-20.2,32.4,20.1,5.2,-0.2,3.8,NA,-45.5,-22.1,-62.1,92.6,2.5,19.67,172.47720336914063,-49.964844,0.09851572664153403,1211.8800048828125,37.7,629.18,0
2002-02-01,61.4,-13.1,4.5,88.4,-27.2,88,-5,55.77,58.78,52.43,40.65,51.46,5.1192,3.3571,5.39,NA,5.39,NA,NA,NA,1.1485257019,97.5069,-7.2,-12,-1.5,-28.8,1.5,18.8,22.5,17.8,-8,-16.8,35.2,23.1,-4,-31.7,-35.3,13.3,5.6,-6.7,-16.8,8.7,-0.9,24.1,1.6,NA,2.7,22.6,-19.8,4.9,-9.5,NA,-2.8,58.2,21.6,3.3,0,2.5,NA,-40,-14.4,-13.6,96,10.7,20.74,146.1857147216797,-46.901117,0.02589479759464665,1289.1600341796875,17.3,424.53,0
2002-03-01,60.2,-14.2,4.5,94.6,-26.8,86.8,-10.3,55.85,58.87,52.3,40.61,51.47,5.3575,3.3908,5.44,NA,5.44,NA,NA,NA,1.1407623889,97.38781,-7.8,-12.2,1.6,-26.7,2,21.3,21.7,18.8,-6.5,-22.6,58.9,24.3,2,-32.6,-38,18.4,8.3,-7.5,-16.5,11.8,0.4,22,9.9,NA,-5.5,27.2,-19.9,1.8,-8.1,NA,-1.6,66.9,28.8,6.9,0.1,0.9,NA,-44,-9.6,-10.6,94.6,11.4,24.42,151.9763641357422,-36.636935,0.010944822068620642,1344.6700439453125,-10.6,410.64,0
2002-04-01,62.6,-11.7,4.3,88.2,-32.2,86.2,-15.4,56.09,59.04,52.18,41.99,51.61,5.3473,3.4069048,5.36,NA,5.36,NA,NA,NA,1.1276855728,97.5382,-7,-14.1,1.4,-28.8,3.7,23.7,14.7,20.7,-7.3,-19,39.9,24.6,-1.4,-31.6,-30.8,18.6,15.1,0.9,-10.8,11.5,1.4,17.8,-0.2,NA,-12.6,27.7,-22.1,-5.9,-9,NA,3.6,50.9,27.7,2.7,0,3.6,NA,-43.5,-20.8,-10.4,95,10.2,26.27,157.49655151367188,-35.798645,0.01403709372643584,1301.7099609375,9,341.42,0
2002-05-01,62.6,-11.7,4.2,92.7,-32.9,88.6,-20.3,56.2,59.27,52,41.69,51.89,5.3684,3.4671364,5.41,NA,5.41,NA,NA,NA,1.0891203166,98.24139,-7.4,-13.8,1.4,-28.8,1.9,24.3,14.7,21.1,-8.2,-19,40.2,24.7,7.2,-32.6,-36.6,15.5,13,3.7,-4.2,14.4,19.5,10.7,4.8,NA,-20.6,31.6,-20.3,-8.7,-9.8,NA,-5.5,33,31.6,1.6,0.1,1,NA,-46.9,-18.8,-4.9,96.2,14.8,27.02,163.3223114013672,-39.91634,0.0055604514699451905,1243.0699462890625,32.3,129.85,0
2002-06-01,62.9,-12,4.2,92.2,-34.1,86.5,-16.9,56.19,59.44,51.35,41.27,52.13,5.2177,3.464,5.4,NA,5.4,NA,NA,NA,1.0454304451,99.08842,-8.2,-14.8,1.8,-25.2,1.7,31.5,8.9,22.3,-4.3,-21.5,36.4,23.1,10,-33.1,-38.3,15.3,12.3,-0.1,-7.1,18.6,14.7,9.8,5.9,NA,-20.4,25.7,-28.2,-4.7,-9.1,NA,-13.2,66.7,9.5,3.1,0,10.9,NA,-40.5,-27.7,-8.8,95.7,14.4,25.52,149.33042907714844,-43.555,0.02402177222703619,1141.0999755859375,7.8,56.15,10.16
2002-07-01,62.4,-11.3,4.3,89.8,-29.3,87.5,-12.8,56.1,59.32,51.11,41.58,52.43,5.0607,3.41,5.43,NA,5.43,NA,NA,NA,1.0083493024,99.3871,-10.4,-18.5,-1.5,-31.4,0.2,37.3,12.6,26.1,-10.4,-21.8,35.9,25.7,7.8,-31.7,-27.8,15,12.7,3.7,-8,7.6,2.3,15.4,1,NA,-9.1,24.2,-27.4,-5.1,-9.8,NA,-1,46.1,28.9,3,0,3.1,NA,-43.8,-14.7,-7.4,94.1,8.4,26.94,122.7783432006836,-44.318466,0.035083347691365625,1134.260009765625,19.7,43.08,4.51
2002-08-01,60.3,-12.9,4.4,85.8,-34.1,87.6,-15.9,56.25,59.45,51.34,41.26,52.62,4.7739,3.3519091,5.36,NA,5.36,NA,NA,NA,1.0224667614,99.50697,-12.9,-19.5,-1.9,-34.7,-7.6,42.4,5.6,29.8,-9.5,-22.4,36.6,22.1,8.2,-33,-35.1,17.8,12.2,-3.2,-5.8,8.9,0.3,24.8,-6.4,NA,-13.8,24.1,-18.6,-9.8,-8.6,NA,-9.7,52.7,22.3,13.1,0,1.4,NA,-48.6,-19.6,-15.4,93.2,11.3,28.38,127.06451416015625,-43.023792,0.04655811660595375,1070.2099609375,11.4,48.81,0.12
2002-09-01,62.6,-13.9,4.5,88.1,-33.1,87.8,-15.2,56.25,59.39,51.4,41.63,52.13,4.5708,3.3101429000000002,5.29,NA,5.29,NA,NA,NA,1.018930549,99.30386,-9.4,-18.3,0.9,-37.4,-0.3,44.2,4.1,19.6,-7.4,-19.8,41.4,22.3,-1.5,-34.1,-39.3,13.1,5.6,-3.9,-9.5,5.2,-5.7,19,-3.1,NA,-10.6,23.5,-33.8,-11.4,-6.2,NA,-5.4,39.7,29,4.9,0,2.7,NA,-46.7,-19.6,-24.9,92.9,6.2,29.67,174.90333557128906,-26.503859,0.020750548546560544,1082.800048828125,28.7,189.57,0
2002-10-01,61.9,-10.9,4.4,93.4,-34.1,88.5,-13.2,56.37,59.38,51.89,42.21,51.96,4.6421,3.2612609,5.3,NA,5.3,NA,NA,NA,1.0185576368,99.48096,-9.9,-20.5,-0.2,-37.3,1.5,43.8,7.4,17.3,-8,-20.5,31.9,22.9,7.5,-29.9,-26.4,13.6,10.7,-2,-9.2,5.2,15.1,17.3,6.4,NA,-9.5,20.5,-21.8,-9.7,-6.9,NA,-1.8,49.1,19.8,2.4,0.1,1.7,NA,-44.6,-23.5,-9.9,95.4,12.5,28.85,172.03192138671875,-12.165195,0.10808542673213754,1091.9599609375,25.3,320.49,0
2002-11-01,62,-13.3,4.4,91,-36.5,87.6,-8.2,56.37,59.43,51.83,41.94,51.96,4.6152,3.1241429,5.29,NA,5.29,NA,NA,NA,0.998391457,99.5987,-8.7,-21.9,1.7,-39.2,3,42.1,4.7,18,-5.4,-17.7,33.5,22.8,9.7,-28.5,-34.4,16,4.6,-3.4,-9.1,5.3,17,15.1,0.7,NA,-1.4,19.1,-18.5,-4.1,-3.3,NA,-2.1,35.5,20.5,4.8,0,1.5,NA,-43.2,-29.7,-18.4,94.3,12.5,26.27,159.12759399414063,-5.4374124,0.07386656342837325,1150.050048828125,36.8,384.65,0
2002-12-01,62.3,-8.6,4.5,92.7,-39.9,87.9,-21.5,56.52,59.73,51.82,41.21,52.44,4.4282,2.94105,5.25,NA,5.25,NA,NA,NA,0.9816505964,99.69524,-8.5,-16.5,0.9,-34.8,2.6,42.4,11.9,18.4,-8.4,-20.9,42.2,23.3,14.5,-22.8,-28.4,11.2,8.1,-8.6,-9.6,5.7,16.6,28.7,8.9,NA,-26.4,27.5,-35.7,-10.7,-9.5,NA,-4.8,51,17.7,7,0,1.1,NA,-46,-33.7,-33.9,97.8,17,29.42,175.8117218017578,7.7613536,0.02339471987959772,1153.989990234375,28.8,585.9,0
2003-01-01,63.9,-6.4,4.5,92,-29.7,88.2,-20.5,56.62,59.56,52.87,42.01,52.51,4.2233,2.8318182,4.96,NA,4.96,NA,NA,NA,0.94040941,100.2509,-12.3,-17.2,-2.5,-40.2,-7.5,41.7,12.9,25.6,-0.6,-22,39.7,25.3,14,-22.2,-27.8,7.8,10.8,-4,-9.7,7.3,3.9,13.7,4,NA,-25.2,23,-25.5,-13.2,-8.1,NA,-25.5,61.8,12.4,8.2,0,1.5,NA,-43.6,-15.7,-5.8,96,8.3,32.94,206.43460083007813,9.1539883,0.01947593575517146,1158.4300537109375,20.5,658.36,0
2003-02-01,62.9,-7.9,4.5,91.1,-15.6,87.8,-20.1,56.73,59.66,52.5,42.9,52.61,4.0091,2.68745,4.86,NA,4.86,NA,NA,NA,0.9275953902,100.2055,-12.2,-20.2,-3.4,-41.9,-6.9,37.6,19.3,23.6,-0.8,-18.4,36.8,24.6,21.7,-19.1,-23.1,13.8,9.2,-3.6,-1.5,5.2,13,13,-2.9,NA,-28.3,22,-31,-9.9,-7.7,NA,4.6,44.1,19.8,6,0,0.7,NA,-29.6,-1.6,-10.2,95.6,10.4,35.87,239.61093139648438,7.5851829,0.044057104210237924,1163.1099853515625,34.3,628.36,0
2003-03-01,63,-9.4,4.6,86.5,-27.3,87.3,-25.6,56.88,59.71,52.89,43.47,52.51,4.032,2.5299524,4.85,NA,4.85,NA,NA,NA,0.9265309166,100.345,-15.6,-21.1,-7.7,-41.8,-13.9,36.4,26.2,31.6,-2.6,-19.7,33.3,21.8,7.1,-23.3,-26.5,11.5,6.5,-1.5,-7.7,0,1.9,8.8,-4,NA,-32.1,23.4,-39.4,-21.4,-9.8,NA,19.5,31.6,18.1,6.6,0,2.1,NA,-36.6,-18,-18,91.4,3.6,33.55,358.711181640625,17.583892,0.095817585869001215,1229.1600341796875,37.7,430.66,0
2003-04-01,63,-10,4.7,86.8,-24,88.8,-21.6,56.82,59.86,52.69,42.03,52.68,4.1584,2.53335,4.5,NA,4.5,NA,NA,NA,0.9199372046,100.441,-15,-20.9,-5.4,-43.4,-13.1,35.5,14.9,35.7,-6.7,-20.6,31.7,20.1,10.1,-25,-26.6,12.5,7.6,-4.7,-9.5,-1.5,5.3,12.2,0.8,NA,-25.4,21.3,-23.5,-18.1,-14.4,NA,11.7,38.4,11.2,3.4,0,0.5,NA,-28.5,-19.4,-5.6,92.2,5.3,28.25,255.77517700195313,29.076289,0.075106012451389,1250.18994140625,43.3,343.39,0
2003-05-01,61.9,-14.3,4.8,88.7,-24.4,87.3,-16.6,56.75,59.89,52.66,41.08,52.62,3.8511,2.4005238,4.37,NA,4.37,NA,NA,NA,0.8642839574,101.2872,-17.5,-20.1,-7.3,-40.8,-16.3,34.4,11.5,35.3,-14.3,-26.5,32.1,27.2,5.5,-32.2,-40.1,14,3.1,-5.9,-8.1,2.1,10.5,10.9,0.9,0.8,-21.7,22.3,-30.7,-5.7,-12.3,1.4,2.4,75.7,8.3,4.1,0,2.4,5.9,-34.5,-14.2,-6.7,90.3,7.8,28.14,162.1218719482422,37.185594,0.08614464301621969,1305.7099609375,-1.6,119.13,0.11
2003-06-01,62.7,-9.1,4.9,89.9,-21,88.4,-10.1,56.75,59.96,52.35,41.09,52.78,3.7575,2.1518571,4.39,NA,4.39,NA,NA,NA,0.8568760615,101.6923,-16.4,-17.3,-6.5,-43.3,-16.7,31.8,8.5,39.1,-13.1,-25.1,27,25.1,10,-29.7,-33.1,6.5,8.8,-8.6,-5.6,5.4,7.6,15.4,-2.8,3.5,-7.6,21.5,-23.5,-1.3,-6.3,3.4,8.5,66.1,8,14.3,-0.1,1,1.9,-30.3,-11.7,-7.4,95.2,9.5,30.72,145.7697296142578,32.889812,0.048058751205489955,1321.260009765625,6.2,15.76,9.58
2003-07-01,62.8,-10.9,4.8,93.1,-17.5,87,-9.6,56.68,59.9,52.14,41.1,53.17,4.0613,2.1300435,4.18,NA,4.18,NA,NA,NA,0.8796626356,101.2859,-14.6,-18.3,-4.6,-42.4,-13.9,34.2,8.5,32.3,-8.9,-21.6,23.7,27.1,5.4,-27.2,-33.8,14.6,9.1,-11.1,-7.9,13.4,16.6,13.9,3.1,3.7,-6.5,21.6,-21.4,-0.7,-7,4.9,5.7,67.2,18.5,4.6,0,0.7,1.1,-27.2,-7.7,6.2,95.5,14.6,30.76,134.89891052246094,35.315611,0.010856683919338958,1350.8599853515625,8.3,33.44,9.9
2003-08-01,63,-6.5,4.8,93,-16.7,86.1,-6.7,56.84,60.03,52.21,41.56,53.41,4.2159,2.1404286,4.15,NA,4.15,NA,NA,NA,0.8969280973,101.2119,-15.5,-21.2,-4.1,-43.2,-11.2,36.7,22.6,33.7,-11.4,-25.6,29.8,25.6,7.4,-24.1,-32.1,5.8,10.3,-9.5,-7.4,5.6,18.8,22.8,4.2,2.5,-9.9,15.6,-19.6,5.4,-9.6,3.1,3.2,73.4,8.8,3,0.2,1.1,0,-29.5,-3.9,2.2,98.7,15.7,31.59,138.23092651367188,39.244992,0.01295003880575576,1351.8900146484375,10.4,16.51,24.41
2003-09-01,63.1,-3.6,4.8,91.5,-25,87.3,-4.9,56.99,60.12,52.4,41.96,53.1,4.2447,2.1473182,4.17,NA,4.17,NA,NA,NA,0.8885194569,101.2801,-11.5,-18.7,-4.1,-35.2,-1.4,36.3,15.4,27.7,-7.5,-21.9,25.2,26.5,10.4,-22.3,-30.3,6.8,18.2,-6.9,-6.9,15.4,24.8,17.5,5,3,-6.2,19.3,-8.9,10.7,-11.5,3.8,9,67.3,20.1,3.6,0.1,2.7,0,-32.6,-17.4,-7.3,101.5,19.2,28.29,118.19628143310547,46.54298,0.039753900460142454,1421.1400146484375,9.2,151.74,0
2003-10-01,63.4,-4.3,4.9,90.5,-19.7,88.5,-0.3,56.97,60.08,52.74,41.6,52.89,4.3182,2.1435652,4.05,NA,4.05,NA,NA,NA,0.8546855464,101.3288,-11,-18.7,-3,-33.5,0.9,39.6,23.8,27.9,-6.1,-23.4,25.6,26.1,21,-22,-28,7.4,16.6,-1.1,-3.4,14.9,22.3,17.9,-4.6,7.2,8.3,21,-10.2,11.8,-5.1,5.1,3.8,60,21.7,6.7,0.1,0.4,0,-33.5,-5.9,-2.9,101.4,18.4,30.33,108.3173828125,99.301681,0.023040944916310382,1490.6700439453125,10.6,390.84,0
2003-11-01,63.2,-2,5,91.5,-19.3,84.3,-6.1,57.12,60.18,53.31,41.42,52.92,4.4386,2.15905,4.13,NA,4.13,NA,NA,NA,0.8534178999,101.6876,-12.2,-19.2,-5.4,-37.6,-2.2,38.7,21,28.5,-7.5,-22,26,24.6,21.8,-18.4,-20.3,7.1,19.4,2,-8.3,13.8,21.5,21.1,-1,11.2,-4.4,25.3,-21.1,11.5,-5.8,2.1,8.4,60.6,7.6,1.8,0.1,2.6,5.7,-36.1,-2.5,28.9,102,18.8,31.09,118.0866928100586,101.48092,0.009238423262464324,1545.1500244140625,18.4,403.84,0
2003-12-01,63.4,-2.7,5.2,93.4,-14.7,87.5,-4.4,57.28,60.43,53.22,41.4,53.28,4.3803,2.1463333000000002,4.27,NA,4.27,NA,NA,NA,0.8131120243,102.1887,-10.9,-17.8,-2.9,-33.6,-2,37,23.3,25.8,-7.7,-21.1,29.8,28.6,24.7,-16,-20.7,10.1,18.1,0.7,-3,13.5,32.3,16.3,1.5,8.7,-2,22.6,-21.1,11.4,-9.1,4.7,7.2,64.2,30.1,2,0.1,0.7,1.2,-34.2,4.8,9.5,102.4,20.7,32.15,129.46507263183594,109.48522,0.004705596584276538,1720.1199951171875,8.2,590.45,0
2004-01-01,65,-4.3,6.1,93.7,-17.9,86.9,-8.8,57.31,60.25,53.92,42.02,53.28,4.2664,2.0894762,4.25,NA,4.25,NA,NA,NA,0.7927523477,102.2056,-12.1,-21.4,-7.5,-31.8,-1,38.2,24.6,27.9,-7.8,-18.5,25.5,26.1,20.9,-14,-19.4,10.9,11.9,3.3,0.8,7.3,23.9,16.9,-0.9,13.9,-7.7,19.8,-17.6,1,-6.9,2.8,12.5,72.5,15.4,7.1,0.2,0.9,0.8,-38.5,2.7,10.3,99.2,16,34.27,113.46759033203125,121.8408,0.03444496601520241,1781,7,669.01,0
2004-02-01,64.2,-2.9,6,100.2,-31.2,86.4,-3.3,57.56,60.64,53.57,42.12,53.76,4.2255,2.07055,4.02,NA,4.02,NA,NA,NA,0.791426784,102.2919,-12.6,-19.8,-6.7,-28.3,-1.2,43.4,20.6,27.5,-7.2,-22.9,31.5,27.9,10.4,-15.9,-21,9.2,16.5,2.1,-2.6,12.7,25.4,29.8,10.4,9.1,-12,19.3,-19.9,21.3,-3.5,1.8,-25.2,61.4,24,3.2,0.2,2.6,0,-51.3,-11,2.5,101.9,22.6,34.74,115.07597351074219,125.93089,0.023993739678998257,1866.760009765625,12.4,521.35,0
2004-03-01,65.6,-1.8,5.9,102.4,-26.7,87.3,-5.6,57.8,60.79,53.74,43.12,53.85,4.0493,2.0288261,4.02,NA,4.02,NA,NA,NA,0.8155332247,101.7858,-9.9,-18.9,-3.2,-26.4,0.8,39.5,16.9,25.9,-5.1,-18.3,29.5,25.7,29.3,-13.7,-18.4,3.6,11.7,10.4,7.2,12.2,18.7,29.7,7.1,8,1.1,23.5,-22.8,5.6,2.2,4,-32.6,43.2,19.5,3,4.9,1.1,0,-35.7,-17.7,6.9,103.4,20.2,36.76,138.53207397460938,119.85037,0.0368032582232259,1926.2900390625,24.9,496.77,0
2004-04-01,66.1,-2.5,6.1,98.4,-21.4,90,1.5,57.72,60.67,53.64,43.41,53.73,4.2415,2.04875,3.85,NA,3.85,NA,NA,NA,0.833518721,101.0156,-10.6,-17.5,-2.7,-31.1,-1.5,40.8,19.7,35.3,-9.1,-20.8,26.3,29.1,18.3,-14.9,-21.1,6.5,14.1,8.7,-5.8,9.2,24.2,18.4,6.3,4.9,2.7,21,-11.1,22.8,-0.3,4,-26.8,35.2,13.1,2.3,0.3,0.9,1.4,-32.8,-9.9,-10.2,102,17.3,36.69,149.6313934326172,106.4881,0.05198354026716152,1879.780029296875,42.3,296.67,0
2004-05-01,66.6,4.1,5.7,104.8,-19.7,86.5,2.5,57.93,60.73,53.81,44.86,53.72,4.3657,2.0858571,3.82,NA,3.82,NA,NA,NA,0.8324215129,101.3735,-12.3,-19.7,-3.8,-31,-4.1,42.1,17.4,38.4,-9.7,-21.6,30.1,24.7,26.8,-9.6,-14.8,2,23.9,13.5,15.3,16,33,24.1,11.3,8.2,14.3,15.8,-9.9,8.9,-4.7,7.9,-10.5,41.3,13.7,5.6,0.3,0.9,0,-32.8,-6.5,9.8,107.2,24.4,40.28,121.0911865234375,84.046343,0.027705374744240483,1989.4000244140625,34.8,225.29,0
2004-06-01,67,4.1,5.6,96.8,-17.1,87.7,-2.3,58.04,60.87,53.85,44.92,53.99,4.4219,2.1126818,3.93,NA,3.93,NA,NA,NA,0.8231777259,101.6015,-13.2,-21.3,-2.5,-29.3,-5.7,37.4,14.8,33.1,-9.7,-23.3,31.3,25.4,20.7,-9.9,-16.8,-1,21.1,15.4,7,14,32.1,22.4,6.4,9.1,-2,19.9,-22.7,15.1,-13.2,10.4,-3.6,28.9,20.8,3,0.9,1.1,8.7,-37.1,2.9,-6.9,106.8,22.8,38.02,137.23391723632813,62.3979,0.012348934483101775,2031.6600341796875,37,93.65,0.09
2004-07-01,67.3,1.2,5.5,103.8,-23.2,88.1,-4.8,57.87,60.73,53.51,44.7,54.36,4.3132,2.1160455,3.81,NA,3.81,NA,NA,NA,0.815449971,101.376,-12.1,-20.5,-2.2,-25.4,-0.4,37.9,17.8,31.7,-6.5,-25.5,27.9,25,27.8,-9.8,-13,2.4,15.8,8.3,0.4,16.4,20.8,23.8,10.9,6.9,-3.1,17.3,-22.4,6.1,2.5,3.9,-1.7,28.7,26.4,1.1,0.6,1.3,4.4,-33.6,-12.8,-10.6,104,20.4,40.69,131.0198516845703,88.836549,0.01595682585331892,1993.02001953125,37.4,63.26,2.56
2004-08-01,68.2,-0.5,5.7,103,-20.9,86,-12.5,58.09,60.94,53.24,45.8,54.51,4.1482,2.1142727,3.77,NA,3.77,NA,NA,NA,0.8202851114,101.6434,-13.6,-18.4,-7.7,-29.6,-7.3,38.1,24,29.4,-6.9,-21.1,31.1,26.2,21.5,-12.1,-19.1,4.6,15.3,12,7.1,14.6,30.7,24,11.3,8,-12.8,25.5,-18.5,0.9,-4.3,11.6,-4.5,35.8,23.3,6,0.2,3,0.6,-34.2,-7.5,2.2,103.3,23.1,44.94,140.36582946777344,98.796832,0.012446116102363772,2042.8699951171875,31,41.43,2.09
2004-09-01,68.4,2.4,6.1,97.3,-26,88.2,-9.3,58.04,60.98,52.95,45.32,54.29,4.0899,2.1185909,3.86,NA,3.86,NA,NA,NA,0.8178968621,101.6903,-12.7,-20.3,-4.1,-30.4,-7.9,39.4,23,30.5,-6.9,-18.6,30.8,26.2,27,-10.3,-18.4,0.4,17.9,13.9,2.1,15.7,26.9,15.4,6,5.4,-8.5,17.6,-19.5,-1.8,-5.6,5.6,-10.6,47.9,29.8,1.7,0.1,0.3,1.4,-38.2,-13.8,-30.8,104.2,19.3,45.95,153.87161254882813,97.971328,0.03568064586733088,2112.169921875,24.7,134.76,0
2004-10-01,68.7,1.3,6.2,98.6,-20.5,87.2,-13.9,58.32,61.16,53.15,46.63,54.44,3.9739,2.1473333,3.82,NA,3.82,NA,NA,NA,0.8010767148,101.9204,-13.2,-18,-4.8,-24.4,-6.2,37.9,29.4,26.5,-8.9,-23.6,29.8,27.6,21.2,-6.8,-13.8,5.5,16.1,12.9,0.3,16,29.3,26.8,4.6,7.2,-20.2,24.5,-17.1,3,-1.4,6.2,-2.1,52.4,16.6,3.2,0.2,1.9,3.9,-33.8,-7.3,-0.6,104.2,24.1,53.13,119.86279296875,106.78779,0.03624867100070488,2288.449951171875,21.4,238.26,0
2004-11-01,68.6,1.7,5.7,104.2,-20.3,88,-16.5,58.43,61.26,53.3,46.78,54.53,3.841,2.1703182,3.83,NA,3.83,NA,NA,NA,0.7693685486,102.3642,-14.6,-18.2,-8.7,-26,-7.3,42.1,28.9,29.3,-5.9,-24.2,29.3,27.2,22.9,-6.6,-12.5,5.1,16.8,9.6,0.3,10.9,28,23.8,16.8,6.3,-21.1,20.9,-23.7,-7.6,-7,-0.6,-10.1,38.3,30.2,7.2,0.2,0.6,3.6,-40,-0.6,-12.1,102.8,20.9,48.46,122.70738983154297,122.15189,0.018297682280092327,2431.3798828125,18.7,449.19,0
2004-12-01,67.5,0.1,5.9,101.9,-14.5,86.8,-7.6,58.72,61.53,54.07,46.66,54.91,3.6342,2.1731739,3.83,NA,3.83,NA,NA,NA,0.7454376067,102.4775,-12.4,-18.3,-4.6,-28.6,-7.2,36.1,21.8,26.9,-3.7,-19.7,33.3,24.2,17.5,-9.1,-18,1.9,11.4,16.4,4.9,13.3,28.4,21.7,9.2,-0.5,-11.5,22.8,-15.5,11.4,-3,0,7,48.3,16.1,9.4,0.4,10.2,1.3,-23.7,-5.4,9.8,104.2,21.1,43.33,109.89522552490234,126.19621,0.011679010235432113,2494.2099609375,18.6,586.84,0
2005-01-01,67.8,-2.9,5.7,100.8,-11.7,88,-10.2,58.7,61.43,54.4,45.44,55.1,3.5641,2.1454286,3.89,NA,3.89,NA,NA,NA,0.7628096826,102.4786,-10.2,-17.8,-1.1,-22.2,-1.3,36.7,26.8,27,-6.1,-20.8,33.2,28.2,17.2,-15.7,-19.2,5,11.9,5,-1.7,8.1,18.3,17.7,9.6,6.2,-11.8,26.3,-17.2,7.4,-3.7,4.1,1.6,42.7,22.3,3.4,0.2,2.4,4.8,-23,-0.3,1.7,101.4,14.7,46.84,100.88758850097656,106.04591,0.030130921369931927,2703.969970703125,24.4,614.42,0
2005-02-01,67.9,-3.6,5.8,92.7,-25.9,87.8,-14.3,58.9,61.62,54.67,45.82,55.45,3.5473,2.13835,3.62,NA,3.62,NA,NA,NA,0.7676513351,102.1123,-11.5,-17,-1.7,-30.4,-6.4,35.4,25.1,30.7,-6.9,-21.2,25.9,24.9,14.4,-20.5,-28.4,3.7,13.5,4.8,0.3,5.9,9,10.7,3.8,6,-10.9,20.7,-26.4,-11.2,-11,3.6,-15.1,33.4,15.7,4.2,0.2,0.7,0,-34.8,-17,-4.4,98.4,8.5,47.97,108.97796630859375,106.45841,0.023036094025797184,2632.89990234375,51.7,610.54,0
2005-03-01,67.8,-4.5,5.9,99.7,-26,88.6,-1.4,59.17,61.76,54.92,47.13,55.45,3.7023,2.1371905,3.63,NA,3.63,NA,NA,NA,0.7588134294,102.2973,-9.3,-13.6,-2,-25.1,-4,37.1,22.5,27.5,-5.8,-17.7,31.3,27.4,15.8,-21.5,-27,9,17.1,3.7,-5.7,4.5,10.8,18.4,10.3,4.7,-10.5,25.2,-23.5,31.3,-2.7,5.4,-9.5,39,15.9,4,0.2,0.9,0,-40.2,-11.8,5.8,99.8,11.2,54.31,90.41048431396484,109.43098,0.008357353096903495,2566,38.6,503.2,0
2005-04-01,69.3,-5.9,5.9,95,-23,88,-7.4,59.05,61.52,54.31,48.5,55.14,3.4965,2.1372381,3.68,NA,3.68,NA,NA,NA,0.7726796173,102.0108,-10.4,-15.5,-1.5,-23.4,-3.2,40.5,25,25.8,-5.8,-21.3,28,27.5,9.1,-21.3,-24.7,10,13.6,2.1,-6,6.1,15.7,23.5,6.1,5,-3.3,20.9,-18.2,1.9,-7.4,6.4,-0.6,57.1,17.6,8.9,0.2,1.4,1.9,-35.7,-10.2,-2.1,99.5,15.1,53.04,87.03240203857422,106.11502,0.031477232474151115,2791.389892578125,6.1,302.66,0
2005-05-01,69.2,-5.2,6.3,95.2,-12.1,89.3,-11.1,59.05,61.65,54.07,47.98,55.23,3.4131,2.1256364,3.53,NA,3.53,NA,NA,NA,0.7885121195,101.7289,-12.7,-16.5,-3.4,-24.1,-8.9,39.2,23.7,32.9,-5.1,-22.2,29.8,25.2,13.8,-20.5,-27.5,8.9,13.8,-3,-7,7.1,8,15.2,6,6.1,-6.2,23.1,-16.4,-4,-7.9,7.8,4.3,39.6,14.6,3.5,0.2,2.6,0.7,-22.3,-1.9,-17.1,98,10.1,49.83,98.205963134765625,85.152721,0.014307441067113303,3049.909912109375,36.1,168.65,0.87
2005-06-01,69.9,-6.2,6.2,97,-18.3,87.8,-10.5,59.21,61.74,54.27,48.51,55.4,3.2292,2.1110455,3.54,NA,3.54,NA,NA,NA,0.8225777413,101.3921,-10.8,-15.3,-2.5,-26.6,-8.5,36.5,24.7,32.5,-3.2,-17.1,27,27.9,7.6,-23.7,-31.7,7.8,13,-1.7,-5,4.3,15.6,14.2,7,4.6,-10.1,22.9,-17.5,1.4,-6.2,6.1,-3.1,49.7,15.2,5.1,0,0.6,0.4,-33.1,-3.5,-11.4,98.7,11.4,56.26,81.124053955078125,56.452422,0.013973533185003549,3126.2099609375,31.3,82.28,1.41
2005-07-01,70.5,-8.6,6.2,98.9,-24.6,87.5,-8,59.08,61.55,53.61,49.59,55.69,3.2681,2.1194286,3.49,NA,3.49,NA,NA,NA,0.8299360787,101.1341,-13.9,-16.2,-4.3,-29,-11.9,39.5,29.6,36.1,-7.6,-23.2,31.9,27.3,13.3,-22.3,-27.5,9.9,6.6,-2.6,-3.3,10.8,17.7,11.2,9.3,9,-2.9,26.3,-14.3,5.1,-3.7,7.3,-6.3,49.7,21.3,1.8,0.1,1.5,0.5,-34.3,-14.9,-3,96.3,13.2,58.7,165.90191650390625,34.626825,0.005949445588176409,3285.22998046875,26.7,56.66,8.57
2005-08-01,69.6,-7.5,5.8,95.9,-13.1,89.5,-10.1,59.17,61.58,53.49,50.36,55.81,3.2841,2.1324783,3.49,NA,3.49,NA,NA,NA,0.8133932101,100.9557,-13.8,-16.1,-5.9,-34.3,-13.1,37.9,29.4,36,-5.5,-19.9,30.6,28.3,12.1,-24,-34.4,9.1,10.6,4.2,-7.2,5.4,14.5,10.6,5.6,9.6,-9.5,19,-18.3,-1.9,-5.5,5.7,12.8,44.5,17.4,1.8,0.3,0.4,0.2,-22.8,-3.4,-2.3,96.7,10.2,64.97,116.2276611328125,33.590713,0.008028462140504464,3457.449951171875,35.9,82.29,0.1
2005-09-01,70.7,-1.5,6.2,96.2,-14.6,88.2,-11.1,59.51,61.71,53.6,52.72,55.51,3.1155,2.1391364,3.47,NA,3.47,NA,NA,NA,0.8166935065,100.7582,-17.1,-18.8,-9.1,-33,-13.7,42.6,35.1,31.6,-10.2,-26.9,31.6,26.3,14,-18.7,-27.3,5.7,19.9,6.4,-2.5,2.7,10.5,18.9,2.7,6.7,-10.6,23,-22.3,0.2,-2.6,5.5,3.9,54.2,10.3,2.4,0.9,1,0.4,-21.6,-7.6,-9.2,98.5,10.7,65.57,103.80766296386719,56.329549,0.012978884564342794,3298.739990234375,31.2,118.18,0.01
2005-10-01,71.5,-3.1,6.1,97.8,-15.6,89.4,-2.1,59.54,61.76,53.84,52.23,55.37,3.2683,2.196619,3.51,NA,3.51,NA,NA,NA,0.8312796932,100.7352,-13.1,-15.1,-2.7,-29.1,-10.2,40.3,32.1,33.8,-8.1,-24.4,34.8,26.9,23.1,-19.1,-25.1,7,16.8,2.7,-1.9,4.5,21.8,15.2,7.7,8.6,5.5,19.5,-23.1,7.7,-7.6,9.2,0.8,51.5,17.9,0.2,0,0.6,0.2,-31.7,0.5,1.4,100.3,13.9,62.37,87.06182861328125,68.327912,0.015057256760120956,3493.3701171875,28.4,264.13,0
2005-11-01,73,-0.3,6.2,97.4,-7.2,89.6,-4.2,59.44,61.82,54.02,50.57,55.39,3.4771,2.3608636,3.44,NA,3.44,NA,NA,NA,0.8479040994,100.4078,-13.2,-18.1,-5.1,-28,-7.2,41.3,28,30.5,-1.4,-22.5,36.4,28.6,29.2,-14.6,-22.1,1.7,15.4,4.7,-2.7,9.6,26.3,16.9,6.5,5.7,2.6,23.7,-20.6,8.6,-7.1,6.8,1.8,73.9,13.9,0,3.6,1.4,0.7,-17.6,3.3,11.8,103.2,17.6,58.3,83.48009490966797,60.928884,0.006036850533603487,3667.030029296875,2,483.12,0
2005-12-01,72.5,-5,6.1,96.4,-10,89,-5.6,59.62,62.06,54.55,49.92,55.73,3.3592,2.4728571,3.62,NA,3.62,NA,NA,NA,0.8431824679,100.3728,-9.2,-15.7,-1.1,-21.9,-1.9,36.7,24.4,31,4.4,-18.3,30.6,27.5,22.3,-14.4,-24.9,11.7,10.9,5.3,2,11.6,28.1,15.8,4.7,7.8,-4,28.1,-17,15.3,-7.3,6.8,-7.7,41.9,11.4,3.6,0.1,0.5,0.4,-14,-6,-2.6,101.1,18.5,59.43,95.350250244140625,49.623755,0.008467153442410667,3969.360107421875,44.8,644.7,0
2006-01-01,72.4,1.8,6,95.2,-15.6,90.5,-3.2,59.59,61.92,54.67,50.4,55.9,3.3271,2.5116818,3.56,NA,3.56,NA,NA,NA,0.8252306086,100.2851,-5.7,-12,1.3,-15.6,3.8,32.5,27.1,25.1,1.1,-15.7,35.6,31.6,23.5,-12.5,-19.4,1.7,19.6,2.7,6.3,10.9,24.9,21,9.2,7.7,6.5,23.6,-23.3,7.4,-16.3,6.2,-11.5,41,10.2,6.2,0.3,0.7,0.1,-16.3,-14.8,1.6,106.9,18.9,65.51,94.51001739501953,35.258629,0.020584719622847462,4068.469970703125,43.9,719.06,0
2006-02-01,73.4,2.8,6,105.5,-8.3,89.5,6.3,59.79,62.05,54.92,51.08,56.21,3.4753,2.60035,3.62,NA,3.62,NA,NA,NA,0.8375599006,99.98031,-8,-12.1,-0.8,-17.8,-3.6,31.2,26.4,27.6,-1.7,-15.5,30.8,28.2,14.9,-14.3,-18.8,-0.6,22,9.1,1.8,13.4,14.9,27.1,11.2,9.8,27.8,26.1,-11.9,17.1,0.4,10.9,-7.6,38.5,11.8,3.3,0.1,0.7,0.2,-27,10.5,3.7,108.2,18.5,61.63,95.85819244384766,43.11214,0.00491588535780338,4139.830078125,50.7,565.92,0
2006-03-01,73.8,3.5,6.2,104.4,-7.7,89.4,0.1,59.95,62.33,54.56,51.23,56.23,3.6537,2.7226087,3.54,NA,3.54,NA,NA,NA,0.8311872662,100.4513,-5.6,-12.5,-0.3,-14.8,2.6,28.2,23,24.7,0.3,-12.4,33.5,28.2,23.9,-11.9,-16.4,2.5,24.9,8,2.2,12.3,22.9,17.1,10.1,11.7,9,22.3,-12.9,13.5,1.1,15.8,-24.6,38.1,11.3,5.8,0.3,0,0.2,-16.6,1.3,-4.2,107.7,17.4,62.9,92.79762268066406,49.275882,0.006298822094594578,4174.1201171875,41.8,533.9,0
2006-04-01,73.3,6.2,5.7,107.8,-1.4,89.2,1.3,60.3,62.65,54.55,52.36,56.37,3.922,2.7937778,3.64,NA,3.64,NA,NA,NA,0.8141953955,100.7755,-7.1,-11.2,-0.6,-14.4,0.5,30.3,26,22.7,-2,-17.2,33.1,28.6,30.6,-4.7,-9.5,2,25.5,9.7,6.5,12.9,27.6,27.7,15.5,8.6,16.6,18.4,-9.7,5.6,-3,15.6,-8.8,44.8,10.2,4.3,0.3,3.2,0.7,-14.8,12,0.1,110.3,22.7,69.69,89.01580047607422,43.647893,0.007391981205874955,3743.22998046875,32,297.38,0
2006-05-01,74.3,7.1,5.4,103.2,-6.6,89.3,-8.5,60.3,62.5,54.89,53.02,56.19,4.0297,2.889,3.62,NA,3.62,NA,NA,NA,0.7829057142,100.9431,-6.4,-12.2,0.1,-10.3,2.1,31.1,26.1,20.7,5.3,-15.6,33.4,28.6,33.3,1,-11.5,-0.1,20.3,16,11.5,20.2,36.5,25.7,7.3,10.2,2.2,28.9,-22.3,1.3,-2.3,12.2,19.1,47.2,14.1,15.7,0.4,-0.1,3.6,-13.1,-0.1,-3.1,111.5,27.5,70.94,85.20877838134766,42.57695,0.012487565459399472,3745.719970703125,18.5,182.82,0
2006-06-01,75.2,5.1,6,104.5,-9.3,90.5,2.1,60.32,62.54,54.8,52.97,56.31,4.0281,2.9856818,3.64,NA,3.64,NA,NA,NA,0.7897520166,101.2459,-6.4,-11.6,0.1,-10.3,1.5,31.5,26.1,20.1,6.4,-15.6,33.3,28.8,33.4,1,-13.6,4.6,19,13.8,10.3,19.4,38.6,28.9,14.7,10.9,17.5,20.9,-18.7,9.9,-8.7,7.1,18,37.8,19.9,6.1,0.4,0.6,0.2,-18.3,-0.3,6,110.9,29,70.96,102.57276916503906,53.201775,0.02557566544983262,3716,40.7,103.25,6.68
2006-07-01,76.4,9.6,5.5,113.6,-6.5,90.5,-5.1,60.22,62.37,54.76,53.35,56.82,4.0541,3.1021905,3.71,NA,3.71,NA,NA,NA,0.7878321157,101.0234,-7.1,-14,1.2,-3.2,4.5,32.1,28.1,18.9,6.2,-20,36.2,27.6,32,4.2,-6.1,-2.2,22.3,13.9,9.7,21.8,37.9,26.7,18.2,12.4,-4.4,21.6,-20,10.6,7.5,9.8,25.2,69,6.4,13.6,0.6,0.8,0.1,-8.1,-4.8,4.3,112.9,28.8,74.41,137.13482666015625,64.347696,0.010917065240471957,3735.639892578125,10.8,13.25,20.78
2006-08-01,75.9,10.7,5.2,107.6,-14.4,91.3,-3.6,60.4,62.43,54.96,54.45,56.89,3.9214,3.2264783,3.66,NA,3.66,NA,NA,NA,0.7806007433,101.1994,-8.2,-12.4,-4.8,-4.7,1.5,34.6,36.4,17,2.4,-17,35.5,29.1,32.6,4.5,-2.8,-4.3,23.1,15.3,13.5,18.3,34.8,23.5,15.8,11.5,0.3,23.9,-19.4,12.8,-2.9,13.3,17.4,59.6,12.8,12.3,0.4,0.5,3.7,-18,-10.9,1.5,112,25.6,73.05,147.08111572265625,83.03727,0.0088648226377570985,3868.27001953125,11,103.8,0.44
2006-09-01,75.9,10.7,5.2,108.8,-0.9,88.7,-1.7,60.32,62.46,55.16,53.09,56.55,3.7938,3.335381,4.09,NA,4.09,NA,NA,NA,0.785348419,101.1112,-6,-14.2,0.3,-3.2,6.4,35.6,30.5,10.8,2,-16.4,34.4,27.9,26.9,6.3,-3.1,-1.8,23.9,15.1,12,17.8,35.5,23.5,15.8,14.6,9.3,25.8,-4.1,11.2,-3.6,10.6,23,52.1,12.3,15.7,0.5,0.7,0.8,-11,9.2,11.5,113.1,25.6,63.87,111.72425842285156,92.812565,0.010917894539032318,4098.27978515625,20.1,66.84,0.33
2006-10-01,77,9.8,5.2,105.2,-1.9,90.1,-2.1,60.28,62.68,54.91,51.29,56.52,3.8344,3.502,4.16,NA,4.16,NA,NA,NA,0.7922798054,100.7228,-3.8,-10.8,1.6,1.8,9.6,34,26.3,7.6,-0.1,-15.7,35.1,29.2,36.3,6.1,-1.4,-1.9,21.3,16.9,17,17.3,35.1,25.4,11.4,12.7,14.8,28.5,-14.6,7.3,-6,11.3,13.9,57.2,11.3,4.2,1.5,0.7,2.9,-4,0.2,17.7,113.4,25.9,58.88,113.13529968261719,93.149631,0.017004245893253223,4093.260009765625,18.7,215.27,0
2006-11-01,77.5,12.6,5.3,112.7,3.7,90.9,-5.4,60.36,62.71,55.39,51.14,56.45,3.7587,3.5971818,4.13,NA,4.13,NA,NA,NA,0.7758053555,100.6856,-4,-10.5,-0.5,4.6,9.9,30.5,28.4,6.6,6.6,-15,35.3,28.4,37,6.5,-0.8,-8.5,22.7,20.8,19,20.4,34,24.7,16.1,15.9,-8.7,26,-16.3,18.6,1,8.9,11.4,54.9,3.2,18.1,1.1,0.4,1.2,-1,8.5,13.1,115.7,26.4,59.37,88.77892303466797,97.208198,0.00543699466609647,4463.47021484375,15.9,392.76,0
2006-12-01,79.1,13.2,5.5,109,-3,91.2,-5.2,60.59,62.9,55.98,51.2,56.75,3.8118,3.6842105,4.28,NA,4.28,NA,NA,NA,0.7576693085,100.5944,-6.9,-13.8,-0.8,-2.5,7.8,35.3,30,6,5,-20.9,35.6,30.7,34.2,7.9,0.3,-5.3,26.3,20,15.4,20.8,28.9,21,13.7,24.1,-5.1,24.8,-10,14.3,-1.7,12.4,10.2,58.3,18.9,15.6,1.2,0.9,0.2,-13.1,7.1,17.5,113.3,23.5,62.03,90.60655975341797,100.25528,0.0031662323537803862,4522.009765625,7.3,524.23,0
2007-01-01,78.3,9.5,5.1,109.2,2.2,90.6,-4.4,60.63,62.85,56.29,51.56,57.29,4.06,3.7518636,4.43,NA,4.43,NA,NA,NA,0.7692050272,100.4237,-1.5,-9.6,2.3,13.6,13.7,30.2,35.3,-4.7,11.3,-12.5,39.2,29.5,35.5,6.9,-5.5,-0.2,21.2,16.1,12.3,20.5,33.8,23.8,17.6,25.2,0.6,24.8,-16.9,11,-4.5,10.2,11.2,58.6,23.7,11.5,0.8,1.1,0.1,-1.5,6,2.8,113.9,26,54.57,97.9200439453125,103.11898,0.0051254348352900185,4335.47998046875,3.5,487.7,0
2007-02-01,79.5,14.3,5.5,108.3,-9.4,91.4,-2.8,60.82,63.16,56.06,51.49,57.7,4.0923,3.8182,4.57,NA,4.57,NA,NA,NA,0.7641653326,100.4203,-1.4,-10.2,3.1,9.9,11.9,31.9,30.8,-2.5,11.5,-10.5,34.2,31.1,34.7,9.5,2.4,-2.4,31,20.8,17.7,17.5,15.9,25.9,14.8,22.6,1.9,23.2,-18,12.7,-2.6,8.1,17.6,63.1,23.9,6.1,1.5,0.7,0.2,-10,-8.8,22.8,114.4,19.8,59.26,96.16935729980469,101.45218,0.009643039132566929,4645.5,5.4,418.66,0
2007-03-01,80,11.3,5.1,106.9,-6.9,91.7,0,61.11,63.45,56.25,52.06,57.45,3.9878,3.8909091,4.53,NA,4.53,NA,NA,NA,0.7547579095,100.6161,-2.5,-8.7,1,8,11.1,31.1,30.5,-0.4,9.2,-13.6,33.7,31.4,30.3,8.6,-1.1,4.5,29.7,15.3,16.2,20.1,21.4,24.5,12,16.8,7.2,31,-15.1,23.7,-3.5,12.5,21.1,75.8,17.6,17.5,0.8,1.7,0.1,-16.3,2.5,14.5,112.5,22,60.56,87.33650207519531,116.35756,0.01903408654927564,4738.509765625,-17.2,411.19,0
2007-04-01,79.3,8.7,5.6,113.8,0.5,91.6,5.8,61.36,63.58,56.78,52.73,57.38,4.2061,3.9752632,4.51,NA,4.51,NA,NA,NA,0.7401965351,100.7021,-1.6,-9.1,1.2,13.1,11.9,35.8,35.3,-1.8,13.3,-10.5,40.3,31.9,33,8.5,-4.3,2.2,19.7,10.1,14.3,21.2,36.7,24.1,16.6,24.1,19.1,28.1,-4,26.4,4.9,12.9,11.5,66.9,13.2,20.7,1.1,-0.1,2.1,-8.4,9.4,14.9,114,27.3,63.97,76.6133804321289,127.83846,0.005450645905545279,4885.3798828125,-5.9,209.69,0
2007-05-01,79.5,12,5.7,109.8,-8.7,89.5,4.1,61.47,63.6,56.91,53.44,57.29,4.33,4.0713636,4.71,NA,4.71,NA,NA,NA,0.74015873,100.866,-2.9,-10.7,1.2,12.8,12.9,36.2,37.4,-3.3,11.1,-14.9,37.1,30.1,31.5,9.2,2,-3.9,23,13.7,16.2,22.5,36.7,27.6,14.5,20.7,25.4,24,-8.3,10.8,0.3,14.9,17.8,53.5,13.3,25.3,1.1,1.9,0.2,-16.5,-1,16.7,115.7,28.9,63.46,92.5995864868164,138.26253,0.004008329293676722,4869.259765625,4.1,141.22,0.34
2007-06-01,79.5,10.5,5.1,112.5,-5.7,91,-9.1,61.47,63.61,56.67,53.59,57.43,4.6259,4.1477619,4.71,NA,4.71,NA,NA,NA,0.7450341002,100.8584,-1.1,-7.8,3.1,15.4,14.8,39.6,36.5,-4.2,12.2,-14.2,38.8,32.1,32.2,8.6,3.5,-3.1,19.9,17,16.3,21.9,34.1,30.4,18,24.5,-9.3,21.4,-13.3,3.5,0.2,17.4,13.9,52.4,14.3,23.5,4,1,0.4,-16.3,4.8,18.6,115.2,28.8,67.48,97.9723129272461,127.83696,0.0037961879039143344,4685.240234375,6.9,46.31,3.31
2007-07-01,79.8,8,5.6,111.9,4.2,90.4,-0.1,61.43,63.33,56.75,55.17,57.92,4.5856,4.2161818,4.71,NA,4.71,NA,NA,NA,0.728967982,100.5999,-2.2,-9.5,-0.4,20,15.8,43.8,36.6,-4.8,12.7,-14.7,36.6,31,28.4,5.1,-3.3,1.6,20.6,12.1,13.8,21,30.6,27.4,18.5,20,16.1,25.5,-2.9,9.2,-2.4,21.1,3.7,62.3,17.5,8.5,0.7,0.8,0.6,-5.6,14,14.4,113.1,26.4,74.18,112.34625244140625,140.80402,0.009464891901715898,4579.60986328125,10.8,54.65,19.22
2007-08-01,80.6,8.1,5.4,115.1,-2.7,91.5,7.9,61.45,63.37,57.14,54.5,57.98,4.3819,4.5436087,4.78,NA,4.78,NA,NA,NA,0.734198174,100.4585,-4,-10.5,-1,18.6,12.1,47.2,48.4,-5.4,10.7,-16.5,37.9,29.1,32.8,5.7,-3,0.7,19.3,18.6,16.7,22,25,21.1,20,24.9,20.2,23.4,-7.5,26.9,2,26.7,-1.9,50.4,22.2,14.6,1.3,1.8,0.8,-14.2,8.8,10,111.6,22.7,72.39,83.17320251464844,149.99502,0.08951446249302954,4527.2998046875,9.4,52.24,1.9
2007-09-01,79.5,8.9,4.8,115.1,0.4,90.3,-4.8,61.6,63.55,57.12,54.72,57.53,4.3308,4.7417,5.04,NA,5.04,NA,NA,NA,0.718849564,100.5757,-4.2,-12.5,-2.7,15.2,12,54.6,37.8,-3.6,8,-13.7,37.5,29.8,33.1,4.7,-0.2,-0.9,20.9,15.8,15.6,17.4,29.4,23.6,21.1,26.1,-0.9,25.4,-8.1,11.8,1.4,19.2,10,36.7,28.8,17.8,0.6,0.3,0.4,-7.1,7.9,14.9,111.9,23.5,79.93,94.4888687133789,167.27197,0.05352142264817141,4871.7099609375,21,190.95,0
2007-10-01,80.4,7.7,5.1,109.5,1,91.9,-6.8,62.01,63.8,58.35,55.31,57.46,4.4006,4.6873913,5.14,NA,5.14,NA,NA,NA,0.7027786407,100.8623,-6.6,-14.5,-3.4,10.1,8.1,60.1,39.3,-3,7.5,-16.7,34.3,26.9,20.7,4.4,-3.5,4.1,22.9,14.5,19.2,14.6,19.1,23.5,14.4,25.2,-1.1,25,-22.1,5.7,-4.9,23.7,9.7,48.9,19.4,13.7,0.4,0.8,0.1,-12.3,14.2,9.3,108.7,19.1,86.2,101.47301483154297,186.67637,0.048110054151078684,4471.830078125,15.5,321.59,0
2007-11-01,78.9,8.1,4.9,107.3,-6,90.1,3.7,62.3,63.79,58.95,57.59,57.33,4.2138,4.6385455,5.08,NA,5.08,NA,NA,NA,0.6807399048,101.0166,-9.2,-17.3,-4.1,11,7.5,63.9,40.7,-3,1.4,-23,37,27.6,26.9,2.5,-5.7,3.6,25.5,21.6,18.3,13.4,16.7,16.7,7.9,31.3,13.9,20.1,-9.7,17.4,0.5,23.2,17.3,39.2,27.7,11.1,0.5,2.1,0.3,-21.3,9.3,23.7,107,15.6,94.62,89.79544830322266,187.18409,0.08258960806447109,4512.97998046875,16.4,497.98,0
2007-12-01,80.7,4.3,4.5,108.6,-0.4,90.1,-2.7,62.69,64.06,59.88,58.35,57.6,4.3502,4.8483684,5.27,NA,5.27,NA,NA,NA,0.6867732256,101.2518,-10.2,-17.9,-4.7,6.3,1.8,65.2,41.6,-1.9,-0.1,-20,32,26.5,19.6,-2,-8.2,6,21,15,12.8,12.1,17.8,20.1,16.5,14.6,6.7,25,-10.5,10.3,-7,21,17.7,50.2,18.7,12,0.5,0.7,0.1,-18.5,17.6,14,105.4,16.7,91.73,94.96749114990234,180.30125,0.18059328962939278,3841.9599609375,19.9,608.6,0
2008-01-01,82.4,2,4.6,115.1,4,90.7,-4.6,62.51,63.65,60.48,58.21,57.74,4.2169,4.4815455,5.24,NA,5.24,NA,NA,NA,0.6796661957,100.7741,-13.4,-18.4,-7.9,7.4,-5.7,66.1,41.4,2,0.1,-21.5,35.6,31.5,21.6,-4.8,-9.2,6.6,17.2,16.5,14.3,16.7,10.8,17.2,19.8,16.3,1.3,25.1,-2.7,9.9,0.6,23.9,15.8,56.6,18.3,5.6,0.6,0.7,0.3,-15.9,24,19.4,103,14.9,92.95,81.49982452392578,148.3249,0.24421037696039544,3871.510009765625,17.6,531.17,0
2008-02-01,83.2,0.2,4.6,112.3,-0.7,92.2,2.1,62.7,63.89,60.62,58.09,58.05,4.1809,4.3620952,5.21,NA,5.21,NA,NA,NA,0.6786291452,100.424,-13.6,-18.9,-5.6,-7.3,-8.3,66.7,33.4,4.3,-1.1,-21.7,35.2,28.9,16.7,-7.2,-10.5,4.3,12,10.6,13.6,16.7,12.8,15.2,14.3,22.9,17.8,27.4,-13.2,15.9,5.4,33.8,3.9,59,20.2,5.7,0.4,2.1,0.8,-9.9,8.5,16.3,102.6,14.9,95.35,80.75146484375,144.03247,0.24418057262537143,3765.909912109375,14,456.9,0
2008-03-01,83.3,2.3,4.4,105.7,-6.9,89.5,2.5,63.27,64.44,60.59,59.63,58.35,4.1443,4.5963684,5.19,NA,5.19,NA,NA,NA,0.6440975906,101.0312,-13.7,-20.6,-8.5,-3.6,-6.7,70.2,27.9,4.4,-5.6,-19,34,28.1,19.9,-5.1,-7.9,3.6,15.6,14.9,14.1,15,23.1,12.5,6.9,20.6,18,22.4,-5,11.8,1.9,19.6,14.1,45.7,17.7,7.7,0.6,0.9,0.2,-16.3,2.5,19.9,103.6,16.9,105.56,77.636138916015625,159.79427,0.3101610381566377,4264.7900390625,24,460.1,0
2008-04-01,83.6,0.8,4.2,108.7,5.9,90.2,-8.3,63.44,64.58,60.82,59.92,58.3,4.3432,4.7835,5.13,NA,5.13,NA,NA,NA,0.6350929536,101.2889,-16.2,-20.5,-7.8,-9,-12.8,73.3,29.5,1.6,-6.6,-23.8,32.7,26.7,15.6,-6.3,-10.5,6.1,14.9,13.7,12.4,11.7,16.8,16.5,14.6,20.7,-9.5,25.8,-15,10.4,-2.6,14.6,3.6,67.1,13.8,10.1,0.6,1,1.3,1.3,10.4,23.9,101.5,15,112.57,71.9048080444336,162.46834,0.30764037783372955,4394.7099609375,7.1,320.44,0
2008-05-01,82.7,-0.5,4.1,108.9,-0.8,91.6,-14.8,63.78,64.7,61.06,62.19,58.55,4.48,4.857381,5.17,NA,5.17,NA,NA,NA,0.6425454545,101.1592,-16.9,-21.1,-9.4,-9.4,-12.5,76.2,35.9,7.4,-8.2,-24.5,33.2,25.8,19,-7.3,-14.4,10.6,16.4,12.1,9.4,13,18.8,16.6,16.3,30.5,-19.5,24.5,-17.5,-0.5,-1.6,12.6,7.5,54.5,16.5,17.8,1.2,1.1,2.2,-4.6,3,19.1,99.8,16.2,125.39,72.57379913330078,188.93573,0.1519676468190395,3943.14990234375,7.4,150.72,0.39
2008-06-01,82.6,-3,4,107.7,-1.7,89.9,-13.6,63.95,64.76,60.55,64.3,58.72,4.7959,4.9405238,5.26,NA,5.26,NA,NA,NA,0.6429047619,100.8483,-21.7,-27.4,-15.7,-22.2,-18.8,76.4,40.4,10.6,-16.2,-24.9,28.4,23.3,15.7,-10.8,-16.4,9.7,11.4,13.7,12.7,13.8,22.5,19.5,15.2,23.2,-9.5,26.3,-15.4,-4.9,-4.5,17.4,8.1,46.7,8.6,28.8,1.2,2.6,2.3,-7.6,4.1,20.5,98,18.6,133.93,87.54842376708984,182.37615,0.13716415458928422,3659.739990234375,9.4,59.49,3.34
2008-07-01,80.3,-5.4,4.3,102.7,1.7,89.9,-15.5,63.76,64.42,60.79,64.51,59.09,4.7804,4.961,5.13,NA,5.13,NA,NA,NA,0.6346086957,100.1593,-22.8,-27.3,-16.6,-24.1,-21.4,76,34.8,11.5,-17.2,-26,29.6,25.9,7.7,-13.7,-16.8,10.5,8.1,12.9,7,3.2,13.1,9.2,9.1,24.2,-17.3,22.9,-18.5,-6.4,-6.5,24.1,9.6,49.8,6.3,29.1,1.3,2.1,1.8,-12,15.4,24.8,93.5,8.5,133.44,89.73957061767578,168.15938,0.1925842022165422,3613.320068359375,9.3,51.79,1.75
2008-08-01,82.8,-7.2,4.5,97.3,-2.6,89.9,-13.4,63.65,64.53,60.85,62.42,59.22,4.4821,4.9651905,5.34,NA,5.34,NA,NA,NA,0.669,99.80045,-22.6,-26.8,-16.4,-26.9,-21.3,74.7,23.7,18,-17.6,-26,32.1,27.7,3.2,-18.6,-28.5,7.5,4.6,14.2,-6.3,6.6,15,6.5,2.8,20,-6.2,25.8,-28.6,-8.3,-1.5,11.1,8.8,47.7,17,22.8,1.1,0.1,0.7,-12.8,7.7,18.3,93.4,9.4,116.61,88.554107666015625,149.65307,0.2666219943356371,2767.760009765625,9.2,40.98,1.04
2008-09-01,82.4,-8.9,4.2,99.7,-5.7,90.1,-14.7,63.9,65.01,60.78,61.38,58.96,4.4574,5.0191818,5.54,NA,5.54,NA,NA,NA,0.6970454545,99.86655,-18.4,-22.8,-8.1,-25.4,-17.1,70.2,15.4,15.7,-16.1,-25.6,32.8,29.2,6.1,-21.4,-24.1,9.1,3.9,13,-1.7,4.9,16.6,5.7,8.8,19.3,-15.7,21,-17.8,-7.5,-6.1,27.5,-4.7,53.4,16.7,19.3,0.7,3.7,0.9,-16.3,4.8,21.4,93.8,9.1,103.9,88.54255676269531,109.98661,0.3957826513094127,1997.9000244140625,6.2,188.86,0.34
2008-10-01,79.1,-14.6,4.3,91.7,-6.8,89.1,-18.6,63.88,65.24,61.2,58.81,58.96,4.3338,5.113087,5.62,NA,5.62,NA,NA,NA,0.7533478261,99.54326,-21,-20.8,-10.5,-32.1,-28.3,63.8,19.2,27.8,-8.7,-24.3,27.1,28.8,-3.3,-27.3,-29.4,10,-6.4,3.3,-11.2,-2.9,-1.2,-7,1.7,12,-16.1,25.1,-24.3,-14.7,-7.5,18,2.9,55.8,13.5,16.6,1,1.9,0.7,-11.1,-2.5,16,86.5,-3.7,76.65,64.15979766845703,9.7947734,0.7430466216213337,1801.0999755859375,8.3,268.2,0
2008-11-01,75.4,-22.9,4.8,84.1,-15,90,-19.7,63.71,65.14,61.41,57.6,58.76,4.1919,4.2383,5.58,NA,5.58,NA,NA,NA,0.7861,99.68622,-23.5,-20.7,-13,-45.7,-35.5,54.8,20,45.7,-14.8,-24.7,30.5,30.3,-11.1,-36.1,-43.3,16.7,-15.9,-4.8,-21.6,-12.3,-11.3,-16.4,-5.8,8,-13.3,28.6,-29.2,-17.4,-7.7,13.9,-12.6,64.3,17.1,6.8,0.8,1.2,3.3,-22.4,-7.6,6.8,78.1,-13.3,57.44,79.08097076416016,-67.443055,0.7682185411262192,1750.8299560546875,4.6,419.14,0
2008-12-01,75.7,-31.1,5,79.2,-12.9,90.9,-11.8,63.61,65.51,61.72,53.26,59.28,3.8955,3.292619,5.39,NA,5.39,NA,NA,NA,0.74475,100.6507,-20.7,-18.9,-8.8,-46.7,-29.7,43.3,9.3,52.8,-9.1,-25.4,28,29.2,-17,-41.7,-49.6,19.7,-31.8,-14.4,-31.6,-16.1,-22.6,-15.6,-11.3,2.2,-4.9,21.9,-19.3,-8.6,-5.8,13.1,-11.7,58.4,13.1,12.5,0.6,2.2,1.7,-18,-7.9,-7.6,74.1,-18.1,41.02,92.3664321899414,-76.19009,0.7898326477020187,1736.22998046875,13.7,566.78,0
2009-01-01,73.9,-29.4,5.1,77.3,-13.3,91.1,-16.8,63.23,64.99,62.12,52.64,59.29,3.9981,2.4565238,4.91,NA,4.91,NA,NA,518,0.7583,100.6265,-20.8,-13.8,-5.6,-46.6,-37.8,33.6,11.2,59.5,2.5,-26.1,27.5,28.4,-25.2,-47.2,-49,20.2,-20.7,-14.5,-34,-12.7,-15.3,-20.6,-7.3,-3.4,-7.1,26.7,-28.6,-16.7,-12.8,8,5.4,51.5,17.4,8.8,0.5,1.9,1.4,-13.2,-13.4,-6.1,75.6,-16.2,41.74,85.369476318359375,-56.55395,0.8553186045151172,1481.6700439453125,18.1,667.86,0
2009-02-01,71.9,-35.9,4.9,72.9,-20,91,-13.5,63.54,65.44,62.05,52.59,59.69,4.2059,1.94305,4.62,NA,4.62,NA,NA,518,0.78065,100.903,-19.1,-15.1,-5.9,-55.4,-34.8,29.8,7.7,62.4,1,-20.7,29.3,27.3,-39,-53,-58.9,24.3,-30.3,-24.2,-37.2,-15.8,-20.9,-31.5,-12.6,-7.9,-6.9,21,-28.3,-12.5,-13.7,8.9,-2.9,50,15.8,18.6,10.6,3.7,2.6,-26.3,-13.6,-14,70.6,-22.7,39.16,67.45267486572266,12.893116,0.8821133476735687,1696.6199951171875,2.2,538.07,0
2009-03-01,73.3,-37.6,5.4,70.5,-19.5,91.7,-23.2,63.66,65.77,61.58,51.76,59.7,4.1649,1.6354545,4.25,NA,4.25,NA,NA,622,0.7668636364,101.3603,-18.1,-14,-4.8,-56.7,-34.4,24.4,7.7,66.7,-1.4,-19.3,20.2,27.1,-43.8,-57.6,-60.5,23.1,-32,-31.6,-39.6,-17.3,-16.8,-21.5,-18.8,-6,-24.7,26.1,-34.4,-18.9,-9.3,7.9,-13.9,37.9,30.4,8.4,0.5,2.5,0.2,-25.3,-13.8,-24.9,71.6,-18.6,47.98,72.644622802734375,20.685627,0.8593407755639716,1863.010009765625,14.6,474.24,0
2009-04-01,70.5,-32.8,5.7,68.7,-29,93.7,-11.7,63.77,65.86,61.38,52.49,59.68,4.0446,1.4223,3.76,NA,3.76,NA,NA,670,0.7574090909,100.9639,-20.3,-15.3,-9.4,-64.1,-36.3,18.1,8.2,67.8,6,-20.3,22.7,25.1,-32.4,-59,-63.9,24,-15.3,-23.5,-34.7,-28.9,-24.4,-17.4,-20.6,-4.9,-3.2,18.9,-26.5,-13.1,-10.6,4,-9.8,55.8,28.2,3.3,0.4,4.2,2.1,-31.3,-26.6,-19.7,71.7,-23.6,49.79,85.6884994506836,4.1791242,0.7683700678826215,2105.389892578125,3.4,217.54,0
2009-05-01,69.1,-33.2,5.6,79,-24.3,92.4,-6.1,63.82,65.91,61.11,53.05,59.61,4.1025,1.2817,3.71,NA,3.71,NA,NA,637,0.731952381,101.165,-17,-13.5,-7.3,-58.9,-30.5,18.2,10.6,63.2,9.7,-16.6,24.1,28.2,-35.9,-59.3,-63.9,22.4,-17.7,-25.2,-32.8,-21.1,-17.3,-17.6,-12.6,-7.9,5.3,20.4,-18.3,-3.3,-2.5,8.4,-17.8,49.4,33.7,5.7,0,3.5,4.1,-33.6,-14.9,-26.2,74.8,-18.7,59.16,89.68086242675781,46.791998,0.6756794951675567,2098.64990234375,7.4,132.33,0.04
2009-06-01,70.1,-29.4,5.9,78.8,-28.7,91.6,-5.2,63.75,65.68,60.8,54.59,59.57,4.321,1.2279091,3.82,NA,3.82,NA,NA,759,0.7135681818,101.0866,-13.9,-11.2,-3.3,-59.6,-20.2,16.3,7.3,55.3,7.1,-20.8,25.7,27.8,-26.2,-57.4,-59.8,18.5,-12.2,-16.7,-28.5,-24.9,-13.3,-11.5,-16.4,0.7,2.8,17.8,-14,-0.5,1.4,6.2,-12.8,54.7,35.9,4.6,0.2,3.4,0.3,-35.2,-22.1,-19.8,78.2,-16.6,69.68,81.109588623046875,87.017607,0.6495798253322281,2250.18994140625,6.7,95.9,0.05
2009-07-01,70.9,-25.3,6.2,78.6,-20.7,91.9,-4.8,63.49,65.41,60.58,54.29,60,4.0417,0.9749565,3.4,NA,3.4,NA,NA,806,0.709826087,100.6335,-12.5,-12.1,-2,-60.4,-16.6,11.9,12,55.3,8.6,-19.3,29.6,29.3,-15.5,-55.2,-61.8,16.5,-4.3,-13.2,-26.5,-15,-17.3,-13.8,-13.1,-4.3,8.2,18.8,-21.2,-3.6,-5.4,3.8,-3.9,42.1,25.5,-1.2,0.1,3.6,0.4,-24.1,-17.4,-6.6,81.5,-15.3,64.09,83.43962097167969,74.362474,0.6317496905909085,2503.97998046875,30.7,41.74,6.36
2009-08-01,70.3,-22.2,5.7,87.7,-21.8,91.6,1.7,63.75,65.68,60.48,55.08,60.11,3.7618,0.8604762,3.25,NA,3.25,NA,NA,646,0.701,100.7178,-7.9,-10.1,-0.9,-52.2,-4.6,6.9,9.8,45,13.9,-15.9,25.8,29,-10,-52.5,-56.9,12.3,-1.7,-11.8,-12.7,-10.7,-10.3,-3.1,-6.7,-6.2,13.5,18.3,-10.3,10,-1.7,4.8,-4.6,51.4,22.8,2.4,3.3,5.5,0,-28.2,-15.5,-16.4,87.3,-8,71.06,73.37187957763672,51.707666,0.4661359139766551,2637.280029296875,12,26.1,2.74
2009-09-01,71.4,-18.8,6.5,85.7,-16.5,92.4,-4.9,63.88,65.93,60.4,54.52,59.85,3.7486,0.7720909,3.51,NA,3.51,NA,NA,626,0.6864545455,101.1135,-7,-11.4,-2.7,-50.4,4.1,5.3,12,39.4,11.4,-18.2,28.1,26.8,-1.5,-50.9,-56.3,13,7.6,-5.4,-16.5,-4.4,1.7,6.4,-10.6,0.1,8.1,21.5,-18.2,-1.3,-0.2,1.9,5.6,47.4,27.6,9.3,2.7,4.4,1.2,-24.7,-8.4,-12.7,91.4,1.3,69.46,92.8399887084961,38.395775,0.3846256544333287,2483.889892578125,8,88.07,0.01
2009-10-01,72.4,-17.3,5.8,96.7,-19.3,92.5,2.9,63.95,66.06,60.64,54.02,59.8,3.6545,0.7375,3.17,NA,3.17,NA,NA,674,0.675,101.2184,-6.5,-10.2,-1.3,-45.8,5.9,9.7,15.2,38.5,13.5,-20.3,25.7,27.7,4.3,-46.1,-52.1,11.7,5.8,-7.7,-12.6,-1.7,1.4,9.5,4.2,0.3,16.7,16.1,-12.3,8.1,3.8,2.5,-5.8,48.6,20.4,9.6,1.1,3.8,3.9,-20.5,-18.2,-16.7,93,3.1,75.82,90.57640075683594,53.791494,0.40587524814236114,2460.429931640625,10.8,308.89,0
2009-11-01,72.5,-15.8,6.1,87.7,-17.3,90.6,2,64.08,66.01,60.96,55.36,59.54,3.6001,0.7161905,3.09,NA,3.09,NA,NA,657,0.6702333333,101.3744,-7.2,-12.1,-0.8,-46.3,4,7.2,15.9,39.1,12.5,-19.8,29.9,27,6,-46.2,-49.1,7.6,6.5,-13.1,-12.9,-3.8,-1.7,10.5,-5.7,-2.4,11.4,13.6,-12.1,8.3,-3.2,12.1,2.4,50.8,24.4,5.1,0.7,4,0.4,-20.8,-13.8,-17.8,93.8,1.6,78.08,82.10176086425781,89.751121,0.31797214356606646,2495.56005859375,12.2,390.41,0
2009-12-01,72.4,-19,5.4,91.1,-19,94.7,-6.3,64.28,66.37,60.64,55.05,60.12,3.6079,0.7120455,2.98,NA,2.98,NA,NA,647,0.6863478261,100.9363,-5.7,-11.9,1.3,-40.8,3.7,7.5,19.9,36.6,15.8,-15.9,29.4,28.6,12.4,-45.6,-53.4,6.8,-4.6,-10.2,-16.3,-1.3,2.8,8.7,0.2,-6.3,5.1,22.2,-21.1,-1.8,-1.6,1.2,2.6,55.2,24.8,9.4,0.5,4.5,0.9,-22.2,-15.8,-13.2,92.9,3.4,74.3,92.94691467285156,80.033241,0.30751228067190184,2493.530029296875,5.7,597.85,0
2010-01-01,70.7,-16.2,5.2,89.2,-22.7,93.4,5.6,64.01,65.83,61.13,55.73,60.15,3.7512,0.67975,2.97,NA,2.97,NA,NA,564,0.7001428571,100.3048,-5,-10.7,3.7,-39.9,0.1,8.5,23.3,35.2,14.4,-13,24.4,28.2,6.4,-45.4,-52,7.4,4.1,-11.6,-11.4,1.6,2.5,0.6,-5.1,-1.6,21.1,11.7,-8.1,7.4,-0.5,9.3,-11.4,39.4,28.4,5.5,0.6,3.6,3.9,-26.4,-19.1,-13,94.4,1.6,78.22,91.581024169921875,68.130878,0.30998731801559776,2438.949951171875,14.1,685.53,0
2010-02-01,73.8,-14.2,5.4,87.3,-13.6,94.1,2.8,64.14,66.12,60.9,55.08,60.38,3.6626,0.6617,2.81,NA,2.81,NA,NA,591,0.73085,99.61488,-4.7,-9.2,1.9,-35.7,3.4,7.4,17.2,37.2,15.8,-14.8,28.5,28.1,13.3,-43.8,-50.3,5.1,6.2,-2.7,-12.7,2.4,-0.2,3.3,-2.7,-2.8,16.6,14,-5.8,5.7,-8.4,6.8,1.1,42.4,18.3,6,0.4,1.5,7.1,-15.9,-11.3,-18.1,95.9,1.8,76.42,80.72535705566406,51.588087,0.33905641519621366,2634,27.7,546.88,0
2010-03-01,73.8,-12.1,5.6,92.6,-18.7,94.4,4.2,64.81,66.7,61.28,56.92,60.59,3.5344,0.6449565,2.79,NA,2.79,NA,NA,816,0.737,99.90462,-8.5,-12.3,-0.7,-38.3,-3.9,12.8,24.4,37.3,10,-17.3,23.3,27.9,11.9,-41.6,-45.8,7.3,12.5,0.6,-7.9,2.9,0.2,5,-3.8,5.4,15.6,12.1,-3.4,9,2.2,14.1,-3.8,46.2,22.3,6.3,0.2,2.9,6.6,-24.7,-12.7,-18,95.5,2.7,81.24,74.116943359375,69.746531,0.30568453808624413,2650.320068359375,13.9,465.77,0
2010-04-01,73.7,-8.8,5.4,100,-12.7,93.9,4.9,64.94,66.64,61.46,58.41,60.31,3.4552,0.6447,2.68,NA,2.68,NA,NA,849,0.7465454545,99.57716,-5.8,-11.7,-0.8,-27.2,8.9,15.4,27.1,25.8,9.7,-19.5,29.3,27.5,18.9,-33.5,-40.8,3.5,10.6,5,-0.9,17.2,15.8,10.5,0.8,8.3,12.3,15.1,-4.4,17.5,6.2,19.9,-5.2,58.7,19.7,4.7,0.3,1.3,4,-23.5,-1.9,-6.9,101.4,14.5,84.48,88.76158142089844,64.639332,0.24815882087339314,2422.6298828125,13.2,298.71,0
2010-05-01,76.1,-7.1,5.3,96,-12.9,93.4,12.2,64.91,66.63,60.94,58.75,60.3,3.2082,0.6865238,2.61,NA,2.61,NA,NA,769,0.7954285714,99.26,-9.8,-11.4,-4.5,-30.9,-4.5,19.9,35.7,23.2,6.4,-18.9,21.3,28.1,21.6,-26.6,-31.7,1.7,7,12.9,4,11.7,17.1,14.9,-3.2,8,21.6,8.9,1.9,24,0.7,19.2,2.7,57.8,16.3,8.2,4.4,2,2.4,-23.5,-2.2,-12.9,101.6,14.6,73.84,88.958709716796875,88.067084,0.4335268126924389,2278.800048828125,10.4,191.73,0
2010-06-01,77.2,-1.9,5.4,98.4,-13.8,93.5,3,64.9,66.65,61.06,58.49,60.39,3.1974,0.7275909,2.68,NA,2.68,NA,NA,781,0.8189545455,98.86854,-8.7,-12.3,-3.9,-30.2,-3.1,18.3,29.5,11.3,10.1,-15.6,20.4,23.1,24.3,-21.2,-28.2,3.7,19.2,17.5,1.3,13.7,19.9,7,-0.8,8.6,9.5,11.8,-9.9,11.4,5.5,16.6,0.2,50.2,18.8,5.7,3,1.3,6.5,-17.6,-10.1,-9.9,102.9,13.5,75.35,96.45369720458984,66.531203,0.5105733157108802,2483.860107421875,17.2,82.68,3.6
2010-07-01,76.6,-3.5,5.1,102.5,-16.7,96,4.2,64.57,66.26,60.99,58.09,60.84,3.065,0.8488182,2.65,NA,2.65,NA,NA,850,0.7820454545,98.65144,-5.9,-10.4,-2.4,-15.9,8.1,17.6,27.7,5,12.6,-18.9,23.9,28.3,38,-22.1,-31.2,4.3,16,11.1,5.8,19.8,22.6,10.2,1.8,11.8,10.7,8.5,-5.8,10.6,8.4,17.8,-3.5,51.9,30.3,3.5,2.5,1.5,2.1,-24.2,-9.2,-9.5,103.9,17.5,76.37,79.381378173828125,18.467422,0.39747094592472026,2402.02001953125,9.5,33.21,20.61
2010-08-01,78.5,-3.1,5.1,107.2,-13.9,93.1,-1.1,64.74,66.45,61.24,58.08,60.85,2.7731,0.8955,2.69,NA,2.69,NA,NA,751,0.7754090909,98.54305,-3.3,-8.6,-1.5,-6.3,11.4,17.7,29.6,0.9,14.9,-14.5,25.7,28.4,33.3,-19.9,-29.8,3.1,13.8,16.3,2.1,24.8,30.7,12.4,5.5,14.1,5.6,5.9,-0.4,-3,15.8,8.6,0.6,55.2,14.5,10.1,2.1,1.8,3.5,-16.3,-11.6,-10.2,106.4,22.6,76.82,80.993865966796875,42.647472,0.33372515927522384,2541.6298828125,8.9,61.88,0.72
2010-09-01,78.3,-3.7,5.2,103.3,-11.3,94.5,3.7,65,66.79,61.19,58.21,60.61,2.8028,0.8805,2.69,NA,2.69,NA,NA,744,0.7639090909,98.71017,-1.6,-6.9,1.2,-1.3,14.4,21.3,35.4,1.5,12,-15,30.3,26.8,25.5,-17.3,-27.1,3.2,9.5,14.4,2.7,19.3,23,20.3,5.8,11.6,4.2,7.2,6.6,14,5.5,11.6,0.1,51.8,22.5,13,2.2,1,1.8,-18.1,-4.5,-11.5,106.6,20.9,75.31,71.168548583984375,53.806106,0.26201048122230347,2668.070068359375,8.8,173.78,0
2010-10-01,77.9,-0.7,5,103.6,-9.4,93.6,6,65.23,67.02,61.65,58.23,60.65,2.8199,0.9976667,2.63,NA,2.63,NA,NA,703,0.72,99.37065,-1.4,-7.8,1.3,4.7,16.2,20.5,30.1,-1,14.5,-15.3,29.4,29.2,31.7,-15.9,-23.9,3.9,17.6,9.5,12,16.2,20.6,11.9,3.3,14.6,12.2,7.5,2.7,13.4,3.3,7.8,5.1,51.4,22.4,7.6,1.7,1.3,4.6,-21.1,2.2,-3,106.5,16.3,81.9,65.99193572998047,52.662699,0.12217993147762968,2607.5,9.3,347.15,0
2010-11-01,79.4,-0.5,4.8,103.5,-10.1,93.9,3.9,65.23,66.97,61.65,58.65,60.52,3.0149,1.0420455,2.66,NA,2.66,NA,NA,641,0.7334545455,98.94217,-4.5,-9.8,-3.7,5,13.3,24.7,38.1,-5.4,15,-18,27.8,22.2,22.7,-15.9,-23.4,1.5,15.7,7.9,5.5,14.5,18.5,7.7,6.4,6.1,13.3,8.7,-3.5,7,4.2,20.4,13.8,54.9,21,9.7,1.9,0.6,2.2,-12.9,-7.2,-7.9,104.6,13.5,84.14,94.705169677734375,37.708874,0.10376153282002992,2904.469970703125,7.4,409.13,0
2010-12-01,79.2,-0.9,4.9,105.8,-16.3,94.8,4.6,65.68,67.34,62.04,59.97,61.03,3.4319,1.0216957,2.7,NA,2.7,NA,NA,625,0.7567826087,98.61256,-5.7,-10,-2.5,0.2,6.2,28.6,38.6,-0.6,12.9,-16.7,21.6,24.9,32.8,-16.1,-24.6,4.4,17.7,16.2,7,15.7,8.2,3.2,13.7,13.2,19,11.6,0.1,6.4,0.3,20.9,-0.1,35.4,16.7,7.5,1.8,0.9,2.5,-17.5,-15.2,-3.1,102.3,9,89.04,97.20389556884766,24.126045,0.12281015803853913,2885.760009765625,36.5,677.38,0
2011-01-01,80.4,0.5,4.8,106,-13.6,92.9,0.3,65.63,66.81,63.06,61.62,61.25,3.5407,1.0172381,2.71,NA,2.71,NA,NA,710,0.7484095238,98.25009,-4.5,-8,-3.1,5.6,9.2,37.8,45.2,0.3,17.7,-16.2,28.7,26.8,24.8,-14.1,-18.8,3.2,18.9,19.7,15,21.2,20,18,6.9,9.3,7.6,12.1,-2.8,5.3,4.6,16.9,7.5,50.7,16.6,6.2,1.1,1,1.5,-17.7,-9.4,11.7,106.8,19.7,89.42,79.42161560058594,-13.166928,0.12215786014943034,2895.820068359375,23.2,609.54,0
2011-02-01,81.2,0.5,5.6,102.6,-11.9,93.3,1.6,66.16,67.34,63.55,62.18,61.59,3.6764,1.08675,2.64,NA,2.64,NA,NA,758,0.73225,98.65521,-4.7,-10.2,-2,6.5,9.3,41.2,39.9,0,18.1,-16,27.4,28.9,21.6,-13.1,-22.9,3.6,18.2,25.4,11.4,15,15.1,15.2,6.7,17.1,11.6,11.8,-9.9,5,-0.9,25.9,6.5,54.9,18,7.7,1.1,1.1,7.8,-14.8,-9,2.7,105.3,15.1,89.58,90.01448822021484,-30.405325,0.04907855023575277,2882.179931640625,13.2,512.88,0
2011-03-01,81.1,0,5,105.6,-10.2,92.5,0.9,66.96,68.05,64.24,64.08,61.84,3.682,1.1755217,2.56,NA,2.56,NA,NA,951,0.7135652174,99.53482,-6.1,-12.4,-4.8,3.4,6.9,46.3,46.8,-0.5,19.3,-14.1,26.6,27.6,25,-9.7,-17.3,0.6,10.3,24.1,13.6,12.1,14.7,17,9.5,18.3,13.4,21.1,-16.9,10.3,0.2,19.5,4.6,58,18.1,7.5,1.6,0.7,3.4,-14.8,-5.7,1.1,104.8,14.6,102.94,136.8883056640625,-7.3137402,0.07025413163109473,2846.050048828125,10.1,424.48,0
2011-04-01,81.3,2.4,4.9,104.9,-12,93.3,-12.9,67.36,68.42,64.46,65.01,62.21,3.7639,1.3212105,2.82,NA,2.82,NA,NA,781,0.6917142857,99.95488,-5.8,-9.8,-3,1.1,5,49.4,39.2,3.4,15.7,-15.6,25.4,28.9,34.8,-7.7,-12.2,-0.3,14.4,18.8,13.5,15.4,20.8,13.7,9.3,19.1,-12.1,22.2,-19.5,-4.4,-0.6,17.7,19.2,60.2,15.6,10.9,1.5,1.8,7.7,-16.9,-7.2,9.7,105.9,16.6,110.04,91.01776885986328,-18.205204,0.0696697552503887,2787.3798828125,5.4,230.55,0
2011-05-01,81.4,-2.6,4.9,105,-10.3,92,-4.7,67.3,68.47,64.03,64.63,62.31,3.528,1.4250909,2.88,NA,2.88,NA,NA,902,0.6984545455,99.64233,-8.7,-14.3,-2.8,-0.1,1.2,55.2,40.8,10.2,13.3,-18.8,25.5,28,23.7,-10.6,-19.2,4.3,7.1,21.4,10.6,14,20.7,7.9,11.1,21.8,-0.1,17.9,-19.8,3.8,-2.3,19,15.1,66.5,9.1,11.3,1.3,0.8,3.9,-18.2,-2.5,0.5,101.8,14.2,101.33,105.34491729736328,-17.660375,0.09475499014524215,2766.72998046875,6.5,152.26,0
2011-06-01,81.1,-2,4.6,107,-7.1,92.9,-3.7,67.28,68.53,63.77,64.31,62.63,3.4338,1.4885909,2.82,NA,2.82,NA,NA,804,0.6941818182,99.58221,-7,-11.2,-2.9,4.6,2.3,53.7,34.7,3.2,16,-16,24.9,27.6,27.9,-13.8,-21.2,1.4,9.4,10.7,9.6,10.1,17.1,4.5,7.3,13.1,7.1,17.5,-8.3,-0.8,7.3,21.2,10.2,67.7,11.1,10,0.9,0.8,4.9,-12.5,-1.7,1.4,102.3,10.6,96.29,84.391845703125,-11.690382,0.09047237489411238,2611.320068359375,4.4,66.26,0.12
2011-07-01,80.9,-3.5,4.4,103.3,-12.2,93,-7.3,67.04,68.15,63.81,64.52,63.12,3.3464,1.597619,2.93,NA,2.93,NA,NA,888,0.700047619,99.08978,-7.9,-10.2,-3.4,3.5,-1.1,50.3,35.5,2.6,22.2,-16.8,23.3,25.2,21.6,-16.7,-20.1,6.4,12.7,11.9,9.2,16.1,22.2,11.8,8.5,16.6,-2.4,19.3,-10.9,-0.3,-1.3,27.8,12.7,62.9,10.9,9.8,1.3,2.2,4.3,-18.6,-5.8,7.4,102.4,16.7,97.19,78.92475891113281,-16.626568,0.1474221932186767,2280.090087890625,7.3,77.08,3.38
2011-08-01,81.2,-5.2,4.3,102.3,1.4,92.5,-10.4,67.15,68.34,63.68,64.39,63.21,2.8435,1.552087,2.91,NA,2.91,NA,NA,853,0.6976521739,99.10627,-9.2,-12.7,-3,-1.3,-6.2,52.4,34.6,8.6,14.7,-15.1,21.4,28.8,17.2,-20.9,-28.1,7.8,13,5.8,11.3,11.3,19.1,4.5,11.8,16.6,-4.4,20.3,-20.8,-6.6,-12.9,17,15.3,59,9.5,10.3,1.1,1.3,5.3,-11.8,14.6,2.9,100.3,11.6,86.33,86.951568603515625,-15.219332,0.30328452496998276,1947.8499755859375,8.6,33.76,13.2
2011-09-01,81.4,-6.9,4.3,99.4,-4.8,93,-6.6,67.55,68.76,63.88,65.1,62.83,2.6431,1.5364545,2.95,NA,2.95,NA,NA,850,0.727,99.64877,-13.2,-13.4,-7.1,-10.5,-16.2,54.8,35.5,14.8,17.6,-16.1,21.3,28.5,15.5,-21.5,-25.2,6.1,6.8,3,-0.7,8.7,13.4,5.1,8.9,12.8,2.4,18,-14.4,-4.3,-6.1,25.2,7,61.8,13.8,12.3,0.6,1.2,5,-9,-0.6,-0.9,97.6,9,85.61,83.35044860839844,13.016885,0.32836592067651815,1983.75,5.7,72.56,0.74
2011-10-01,81.2,-10.6,5.3,103.6,-11,93.6,-8.9,67.7,68.87,64.29,65.26,62.7,2.9232,1.5758571,3.04,NA,3.04,NA,NA,782,0.7288571429,99.93413,-16.4,-13.2,-9.1,-18.7,-27,53.5,44.4,24.4,21.3,-16.3,22,29.7,11.7,-20.8,-21.9,10.5,-0.4,4,2,7.8,12.1,2.5,12,11.2,-5.9,21.8,-18.4,1,-1.1,26.5,11.2,56.8,16.6,7.9,1.1,2,5.3,-13,-9,5.3,93.7,7.5,86.41,76.339935302734375,24.990154,0.4351405216321878,1846.9100341796875,7.1,302.55,0
2011-11-01,81.4,-10.1,5.3,97.8,-8.7,92.6,-10.5,67.75,68.8,64.54,66.05,62.39,3.3598,1.4846818,2.97,NA,2.97,NA,NA,774,0.7371363636,100.0094,-15.3,-15.4,-7.1,-20.9,-23.9,54.7,38.7,22.6,25.2,-14.9,18.1,28.2,6.8,-23.1,-36.4,7.2,-0.1,5.1,3.3,7.1,10.2,4.2,5.1,13.6,-13.4,23.9,-22.5,5.7,-6,14.6,4,66.5,15,7.7,0.6,1,4.9,-13.5,-4,2.1,94.8,7.2,97.21,83.15767669677734,12.817837,0.5063514638453139,1891.6800537109375,2.7,439.3,0
2011-12-01,81,-5.8,5.1,100.6,-1.2,92.2,-6.8,67.91,69.06,64.51,65.71,62.9,3.0951,1.4260952,3.07,NA,3.07,NA,NA,828,0.7606363636,99.67165,-17.2,-16.2,-7.9,-30.6,-29.7,54.2,45.3,27.5,23.4,-15.2,17.2,26.5,7,-19.7,-28.5,4,6.3,2.7,-1.4,9.3,6.4,-0.8,2,17,2.3,22.1,-23.5,-0.5,4.2,-3,16.4,64.5,15,12.9,0.5,1.5,5.2,-10.3,7.8,3.9,96.4,5,98.57,85.34132385253906,14.767913,0.359489069941232,2076.489990234375,2,541.4,0
2012-01-01,80.9,-6.6,4.6,96.7,-6.3,93.2,-7.3,67.53,68.29,65.36,66.27,63.2,3.2696,1.2222273,3.03,NA,3.03,NA,NA,699,0.775,98.57722,-14.3,-12.2,-4.2,-20.8,-25.9,48.8,39.9,26.3,22.9,-14.8,22.6,25.8,5.6,-17.5,-25.1,9.4,7.3,11.8,-1.4,3.1,5.3,4.9,1.6,10.2,0.9,22.2,-18.2,-0.6,-1.6,16.8,13.1,59.9,15.4,7.5,0.7,1.4,7.1,-11,-1.6,9.8,95.9,4.4,100.24,79.63497161865234,-44.00732,0.3012246452260775,2196.080078125,7.9,587.38,0
2012-02-01,81.2,-3.9,5.1,101.8,-5.3,92,-1.7,67.89,68.63,65.68,66.86,63.53,2.9966,1.0482857,2.96,NA,2.96,NA,NA,651,0.7554761905,98.3131,-14.8,-14.7,-5.2,-26.4,-27.2,49.8,36.6,27.2,18.7,-12,20.7,25.4,11.9,-14.6,-24.7,8.2,11.1,11.1,4,1.5,0.6,1.4,3.5,13,16.6,19.5,-15,-2.2,3.9,12,10.5,49.1,11.6,6.1,0.6,0.7,6.9,-9,-1.7,4.1,96.4,1.2,102.25,92.4458236694336,-83.212401,0.2638260823991673,2159.06005859375,28.5,663.93,0
2012-03-01,81.9,-4.7,4.9,107.8,-4.8,94.6,-3.3,68.73,69.52,66.08,68.14,63.66,2.873,0.8584545,2.83,NA,2.83,NA,NA,1000,0.7571363636,98.81097,-15.7,-14.9,-8.6,-30.1,-23.4,54,41.8,23.9,18.6,-15.8,18.6,26.5,15,-17.2,-23.2,8.2,11.3,12.3,7.5,10.5,10.8,9.4,11.7,12.9,1.4,16.2,-13.9,5,4.8,14.9,25,60.7,15.6,10.1,0.6,1,6.1,-5.2,-4.4,2.7,98.2,10.2,106.19,88.759979248046875,-63.166406,0.23631075266162477,2118.93994140625,7,366.04,0
2012-04-01,82.2,-5.9,5,97.7,-5.4,91.5,-3.8,68.93,69.82,65.51,68.67,63.73,2.8257,0.7443158,2.79,NA,2.79,NA,NA,870,0.759952381,99.07033,-9.8,-14.2,-4.5,-21.5,-9.9,54.8,39.1,21.3,16.5,-10.6,19.3,26.7,11.8,-18.4,-24.9,8.3,8.8,7.5,0.1,10.1,15.7,12.2,4.1,14.9,10.5,19.8,-9.9,-2.1,-4.1,19.1,18.2,59.6,15.3,14.1,0.5,1.6,6.4,-10.5,-0.3,8.1,100.2,12.6,103.33,96.01668548583984,-45.931562,0.19428849836578274,1897.0400390625,7.2,304.54,0.05
2012-05-01,82.8,-3.1,5.1,97.8,-0.9,93.2,-9.1,68.79,69.77,65.56,67.45,63.75,2.4937,0.6849091,2.82,NA,2.82,NA,NA,829,0.7817826087,98.88348,-11.4,-14.1,-3.3,-21.6,-10.7,51.2,34.7,23.5,11.7,-17.7,23.8,27.5,13.6,-20.8,-27.5,2.3,13.9,3,2.8,11.1,18.3,9.1,2.1,18,-5,20.3,-19.4,-1.9,-2.1,21.4,12.1,58.6,12.2,12.4,1.1,1.6,6.5,0.4,-2.1,5.2,101.6,12.8,94.7,78.17115783691406,-37.944718,0.2340350767218606,1975.3499755859375,6.1,148.44,0
2012-06-01,82.8,-7,5.5,97.8,-0.8,92.6,-6.6,68.78,69.9,65.74,66.15,64.12,2.2866,0.6588571,2.67,NA,2.67,NA,NA,1022,0.7977142857,99.01984,-12.4,-12.8,-4.3,-20.8,-14.4,44.6,33.9,28.1,16.2,-18,19.9,25.8,7.5,-19.5,-26.8,7,5.6,0.1,-0.1,11,13.7,8.9,0,14.1,0.4,21.6,-19.3,1.3,0.4,12.6,18.2,59.4,12.7,14.5,0.7,1.5,5.2,-8.5,6.9,0.8,98.6,11.2,82.41,77.82243347167969,-53.805966,0.31949201826641355,2014.800048828125,4,62.4,7.76
2012-07-01,82.4,-8.2,5.4,93.6,0.7,92.3,-2.5,68.44,69.32,65.92,66.76,64.57,2.0678,0.4970455,2.62,NA,2.62,NA,NA,1045,0.8140909091,98.10972,-10.5,-8,-1.4,-21.3,-15.2,40,33,27.8,22.1,-17.4,22.4,27.3,1.1,-21.4,-28.9,10.5,7.2,2.2,-3.6,5.2,11,2.8,-0.6,9.5,5.1,21.7,-14.4,9.2,-5.9,15.8,16,55.4,14.1,14.5,0.4,0.5,5.6,-4.7,6.2,5,97.2,6.3,87.93,82.80802154541016,-41.715708,0.31267897922705434,2016.550048828125,9.5,42.62,12.56
2012-08-01,83.8,-8.9,5.6,93.8,-9.8,92.3,-8.6,68.68,69.4,66.07,68.52,64.61,1.969,0.3323913,2.65,NA,2.65,NA,NA,910,0.806173913,97.88501,-13.3,-12.2,-4.1,-27.1,-23.1,43.8,42,29.4,18.6,-13.8,18.6,25.6,8.9,-21.4,-26.9,8.7,3.6,5.9,-9,-2.2,7.2,2.7,-0.6,10.8,-5.9,22.3,-24.3,2.3,0.3,19.4,12.3,54.8,13,15.2,0.5,1.4,5.3,-10.3,-9.3,2.7,94.5,2.5,94.16,74.87835693359375,-74.957912,0.18515808180609938,2089.739990234375,7,30.67,9.11
2012-09-01,82,-9.3,5.5,95.6,-8.2,91.3,-16.7,69.46,70.32,66.14,69.45,64.38,2.0402,0.2463,2.69,NA,2.69,NA,NA,922,0.77715,98.98103,-14.6,-14.6,-6.8,-25.3,-21.9,47.5,41.1,31.5,15,-15.3,15.2,26.9,8.7,-23.3,-24.7,5.1,0.5,5.5,-5.6,2.6,7.6,3.3,4.1,12.9,-17,24,-22,-9.2,-4.7,19.7,10.3,60.3,19.1,9.7,0.7,0.8,5,-11.6,-4.9,-2.7,94.5,4.5,94.72,69.28050994873047,-82.598199,0.15499233730545223,2184.159912109375,5.2,120.08,0.01
2012-10-01,83.2,-11.1,5.3,108.8,-12.4,92.7,-16.5,69.67,70.61,66.42,69.03,64.52,2.0154,0.207913,2.49,NA,2.49,NA,NA,1015,0.7706086957,99.14212,-11.1,-9.4,-3,-30.7,-22.4,47.1,41.7,27.6,22,-9.7,19.2,29,-4.1,-27.1,-33.8,7.9,1.7,1.1,-6.8,-16,-17.5,5.8,26,7.2,-15.7,26.3,-26.8,-7.6,-3.9,13.4,7.8,56.5,20,8.3,0.5,1.8,5.3,-15.3,-9.5,3.7,91,-9.2,89.57,81.663665771484375,-52.910482,0.1527174482773136,2301.989990234375,6.2,288.48,0
2012-11-01,81.8,-14.3,5.5,94.5,-7.8,92.2,-9.8,69.72,70.74,66.99,67.75,64.61,1.8493,0.192,2.46,NA,2.46,NA,NA,866,0.7792272727,99.22488,-14.2,-13,-7.5,-26.8,-17.2,44.8,35.5,28.1,21.5,-19,16.9,27.1,4.3,-30,-34.7,8.2,-4.6,-4,-12,4.9,4.8,3.4,2.8,8.7,-7.3,23.6,-21.7,1.5,-2.7,13.6,4.9,54,20.4,11.1,0.3,0.8,5.7,-13.9,-1.6,-2.2,92.3,4.4,86.66,81.38964080810547,-45.270256,0.10179605783499492,2401.2099609375,6.9,397.39,0
2012-12-01,82.2,-13.4,5.4,89.1,-7.3,91.4,-20.8,69.89,70.92,67.72,67.18,65.14,1.7672,0.1854737,2.56,NA,2.56,NA,NA,851,0.7617619048,99.51715,-12.9,-10.7,-4.8,-28.6,-19.2,44,39.6,30.7,16.1,-17,16.4,27.7,2.3,-29.7,-32.8,8.5,-1.9,2.3,-13.5,6.2,2.5,7.9,1.4,13.4,-21.8,26.7,-20.2,-13.9,-10.7,17.3,6.8,56.5,15.3,10.2,0.6,1.2,6.6,-8.5,-6.1,4,93.3,5.6,88.25,74.83155822753906,-63.111921,0.06557930436148268,2446.0400390625,10.3,603.25,0
2013-01-01,81.5,-9.3,6,108.7,-16.2,91.7,-10.3,69.45,70.22,68.01,67.53,65.39,1.923,0.2049091,2.39,NA,2.39,NA,NA,820,0.752,99.50116,-11.5,-14.8,-4.4,-22.5,-9.6,41,34,27.5,14.6,-17.2,15.5,25.1,-0.5,-29.7,-36.3,7.2,9,3.5,-4.7,-11.1,4.4,8.2,23.2,4.4,-16.2,23.2,-20.6,8.4,-0.6,13.9,5.7,48.3,20.3,8.3,0.5,0.8,5.4,-18.8,-13.7,-2.3,94,0.5,94.69,90.6574935913086,-73.619557,0.06203586592166245,2466.60009765625,14.5,599.46,0
2013-02-01,80.9,-7.6,5.6,90,-9.8,91.3,-14.5,69.68,70.44,67.96,68.33,65.61,1.9644,0.22335,2.46,NA,2.46,NA,NA,717,0.74955,99.47556,-9.4,-10.6,-2.9,-18.1,-4.4,42.1,31.1,23.3,13,-19.9,18.2,27.2,7,-26.6,-29.9,8.7,12.4,4.4,-6.5,6.7,18,7.2,1.1,8.6,-10.5,26.7,-11.6,-6.3,-11.5,13.5,4.5,48.1,13.3,10.9,0.6,2.6,7.1,-10.1,-9.5,5.1,98,10.6,95.32,81.59033203125,-77.380126,0.09474755927023507,2352.010009765625,18.5,566.2,0
2013-03-01,82,-8.2,5.9,93.5,-8.9,91.6,-18.4,70.36,71.37,67.86,67.51,65.84,1.7467,0.20605,2.47,NA,2.47,NA,NA,934,0.772047619,99.79297,-10,-12.7,-2.9,-25.7,-6,40.8,26.8,22.6,16.7,-18.6,16.2,27,1.9,-28.8,-35.1,6.1,10.2,0.1,-3.6,-13.5,3.9,9.7,4.4,-10.2,-31,27.9,-19.6,3.5,-10.7,11.9,3.1,61.1,15.7,8.2,0.3,0.8,6.5,-12.5,-5.3,-5.3,94.9,0.1,93.05,75.89672088623047,-60.717216,0.14235647699548518,2414.25,9,519.35,0
2013-04-01,83.5,-9.5,5.4,107.1,-13.6,92.2,-15.3,70.37,71.39,68.23,66.85,65.7,1.6447,0.2089048,2.31,NA,2.31,NA,NA,880,0.7677727273,100.0671,-11.3,-14.6,-3.8,-27.7,-10.3,35.2,29.8,22.8,16.8,-16.5,12.6,25.9,4.3,-30.4,-38.3,7.4,9.4,4.9,-5.1,0.2,0.2,5.3,19.5,8.9,-20.3,26.7,-22.5,1,-0.8,12.5,-9.7,40,17.9,5.6,0.5,1,5,-22.6,-4.5,5,94.4,1.9,92.07,95.10787200927734,-60.583178,0.08209254248871915,2416.68994140625,36.4,277.98,0
2013-05-01,82.5,-12.5,5.4,89.5,-10.1,94.5,-7,70.45,71.51,68.54,66.49,65.81,1.7513,0.2012273,2.39,NA,2.39,NA,NA,907,0.7707142857,100.1327,-10.6,-11.1,-5,-21.4,-8.3,30.8,28.3,24,16.4,-18.1,10.4,22.4,1.1,-31.9,-36.1,6.6,1,-1.4,-13.1,2.6,8.1,1.7,-8.8,5.9,-14,22.4,-10.7,15.5,3.2,14.4,4.2,56.4,18.6,11.1,0.1,1.2,5,-15.8,-4.4,3,94.3,4.1,94.8,83.717315673828125,-63.081646,0.08132370381701515,2223.97998046875,9.5,191.14,0
2013-06-01,81.9,-10.4,5.5,106.3,-9,90.7,-7.3,70.33,71.31,68.54,66.71,65.93,2.0361,0.21025,2.43,NA,2.43,NA,NA,904,0.758586,100.3893,-11.8,-10,-5.5,-24.7,-11.4,31.6,26,28.4,11,-20.4,9.7,24.1,9.3,-31.2,-35.2,6.5,6.6,5.2,-7.1,-19.1,9.3,7.7,21.1,7.8,-4.3,18.5,-14.7,1,-3,18.3,7.1,45.4,14.8,9.2,0.5,1.7,3.9,-11,-7,-2.4,93.6,-0.7,95.8,82.97300720214844,-53.1992,0.08149553130718358,2337.739990234375,21.7,110.42,10.78
2013-07-01,82.6,-8.1,5.7,107.4,-10.2,92.7,-10.4,69.88,70.67,68.31,67.28,66.36,2.0643,0.2214348,2.32,NA,2.32,NA,NA,1044,0.7646421739,99.76181,-12.3,-10.7,-4.3,-31.4,-14.9,29.1,23.8,37.1,4.9,-19.3,5.7,21.6,11.5,-27.9,-33.1,2.1,5.8,-0.3,-5.2,2.6,7.7,3.3,17.7,10.7,-9.9,21.5,-17.2,0.3,2.7,16.2,6.1,56.8,13.3,8.3,4.6,3.1,0.9,-13.5,-6.9,-0.8,96.4,4.6,104.61,73.97581481933594,-35.483401,0.10835505722696492,2428.929931640625,11.5,20.79,14.37
2013-08-01,82.6,-7.7,5.5,96.8,-9.5,92.7,-6.5,70.05,70.91,68.12,67.32,66.5,2.2152,0.2258636,2.41,NA,2.41,NA,NA,862,0.7510654545,100.052,-10.3,-9.8,-1.5,-29.1,-9,45.6,43.2,32.8,11.3,-20.8,22.4,24.5,4.5,-23.9,-31.8,5.8,6.5,1.7,-8.2,7.8,10.7,11.3,2.6,29.5,-3.6,21.1,-11.2,5.3,1.7,21.3,9,66.2,6.9,6.4,5,0.9,1.6,-11.6,-7.3,2.1,98.5,9.9,106.57,90.95674896240234,-38.725951,0.0177264128530674,2528.449951171875,7.6,42.01,20.84
2013-09-01,83.5,-5.5,5.9,100.1,-19.2,91.7,-11.8,70.72,71.79,68.1,67.66,66.22,2.3432,0.2232381,2.49,NA,2.49,NA,NA,965,0.7491161905,100.747,-7.7,-11.5,-0.9,-22.4,-1.4,43.3,35.6,26.8,12.1,-16.9,15.4,27,6.7,-22.3,-31.6,5.8,11.6,5.5,-4.6,8.9,5.8,15.5,5.2,11.1,-11.9,19.1,-21.5,-4.3,4.9,12.7,7.6,54.5,23.5,7.7,4.6,2.5,0.3,-24.2,-14.1,-0.2,99.7,10.1,106.29,100.4593276977539,4.8690552,0.012325394129549049,2602.919921875,7.7,145.26,0
2013-10-01,82.4,-5.4,5.8,97.9,-4.3,91.9,-7.5,70.71,71.84,68.62,66.52,66.12,2.1903,0.2258261,2.33,NA,2.33,NA,NA,1066,0.7330056522,100.8296,-7.3,-9.3,-3.1,-17.3,-1.3,38,35.9,24.8,10.8,-15.8,18,26.9,14.7,-20.7,-28.4,3.4,7.8,-0.2,-8.6,10.4,11.4,33.8,5.5,11.8,-7.9,19.6,-12.3,4.9,-0.4,18.1,15.1,61.8,12.2,9.8,4.4,0.8,1.6,-5.4,-3.3,1.6,103.8,18.5,100.54,72.95311737060547,16.365861,0.005377764512252987,2645.669921875,8,254.68,0
2013-11-01,83,-3.7,5.9,101.3,-18.9,94.5,-8.3,70.73,71.92,68.76,65.95,66.17,2.0781,0.223381,2.35,NA,2.35,NA,NA,840,0.7413595238,101.0638,-6.1,-8.1,-2.4,-20.4,1.3,33.6,25.9,26.3,18.3,-15.3,13.6,25.1,14,-21.2,-30.6,3.7,13.9,0.3,-1.6,17.7,26.6,9.7,10.3,8.1,-6.7,20.2,-13.6,1.8,-1.4,14.8,10.2,54.2,19.2,3,4.7,2.5,0.5,-27,-10.8,0.9,103.5,18,93.86,77.779022216796875,-2.553975,0.009233515866536122,2546.5400390625,13,443.03,0
2013-12-01,82.9,-4,5.9,99.7,-20.4,91.4,-5.3,71.27,72.51,69.29,66.33,67.08,2.1718,0.2735,2.38,NA,2.38,NA,NA,906,0.7297122727,101.9024,-10.8,-10.3,-3.6,-29.3,-9,34.6,34.6,32.1,12.1,-20.1,15.8,28,11.2,-20.9,-29.7,4.3,13.2,6.8,1.2,9,11.3,17.8,0.6,5.6,2.7,16.5,-9.1,-2.2,7.5,20.7,14.8,57.5,16.6,7.5,4.3,1.3,0.1,-25.4,-15.4,5.6,100.6,12.7,97.63,70.37248992919922,30.795073,0.009328395146730964,2559.739990234375,12.7,535.52,0
2014-01-01,83.2,-5.5,6.3,112.3,-15.9,92.2,-6.9,70.51,71.43,69.71,66.1,67.11,2.1311,0.2920455,2.3,NA,2.3,NA,NA,897,0.7340834783,101.3391,-10.4,-12.8,-3,-22.1,-5.7,34.5,36.9,32.5,9.7,-20.3,11.5,26,9.3,-21.7,-25.9,5.8,11.1,3,-2.8,6.1,5.4,10.2,23.6,26.8,-6.8,18.8,-18.3,5,4.4,20.8,7.6,60.2,17.6,8,4.1,2,1.2,-23.8,-7.9,0.5,98.1,7.2,94.62,77.91596984863281,-8.4354566,0.007007701434078123,2587.860107421875,6.6,531.7,0
2014-02-01,82.8,-2.4,5.8,95.6,-13,92.5,-7.8,70.71,71.7,69.71,66.18,67.47,1.952,0.2881,2.37,NA,2.37,NA,NA,979,0.731746,101.3212,-10.9,-12.3,-3.2,-23.3,-10,35.8,31,27.8,12.5,-17.9,12.3,26.2,9.7,-19.5,-24.5,7.6,19.8,3.5,3.7,14.9,8.1,16.3,0.5,9.8,-8.1,11.6,-7.3,-3.6,-4,21.9,5.5,70.8,17,6.3,3.7,0.6,0,-17.9,-8,2.5,101.3,13.1,100.82,69.00352478027344,-33.980788,0.02374137048531267,2523.820068359375,3.1,445.46,0
2014-03-01,81.2,-1.7,6.2,99.6,-14.1,92.9,-5.1,71.38,72.57,69.44,66.01,67.46,1.8675,0.3053333,2.42,NA,2.42,NA,NA,1072,0.7231647619,102.2893,-10.4,-9.5,-2.7,-26.2,-12.5,29.1,32.4,29.2,12.7,-17.1,11.6,25.8,15.9,-22,-27.8,3.3,20.3,-1.5,3.8,13.8,11.3,11.7,6.6,7.2,2.2,16.2,-11.5,-1.2,-4,16.7,2.2,58.1,22.9,7,4.3,2.8,1.4,-22.8,-5.4,1.5,102.4,12.3,100.8,119.83855438232422,-7.6257044,0.058980658149540746,2525.219970703125,2.6,364.09,0
2014-04-01,82.4,-3.8,5.5,93.6,-13.6,92.2,-5.2,71.47,72.65,69.55,65.96,67.41,1.7683,0.32975,2.34,NA,2.34,NA,NA,1050,0.7240890909,102.2309,-11.1,-10.8,-3.4,-23.6,-10.2,30.1,29.9,29.8,13.1,-20,14,26.5,16.9,-19.7,-24.3,2.8,11,-1.3,-2.3,18.5,22.6,12.5,-4.3,13.5,3.5,16.1,-18.7,-3,0.1,14.7,10.1,63.6,22.2,8,3.5,2,0.8,-24.6,-2.5,-6.8,102.5,17.8,102.07,93.22154235839844,-42.695506,0.03251552958343598,2529.330078125,5,254.21,0
2014-05-01,81.2,-3,5.9,96.2,-16.1,92.2,-3.8,71.53,72.67,69.81,66.1,67.45,1.6199,0.3245714,2.38,NA,2.38,NA,NA,993,0.7281081818,102.3313,-12,-11,-5,-32,-14.1,34.9,30.6,35,6.9,-18.1,16.2,27.1,18.4,-20.5,-26.2,1.5,13,1.1,-4.3,9.1,15.6,13.2,-0.4,4.2,-2,18.8,-6.5,9.5,2.5,14.9,4,61.1,20.7,5.2,4,1,0,-24.3,-7.9,-7.3,101.3,12.6,102.18,83.4288558959961,-48.01447,0.012781671906413236,2500.85009765625,10,197.41,0.03
2014-06-01,84.3,-4.6,6.2,99.1,-18.1,92.8,-13.9,71.52,72.65,69.59,66.42,67.75,1.6506,0.2414286,2.4,NA,2.4,NA,NA,1003,0.7355752381,102.131,-9.6,-8,-3.8,-24.4,-10.5,31.1,27.2,32,14.8,-16.1,13.3,27.9,16.6,-21.3,-27.6,5.3,12.8,-1.2,-0.3,5.6,9.9,14.2,3.8,7.8,-18.5,21.8,-19.9,-1.6,2.9,12.4,2.2,60.6,23.7,2.5,4.1,1.8,1.2,-19.8,-16.4,-4.5,99.6,9.9,105.79,98.76710510253906,-56.381344,0.011018907276426957,2310.43994140625,6.6,72.82,2.91
2014-07-01,82.2,-9.4,6.2,94.9,-18,92.1,-14.1,71.05,72.02,69.52,66.3,68.22,1.4656,0.2050435,2.31,NA,2.31,NA,NA,1094,0.7388569565,101.4127,-10.5,-8.9,-2.9,-23.6,-7.9,31.9,24.8,34.4,11.7,-22.1,10.9,23.6,4,-22.4,-27.2,11,5.2,0.6,-9.3,4.9,9.8,4.7,1.4,-0.4,-18.8,17.8,-17.3,-5.7,0.3,11.1,-3.6,55.4,26.5,5.8,4.4,1.4,0.2,-25.6,-10.4,-11.2,94.9,6.5,103.59,138.7539520263672,-69.940534,0.024967325748673087,2301.52001953125,6.5,42.37,4.23
2014-08-01,81.5,-5.6,5.8,92.7,-17.4,93.3,-14.2,71.07,72.14,69.41,65.79,68.46,1.2798,0.1915714,2.28,NA,2.28,NA,NA,911,0.75092,101.3826,-10.2,-9.6,-2.4,-26.4,-11.6,28.7,25.4,35.4,11.6,-17.4,4.5,25.2,12.7,-19.9,-24.5,6.6,9.9,-2.4,-0.7,8.7,0.3,11.4,0.4,8.5,-18.9,20.5,-17.6,-3.2,-7,18.5,-4.5,53.8,19.6,4.1,3.8,1.8,0.7,-22.5,-12.3,-8.1,97.9,6.8,96.54,136.44558715820313,-53.385807,0.03287032468818628,2203.93994140625,15.3,72.95,1.02
2014-09-01,82.4,-8.3,6.1,91.6,-20,92.8,-13.4,71.71,72.92,69.45,66.44,68.11,1.221,0.0970909,2.27,NA,2.27,NA,NA,1026,0.7751895455,101.6457,-11.6,-9.9,-3.9,-35.3,-17.6,29.8,25.8,38,16.7,-15.1,10.1,24.8,4.7,-21.5,-24.9,7.7,4.4,-4.5,-4.9,0.2,-1.3,3.2,0.5,1.3,-16.1,19.8,-15,-4.3,-6.7,12.3,2,49.5,22.5,1.5,3.8,2,0.2,-24.5,-15.6,-6,94.2,0.7,93.21,131.55665588378906,-35.155351,0.03156556659748008,2214.699951171875,20.3,122.2,0
2014-10-01,81.2,-7.3,6,87.2,-16.9,91.9,-8.9,71.72,73.04,69.63,65.43,67.97,1.1022,0.0826087,2.12,NA,2.12,NA,NA,1183,0.7890443478,101.4739,-10.7,-10.2,-2.3,-28.8,-15.4,26.5,27,38,10.5,-15,9.3,24.2,2.4,-24.1,-29.9,6.7,8.9,-3.8,-4.7,2.5,5.2,8.5,-3.3,-1,-3.1,25.3,-27.3,1.6,-12.6,16.4,-8.4,53,25.5,4.8,1.1,2,0,-25.2,-8.6,-7,97,5.4,84.4,83.66100311279297,-36.928692,0.03693880516731198,2283.10009765625,12.7,219.61,0
2014-11-01,82.7,-10.2,6.2,92.5,-12.2,92.6,-10.7,71.82,73.31,69.77,64.36,68.19,0.9762,0.0809,2.11,NA,2.11,NA,NA,1023,0.801368,101.7755,-7.1,-4.3,2.5,-27.4,-13.3,25,22.9,36.2,19.3,-13.2,7.4,26.9,6.7,-23.9,-26.7,7.5,0.8,0.1,-7.6,11.6,-1.4,12.9,0.8,2.1,-10.1,21.5,-19.8,-0.5,-4.7,9.3,4,50.4,19,10,2.2,2.1,2,-13.3,-11.2,-2.9,97.9,7.7,75.79,84.38005065917969,-17.51376,0.017486802193796135,2160.080078125,11.2,348.47,0
2014-12-01,83.9,-9.2,6.1,90.7,-14.1,93.7,-19.1,71.85,73.7,69.91,61.7,68.92,0.8133,0.0809048,2.14,NA,2.14,88480,1148,1102,0.812196087,101.9882,-9.6,-7.1,-2.9,-31.2,-17.4,20.2,22.1,39.1,16.3,-11.1,5.3,24.2,0.7,-25.9,-25.3,11.5,9.7,-9.2,-6.8,-0.2,-2.1,9.6,2.8,-6.5,-19.4,27.8,-16,-10,-11.3,15.2,3.7,53.6,23.1,8.7,2,1.9,0.4,-16.3,-12,-8,95,2.5,59.29,86.5262222290039,-55.193044,0.024932364982399875,2191.110107421875,10.4,524.11,0
2015-01-01,83.8,-7.7,5.9,94.6,-13.8,94.1,-10,70.85,72.56,70.09,59.85,68.84,0.5434,0.0626667,1.98,NA,1.98,91202,1336,1299,0.8599027273,100.4452,-10.4,-10.3,-0.3,-30.2,-17.1,14,19.2,36.3,8.4,-14.1,5,20.9,-1.1,-25.2,-26.5,4.8,6.9,-6.2,-7.4,2.6,5.4,5.4,4.4,-4.1,-9.8,24.8,-23.8,4.7,-5.7,22.8,3.2,58.6,22.3,7.2,2.1,1.3,0.7,-18.7,-8.8,-13.6,97.1,4.4,47.22,111.9856948852539,-77.047248,0.0749078517837825,2495.2099609375,6.5,550.87,0
2015-02-01,83.9,-10.4,5.9,96.3,-16.2,94.3,-11.7,71.04,72.71,70.13,60.49,69.14,0.4403,0.0482,2.07,NA,2.07,90853,1051,1022,0.880563,99.60861,-11.1,-7.6,-1.1,-34.9,-20,20.1,28.6,43,13.5,-15.7,14.6,27.9,-4.7,-24.9,-25.5,10,3.8,-5.4,-5.6,5.8,-5.5,4,6,-2.1,-19.4,21.4,-20.5,5.8,-4.8,12,1.4,52.9,18.9,7.6,2.9,2.1,0,-23.1,-9.2,-9.8,94,1.4,50.58,111.92469787597656,-106.73308,0.10743477427015961,2509.820068359375,16,521.55,0
2015-03-01,84.2,-8.3,6.2,92.5,-17.9,93.1,-14.1,72.04,73.82,70.36,61.77,69.29,0.3736,0.0271818,2.1,NA,2.1,91545,1283,1246,0.9244727273,99.54388,-8.7,-6.5,-2.2,-31.7,-15.8,15.8,23.9,35.8,18.3,-10.3,11.1,25.2,3.3,-22.1,-24.2,8.3,5.5,-4.4,-9.3,5.5,8.2,8.3,0.9,4.8,-14.8,22,-18.4,-5.4,-3.3,20.1,-3.1,59.3,21.6,5.2,2.6,2.1,0.2,-21,-14.8,-4.9,97.4,7.3,47.82,104.23526763916016,-100.27997,0.09567745892773767,2586.330078125,9.8,433.6,0
2015-04-01,84,-7.8,6.2,95.5,-19.3,94.2,-16.3,72.14,73.88,70.47,61.88,69.09,0.2911,0.0047,1.93,NA,1.93,91557,1248,1192,0.9246854545,99.16219,-7.1,-5.6,1,-30.8,-13.7,18.2,22.6,36,13.2,-10.2,6,25.3,9.2,-21.7,-24.6,6.7,4.9,-0.8,-3.7,4.6,9.3,7.9,-1.2,-1.8,-27.4,20.3,-22.6,-1.2,4.1,15.2,-2.2,57,24.9,4.6,3.3,0.8,0.7,-19.6,-18.9,-7.5,98.1,7.2,54.45,102.19049072265625,-97.581223,0.06797229161442647,2568.760009765625,10.5,301.67,0
2015-05-01,83.8,-7,6.4,96.5,-18.3,93.3,-9.8,72.26,73.91,70.57,62.69,69.16,0.7255,-0.0103684,2.03,NA,2.03,92062,1108,1072,0.8961171429,99.57935,-8.4,-6.6,-2.6,-33.1,-13.3,19.6,24.6,37,11.9,-11.1,9.6,24.8,11.2,-19,-25.7,7.6,5.7,-0.6,-3.7,7,11.8,11,-0.1,1,-18,15.9,-14.3,4.3,3.9,18.6,0.1,56.9,22.9,4.6,3.1,4.2,0.9,-21.8,-14.9,-3.5,98.9,9.9,59.27,76.2623291015625,-96.794541,0.08912893371677794,2411.77001953125,6.9,160.64,0
2015-06-01,84.3,-8.2,6.2,94.4,-12,94,-13.2,72.23,73.88,70.3,62.82,69.45,1.0638,-0.0139091,2.06,NA,2.06,92276,1381,1344,0.8915577273,100.0007,-9.1,-5.7,-0.6,-33,-15.3,21.4,25.5,41.8,7.5,-14.9,12.8,28.4,3.7,-19,-23.9,6.7,1,-4.3,-7.9,8.6,15.2,6.7,-0.8,3,-19.3,18.1,-19.3,-2.3,-0.3,12.4,-1.1,60.3,25.5,4.1,3,2.3,0.4,-22.9,-1.1,-3,98.3,10.1,59.82,85.90596771240234,-81.126077,0.12214352664929186,2499.449951171875,5.1,63.98,1.11
2015-07-01,84.3,-4.9,6,93.8,-15.4,94.1,-4.6,71.86,73.47,70.14,62.32,70.18,1.0841,-0.0187391,1.95,NA,1.95,92572,1430,1391,0.9087826087,99.34487,-9.9,-5.6,-1.7,-35.7,-16,19.9,27.6,41.8,10,-16.5,13.8,27,9.5,-17.1,-20.3,6.4,8.8,1.3,-4.4,2.8,11.8,6.4,1.3,5.4,-5.9,11.8,-13.5,3.8,-4.5,14.8,2.5,61.1,24.8,3.5,2.6,2.1,1.2,-21.9,-9,-2,98.8,7,50.9,106.80866241455078,-47.811737,0.12733457383985813,2325.110107421875,6.6,19.34,33.75
2015-08-01,84.1,-5.3,5.9,99.1,-14.8,93.4,-4.1,71.74,73.59,69.95,60.61,70.27,0.9598,-0.0276667,2.03,NA,2.03,92377,1235,1194,0.8983647619,99.79384,-8.5,-6,-1.9,-31.8,-14.7,16,19.6,40.5,16.2,-11.5,15.1,24.8,11.6,-19.4,-21.7,2.4,5.8,0.8,-5.1,13.9,11.6,19,7.2,5.9,7,9.3,-16.4,-9.9,-0.7,16.8,9.5,60.1,19.7,7.4,2.9,2.9,1.4,-20.3,-9.4,2.1,102.5,14.8,42.87,82.47853088378906,-38.801087,0.10177889254916478,2229.489990234375,5.9,27.47,31.16
2015-09-01,83.7,-5.5,6.2,90.7,-13.1,94.7,-10.2,72.12,74.23,70.06,59.58,69.68,0.9706,-0.0370455,2.1,NA,2.1,92985,1231,1192,0.8914286364,100.6944,-8.8,-3.5,3.4,-29,-17.5,13.1,24.3,46.8,12.4,-17.7,13.8,26.7,2.2,-20.7,-24.4,3.3,7.3,-1.1,-5.6,14.9,10.3,8.6,-1.8,4.3,-15.6,16.1,-18.7,1.2,-7.2,20,4.3,62.6,16.8,9.5,3,2.2,0.7,-20.2,-5.9,0.6,100.9,11.3,45.48,98.7674560546875,-56.561778,0.21285544964231198,2420.659912109375,5.1,159.26,2.13
2015-10-01,84.7,-6.5,6,91.3,-17.5,94.4,-8.2,72.19,74.44,69.99,58.82,69.71,0.8297,-0.0535909,2.01,NA,2.01,93437,1272,1239,0.8903236364,100.4218,-11.7,-6.9,-0.9,-33.4,-17,12.1,25.8,48.7,9.7,-21.9,9.8,23,10.3,-20.3,-22.3,6.5,7.4,-4.9,-3.3,7.4,10.1,11.1,-0.5,2.4,-15.9,10.2,-15.3,1.5,-7.6,10.1,10.6,60.8,24,2.2,3.1,2.3,0,-23.3,-11.8,-7.1,98.2,9.5,46.22,91.931884765625,-67.887274,0.14065539933558366,2488.6201171875,6.8,300.98,0
2015-11-01,84.1,-6.5,6.6,95.7,-11.5,93.3,-8.3,72.17,74.41,70.07,58.86,69.58,0.8194,-0.087619,2.01,NA,2.01,93908,1243,1202,0.93277,100.2377,-9.3,-6.2,0.4,-34.2,-17.5,10.8,24.6,51.3,10,-13.7,8.1,23.3,11.7,-19,-27.9,8.1,7.7,-3,-0.9,19.9,16.6,15.4,-0.5,5.6,-11.2,11.6,-14.5,-2.1,0.1,20.5,5.5,64.3,15.5,8.4,2.8,2.7,1.1,-14.2,-8.8,-0.7,101.7,17.3,42.44,150.71588134765625,-98.736032,0.0955175089120661,2396.93994140625,3.9,358.03,0
2015-12-01,82.3,-3.4,6.3,96.3,-8.3,95.6,-2.9,72.62,75.13,70.24,57.79,70.8,0.8632,-0.1263182,2.01,NA,2.01,94699,1395,1351,0.9184513043,101.1745,-10.3,-4.8,-0.1,-34.7,-19.2,13.4,25.1,50.6,8.4,-17.3,11.9,25.2,13.4,-15.1,-17.1,2.7,7.5,-6,-7.2,17.9,15.9,14.3,5.7,10.4,-4.5,11.6,-13.3,7.3,-5.5,8.4,1.4,63.9,18.9,7.8,3.4,1.7,0.7,-16.6,0.1,-5.9,103.2,16,37.19,148.23687744140625,-109.92886,0.09494862360809363,2162.419921875,2.3,473.7,0
2016-01-01,85.9,-3.7,6.8,94,-8.8,94.1,-4.4,71.83,74.22,70.47,56.42,70.8,0.7672,-0.14615,1.94,NA,1.94,94200,1044,1010,0.9217671429,100.9842,-8.4,-3.8,3.8,-31,-17.4,7.4,26.1,53.9,10.1,-16,8.3,22.4,15.7,-16.3,-20.9,2.2,7.3,-7.6,-1.8,15.6,15.8,15.7,2.6,3.4,0.1,10.7,-17.6,-2.5,-9.1,18.1,7.7,53.2,19.5,10.9,2.8,3.2,0,-17.3,-0.2,-5.5,103.8,15.7,31.68,118.21114349365234,-139.27907,0.1664060764572709,2154.340087890625,7.3,590.39,0
2016-02-01,84.9,-9.8,6.3,96.9,-6.4,95.3,-3.3,71.77,74.2,70.78,55.63,70.88,0.526,-0.1835714,2.03,NA,2.03,94712,1103,1061,0.901702381,101.1539,-7.7,-1.7,1.7,-29,-15.2,5.5,18.9,51.3,12.4,-15.7,8.3,24.9,6.9,-17.3,-19.9,9.4,-2.5,1.1,-7.4,13.7,9.1,8.2,2.4,12.5,-1.6,11.3,-13.5,3,-1.1,10.9,8.8,62.3,18.7,10.3,2.2,2.4,3.9,-19.5,6.7,-1.5,98.7,10.3,30.32,103.74964904785156,-161.98868,0.30338036477188135,2270.3798828125,1.3,439.97,0
2016-03-01,84.8,-8.7,6.3,90.5,-8.4,93.7,-5.2,72.52,75.13,70.81,56.17,71.06,0.4572,-0.2285238,1.99,NA,1.99,95033,1327,1290,0.8985226087,101.3125,-6.5,-1.6,4.1,-26.6,-16.1,4.2,19.9,49.6,12.8,-12.6,11.2,25.1,1.2,-20,-23.6,11.7,5.7,-3.1,-4.8,8.7,9.1,9.9,-4.1,8.2,7.6,20.6,-16.1,-2.5,-6.7,26.2,11.1,58.5,21.4,12.7,2.5,1.6,0.3,-19.1,2.4,-1.7,99.1,9.2,37.55,109.72029113769531,-139.89992,0.22931110231334254,2329.419921875,3.2,445.74,0
2016-04-01,85.4,-8.3,6.3,96.6,-3.8,94.6,-0.1,72.61,75.05,71.11,56.91,70.8,0.3796,-0.2491905,1.94,NA,1.94,95164,1292,1254,0.881817619,101.2216,-7.3,-0.4,-0.5,-23.8,-14.5,6.8,18.5,49.8,18.1,-13.8,9,25,6.8,-22.4,-23.3,7.7,5.1,-5.5,-8.4,14.7,20.1,10.8,1,3,13.2,15.7,-11.1,2.3,0.8,21.2,13.2,64,13.6,10.9,2.9,4.3,0.4,-13.9,6.2,-1.3,101.6,15.2,40.75,85.22145080566406,-94.076438,0.14641116963279324,2260.830078125,6.8,284.75,0
2016-05-01,85.1,-7.1,6.8,98.4,-3.4,95,0.7,72.69,75.03,70.76,58.17,70.74,0.3666,-0.2571818,1.93,NA,1.93,95316,1191,1141,0.8846081818,101.3804,-6.1,-1.4,2.6,-29.2,-13.2,8.9,23.7,45.4,19.1,-12.5,9.2,25.1,2.2,-23.7,-29.5,7.4,9.8,-3.2,-2.3,16.3,18.5,14,3.3,8,6.9,9.6,-7.7,4.9,-1.6,18.2,9.6,61.8,13.2,7.6,3,3.3,0.2,-13.2,6.4,0.8,103.2,16.3,46.71,88.3324203491211,-92.123041,0.10953544364132009,2095.9599609375,8.7,181.96,0
2016-06-01,84.6,-7.2,6.7,93.8,-7.2,94,-2.6,72.69,74.96,70.49,59.01,70.89,0.3277,-0.2679091,1.95,NA,1.95,96175,1452,1388,0.8902813636,101.2227,-5.4,-1.6,1.5,-22.3,-8.1,7.1,19.6,42.8,17.9,-13.3,14.5,24.2,6.5,-22,-27.9,7.8,8.1,-1.5,-1.4,15.1,13,7.9,2.9,4.6,-1.4,12.6,-10,6.3,-10.6,16.6,7.3,52.3,21.2,8.4,2.4,3,1.2,-16.8,2.5,0.7,101.3,12,48.76,90.16812896728516,-94.196004,0.19694675795325103,2233.43994140625,12.3,58.45,4.58
2016-07-01,84.4,-7.5,6.6,95.1,-9.5,94.5,1.6,72.29,74.52,70.52,58.4,71.69,0.1583,-0.2945238,1.91,NA,1.91,96544,1277,1229,0.9043114286,100.5617,-6.1,-1.3,-0.7,-18.8,-9.4,7.8,22,36.8,16.8,-12.9,14.3,25.2,9,-18.4,-24.9,8.2,4.1,1.5,-4.2,6.4,13.5,9.7,2.1,3.1,4.9,7.9,-8.5,7.8,-4,12.8,11,57.7,17.1,10,2.7,2.1,0.2,-15.3,-3.7,1.3,100.2,9.8,44.65,114.6104507446289,-78.812005,0.2743154044998173,2314.3798828125,12.2,35.26,6.94
2016-08-01,86.1,-4.1,6.8,99.1,-4,95.2,-3.6,72.17,74.46,70.52,57.61,71.86,0.1068,-0.2982174,1.91,NA,1.91,96798,1244,1191,0.89225,100.4494,-6,-2.1,0.8,-20.3,-7.8,6.8,22.9,41.2,16.5,-14.8,16.6,28.5,17.4,-19.4,-26.5,9,16.1,3.6,-1.4,8.7,15.9,11.3,2.8,5.7,7.3,15.8,-16.2,-2.2,0.8,14.2,11.4,62.2,12.3,11.4,2.4,2.5,0.8,-11.8,3.8,1,102.3,12,44.72,98.73848724365234,-83.83439,0.1076858056151888,2405.280029296875,8.7,46.56,0.67
2016-09-01,85.6,-2.9,6.5,97.9,-1.5,94.9,-3.3,72.9,75.38,70.36,58.26,71.43,0.1484,-0.3016364,1.92,NA,1.92,97898,1239,1186,0.8919186364,101.1877,-6.6,-2.7,2,-23.1,-10.9,13.7,28.1,44.5,16.3,-14.8,13.6,26.2,12,-15.7,-21.2,7.3,14.3,0.5,2.9,7.3,11,11.3,1.8,6.7,5.6,11.3,-18.2,-4.2,-2.4,18,13.5,61.1,15.1,12.6,2.4,1.7,0.4,-5.1,2.1,4.2,102.4,9.9,45.18,104.54522705078125,-63.218521,0.029918588960993656,2473.75,8.1,82.77,0.06
2016-10-01,87,-1.7,6.3,104.8,2.4,96.6,-4.1,73.18,75.58,70.75,59,71.3,0.2407,-0.309,1.86,NA,1.86,97868,1211,1189,0.9076771429,101.1309,-6,-2.7,0.2,-21.6,-9.8,13.5,27.6,38,17,-11.6,14.5,24.6,11.1,-17.2,-22.3,3.1,15.3,1.3,5.5,13,17.1,16.3,5.6,6.1,-1.1,12.3,-18.5,1.1,4.9,11.7,13.9,54.8,11.7,17.3,2.8,2.2,1.4,-3.5,8.3,3.1,105.7,15.5,49.78,85.74778747558594,-58.487354,0.024373079566889336,2519.590087890625,8.4,315.59,0
2016-11-01,87.4,0,6.2,106.6,-0.3,95,2.3,73.23,75.67,70.83,58.74,71.24,0.4916,-0.3126818,1.87,NA,1.87,98167,1242,1224,0.9276704545,101.4108,-6.3,-2.5,-0.9,-21.3,-7.3,15.5,31.3,35.9,20.4,-14.6,14.1,26.4,8.8,-12.5,-22,3.6,16.1,1.7,5.5,18.9,20.8,24.1,8.8,7,10.9,13.3,-11.1,9.3,5.8,22.3,15.6,47.3,8.3,20.3,2.9,1.9,1.6,-2.4,1.8,6,107.9,21.3,45.66,82.91875457763672,-37.403016,0.033367170054199584,2618.429931640625,15.3,444.99,0
2016-12-01,87.5,-1.6,6,104.9,-1.2,95.1,-3.7,73.77,76.3,70.9,59.44,72.4,0.5345,-0.3157619,1.86,NA,1.86,98873,1472,1445,0.9488513636,101.3926,-4.8,-2.2,-0.7,-14.2,-0.9,17.6,30.3,25.9,12.6,-15.5,14.9,24.4,14.6,-12.6,-21.5,4.8,12.7,5.4,9.4,22.5,18.3,19.4,9.8,10.4,4.6,19,-12,3.4,-1,18.7,14.8,54.7,11,19.6,2,2.5,1.4,-3.1,0.7,1.6,106.5,20.1,51.97,102.18046569824219,-39.591598,0.03241526733312204,2676.429931640625,7,553.84,0
2017-01-01,86.8,1.6,6.3,109,7.2,95.5,-5.4,73.31,75.43,71.73,60.2,72.37,0.5705,-0.3255455,1.92,2.0876724137931033,1.92,98950,1392,1388,0.9407472727,101.279,-4,-3.1,1.6,-9.9,-0.8,19,33.1,29,17.5,-13.5,16.5,27.3,18.1,-8.6,-14.6,2.8,16.2,9.8,12.9,22.2,22.9,18.6,7,13.5,0.1,16.3,-15,0.1,6.9,17.4,17,48,8.4,18.2,2.4,1.7,0.6,-1.2,15.7,11.1,109.1,21.2,52.5,105.20123291015625,-54.409804,0.026174474230660952,2746.5,19.3,725.16,0
2017-02-01,88.1,1.4,6.1,109.8,4.6,95,-3.9,73.47,75.55,72.38,60.08,72.82,0.5899,-0.3286,1.93,1.9968354430379747,1.93,99116,1185,1153,0.939364,100.8993,-3.6,-2.5,1.5,-10.1,-1.8,19.5,30.9,23.6,17.5,-11.4,15.2,27.1,16.1,-8.8,-17.9,5.4,18.5,7.4,10,20.8,19.8,19.9,16.6,8.8,3.1,14.4,-11.5,-0.4,-0.9,18.6,24.7,47.8,7.8,19.2,2.1,1.3,0.6,3.7,5.6,3.7,108.6,20.2,53.47,114.20635986328125,-72.174481,0.015853942170499524,2828.7900390625,22.4,450.67,0
2017-03-01,88.9,2.5,6.1,107.9,5.8,96.6,-2.5,74.05,76.45,71.91,59.66,72.63,0.5924,-0.3293478,1.9,1.9489090909090907,1.9,99477,1540,1498,0.9353173913,101.3604,-3.7,-2.5,-1.1,-7.4,-0.6,23.2,31,26.9,18,-10.4,19.6,31.8,27,-5.9,-10.1,6.1,19.7,9.3,8.1,22.4,19.4,20.6,12.3,11.2,-0.4,15.7,-8.9,8.5,0.3,19.7,22.7,55,7.1,23.2,2.3,2,2,-1.4,13,9.7,109.1,20.8,49.33,96.63587951660156,-31.221867,0.011793819970661402,3010.179931640625,9.3,354.93,0
2017-04-01,89.3,1,6,109,2.9,94.8,-4.4,74.29,76.71,71.77,59.63,72.93,0.4903,-0.3303889,1.9,1.893461538461538,1.9,99462,1378,1347,0.9333455,101.0787,-1.5,-0.9,2.6,-3,3.7,25.6,31.9,21.6,15,-11.4,17,27.7,26.6,-6.8,-13.8,7.7,17.6,10.2,10.6,27.9,32.8,20.2,14.4,11.6,-2.1,14.8,-6.2,3.9,0.1,23.7,20.2,60.4,8.7,24.4,1.9,2.5,1,0.1,5.7,14.4,110.4,27,51.06,119.45992279052734,-24.369748,0.014448709895892836,3123.5400390625,6.4,324.94,0
2017-05-01,89.2,2.4,6.1,109.8,8.2,96,-13.4,74.25,76.65,72.18,59.11,72.75,0.6517,-0.3294545,1.89,1.8967180094786729,1.89,99628,1688,1638,0.9044721739,101.6509,-1.6,-1.7,0.6,2,5.2,22.9,28.9,10.6,16.7,-10.6,19,29.2,26.6,-7,-15.8,6.4,20.6,7.7,13.7,23.2,37.6,24.1,17.4,7.1,-13.4,20.7,-17.3,-6,-5.2,18.6,16.4,51,8,24.1,1.6,1.2,1.9,3.2,13.2,7,111.3,28.3,48.48,102.57996368408203,-46.884997,0.021697033636142636,3106.659912109375,13.3,140.42,0.37
2017-06-01,90,4.8,5.6,107.3,7.7,96.8,-6,74.14,76.6,72.02,58.47,73.03,0.5547,-0.33,1.89,1.9014800514800512,1.89,100211,1554,1530,0.8900081818,101.7746,-1.6,-1.8,3.5,-0.1,4.4,23.3,28.1,13.3,19.2,-12.3,19.8,29.3,22.5,-4.7,-12.9,-0.6,18.5,7.9,7.4,26.7,33.6,22,9.9,14.1,-4.7,19.1,-4.9,5.8,2.5,16.1,27.4,60.1,10,19.7,1.6,1.5,2,2.1,13.4,14.3,113.4,27.4,45.18,126.78901672363281,-59.118557,0.007114180385683104,3217.929931640625,4.9,32.9,7.16
2017-07-01,91.7,6.4,5.9,112.8,8.7,96.6,-5.8,73.71,76.07,72.07,58.1,73.76,0.7292,-0.3304286,1.88,1.9104619225967538,1.88,100105,1602,1587,0.8681657143,101.7307,-1.2,-0.8,0.5,6.1,8.4,19.7,26.7,11.1,20.8,-12.9,20.2,29.8,28,0.1,-8.6,-1.2,18,11.5,14.2,25.9,35.4,29.8,18.2,12.7,0.9,19.3,-11.7,0.8,0.4,22.5,25.3,56.3,9.5,27,1.1,1.3,1,6.6,10.8,14.5,114.9,30.4,46.63,102.81346130371094,-53.796785,0.0064371825763968145,3232.830078125,6.5,37.51,8.8
2017-08-01,92.4,4.3,6,116.3,10.3,95.4,-4.8,73.71,76.02,72.26,58.32,73.83,0.6062,-0.329087,1.87,1.92,1.87,100404,1486,1462,0.8466469565,101.92,-2.6,-1.6,-1.1,8.9,9.7,20.9,26.5,5.8,18.1,-17.4,17.8,27.4,22.1,1.8,-4.1,5.6,16.7,14.9,11.4,21.2,27.7,21.6,17,9.1,-5,20.9,-4.8,11.6,10.3,13.5,16.1,51.1,7.2,26.8,1.6,1.8,2.7,6.6,14,13.2,110.2,23.5,48.04,138.5316162109375,-30.891351,0.005461811708211552,3315.969970703125,7.3,29.85,18.53
2017-09-01,92.2,7.8,5.7,112.3,8,96.8,-3.7,74.74,77.25,72.49,59.27,73.35,0.5911,-0.329381,1.85,1.87,1.85,100970,1471,1438,0.8394861905,102.8494,0.1,-2.1,2.8,12.4,10.4,26.7,31,7.2,18.5,-10.6,15.9,28.1,27.7,3.3,-2.9,-0.2,19.9,12,13.7,27.5,30.8,22.3,18.7,17.6,0.7,20.6,-6.9,8.8,-1.3,17.8,23.9,57.1,4.6,26.1,1,2.1,0.9,3.5,12.6,13,114.7,26.9,49.82,115.5344467163086,-13.486652,0.005053103977656476,3406.090087890625,6.4,183.89,0
2017-10-01,91.8,8.8,5.6,116.2,10.4,94.9,-6.7,74.9,77.31,72.98,59.68,73.14,0.6062,-0.3295455,1.87,1.9,1.87,101785,1615,1594,0.8506872727,102.8576,0.9,0.1,3.4,14.7,15.6,33.6,32.6,1.1,20.8,-15.7,20.3,29.6,31,6,-2.4,0.1,20.6,13.3,13.2,30.4,37.7,27.1,21.7,15.1,5.6,25,-17.9,-0.8,3.8,6.9,28,50.6,4.6,30.5,1.2,1.1,2.2,10.5,10.3,23.6,116.4,31.7,51.58,91.4615707397461,-4.9169299,0.005050735219126893,3344.93994140625,8.5,249,0
2017-11-01,93.8,12.7,6.1,112.3,15.4,97,-7.4,75.01,77.36,73.07,60.46,73.15,0.5145,-0.329,1.87,1.9,1.87,102298,1511,1485,0.8517459091,103.236,1.9,-0.6,5,17.6,18.7,35,35.5,-2.1,18.8,-15.6,19.8,31,29.6,9.6,4.9,-1.2,27.3,21.1,19.6,27.2,32.4,28.4,21,14,6,22.3,-5.5,-6,-8.7,21.5,25.4,51.2,4.1,29.9,0.9,1.5,1.8,12,18.8,15.6,118.1,29.3,56.64,92.59601593017578,-7.0853365,0.004044852352790296,3420.139892578125,9.3,451.96,0
2017-12-01,94,13.3,5.8,115.5,11.4,95.3,0.3,75.49,77.96,73.16,60.57,74.17,0.5027,-0.3278947,1.86,1.9,1.86,105041,1499,1461,0.8452995238,103.396,3.7,0.6,5.3,18.9,20,35.8,32.3,-3,22.9,-11,21.3,31.7,37.4,11.3,8.3,-2.3,26.2,19.3,25,34.8,36.3,28.7,15.3,11.6,13.2,21.1,-2.6,8.9,4,24.3,27.8,45.3,4.7,25,0.7,1.3,2.2,8.8,14,20.9,120.5,33.3,57.88,82.71825408935547,3.6083088,0.010227345983482437,3594.27001953125,17.3,578.71,0
2018-01-01,92.9,10.2,5.7,116.2,9.9,96.5,-1.8,74.71,76.87,73.14,60.59,73.99,0.6692,-0.3284545,1.82,1.9,1.82,105052,1446,1413,0.8199269565,103.0136,3,-0.1,3.1,22.7,20.5,31.5,30.2,-3.1,21.9,-11.7,17.4,30.4,32.9,9.5,4.6,1.3,22.5,13.7,18,32.5,35.2,25.5,18.5,12.9,20.7,25.7,-13.4,-0.3,5.7,23.6,28.9,53.9,4.5,32.7,0.8,1.1,1.2,9.9,9.9,27.2,117.4,31.1,63.7,92.426788330078125,-23.140381,0.005693471799229904,3476.0400390625,5.4,518.34,0
2018-02-01,93.8,11.5,5.4,114.8,8.8,95.1,-9.9,74.9,77.16,73.18,60.22,74.49,0.8357,-0.3285,1.83,1.93,1.83,105328,1530,1462,0.810291,102.9976,2.8,-2.2,4.3,21.1,17.8,33,32.8,-2.6,20.6,-8.8,20.7,28,34.7,7.3,-0.9,-5.6,21.5,16.4,15.4,29,34.5,20.7,22.7,17.1,0.1,25.6,-16.8,-4.2,-2.4,14.6,22.1,48.6,5.7,37.1,1,2.2,2,4.9,12.8,16.7,117.7,28,62.23,64.49137115478516,-33.173796,0.024081122300286587,3428.530029296875,3,598.54,0
2018-03-01,92.9,11.3,5.3,112.8,9.7,96.5,-8.7,75.57,78.07,73.17,59.84,74.37,0.8134,-0.3279048,1.82,1.92,1.82,105370,1656,1601,0.8110340909,103.4335,1.2,-2.4,4.6,19.6,13.8,27.2,30,-1.4,22.6,-11.2,25.5,30.4,31.4,8.2,1.9,0.2,25.9,19.2,17.1,31.8,29.6,18.9,14.4,18.1,-4.4,21,-8.9,-0.6,3.5,18.7,15.5,41.5,3.2,29.4,0.7,0.6,5.1,5.9,13.5,25.4,116.1,26.8,62.73,111.96229553222656,-30.447348,0.008853922222518806,3468.469970703125,20.7,508.41,0
2018-04-01,94.3,9.5,5.1,112.1,10.9,96.7,-11,75.74,78.17,73.25,60.74,74.44,0.7625,-0.32845,1.84,1.89,1.84,105471,1608,1572,0.8149528571,103.4465,2.3,-2.3,2.5,23.5,19.3,25.3,30.5,-1.4,24.3,-10.1,24,31.2,22.4,9.3,2,1.5,20.6,14,11.5,26.1,35.1,22.2,18,10.9,-12.6,26.8,-8.2,6.4,0.3,12.8,19.5,57.7,5.4,31.4,0.4,1,1.4,10,11.8,23.5,115.4,27.8,66.25,123.26347351074219,-32.73263,0.0037103231971847266,3362.4599609375,10.4,167.69,0
2018-05-01,96.6,8.8,4.9,110.5,11.1,96.5,-8.8,75.82,78.04,73.52,62.31,74.4,0.7606,-0.3252273,1.83,1.88,1.83,106463,1644,1580,0.8471369565,102.827,0.4,-0.3,2.6,21.8,12,27.6,30.5,-1.8,20.8,-12.6,21.6,30.5,23.8,8.6,0.3,2.6,20.3,12.2,11.2,25.6,32,16.3,16.5,15.1,0.8,21.4,-6.4,-6,-1,15.1,24.6,54.5,2.6,35.6,0.3,1.5,0.9,11,11.2,17.1,113.6,24.7,69.98,125.66661834716797,-19.229881,0.010479595545988098,3255.9599609375,6.1,93.24,0.19
2018-06-01,94.8,7,5,107.2,8.6,95.7,-8.5,75.86,77.96,73.48,63.04,74.62,0.7064,-0.3220476,1.87,1.91,1.87,106549,1803,1753,0.8563633333,102.9047,-0.6,-2.4,3,17.3,8.1,29.5,33.7,-0.9,22.2,-11.1,21.1,30.1,18,6.1,0.2,3.3,18.3,17.4,14.5,27.6,34.5,17.3,16,15.3,-6.8,20.7,-10,2,-7.9,15.4,20.3,51.7,2.7,34.1,0.7,1.1,2.1,10.7,6.6,22.5,113.1,26.5,67.87,103.96858978271484,-14.692959,0.027643198911532996,3421.3701171875,5.6,53.45,1.7
2018-07-01,94.3,5.1,5.3,111.3,17.4,95.7,-12,75.41,77.38,73.48,62.83,75.33,0.596,-0.3207273,1.87,1.9,1.87,107160,1632,1585,0.8557927273,102.8381,-0.7,1.4,3.5,17.9,4.9,28.2,32.7,1.7,20.1,-12.5,25.1,32.3,16.9,4.2,-6.5,7.1,18.4,13.4,11,19.6,25.6,19.9,18,14,-9.8,23.7,-11,-2.5,-2.8,13.5,25.1,43.1,1.4,43.2,2.9,1.2,2,15.4,19.4,26.5,110.9,21.7,70.98,110.02842712402344,5.3130282,0.01021003690404011,3299.75,6.8,26.32,7.76
2018-08-01,94.5,7.5,5.3,109.5,16.7,96.8,-11.9,75.41,77.41,73.15,62.96,75.5,0.5973,-0.319,1.85,1.91,1.85,107898,1493,1451,0.8658630435,102.6764,-0.6,-1.5,2,17.2,6.5,30.9,36.4,3.2,23.4,-9.3,26.9,30.4,20.6,4.4,0.7,3.2,21.2,14.5,11.3,20.6,25.9,24.6,20.7,15.3,-4.8,23.9,-14.8,-7.2,-8.8,22,24.1,38.5,2.8,42.3,6.9,1.3,0.4,21.9,11.5,20.7,113,23.7,68.06,112.74168395996094,8.871272,0.008140990662035295,3344.0400390625,6.5,28.42,22.45
2018-09-01,95.1,7.1,5.4,111,18.7,95.4,-12,76.33,78.49,73.38,63.9,74.98,0.6654,-0.31885,1.83,1.88,1.83,108613,1485,1447,0.857064,103.5317,0.4,-1.5,3,15.9,11.5,33.2,36.3,-2.8,22.3,-11.4,23.8,30.5,29.9,6.2,3.4,7.1,22.2,17.9,12.2,20.3,29.6,26.9,13.4,12.6,-9.9,21,-15.8,-5.1,2.3,18.4,19.2,39,2.2,44.6,2.2,0.9,2.6,17.8,19.5,24.5,113.1,25.6,70.23,75.05390930175781,-7.8698281,0.004934056956883798,3161.090087890625,6.3,93.05,0.02
2018-10-01,97.2,6.2,5.2,113.3,15.1,97.3,-10.9,76.7,78.68,73.79,65.72,74.99,0.6875,-0.3176957,1.81,1.86,1.81,109108,1781,1742,0.8707708696,103.3282,-1,-1.8,2.7,20.9,8.2,32.6,34.9,-4.8,24.3,-12.9,23.7,30.8,16.3,2.7,-3.5,6.2,22,12.8,10.5,28.5,36.9,29.8,21,13.8,-15.2,17.1,-11.3,-0.5,-0.7,13.3,26.3,41.1,1.1,48.4,2.2,1,0.3,18.4,11.9,26.3,114.3,31.7,70.75,92.0164794921875,-1.3853586,0.018655511592177987,3074.93994140625,4.7,222.76,0
2018-11-01,97.3,7.9,4.9,113.3,17,96.6,-13.5,76.71,78.71,73.76,65.76,74.88,0.6201,-0.3163636,1.81,1.87,1.81,109595,1480,1454,0.8799522727,103.695,0.6,-0.8,4.1,16.7,11.2,30.6,33.8,-4.6,17.5,-12,23.1,31.4,24,3.7,-1.8,3.1,23.2,15.7,13.5,19.8,28.5,20.9,21,15.2,-16.7,20.9,-12.2,-2.9,-3.2,17.9,23.3,41.8,1.7,46.2,2.4,1.3,2.1,16.8,17.2,26.9,113.2,23.1,56.96,80.40758514404297,-27.089041,0.03264743477654524,2745.780029296875,3.2,394.76,0
2018-12-01,98.5,2.8,5.2,109.4,15.2,98,-9.1,76.78,79.1,73.75,63.48,75.53,0.5198,-0.3118947,1.82,1.81,1.82,110212,1490,1443,0.8787457143,103.794,-0.6,0.6,3.8,14.7,8.4,29.4,33.8,-3.2,20.8,-15.2,25.9,30.6,22.8,-0.4,-6,5.8,14.5,12.8,12,22.2,26.7,16.8,18.7,16.2,-14.2,16,-9.3,2.9,-6.9,21.7,14.4,44.3,2.5,36.9,2.3,0.8,1.5,18,12.4,23.4,110,21.9,49.52,90.607666015625,-15.662626,0.12813056488991464,2985.449951171875,7,546.74,0
2019-01-01,98.5,-0.4,5,108.2,10.8,96.9,-12.2,75.98,78.17,74.03,61.97,75.58,0.452,-0.308,1.79,1.83,1.79,110104,1493,1465,0.8757265217,103.135,-1.8,-1.6,3.5,20.2,3.4,26,32.6,-1.9,17,-12.3,22.2,30.2,16.5,-0.9,-8.7,10.2,9.9,13.6,8.2,20.1,25.7,19.2,13.7,13.8,-19.6,20.7,-15.3,3.7,-1,13.7,15.3,39,5.1,35.6,1.8,1,1.1,8.6,12.9,20.6,107.4,21.7,51.38,87.424102783203125,-38.199706,0.12695285295840095,3040.919921875,15.7,632.7,0
2019-02-01,98.3,-2.8,5.1,106.9,13.5,96.9,-7.9,75.97,78.16,74.01,61.98,75.95,0.4513,-0.30845,1.78,1.82,1.78,110203,1488,1413,0.881373,102.5768,-1.5,0,6.1,13.1,0.4,25.7,32.2,-0.5,15.5,-12.3,20.2,31.3,15.9,-6.8,-13.1,9.1,7.6,10,5.2,20.1,21.3,13,13,16.2,-6.5,21.3,-11.6,4,-1.3,15,13.4,43.3,5.1,33,1.6,0.8,2,14.2,12.8,23,106.2,18.1,54.95,96.80016326904297,-90.806287,0.06124272652526968,3034.0400390625,14.6,443.54,0
2019-03-01,97.4,-5.8,5.1,107.6,12.1,95.9,-7.7,76.83,79.17,74.31,62.52,75.82,0.3766,-0.3091905,1.78,1.79,1.78,110647,1695,1664,0.8852166667,102.927,-1.2,-1,5.5,12.8,2,24,28.5,0.9,22.4,-11.3,19.4,29.4,14.3,-9.8,-14.9,11,3.4,3.7,0.5,21.7,23.1,14,15.9,17.3,-6.5,21.3,-11.3,4.7,-0.8,1.3,18.7,49,5.5,37.5,1.5,1.4,0.6,13.8,10.4,16.5,105.1,19.6,58.15,82.32829284667969,-83.22259,0.047903985563606095,3214.7900390625,5.7,388.09,0
2019-04-01,95,-5.2,5.1,106.2,12.7,97.5,-8.9,77.06,79.4,74.18,63.29,76.11,0.3143,-0.31045,1.72,1.76,1.72,110770,1806,1767,0.8899981818,102.3724,-2.7,-0.1,3.3,11.6,-1.7,22.8,29.4,4.3,19.9,-12.3,26.3,29.4,2.9,-10.7,-17.6,8,3.1,1.5,1.6,19.1,25.8,17.9,16.4,11.6,-13.5,24.2,-8.5,11,-5,9.6,20.1,49.1,5,40.2,2.4,1,1.7,14.5,10.8,15.4,105.8,20.9,63.86,79.253448486328125,-70.61422,0.024426785556324625,2897.449951171875,7.4,277.74,0
2019-05-01,95.2,-3.7,4.9,103.3,16.5,95.5,-13.5,77.11,79.36,74.3,64.01,75.97,0.2381,-0.3118636,1.7,1.71,1.7,111584,1834,1779,0.8938965217,102.5513,0.8,4.2,9.9,11.8,-0.3,22.5,31.8,6.7,19.3,-10.5,26.3,30,8,-11.5,-16.9,9.7,10.2,2,3.3,15.3,22.5,15.3,10.4,11,-14.4,26.7,-21.2,0.6,-4.8,18.9,19.2,47.1,2.6,39.1,2.2,2.1,1.2,18.8,14.3,14.9,106.7,17.7,60.83,106.4719009399414,-41.189555,0.03733545732074582,2977.679931640625,7.8,256.03,0
2019-06-01,94.9,-7.3,4.6,101,9,97.3,-17.7,77.05,79.38,74.19,63.34,76.43,0.0301,-0.3289,1.67,1.68,1.67,112434,1597,1548,0.8853465,102.4762,-3.7,3.4,4.2,13.4,-6.8,20,28.2,6.7,17.2,-15.7,25.3,27.5,8,-12.7,-15.2,7.4,-1.9,6.2,-1.4,13.5,20.3,15.9,14.2,12.1,-19.1,26.5,-31.6,-7.5,-10.7,19.5,15,43,4.5,38.8,1.3,1.5,2,13.3,4.7,12.3,102.8,16.6,54.66,106.58845520019531,-28.487073,0.03037093185123389,2984.93994140625,8.7,19.07,15.73
2019-07-01,94.4,-6.3,4.8,98.9,14.9,99.5,-15,76.44,78.54,74.39,63.2,76.75,-0.1037,-0.3648696,1.66,1.65,1.66,113146,1882,1826,0.8917004348,101.5897,-4.2,2.1,5.6,5.8,-8.2,18.3,29.3,8.4,14.9,-16.2,21.4,28.1,1.6,-12.6,-17.8,8.2,1.8,3.7,-1.8,12.8,23.4,16,11,11.6,-15.1,26.7,-14.4,-3.1,-11.8,9,12.7,43.1,5.1,42.8,1.8,1,1.1,19.7,10,20.3,103.7,17.4,57.35,93.52125549316406,17.999584,0.01809109457293797,2911.14990234375,6.2,29.3,16.07
2019-08-01,93.4,-4.1,4.9,103.1,11.6,97.2,-10.5,76.5,78.65,74.37,62.98,76.92,-0.3737,-0.4076818,1.6,1.6,1.6,113693,1615,1572,0.8988809091,101.8668,-2.1,3.9,6.3,5.3,-4.1,16.7,29.2,10,25.1,-14.5,18.3,25.3,3.1,-9.2,-10.8,7.1,3.9,2.9,-0.2,10.1,12.6,7.2,11,8.9,-11.1,16.4,-5.8,-4,-3.2,16.8,14,38.3,3.4,34.4,13,2,1.3,14.9,8.4,14.9,103.1,9.9,54.81,103.4044189453125,23.889958,0.03825349415045373,3010.610107421875,7,24.7,7.41
2019-09-01,95.2,-2.8,4.5,104.6,8.8,97.2,-5.8,77.27,79.71,74.01,63.27,76.55,-0.3024,-0.4175714,1.54,1.52,1.54,114591,1842,1818,0.9084157143,102.2667,-3.6,4.3,6.7,3.4,-9.2,15.1,28.3,12.8,21.8,-16.1,20.7,25.9,-2.2,-9.8,-11.7,10.7,12.3,2.6,-5.1,14.2,20.3,16.2,17.5,11.1,-5,23,-1.1,10.6,-5.6,9.3,14.4,46.3,4,27.9,9.7,0.8,2.8,12.1,5.5,12.2,105.3,16.9,56.95,90.36798858642578,36.805553,0.028308507004124406,3139.590087890625,5.8,112.26,0.43
2019-10-01,93.4,-6,4.8,108.5,8.8,97.6,-8.9,77.49,79.93,74.34,63.34,76.46,-0.1974,-0.4128696,1.44,1.42,1.44,115518,2199,2138,0.9046469565,102.2437,-3.1,2.6,9.4,0.5,-7.3,15.3,29.4,15.7,21.1,-17.2,17.1,25.4,-6,-15.3,-26.3,8,5.3,-3.4,-6.5,13.4,22.1,14.7,19.7,8,-2.4,28.2,-17.6,4,-0.3,10.5,10.6,45,8,32.7,0,1.3,1.3,7,10.7,9.7,104.3,16.7,53.96,97.83673095703125,15.586013,0.023589601688328257,3139.820068359375,9.8,231.78,0
2019-11-01,93,-6.4,4.3,105.5,15.4,98.8,-13.5,77.64,80.17,74.13,63.24,76.7,-0.0861,-0.4012857,1.42,1.39,1.42,116085,1968,1904,0.9050190476,102.5624,-3.8,2.5,7.5,-3.2,-9,13.2,30.2,17.1,17.8,-16,18.5,27.1,-4.4,-14.8,-18.7,10.2,5.8,4.9,-6.6,13.6,14.3,15.9,12.9,12.7,-5,26.6,-15.1,-8.7,1.8,15.9,16.2,47.8,4,34.8,0.1,0.7,3.4,17.9,12.8,16.6,103.1,14.6,57.03,73.07838439941406,-9.7476641999999991,0.014679133826097713,3186.93994140625,7.6,398.62,0
2019-12-01,93.8,-6.8,4.5,109.4,9.4,99.2,-12.3,78.19,80.87,74.44,63.23,77.82,-0.0439,-0.3947,1.43,1.41,1.43,117153,2150,2015,0.89996,102.8688,-2.7,3.8,8.2,-2.7,-9,15.5,30.6,18.7,19.4,-13.9,15.8,26.1,-4.5,-14.7,-18.1,9.2,3.4,6.5,-1.3,13.3,16.4,12.6,15.2,13.5,-13.5,22.9,-6.2,-0.6,5.3,29.2,16.9,50.8,4.2,30.2,0.3,0.8,1.8,9.8,9,17.6,103.1,14.1,59.88,74.27989196777344,-12.587907,0.006004788389354601,3074.31005859375,5.3,520.94,0
2020-01-01,97.3,-6.8,4.5,99.2,14,98.5,-15.1,77.63,79.93,74.95,63.89,77.53,-0.0868,-0.3911364,1.4,1.38,1.4,117418,2015,1889,0.9007326087,102.2343,-2.1,3.6,7,1,-6.3,16.1,31.1,16.6,16.5,-12.8,15.7,28.5,0.2,-15.9,-23.4,7.6,3.2,1.8,-6.7,18.2,22.5,19.1,11.5,14.4,-16.5,22.3,-8,-6.4,-9.3,18,17.3,48.7,4.9,37.9,0.7,0.2,2.7,17.9,10,16.7,105.3,19.9,57.52,138.4209442138672,-80.420408,0.011878131240971456,2787.389892578125,2.7,555.18,0
2020-02-01,94.9,-5.8,4.6,99.8,15.4,99.6,-14.7,77.64,79.99,75.42,62.78,77.92,-0.2574,-0.40885,1.39,1.37,1.39,117685,2009,1906,0.916945,101.9331,-2.3,3.1,6.2,1.2,-7.7,14.8,29.1,17.6,19.5,-10.9,17.5,27.6,6.2,-15.3,-19.7,4.4,2.3,4.3,-2.1,13,16.3,15.8,9.4,11.3,-17.9,26.6,-21.6,0.3,-7.7,17.5,23.2,47.8,2.9,47.1,1,-0.1,1.1,19.8,11,13.5,104.8,15,50.54,75.95555877685547,-122.21384,0.02741891816545989,2001.5999755859375,-1.1,429.88,0
2020-03-01,87.7,-12,5,89.5,11.2,85.5,-26,78.05,80.79,75.71,60.49,77.74,-0.0938,-0.4166364,1.4,1.29,1.4,115681,2075,1930,0.9058504545,103.5302,-8,2.9,4.3,-5.4,-20.9,13.2,31,25.7,8.5,-18.2,21.6,28.2,-4.8,-18.6,-21,3.6,-13.9,2.9,-14.9,10.7,7.8,-8.5,3.4,5,-14.3,33.5,-39.9,-30.3,-14.7,3.8,21.3,49.6,5.6,31.9,0.8,7.4,2.3,15,7.3,15.9,95.6,3.3,29.21,81.54003143310547,-95.07527,0.42239254717408115,2227.14990234375,1.9,435.31,0
2020-04-01,73.4,-34.8,6.1,60.2,-22.5,80.9,-52.8,78.23,81.1,76.2,59.16,78.06,0.0458,-0.25405,1.36,1.28,1.36,115938,1995,1853,0.91977,103.8542,-20.6,2.8,-11.5,-16.3,-47.8,3.6,37,51.7,-16.5,-25.8,22.7,29.9,-37.1,-44.2,-47.7,7.9,-52.4,-12.2,-32.9,-61.7,-50.2,-54.4,-25.4,-4.6,-83,29.8,-57.5,-45.6,-23.3,1.6,-47.2,16.8,7.2,5.8,1.3,71.7,1.1,-17.9,-27.1,-2.9,60.5,-55.5,16.55,69.33940124511719,-84.146372,0.422858772621379,2232.300048828125,3.7,251.61,0
2020-05-01,79.4,-30.5,7.2,76.3,-9.5,101.9,-43.5,77.56,80.56,75.31,57.64,77.75,-0.0974,-0.27195,1.35,1.3,1.35,115917,2005,1821,0.9169185714,103.152,-14.2,-4.3,-3.1,-51.1,-29.3,-1.8,31.3,21.4,-5.5,-20.2,20.7,29,-61.7,-59.1,-61.1,6.7,-25.8,-14.3,-28.3,-69.1,-55.7,-12.9,-6.1,-3.1,-64.1,29.5,-43.7,-37,-22.2,6.5,-69.9,30.7,10.7,11.9,0.7,47.4,3,-19.2,0.3,-1.6,70.2,-45.9,28.56,68.50721740722656,-114.48346,0.29258732161980017,2246.719970703125,3.5,196.2,0
2020-06-01,85.2,-22.4,7.7,84.6,-1,99.1,-23.9,77.87,80.81,76.27,57.84,78.33,-0.1309,-0.376,1.41,1.3,1.41,116831,2045,1817,0.8881263636,103.6038,-8.1,-4.7,0,-56.5,-14.2,-1.4,25.9,3.6,5.1,-13.5,25.1,29.1,-62.8,-48.3,-51.6,10.9,-8.1,-8.7,-22.6,-55.2,-47.8,-3.7,-2.9,-4.8,-26.7,23.9,-32.2,-21.2,-12,14.5,-39.8,44,6.8,24.5,1.4,18,2.7,-4.5,2.5,-5.4,79.3,-35.6,38.31,71.22785949707031,-29.634987,0.2411816816821456,2123.550048828125,4.9,74.61,0.76
2020-07-01,90.5,-16.9,6.7,84.2,-0.4,103.3,-28.4,77.79,80.62,76.3,58.46,78.86,-0.2485,-0.4441304,1.34,1.29,1.34,117410,2570,2217,0.8716091304,104.4002,-10.4,-10.2,2.8,-54.2,-16.7,0.5,21.8,12,2.8,-17.5,22.9,27.3,-40.9,-46.1,-51.5,10.9,6.2,-9.1,-22.2,-35.5,-20,3.1,-3,2.9,-37.2,22.5,-25.9,-25.6,-13,17.5,-16.9,50.7,9.4,22.2,0.8,12.7,0.6,-3.6,2.9,-2.7,86.2,-17.5,40.71,66.47328186035156,5.4357901,0.18392486061163282,2217.050048828125,7.7,38.07,4.25
2020-08-01,90.5,-15.1,6.3,89.1,-4.6,101.1,-19.9,77.56,80.33,76.09,58.53,78.93,-0.28,-0.4797143,1.31,1.27,1.31,117972,2228,1912,0.8453547619,104.5578,-10.2,-5.4,-1.6,-61.9,-18.6,3.9,23.5,23.2,9.4,-15.3,25.2,31.6,-20.3,-40.3,-43.1,9.6,4.7,-4.9,-14.9,-9.6,-7.5,5.5,2.6,2.8,-19.5,24.8,-28.2,-15.3,-13.1,14.7,0.5,53.7,7.4,26.8,1,8.7,0.7,-9.8,0.5,2,91.4,-3.9,42.34,65.46604919433594,-2.2059945,0.11833530797195654,2108.75,5.2,28.74,4.79
2020-09-01,93.3,-13,6.2,93,2,101.3,-9.4,78.18,81.16,76.1,58.43,78.3,-0.3174,-0.4913636,1.3,1.26,1.3,118920,2339,2070,0.8485795455,105.2949,-5.8,-2.7,3.3,-59.7,-10.5,4.9,24.4,20.8,9.7,-13.5,22.7,29.4,-7.5,-35.3,-40.2,8.3,4.7,-5.5,-14.3,2.2,-1.7,2.3,3.5,2.3,-0.5,17.9,-18.1,-9.9,-6.6,12.7,4.1,47.5,9.9,26.6,0.6,6.3,3.4,1.2,2.7,5.6,95.8,0.9,39.63,80.37738037109375,-9.4809176,0.09356352093834128,2054.9599609375,6.3,101.06,0
2020-10-01,94.9,-11.1,6,90,2.1,101.4,-13.6,78.36,81.39,76.31,57.91,78.25,-0.398,-0.5091364,1.26,1.23,1.26,119766,2364,2148,0.8495963636,105.4545,-11.7,-4.6,0.1,-67.6,-31.7,5,24.7,46.7,4.7,-10.3,26.8,29,10.4,-29.2,-34.2,8.3,4.1,-2,-11,-1.8,0.1,-1.9,-0.4,4.2,0,22.8,-29,-18.1,-10,15,4.7,48.3,10,26.8,0.6,6,1.8,-0.3,4.4,6.5,94.2,-1.2,39.4,76.08316802978516,5.0497845,0.10388355767508822,2553.780029296875,6.5,294.44,0
2020-11-01,94.5,-10.5,6.1,88.8,-3.1,91.3,-35.6,78.5,81.62,76.13,57.82,78.54,-0.4114,-0.5208571,1.26,1.21,1.26,120233,2285,2052,0.8451195238,105.4052,-15.7,-6.2,-4.2,-68.8,-33.6,0.4,25,50.9,7.1,-18.8,24.6,28.9,9.6,-21.4,-22.9,6.7,-3.4,-2.6,-5.5,-11.5,-13,-8,-1.1,-5.6,-15.1,39.3,-39.8,-52.3,-13,12.9,9,36.1,9,28.1,0.7,15.8,1.9,-4.4,-1.8,-1.7,88.4,-10.8,40.94,70.06746673583984,-27.380251,0.1302165843697711,2780.43994140625,7.2,414.38,0
2020-12-01,93.7,-2.7,6.8,102,6.3,100.1,-33.4,78.98,82.13,76.58,58.77,79.64,-0.4224,-0.5380909,1.27,1.18,1.27,121194,2201,2001,0.8218965217,106.1143,-10,-6.9,0.5,-68.5,-18.9,0.1,28.2,34.1,7.7,-14.8,29.2,32,20.8,-21.9,-24,-1,12.9,2.6,3.9,-6.1,-11.5,1.4,4.8,-0.9,-42.2,46.5,-45,-11.5,0.1,11.9,17,44.6,6.2,28,1.1,5.2,1.2,1.3,11.3,1.7,97.2,-5.4,47.02,64.067291259765625,-22.367177,0.09942359518031028,2887.72998046875,5.2,550.68,0
2021-01-01,94.8,-5.1,7.5,91.2,7.5,84.6,-48.5,78.45,81.54,74.09,60.51,79.34,-0.3995,-0.54715,1.23,1.19,1.23,121209,1989,1699,0.8217238095,104.3188,-11.3,-9.3,1.7,-70.9,-24.8,0.6,30.9,35.8,0.5,-12.8,24.1,29.6,16.1,-20.3,-26.3,0.9,5.9,6.9,-2.6,-17.1,-12.2,1.1,4.4,0.2,-54,44.3,-48.7,-47.1,-19.2,6.6,9.4,46,6.9,27.5,0.9,5.3,0.2,4.6,10.5,8,93.6,-9.4,52,77.418701171875,6.2811411,0.05277573269494168,3011.570068359375,8.4,623.37,0
2021-02-01,95.1,-3.7,7.1,97.8,8.7,103.4,-37.1,78.7,81.29,76.49,61.76,79.66,-0.1969,-0.5411,1.18,1.13,1.18,121300,2233,2011,0.826744,104.1511,-9.4,-6.9,-0.1,-71.9,-20.3,0.6,32.5,25.8,10,-10.1,25.5,31.4,9.3,-19.6,-22.4,4.5,13.1,4.2,3.6,-8.4,-8.8,8.2,5,2.2,-47.2,45.9,-37.5,-18.3,-8.2,23.4,14.8,43.4,5.7,26.9,0.9,6,2.5,9.6,7.8,13.7,97,-3,59.04,73.95680236816406,-3.9075381,0.024668378488205144,3159.77001953125,9.9,459.62,0
2021-03-01,97.7,3.6,6.9,102.6,15.7,103,2.3,79.62,82.33,76.55,62.99,79.88,-0.0887,-0.539087,1.18,1.12,1.18,122123,3020,2751,0.840463913,105.0843,-4.5,-6.6,5.2,-67.5,-11.5,1,33.7,11.5,15.5,-5,28.2,33.5,15.6,-11.5,-14.2,-6.6,15.6,17.3,8.6,2.6,-0.4,14.5,11.2,11.2,10.4,6.8,-10.6,3.3,-10.1,30.2,24,41.4,6.1,32,5.5,5,2.5,17.4,13.9,29.9,108,5.6,62.33,78.61876678466797,25.3987,0.012678848524385583,3227.239990234375,4.2,461.79,0
2021-04-01,99.5,8.5,7.2,109.3,17,99,-13,79.73,82.51,76.23,63.2,79.85,-0.0409,-0.53815,1.19,1.16,1.19,122755,2645,2437,0.8360318182,104.661,-10.3,-10.6,2.7,-68,-19.6,11.2,37.8,14.6,9,-13.8,25.6,27.1,27.5,-2.9,-8,-10.4,17.9,28.4,14.5,2.7,9.9,13.1,13.7,13.4,-26.8,8.6,-20.9,-3.7,-2,31.7,24.5,32.6,4.4,31.2,20.7,5.6,4.5,20,14.1,41.5,108.4,8.6,61.72,88.16622161865234,45.355128,0.01284976303188982,3431.669921875,7.7,372.23,0
2021-05-01,98.4,12.1,6.7,113.6,20.6,105,-3.9,79.88,82.54,76.59,63.77,79.84,0.0803,-0.5400952,1.2,1.16,1.2,123437,2430,2234,0.8229414286,104.6253,-1.2,-4.5,3.8,-59.5,7.8,30.6,45.6,-10.1,11.2,-11.9,26,34,32.6,4.1,-2.1,-9.9,22.2,41.8,18.5,7.3,19.9,29.9,20.7,19.6,4.2,8.6,-13.9,-7.2,-4,25.6,24,25.3,1.8,24.1,40.3,5,1.7,26.9,14.4,58.9,115.9,19,65.17,93.00713348388672,62.922485,0.004939444959093077,3402.02001953125,4.9,242.83,0
2021-06-01,98.6,19.4,6.3,117.5,27,102.8,18.5,80.05,82.76,76.24,64.26,80.24,0.0229,-0.5429091,1.21,1.17,1.21,124525,2640,2389,0.8300122727,104.6062,-0.9,-7.4,6.1,-52.3,13.6,36.4,44.6,-11.3,5.6,-16,18.2,28.4,33.8,9.9,4.2,-18.4,29.9,46.1,20.6,26.8,33.3,29.6,20.6,24.7,32,-21,2.3,2.4,1,36.4,28.2,29.5,1,27.6,33.6,3.5,0.2,28.2,25.7,65.3,124.6,29.9,71.38,74.12712097167969,61.12565,0.021084512279080373,3480.820068359375,5.8,34.13,11.61
2021-07-01,101.3,14.1,5.9,120.5,20.8,101.3,10.5,79.98,82.44,76.34,65.54,80.6,-0.1302,-0.5448182,1.21,1.18,1.21,125438,2494,2263,0.8456845455,104.4105,0,-5.4,5.4,-43.6,11.4,41.9,43.1,-10.9,-0.4,-11.6,24.8,29.6,35,12.3,1.5,-12.8,17.2,47.4,25.2,32.5,41.1,30,23.1,24.3,11.4,-22.3,3.1,-2.2,3.6,38.9,24.7,23.5,1.9,35.8,30.3,4.6,1.5,24.1,17.5,62.5,122.5,34.5,72.49,58.42076873779297,69.201142,0.009070643152678285,3619.68994140625,4.4,29.21,7.28
2021-08-01,101,16,5.8,123.1,23.8,101.4,14.7,80.02,82.35,76.46,66.46,80.77,-0.225,-0.5475909,1.2,1.17,1.2,126013,2169,1907,0.8498136364,104.0187,0,-0.8,5,-28.8,9.5,45.7,46.2,-8.1,-0.7,-13.8,21.8,28.8,29.8,14.3,6,-10.5,23.1,47.9,29,24.9,33.4,20.9,18.9,23.8,19.7,-18.8,9.5,5.5,12.2,41.6,19.8,19.3,2,36.2,35.7,3.7,1.3,26.7,20.9,63.1,120.7,26.4,67.73,89.4865493774414,84.515252,0.009600618652834906,3658.929931640625,5,68.89,4.29
2021-09-01,100.3,14.1,5,119.3,25.3,101.5,16.4,80.74,83.24,76.56,67.03,80.63,-0.076,-0.5450455,1.21,1.19,1.21,127015,2167,1916,0.8496259091,104.2945,-2.8,-3,3.2,-24.9,4.3,51.8,46.3,-4,-4.7,-15.6,19.9,30.4,26.4,10.3,0.5,-9.1,22.9,46.3,23.7,22.9,27.3,14.7,19.9,28,20.5,-22.1,8.4,6.7,5.2,46.3,23.1,25.5,1,27.4,32,3.3,2.1,29,21.5,62.4,117.6,21.6,71.65,80.69696807861328,98.438404,0.027490234117541826,3721.18994140625,5.5,90.35,0.02
2021-10-01,102.2,14.3,5.6,123.1,21.7,101.1,2.7,81.31,83.55,77.09,69.84,80.69,0.0837,-0.5498095,1.19,1.16,1.19,127780,2104,1926,0.8620080952,104.0422,-2.3,-1.9,1.9,-11,6.8,58.1,50.9,-4.6,-2.6,-16.2,19.5,29.7,22.3,9.3,2.7,-12.7,20.8,49.5,25.9,28.9,36,27.1,26.7,29.7,-3.3,-26.5,15.7,-15,3.6,56.5,17.5,21.6,1.4,39.9,28.6,3.1,1.1,24.1,19.4,55.4,120.4,30.7,81.48,79.02923583984375,109.33956,0.010079450960501002,3661.4599609375,3.8,300.18,0
2021-11-01,103.1,14.6,5.1,115.6,17.4,97.7,0.7,81.74,83.85,77.28,71.59,80.83,-0.0088,-0.5673636,1.2,1.17,1.2,128824,2294,2101,0.8767495455,104.1415,-6,-3.6,-1.7,-13.9,-2.3,64.3,48.1,3.3,-9.6,-16.2,18.4,31.9,28.5,9.6,4.3,-4.6,29.7,50.3,28.8,17.9,28.5,22.4,25.2,28.2,2.3,-23.6,-17.7,-24,-11,49.4,20.1,28.6,2.7,31.6,26.5,4.3,0.5,20.4,14.3,61.2,115.8,22.9,79.15,86.56914520263672,53.619288,0.021350382542467676,3861.06005859375,3.8,441.71,0
2021-12-01,103,15.5,4.9,118.2,21.9,98.8,-18,81.97,84.07,77.78,71.9,81.31,-0.0455,-0.5819565,1.23,1.17,1.23,129798,2217,2018,0.8848417391,104.4162,-9.9,-6.2,-1.3,-37.3,-12.3,63.8,43.5,11.4,-12.8,-19.8,16.5,28.6,25.6,9.9,8.9,-10.2,26.5,52.3,28.7,2.8,7.6,18,21.5,31.8,-32,-13.6,-26.1,-35.7,-1.6,36.8,18.3,27.2,2.9,38.1,16,2.4,0.5,23.7,20,62.6,111.2,9.5,71.71,105.34542083740234,54.949371,0.0381635115659527,3843.030029296875,5.5,564.26,0
2022-01-01,106.8,10.9,4.7,122,18.9,99.8,-5.5,81.96,83.82,77.73,73.4,81.82,0.1813,-0.5601429,1.18,1.15,1.18,129395,2004,1836,0.8833866667,103.0214,-9.3,-5.2,-3.1,-28.5,-12.5,63.6,43.4,8.2,-8.4,-16.4,18.4,31.2,18.3,9.6,3.2,-2.3,20.8,51.1,23,10.2,13.7,14.1,24.5,37.4,-15,-18.8,-11.4,-20.4,6.7,46.2,26.7,32.1,2.8,39.3,16.8,4.3,0.5,23.1,14.8,63.1,109.5,12.6,83.22,138.67498779296875,7.0014604,0.015956989065227058,3388.97998046875,4.2,558.2,0
2022-02-01,104.7,10.8,4.9,117.5,20.3,99.1,-1.7,83.02,84.21,79.76,78.35,82.07,0.5391,-0.5315,1.21,1.2,1.21,129841,2431,2226,0.881508,103.5829,-8.1,-7,-2.8,-26.2,-4.2,70.7,43.8,-0.9,-8.3,-18.3,19.9,29.2,29.5,11,6.3,-3.6,17.9,51.6,21.5,14.4,17.4,24.7,22.1,37,-15.7,-24.1,-9.3,-13.4,0.4,46.8,24.3,32.6,2.6,40.9,18.3,2.7,0.9,23.8,16.8,69,112,18.8,91.64,216.1590118408203,10.592483,0.08383524142347118,3311.050048828125,0.4,449.25,0
2022-03-01,105,11,4.4,115.9,20.4,100,-14.5,84.89,85.32,80.98,87.16,82.41,0.7207,-0.4954348,1.27,1.25,1.27,130952,3106,2952,0.9073147826,104.4866,-22.4,-10.7,-17,-33,-38.7,71.8,67.3,20,-20.4,-23,16.5,27,24.5,11.3,5.9,-8.9,12.6,56.4,18.7,16.6,22.9,11.4,23.8,42.8,-32.2,-25.3,-9.6,-36.7,-3.2,62.3,19.1,27.1,1.3,38.8,23.3,2.3,1.4,27.2,13.6,67.9,107,17,108.5,318.9549255371094,39.122184,0.27875476333672045,3286.050048828125,5.3,449.32,0
2022-04-01,105.7,8.9,4.5,114.7,14,101.3,-6.5,85.43,85.74,82.52,86.96,82.54,1.2857,-0.4478947,1.36,1.36,1.36,131517,2702,2587,0.9258666667,102.8252,-20.9,-9.9,-14.6,-36.1,-36.3,74.4,59.4,18.6,-16.4,-22.7,17.5,29.2,19.2,11.3,6.5,-6.1,9.4,68.5,19.2,14,20.8,15.1,26.1,53.7,-28.4,-22.7,-12.8,-13.7,-7.4,64,16.5,22.7,0.8,29.3,47.1,3.3,1.4,22.8,5.2,81.3,106.2,16.6,101.78,191.14309692382813,28.551446,0.17975293882536747,3326.4599609375,4.6,335.44,0
2022-05-01,107.3,4.4,4.5,108.7,9.6,98.9,-6.3,86.04,86.38,83.45,86.91,83.11,1.5363,-0.3857273,1.5,1.52,1.5,132306,2713,2558,0.9453386364,102.7814,-24.4,-15.1,-20,-39.1,-40.2,76.4,58.9,21.1,-20.4,-22.4,13.4,25.5,10.7,8.6,-1.6,0.3,4.8,58.3,8.7,14,26.2,6.5,21.6,51.7,-17.3,-21.7,-13.1,-23.2,-8.8,69.9,12.2,19.1,3,25.1,49.6,1.6,1.1,16.1,3.2,77.9,101.3,15.6,109.55,142.25848388671875,55.964652,0.2605768156666959,2879.2900390625,4,111.49,0.04
2022-06-01,106.9,6.8,4.4,113.3,8.9,98.4,-6.5,87.04,86.79,84.86,91.67,83.73,2.0707,-0.2392273,1.64,1.67,1.64,133640,2603,2425,0.9465077273,103.5095,-25.1,-18.6,-18.9,-40.8,-37.2,79.6,46.3,13.1,-27.7,-25.8,16.1,25.7,15.6,10.2,8.2,-0.6,9.6,51.7,18.8,13.3,17.6,7,18.2,51.3,-9.9,-18.8,-16.8,-28.6,0.4,69.4,5.1,20.5,6.2,33.5,33,3.5,0.8,12.8,5,65.5,101.2,12.6,114.84,130.7073211669922,34.025921,0.28800196787711635,3028.1298828125,2.9,28.95,7.01
2022-07-01,105,2.3,4.5,113.8,6.7,96.8,-9.8,87.52,86.67,85.59,96.32,84.44,1.7014,0.036619,1.76,1.79,1.76,134381,2842,2650,0.9822438095,103.437,-34.3,-23.6,-26.3,-47.3,-51,80.9,50.6,23.3,-30.1,-36.1,13.9,22.9,7.4,3.4,-0.8,0.8,4.4,49.6,13.1,10.6,23.5,5.5,22.3,55.4,-21.3,-22.4,-17.3,-30.3,-1.4,76.5,5.8,20.8,5.3,35.9,30,2.9,1.6,7.5,5.9,65.7,96,13.2,101.62,117.17676544189453,20.210815,0.5031890242812435,2898.800048828125,4.1,24.21,13.23
2022-08-01,106.7,-2.5,4.9,106.7,8.2,98.1,-21.4,87.42,86.78,86.49,93.21,84.84,1.6802,0.3947391,1.93,2.08,1.93,134692,1375,1267,0.9870730435,102.7315,-31.5,-23.8,-25.8,-45.8,-43.2,82.2,47.9,18.3,-36.2,-33.2,17.6,25.6,3.1,-3.3,-11.9,7.2,3,40.8,10.7,4.8,15.2,0.4,18.5,51.9,-40.5,-17.4,-34.3,-41.2,-10.3,69.6,6.1,20.2,10.2,39.2,26.5,1.9,2.2,11.5,5,63.2,91.5,6.8,93.67,132.86322021484375,-18.278289,0.33859755989804646,2691.949951171875,3.6,24.98,8.7
2022-09-01,106.5,-2.6,5.2,110.2,1,102.9,-17.4,89.62,88.08,87.16,105.03,85.12,2.4592,1.0108636,2.11,2.26,2.11,135365,1457,1341,1.01043,103.2692,-32.2,-21.6,-27.7,-49.4,-47.8,80.6,47.9,26.8,-30.6,-31.8,17.9,25.5,4,-8.8,-13.4,2.1,2.9,49.1,10.8,2.4,2.6,-1,19,53.4,-22.4,-16.2,-29.3,-46,-2.2,69.1,9.8,22.2,7.4,38.8,19.1,2.2,3.3,3.2,-1.1,53.8,90.6,1.3,84.26,131.98587036132813,-13.361298,0.44970626958942483,2936.8701171875,4.5,161.74,0
2022-10-01,107.3,-7.3,4.7,104.8,3.6,97.7,-19.3,90.71,89.19,88.18,106.56,85.45,2.9161,1.4276667,2.62,2.72,2.62,134963,1265,1175,1.0162709524,103.9051,-30.6,-21.8,-26.2,-43.3,-43.5,80.1,46.8,25.8,-35.4,-31,16,24.3,-4.2,-10.6,-14,7.1,-4.4,51.5,7.2,-1.2,4.6,-3.7,15.7,66,-32.5,-16.5,-20.7,-41.8,-8.6,79.1,5.5,23.9,10.3,36,17.6,3.1,3.2,3.4,3.8,63.3,87.8,-0.1,87.55,143.16241455078125,6.1231622,0.5932242809301232,3231.489990234375,5.3,185.21,0
2022-11-01,109.2,-7.2,5.2,103.1,-4.6,97.3,-13.3,90.86,89.57,89.13,103.89,85.72,2.7031,1.8252273,2.95,3.11,2.95,135211,1181,1113,0.9800927273,104.1857,-29.1,-23.2,-21.3,-46.9,-40.4,79.3,40.9,20.1,-35.4,-31.3,16.2,23,-1.4,-13.6,-17.2,4.4,-3.4,42.9,5.9,0.3,3.8,0.5,15.8,53.9,-14.4,-10.3,-24,-35.8,-9.8,62.2,2.2,30.2,10.2,33.1,16.6,2.4,3.8,-3.3,-5.9,61.3,89.3,1.5,84.37,116.7162857055664,-27.366853,0.3845737018954456,3126.389892578125,3.6,400.09,0
2022-12-01,107,-8.4,4.9,107.8,0.2,98,-10.3,90.61,90.44,90.34,93.32,86.91,2.74,2.0634762,2.86,3.32,2.86,135314,1100,1038,0.9445572727,104.8074,-29.1,-26,-21.8,-45.2,-34.2,80.1,33,15,-34.4,-34.3,18.1,24.4,-1,-13,-19.8,14.4,2.2,37.8,5.2,2.4,6.9,10,18.2,43.3,-10.1,-9.5,-19,-30.2,-3.7,54.6,8.7,33.7,5.8,31.4,15.8,3,1,0.2,0.3,55.2,89.1,6.4,76.44,111.19593811035156,-16.013675,0.297559859401177,3383.7099609375,3.5,555.09,0
2023-01-01,109.2,-5.6,5.3,111.3,2.4,96.9,-12.5,91.44,90.41,90.95,101.59,87.57,2.8076,2.3448636,3.33,3.49,3.33,134007,800,761,0.9285231818,104.6179,-24.6,-22.3,-14.5,-42.5,-29.2,82,26,10.5,-32,-32.6,23.9,28.3,5,-13.6,-16.1,8.8,5.7,32.4,2.8,14.6,9.3,4.6,21.6,47.2,-15.1,-6.7,-18.7,-29.2,0.1,62.5,3.7,28.6,12,38.3,15.5,1.9,2.1,2.5,2.3,49.2,93.7,9.5,78.12,104.26704406738281,-63.282719,0.2623343597765589,3547.110107421875,0.7,535.22,0
2023-02-01,109.2,-2.2,5.1,113.6,-1.3,96.3,-13.4,92.19,91.15,92.72,100.51,88.53,3.0437,2.64035,3.48,3.73,3.48,133470,774,732,0.934222,104.8033,-23.7,-22.9,-14.8,-41.9,-25.2,81.3,21.5,12,-40,-31.7,21.8,25.4,7.3,-11.2,-14.3,7.2,11.7,25.7,10.8,14.2,10.1,12.9,18.2,49.9,-16.3,-7.6,-23.1,-31.5,6,62.2,-3,29.9,11.6,36.6,6.6,2.8,2.3,-2.6,0,47.9,96.4,12.4,76.83,120.99437713623047,-95.773995,0.14951989113144537,3209.43994140625,8.5,463.56,0
2023-03-01,108.1,-6.6,4.6,103.1,1,96.6,-27.3,92.71,92.19,92.7,97.28,88.87,3.0597,2.9105652,3.6,3.77,3.6,133518,1146,1107,0.933656087,104.9373,-23.3,-24.2,-13,-39.6,-24.2,84,19.6,13.2,-36.3,-31.9,20.1,21.9,9.6,-14.9,-18.6,9.3,4.6,19.1,10.5,5.6,4,2,15.5,38.8,-26.6,14.3,-39.5,-41,-12.7,48.1,-2.4,32.3,10.6,32.8,6.5,3.5,2.4,3,-0.9,38.3,90.9,3.9,73.28,105.37997436523438,-19.517977,0.2697246956590023,3258.64990234375,9,396.86,0
2023-04-01,107.6,-8.6,5.2,103.9,-2.9,95.2,-17.5,93.43,92.88,93.44,97.93,89.57,3.0285,3.1794444,3.83,3.97,3.83,133211,880,849,0.9120525,105.4416,-23.5,-22.4,-13.2,-43.9,-27,81.6,19.4,15.3,-38.2,-31.3,20.6,25.4,-0.8,-18.5,-24.6,11.3,4,14.6,1.8,4.4,10.6,10.1,15.7,39.7,-16.1,7.6,-24.6,-28.9,-7.1,45.5,-6.3,37.4,11.3,35.2,5.7,3.8,6.6,-6.1,0.4,22.5,91.8,8.4,79.45,106.80965423583984,-14.846431,0.22665705072224338,3042.610107421875,6.6,354.2,0
2023-05-01,108.5,-14.3,4.8,103.4,-5.3,95.2,-35,93.56,93.23,93.64,96.43,89.91,3.0317,3.3717273,3.93,4.07,3.93,132871,956,920,0.9211295652,105.3201,-24.5,-23.9,-13.7,-44.3,-27.4,79.5,20.6,22.3,-41.6,-33.1,21.1,24.1,-18.6,-23.3,-23.2,14,-5.6,4.8,-1.8,3.2,7.6,9.8,15.2,34.2,-40.5,16.1,-51.6,-48.4,-5.2,30.9,-3.6,36.1,14.5,31.1,1.9,3.6,4.8,-8.8,-1.7,23.8,87.2,6.9,71.58,108.46768188476563,-19.263371,0.16462194179188003,3154.909912109375,11.8,173.91,0
2023-06-01,106.2,-13.3,5,104.2,-8.4,97,-31.6,93.82,93.49,94.32,95.89,90.46,3.0451,3.5358636,3.94,4.04,3.94,133142,1160,1109,0.9224318182,105.9493,-22.3,-20.6,-10,-42.2,-28,76.5,15.8,28,-42.1,-30.5,19.6,25.3,-10.9,-23.9,-27.1,13.8,-2.1,-1.3,-4.2,-2.9,0.5,4,13.8,28,-50.3,14.8,-34.1,-29.8,0.3,38.8,-7.8,32.4,16.8,33.3,1.7,3.3,4.9,-11.1,-5.7,13.8,86.8,0.5,70.25,110.52894592285156,-46.224768,0.14018037478957146,3245.97998046875,8.1,45.46,5.26
2023-07-01,104.8,-13.3,5.5,98.9,-11.3,96.7,-28.6,93.64,93.29,94.68,95.02,91.36,3.1249,3.6718095,4.17,4.23,4.17,132787,885,854,0.9045490476,106.2377,-21.1,-19.1,-9.2,-37.7,-24.3,75.1,11,27,-36.9,-31.7,21.7,26.2,-11.6,-27.1,-31.2,5.8,-6.9,4.3,-5.2,2.1,-4.2,2.7,9.3,33.9,-34.8,19.4,-49.1,-31.5,-4.3,20.5,-10.5,32.6,20.8,30.4,1.4,3.6,6.9,-15.6,-7.1,12.7,88.2,0.2,76.07,107.44878387451172,-50.214331,0.12093361207187725,3154.139892578125,6.6,25.41,14.3
2023-08-01,106.1,-18.1,5.3,92.5,-11.1,96,-24.8,93.94,93.2,95.08,98.7,91.59,3.1801,3.7803043,3.9,4.25,3.9,132299,854,808,0.9166943478,106.238,-22.2,-21.2,-8.6,-46.7,-28,77.2,16.4,30.3,-39,-31,20.7,22.6,-22,-33.5,-37,15.6,-5.1,-4.7,-15.1,-1.1,-1.2,2.5,12.1,30.7,-32.4,16.1,-54.5,-25.9,-16.5,20.9,-12.4,34.2,20.1,32.1,1.4,3.6,5.2,-13.2,-8.9,9.1,84.8,0.1,81.39,101.14118194580078,-40.477605,0.1234894826477919,3168.1298828125,7,46.96,17.21
2023-09-01,105.7,-18.8,5.4,92.3,-10.4,95.2,-26.1,94.78,94.15,94.53,100.41,91.42,3.2942,3.8800476,3.85,3.87,3.85,132444,920,879,0.9367652381,106.4674,-25.1,-21.6,-11.6,-47.9,-32.1,75.4,17.1,29.3,-35.3,-35,19.3,22.2,-18.4,-35.7,-38.7,14.5,-6.2,-4.2,-10,-10.3,-8.6,2.1,2.5,22.9,-42.2,14.4,-53.4,-21.6,-7.3,23.3,-14.7,31.5,22.2,29.5,1.1,4.1,4.9,-15,-5.7,11.3,82,-5.6,89.43,98.63481140136719,-21.532154,0.10051222870702226,3085.5400390625,6.8,42.3,0.04
2023-10-01,104.8,-17.1,5,96.1,-12.3,94.7,-25.4,95.13,94.66,94.61,100.49,91.7,3.4856,3.9676364,4.17,4.27,4.17,131917,949,909,0.947035,106.5755,-23.8,-23.9,-11.2,-47.9,-29.3,74.3,16.6,33.7,-37.4,-30.7,25.4,22.6,-19.8,-37.4,-37.8,11.8,-2,6,-13.2,-7,-4.6,2.2,8.8,34.4,-31.7,21.3,-26,-23.3,-5.7,36.5,-13.1,35.2,25.2,24.2,1.2,4.3,6.5,-17.3,-7.2,10.3,84.3,-3.1,85.64,197.8870086669922,7.8371266,0.11494202023258403,3290.780029296875,3.6,173.6,0
2023-11-01,104.8,-20,5,97.2,-11.3,95.3,-29,95.29,94.9,95.67,98.43,92.13,3.2107,3.9716364,4.17,4.34,4.17,131560,859,822,0.9246481818,107.196,-22,-19.9,-7.1,-50,-28.6,71.2,14.2,29.3,-32.5,-32.6,25.8,22.7,-18.6,-36.9,-35.9,19,-4,3,-14.1,-9,-7.9,0.8,11,29.5,-32.4,16.9,-52.6,-37.7,-6,36.4,-10.6,37.6,24.2,24.3,0.7,3.9,4.9,-17.2,-5.5,11.7,81.9,-5.3,77.69,156.69613647460938,5.8547367,0.14673914273063093,3434.969970703125,6,431.48,0
2023-12-01,105.3,-19.1,5.5,92.3,-7.9,93.6,-16.4,95.73,95.77,95.81,96.15,93.42,2.6803,3.9348947,4.16,4.31,4.16,132027,723,679,0.9163171429,107.3705,-17.9,-15.1,-1.5,-44.1,-24.6,68.9,19.5,30.3,-33.7,-30.4,23.4,26.8,-20.3,-37.8,-41.5,13.6,-6,5,-20.2,-4.2,-8.4,1.8,5.7,33.4,-12.7,13,-43.2,-23.4,-6.7,36.6,-13.7,34.5,18,16.6,0.7,4.6,4,-11.3,-4.4,23.6,85.9,-3.6,71.9,142.2794647216797,38.4789,0.1297705605432185,3456.47998046875,15.8,519.9,0
2024-01-01,102.4,-15.8,4.9,91.7,-14,95,-27.3,95.39,95.15,95.94,97.18,93.5,2.7596,3.9252727,4.02,4.14,4.02,131115,715,684,0.9170204348,106.9821,-18.8,-14.6,-4.3,-47.5,-26.5,69.9,16.3,33.9,-33.2,-29.7,28.4,27.9,-12.6,-33.6,-32.7,10.5,-3.3,11.2,-16.4,-0.7,-3.9,3.7,5.8,30.6,-27.3,21.6,-47.1,-33,-8.3,45.4,-14,40.3,19.6,14.6,0.5,5,5.8,-15,-13.1,15.4,87.6,-0.3,74.15,160.3736572265625,-6.7459599,0.0928410590486454,3348.1298828125,9.9,569.71,0
2024-02-01,101.6,-16.9,4.7,97.4,-12.2,95.5,-16.1,95.87,95.75,96.25,96.67,94.52,2.8929,3.9231905,4.05,4.01,4.05,130312,781,746,0.9270433333,107.0657,-16.7,-13.5,0,-37.4,-19.8,66.6,12.1,33.2,-34.7,-33.6,29,25,-4.4,-34,-32.1,9.1,-7.4,3.9,-15.2,3,-3,3,8,19.9,-23.2,16.4,-29.8,-8.7,-0.2,34.8,-17.8,37.2,20.2,26,0.3,4.8,4.2,-14.8,-9.6,16.3,88.8,1,77.25,146.59817504882813,19.66905,0.09463808922653583,3535.7900390625,4,363.12,0
2024-03-01,101.5,-20.4,5,98.5,-15.9,94.9,-10.9,96.48,96.63,96.01,96.41,94.76,2.8535,3.9231,4.08,4.01,4.08,130417,894,824,0.9198809524,107.6545,-16.5,-11,-2.7,-41.6,-23.4,64.1,13.5,38.1,-30.5,-29,22.2,26.6,-6.5,-38.1,-46.2,11.2,-11.8,4.7,-11.8,2.4,-0.6,10.1,12,20.4,-5.2,15.7,-32.6,-11.7,-4.9,30.6,-14.3,33.6,23.5,24.7,0.4,3.8,5.3,-22.5,-9.4,3.6,88.5,3.9,81.28,133.21316528320313,25.010324,0.08267912428651565,3560.419921875,4.4,340.85,0
2024-04-01,102.6,-16.6,5,91.8,-13.8,96.7,-10,96.59,96.65,96.54,96.25,94.85,2.9861,3.8853333,3.98,3.96,3.98,129833,970,919,0.9327668182,107.1188,-13,-12.8,0.4,-40.5,-16.2,59.9,11.5,37.4,-29.7,-23.5,24,26.6,-13.8,-37.5,-39.4,8.3,-3.9,8.4,-11.6,2.5,0.9,9.7,5.3,13.7,9,17.6,-33.3,-21.6,-11.3,33.9,-14.9,41.8,24,23.7,0.3,5.4,5.2,-21.9,-5.6,10.3,92,4.4,85.35,163.9473419189453,-0.50617047,0.09010439164750182,3688.3701171875,3.4,248.32,0
2024-05-01,101.1,-17.2,5.2,94.4,-12.7,96.3,-8.1,96.68,96.94,96.5,94.72,95.3,3.0161,3.8126818,3.99,3.93,3.99,129484,991,953,0.924853913,107.0827,-15.1,-10,-2.8,-36.2,-22.3,56.3,11.1,38.9,-29.9,-25.4,22.1,27.1,-9.1,-36.4,-34.5,6.7,-8.6,12.9,-12.9,1.8,7.3,8.1,4.4,18.1,3.9,17.8,-32.6,-10.4,-4.3,21,-13.5,38.1,29.9,28.8,0.3,2.3,2.5,-21.5,-3.8,1.4,91.7,5.7,80.02,130.52186584472656,8.6622468,0.08092430878554288,3609.469970703125,5.6,131.49,0
2024-06-01,100.7,-21.8,5.2,95.4,-12.3,93.1,-10.6,96.71,97.13,96.06,93.63,95.81,3.0384,3.7245,3.98,3.93,3.98,130021,1060,1013,0.9293125,107.0234,-12.5,-8.5,0.5,-36.8,-18.6,58.4,11.9,40,-22.4,-23.5,28.1,29.8,-22.6,-39,-44.5,17.4,-8.8,6.5,-11.5,-3.9,1,8.3,2.9,15.3,-10.4,10.7,-18.5,-10.8,-0.7,24.9,-10.6,39.5,20.5,20.7,0.2,5.6,4.2,-20.6,-4,3.9,88,1.8,79.77,113.0927963256836,10.28384,0.07223513981359361,3701.0400390625,9.7,55.59,6.8
2024-07-01,102.2,-20.1,5.1,88.4,-16.5,96.2,-20.5,96.36,96.73,95.89,93.4,96.34,2.9776,3.6848261,3.94,3.93,3.94,129767,1218,1159,0.9220765217,106.8307,-14.6,-8.4,-1.8,-38,-20,55.5,12,39.3,-24,-28.4,26,28.9,-20.3,-42.4,-43.2,12.7,-5.1,2.8,-14.1,-6.4,-0.2,8.6,0,16.8,-20.9,15.4,-34.5,-25.1,-9.5,23.6,-12.4,38.3,29,18.2,0.1,5.1,4.7,-23.9,-9.2,3.7,87.7,0.7,81.8,92.3948745727539,10.437247,0.07753825819682686,3730,6.8,17.7,18.11
2024-08-01,102,-22.5,5.3,88.8,-18.6,96.8,-20.1,96.23,96.66,96.42,91.78,96.59,2.7626,3.5475909,3.9,3.84,3.9,129525,1098,1037,0.9073031818,106.4695,-12.9,-7.1,0.7,-40.2,-22.7,49.4,12.5,38.3,-30.1,-22.3,25.9,30.2,-14.6,-42.1,-42.3,15.9,-9.6,4.7,-18.1,-2.7,-2.8,7,5.5,11.2,-24.6,8.4,-38,-27.3,-13.9,20.9,-12,43,36.4,16.2,0.2,3.8,1.7,-26.5,-10.6,5.5,87,0.5,76.68,140.97506713867188,-1.0478408,0.12487410783349731,3655.090087890625,4.3,8.72,26.71
2024-09-01,102.6,-22.6,5.6,91.6,-13.1,97.1,-30,96.49,97.14,96.64,89.9,95.98,2.6895,3.4337143,3.88,3.75,3.88,129955,980,927,0.9005252381,106.3514,-13.8,-7.5,-2.8,-39.8,-19.5,48.3,15.6,40.3,-26.3,-25.3,33,26.9,-14,-43,-43.8,14.2,-10.8,0.4,-20.3,1.1,4.9,10,6.7,12.7,-36.8,40.1,-50.8,-13,-9.3,20.4,-9.3,41.5,27.7,17,0.2,4.9,3.9,-20.8,-5.3,8.2,87.7,5.4,70.24,130.35877990722656,12.453685,0.07232319426311656,3526.659912109375,5.6,138.35,4
2024-10-01,99.3,-19.6,5.6,87.2,-16.5,97.4,-19.5,96.85,97.73,97.17,88.14,96.26,2.7438,3.1666087,3.67,3.67,3.67,129735,1237,1180,0.9177386957,106.2862,-15.6,-9.1,-2,-44.3,-25.8,45.6,18.3,39.1,-24.8,-25.6,28.1,30.6,-13.9,-43.4,-45.3,13.1,-2.3,5,-16.1,-3.2,2.1,10.7,5.3,13.5,-15.8,10.7,-32.8,-32,-18.1,20.7,-12,33.6,32.3,18.3,0.1,4.3,5.9,-23.3,-9.7,4.3,88.7,3.2,71.99,130.689208984375,-4.1132036,0.059533444343223926,3539.280029296875,6.3,223.46,0
2024-11-01,100.8,-20.4,5.1,98.6,-10.4,98,-11.7,97.12,97.98,97.69,88.22,96.6,2.7721,3.0067619,3.64,3.55,3.64,129588,1001,952,0.94116,106.5897,-18.4,-9.8,-6,-45.4,-29.9,46.8,22.2,41.9,-26,-27.7,27.9,29.6,-20.4,-43.6,-43.9,17.5,-0.1,9,-13.7,0.3,2.4,9.2,9.4,17.8,-15.3,4.9,-21.8,-14.8,-2.4,28.5,-9.1,36.1,30.5,19.9,0.2,4.5,4.4,-22,1.1,7.7,87.7,4,69.95,128.90164184570313,-12.156304,0.11412889507839621,3663.010009765625,5.7,443.09,0
2024-12-01,100.3,-22.8,5.4,91.3,-14.9,97.5,-9.9,97.78,98.89,97.34,88.61,98.14,2.6203,2.8246000000000002,3.62,3.51,3.62,130002,997,939,0.9557227273,106.6884,-19.2,-8.3,-7.1,-52.7,-34.9,45.7,26,50.2,-24.3,-26.3,32.4,31.3,-26.6,-41.1,-40.9,19.6,-7.7,1.9,-13.8,-2.8,-0.7,5,4.2,15.7,-3.3,14.3,-33.3,-12.1,-9.3,26.4,-10.3,32.3,29.5,20.5,0.2,4.3,4.6,-21.2,-8.6,5.5,84.8,0.5,70.12,142.36643981933594,-46.068832,0.07829971772808933,3864.3798828125,5.3,547.53,0
2025-01-01,103.3,-19.2,5.5,95.7,-16.9,97,-2.9,98.65,98.4,97.96,102.26,98.2,2.9085,2.7042727,3.45,3.4,3.45,129377,1059,1008,0.9654678261,107.3871,-19.3,-10.9,-7.7,-53.3,-31.1,50.1,28.9,49.4,-29.4,-27.5,26.6,27,-11.4,-42.4,-45.6,10.3,-4.9,5.9,-19.8,3.7,3.2,7.3,4.9,19.7,11.5,4.4,-9.4,-15.8,2.7,31.8,-10,33.9,28.6,20.4,0.3,3.3,3.8,-23.8,-10.1,5.5,89,4.7,75.74,113.233154296875,-63.027312,0.05959905862036679,4148.0400390625,4,553.44,0
2025-02-01,102.9,-15.9,5.3,92.8,-14.8,97.3,-8.3,99.15,98.93,98.78,102.51,98.86,2.8587,2.52495,3.45,3.4,3.45,129027,1215,1165,0.959775,107.4113,-19.2,-9.5,-6.8,-49.5,-36.9,49.5,29.7,49.4,-25.1,-23.7,28.1,27.9,-18.1,-40,-42,6,-1.6,9.2,-19.6,5.7,7,4.3,-0.9,16.6,2,9.5,-15.8,-17.3,3.4,33.5,-3.2,38.6,24.5,20.5,0.5,4.2,4.9,-22.9,-6.7,2.9,91.5,5.7,71.53,136.9805908203125,-67.259002,0.08929838206632054,4076.360107421875,2.7,482.8,0
2025-03-01,103,-16.5,5.6,95,-20.6,97.1,-11.7,99.47,99.35,98.98,101.24,98.63,3.149,2.4424286,3.43,3.39,3.43,129440,1568,1486,0.9249509524,108.0208,-16.4,-9.5,-6.4,-48.4,-29.3,51.9,30.5,46.4,-25.1,-20.3,32.7,30,-18.3,-39.4,-43,13.8,3.5,2.6,-14.3,5.1,1,5.2,-0.5,16.1,-9,10.8,-18.7,-15.4,6,27.1,-6.4,39.3,26.2,16.6,0.1,4.4,5.8,-28.7,-12.4,0.8,90,3.8,68.24,174.3096466064453,-13.040825,0.11517340058804414,4099.2900390625,2.6,383.35,0
2025-04-01,102.1,-14.6,5.6,98.2,-17,97.8,-4.8,99.73,99.79,99.28,99.8,99.37,2.9821,2.2494,3.42,3.4,3.42,129364,1658,1577,0.8904890909,108.611,-21.1,-8.4,-9.9,-53.2,-37.3,53.9,36.3,48.3,-23.3,-28.9,30.4,31.1,-3.3,-38.4,-40.4,9,3.7,3.6,-11,1.2,0.1,2.7,2.3,17.2,-0.7,6.6,-10.1,-7.3,7,28.1,-5,39.1,23.9,24.1,0.2,2.8,5.1,-24.3,-9.7,4.1,89.6,1.3,63.54,140.9822540283203,-24.72595,0.19438945648527142,4426.7900390625,6.1,240.43,0
2025-05-01,102.6,-13.5,5.6,91.2,-18,97,-4.9,99.56,99.63,99.67,98.64,99.3,2.9799,2.0872381,3.41,3.4,3.41,129303,1465,1390,0.8860881818,108.1857,-18.5,-8.9,-7.3,-49.5,-30.2,52,24.1,42,-23,-27.5,22.4,28.1,-3.8,-36.3,-37.4,11.2,6.9,6.3,-12,4.5,9.9,7.5,-2.5,12.8,-2.5,9.6,-7.8,-2.6,-1.3,32.1,-10.3,40.4,32.2,23.9,0.1,4.8,1,-26.7,-9.4,0.9,92.2,7.3,62.17,166.83749389648438,-26.212885,0.08471447567879269,4430.2900390625,3.4,199.52,0
2025-06-01,103.9,-15.7,6,93.3,-18.1,97.1,-1.6,99.83,99.75,100.42,99.27,99.69,2.9443,1.983619,3.38,3.37,3.38,129893,1357,1288,0.8674985714,108.9574,-18.3,-10.2,-6.9,-48.5,-29.4,53.6,24.3,42.2,-23.8,-26.6,20.4,31.4,2.2,-38.3,-41.6,10,1.3,5,-9.8,4.6,4.2,6.8,3.4,15.2,7.6,9,-9.6,-3.4,-5.3,24.5,-6.4,35,32.3,23.1,0.4,3.1,4.7,-25,-11.1,3.5,91,5.2,68.17,221.13490295410156,-3.4819675,0.03235073093464096,4521.39013671875,4.5,19.01,9.34
2025-07-01,105.6,-14.8,5.6,96.5,-17.2,96.9,-1.4,99.9,99.73,100.64,99.93,100.51,3.0137,1.9863478,3.35,3.35,3.35,130138,1698,1588,0.8567643478,109.029,-17,-7.4,-3.9,-43.1,-24.2,54.2,22.7,41.1,-23.6,-32.5,18.8,25.9,-4.6,-38.3,-42.7,11.5,5.5,4.8,-11.6,4.1,14.5,10.1,9,11.5,1,4.7,-18.4,-0.6,-5.1,32.9,-7.5,37.5,31.7,22.7,0.5,2.5,3.6,-23,-11.5,4.7,92.8,9.6,68.39,134.23008728027344,4.0477538,0.015025185316341417,4614.35986328125,5.2,44.21,7
2025-08-01,102.3,-15.5,6,95.4,-19.3,96.9,-3.2,100.22,100.08,101.27,99.65,100.89,3.0253,2.0210952,3.35,3.37,3.35,130093,1489,1390,0.8586119048,109.2214,-14.1,-8.5,-2.9,-41.4,-24.7,55.8,32.8,37.2,-22.8,-20.2,15.5,26.9,-8.1,-38.9,-41.3,5.6,-2,5.4,-10.7,2,8.1,6.8,4.6,12.6,-4.3,5.4,-10.8,0,-2.2,35.4,-7.6,36.7,34.1,18.1,0.6,3,1.9,-28.4,-10.2,6.4,93.3,5.6,64.86,138.98846435546875,13.351131,0.02325819172015364,4636.009765625,10.7,35.32,9
2025-09-01,102.8,-18,5.6,90,-18,97.3,-3.1,100.26,100.38,100.23,98.99,100.44,3.0244,2.0272727,3.38,3.38,3.38,130828,1600,1485,0.8519945455,108.8733,-18.7,-11.5,-7.7,-48.9,-30,64.7,30.9,40.5,-24.4,-25.8,16.6,27.5,-8.6,-39.4,-42,11.5,-3.1,2.5,-13.4,-1,2.8,6.1,5.2,17,3.6,7.9,-9.1,-5.1,-12.9,40.8,-12.6,37.9,28,21.4,0.6,3.5,4.5,-25.1,-11,3.5,88.8,2.6,63.96,126.74058532714844,19.236875,0.01431900670204355,4808.16015625,4.8,95.28,0.04
2025-10-01,103.2,-14.3,5.8,95.1,-14.5,96.8,-4.6,100.76,100.95,100.91,98.74,100.67,2.9352,2.0344348,3.38,3.39,3.38,130930,1701,1590,0.8593186957,108.8913,-17.8,-12.4,-6.6,-46.8,-26.5,60.2,28.4,42.8,-27.2,-25.6,14.2,24.3,-0.5,-35.7,-36.6,12.3,5.2,3.9,-7.8,3.3,8.5,10.2,3.7,19.7,-9.9,6,-11.7,2.1,-4,35.3,-3.8,40.4,29.9,17.2,0.6,2.7,3,-23,-6,7.3,92.1,7.3,60.89,154.52259826660156,13.060231,0.005430171594105169,5009.77001953125,7.2,301.92,0
2025-11-01,103,-13.2,5.9,91.9,-14.6,95.7,-4.7,100.98,101.09,100.98,100.01,100.89,2.9705,2.04165,3.37,3.38,3.37,130971,1501,1416,0.86494,109.2653,-17.6,-12.5,-5.5,-50,-26,64.8,31.3,45,-23.3,-26.2,18.6,28.8,-5.2,-34.7,-36.5,8.4,3.5,3.1,-12.5,2.8,3.7,11.1,-2.8,23.4,-4.9,10.3,-8,1,0.8,30.2,-8.7,35.3,31.2,23.1,0.8,2.8,3.7,-21.1,-8.1,6.8,92.7,5.9,60.06,104.35176849365234,22.100626,0.005747855595295203,5326.330078125,5.6,449.3,0
2025-12-01,105.2,-12.9,5.9,91.6,-18.7,97.8,-7.1,101.5,101.93,100.89,98.97,102.55,3.0974,2.0484286,3.38,3.4,3.38,131636,1414,1311,0.8535247826,109.7398,-16.1,-12.4,-7.2,-45.4,-22.4,60,29.8,40.1,-18.5,-22.3,14.7,22.8,-3,-35.6,-39.1,8.4,5.4,9.7,-9.4,10.3,8,15.4,6.2,26.3,2.1,10.8,-14.1,-12.5,-13.4,40.2,-8.9,33.6,33.9,21.1,0.9,3,4.4,-28.1,-9.3,6.1,94.7,11.3,57.97,132.48622131347656,28.824831,0.0033587544138744835,5604.89990234375,2.1,534.61,0
2026-01-01,104.4,-11.9,5.6,98.1,-19.9,97.6,-6.6,100.68,101.08,100.21,97.39,102.11,3.0763,2.0277273,3.43,3.45,3.43,131269,1219,1161,0.8519195455,109.7765,-18.6,-14.3,-7.6,-43.2,-22.6,54.4,20.8,37.5,-22.9,-29.7,13.4,24.1,-2.4,-36.8,-41,7.7,9,10.4,-6,14.4,14,12.5,4.7,24,-5,11.7,-13.3,-2.9,1.8,23,-7.1,30.7,22.4,19.5,0.8,3.8,9.5,-26.1,-13.7,-0.3,94.8,13.7,60.04,168.62986755371094,1.3394484,0.007842570244611404,5701.7001953125,11.1,751.5610428106874,0
2026-02-01,104,-15,5.9,90.4,-25.2,97.1,-2.3,101.45,101.81,101,98.51,103.1,3.0654,2.0113,3.43,3.47,3.43,131044,1299,1224,0.845867,109.3581,-13.3,-9.8,-3.5,-34.6,-17.4,50.4,14.7,34.7,-22.5,-22.6,13.8,26.5,3,-33.9,-35.1,11.3,0.2,7,-12.6,10,7.1,8.5,-1.2,18.6,5.8,12.6,-19.2,-0.1,-2.1,28.1,-7.2,37.5,20.4,18.9,1,2.9,6.3,-30.2,-20.1,5.1,93.1,8.6,64.51,119.86540985107422,15.089143,0.005462422674791307,5343.25,12.2,500.90783123552893,0
2026-03-01,102.7,-12.5,5.7,90.6,-18.7,97.3,5.1,102.62,102.37,101.08,107.6,103.16,3.2399,2.1094091,3.45,3.46,3.45,131705,1733,1653,0.8655181818,108.6609,-20.3,-12.9,-10.5,-37.1,-34,52.4,41.4,41,-25.5,-23.9,13.1,27,7,-30.9,-31.8,9,2.5,11.9,-11.4,1.9,3.8,8.5,3.1,18.6,17.6,10.5,-11.6,8.2,-9.2,36.5,-6.9,37.3,19.8,20,1.5,2.8,5.4,-22.3,-15.1,6.2,91.8,4.7,91.38,330.17681884765625,14.68627,0.039129113443133114,5794.7001953125,9.8,396.32388299155355,0
2026-04-01,103.4,-12.7,5.9,88.7,-22.6,97.4,-5.7,103.15,102.67,101.53,110.34,103.63,3.3033,2.1753,3.48,3.49,3.48,131769,1873,1792,0.8548127273,108.3367,-24.1,-15.1,-12.2,-42.4,-38.2,56.8,43,43.5,-32.9,-30.7,12.2,24.8,5.5,-33.4,-39,9.9,5.3,31.9,-7.2,1.4,3.3,-1.9,-1.2,31.6,6.5,11.9,-13.5,-11.7,-9.6,40.7,-6.5,32.1,23.9,18.4,2,8,7.7,-30,-15.2,22.8,88.3,0.9,100.32,252.3643341064453,31.898428,0.023663573297866853,6148.8701171875,6.1,226.62644136221195,0
2026-05-01,102,-11.9,6,90.3,-22.7,97.6,-8.2,103.24,103.05,101.8,107.96,103.99,3.2979,2.2261,3.51,3.54,3.51,132005,1699,1632,0.856177619,108.1271,-20.3,-13.8,-10.7,-46.6,-33.8,56.1,34.1,46.7,-21.8,-22.8,12.4,24.9,10.3,-32.5,-34.7,6.2,3,23.1,-10.9,-1.8,1.8,1.5,-6.1,25.9,-10.3,10.6,-12.9,-3.7,2.4,44.6,-4.7,35.3,34.1,15.4,2.4,4.3,8.5,-29.9,-15.5,23.7,90.4,0.5,102.13,203.55667114257813,53.750324,0.0030619815906183607,6464.2001953125,4.1,72.66702917714558,3.126819987752254
2026-06-01,103.6,-14,5.8,84.2,-20.5,97.5,-15.1,102.99,103.07,101.57,104.61,104.34,3.2074,2.339,3.54,3.56,3.54,133060,2107,2019,0.868364090909091,108.0607,-20.8,-13.6,-8.6,-42.9,-34.6,56.1,32,44.8,-27.4,-26.4,16.2,27.2,-0.2,-34.6,-42.6,11.5,4.2,18.9,-16.3,-4.2,-5.7,2.2,-4.1,24.3,-15.9,12.7,-23,-16.7,-11.3,39.3,-5.9,37.2,27.1,17.9,2.2,3.9,10.7,-28.4,-12.7,27.9,87.6,-2.6,84.81,179.72244262695313,44.922417,0.003325721345301181,6457.919921875,3.6,10.50530602667643,30.284459276830034
2026-07-01,103.6,-9.6,6.2,87.5,-15.3,98.1,-6.9,102.59,102.64,100.14,105.9,104.85,3.3239,2.4253913,3.54,3.59,3.54,133026,1410,1321,0.875590869565217,107.7304,-19.2,-14.5,-6.4,-42.5,-29.2,53.1,23.7,39.6,-26,-26.8,13.3,28.9,7.4,-30.3,-31.1,5.8,7.3,15.3,-3.6,1.3,3.6,4,-5.3,21.9,-2.4,12.7,-22.1,-5.7,-10.2,33.3,-3.4,33.7,26.2,22.2,1.5,5.7,9,-24.6,-6.1,13.7,92.8,3,80.46,152.66822814941406,44.83344,0.0037268996942689428,6768.240234375,5.5,0,19.495977839357177
2026-08-01,NA,-9.1,6.7,90.5,-13.1,97.2,-6.2,103.15,102.88,100.73,109.64,105.15,3.4125,2.5131429,3.61,3.64,3.61,132991,1284,1218,0.862469047619048,107.9635,-18.2,-12.6,-6.1,-47,-31,53.3,24.6,42,-24.5,-23.1,15.1,25.9,5.8,-31.7,-32.9,5.1,9.5,12.2,-11,-0.9,-0.4,6.6,-4.5,28.1,-9.4,16.1,-8.8,6.7,-2,34.7,-0.9,34.4,28.5,21.6,1.6,4.6,8.1,-24.4,-1.8,13.3,93.7,1.8,83.9,NA,NA,0.004245716158000343,6856,4.6,0,32.11053387250477
2026-09-01,NA,-14.5,NA,92.8,-13.8,NA,-4.8,103.81,103.34,NA,113.56,104.86,NA,NA,NA,NA,NA,NA,NA,NA,NA,NA,-19.1,-11.1,-8.6,-42.2,-30.5,53,31.9,40.9,-29.3,-26.2,15.7,26.5,3.7,-32,-35.2,12.8,1.2,20.1,-9.1,-1.5,4.7,7.1,0.6,24.9,-3.2,12.6,-15.1,1.3,-4.7,33.2,0.8,37.6,23.2,18.3,1.7,6.5,5.7,-24.2,-3.4,21.2,90.1,3.4,NA,NA,NA,0.0073700814601846566,6718.25,5.2,44.37247839086178,2.303779812892839
2026-10-01,NA,NA,NA,NA,NA,NA,NA,NA,NA,NA,NA,NA,NA,NA,NA,NA,NA,NA,NA,NA,NA,NA,NA,NA,NA,NA,NA,NA,NA,NA,NA,NA,NA,NA,NA,NA,NA,NA,NA,NA,NA,NA,NA,NA,NA,NA,NA,NA,NA,NA,NA,NA,NA,NA,NA,NA,NA,NA,NA,NA,NA,NA,NA,NA,NA,NA,NA,NA,6718.25,NA,NA,NA
