date,real_gdp,real_household_consumption,real_govt_consumption,real_gfcf_total,real_exports,real_imports,inventory_change_to_gdp,real_household_disposable_income,industrial_production,industrial_confidence,unemployment_rate,employment_rate,hours_worked,population,employment_expectations,house_price_real,construction_confidence,retail_sales_volume,retail_confidence,cpi_index,core_cpi_index,food_price_index,energy_price_index,services_price_index,unit_labor_cost,long_term_rate,short_term_rate,government_bond_yield_2y,government_bond_yield_5y,mortgage_rate,mortgage_rate_pure_new_loans,mortgage_rate_oenb,credit_to_private_nonfin_sector,household_mortgage_loans,mortgage_new_lending,mortgage_new_lending_oenb,euro_area_household_net_worth_growth,household_credit_to_gdp,corporate_credit_to_gdp,government_debt_to_gdp,government_primary_balance_to_gdp,fx_rate_to_usd,real_effective_exchange_rate,consumer_confidence,consumer_financial_situation_past,consumer_financial_situation_expected,consumer_economic_situation_past,consumer_economic_situation_expected,consumer_price_trends_past,consumer_price_expectations,consumer_unemployment_expectations,consumer_major_purchases_now,consumer_major_purchases_expected,consumer_savings_expected,consumer_household_finances_now,consumer_home_purchase_intentions,consumer_home_improvement_intentions,industry_production_past,industry_order_books,industry_export_order_books,industry_stocks_finished_products,industry_production_expectations,industry_selling_price_expectations,industry_employment_expectations,industry_limits_none,industry_limits_demand,industry_limits_labour,industry_limits_material_equipment,industry_limits_other,industry_limits_financial,industry_production_capacity,industry_new_orders_past,industry_capacity_utilization,industry_competitive_position_eu,industry_competitive_position_outside_eu,services_business_situation_past,services_demand_past,services_demand_expected,services_employment_expectations,services_price_expectations,services_limits_none,services_limits_demand,services_limits_labour,services_limits_equipment_space,services_limits_financial,services_limits_other,services_capacity_utilization,retail_business_activity_past,retail_stocks,retail_orders_expected,retail_business_activity_expected,retail_employment_expectations,retail_price_expectations,construction_activity_past,construction_limits_none,construction_limits_demand,construction_limits_labour,construction_limits_material_equipment,construction_limits_other,construction_limits_financial,construction_order_books,construction_employment_expectations,construction_price_expectations,economic_sentiment_indicator,services_confidence,oil_price,geopolitical_risk,global_activity,financial_stress,world_uncertainty_index,share_price_index,construction_weather_constraint,heating_degree_days,cooling_degree_days
1960-01-01,19921.510763648417,10765.154277796975,5776.080824266683,4463.248483711256,2050.6531420182664,2254.133503979522,NA,NA,11.82467808658436,NA,NA,NA,NA,NA,NA,NA,NA,NA,NA,NA,NA,NA,NA,NA,NA,NA,NA,NA,NA,NA,NA,NA,NA,NA,NA,NA,NA,NA,NA,NA,NA,1.8911118701384904,NA,NA,NA,NA,NA,NA,NA,NA,NA,NA,NA,NA,NA,NA,NA,NA,NA,NA,NA,NA,NA,NA,NA,NA,NA,NA,NA,NA,NA,NA,NA,NA,NA,NA,NA,NA,NA,NA,NA,NA,NA,NA,NA,NA,NA,NA,NA,NA,NA,NA,NA,NA,NA,NA,NA,NA,NA,NA,NA,NA,NA,NA,NA,2.97,NA,NA,NA,NA,NA,NA,1959.9537543235738,0
1960-04-01,20387.530717521568,11043.773907892792,5822.043933074972,4516.623393394072,2028.8162270559678,2361.7645242570884,NA,NA,12.162618257532626,NA,NA,NA,NA,NA,NA,NA,NA,NA,NA,NA,NA,NA,NA,NA,NA,NA,NA,NA,NA,NA,NA,NA,NA,NA,NA,NA,NA,NA,NA,NA,NA,1.8918797797528637,NA,NA,NA,NA,NA,NA,NA,NA,NA,NA,NA,NA,NA,NA,NA,NA,NA,NA,NA,NA,NA,NA,NA,NA,NA,NA,NA,NA,NA,NA,NA,NA,NA,NA,NA,NA,NA,NA,NA,NA,NA,NA,NA,NA,NA,NA,NA,NA,NA,NA,NA,NA,NA,NA,NA,NA,NA,NA,NA,NA,NA,NA,NA,2.97,NA,NA,NA,NA,NA,NA,517.4340652409701,0
1960-07-01,20643.40569644756,11030.812069395772,5864.220664671014,4645.0434761377255,2026.4258692037663,2445.688597368315,NA,NA,12.38442557649807,NA,NA,NA,NA,NA,NA,NA,NA,NA,NA,NA,NA,NA,NA,NA,NA,NA,NA,NA,NA,NA,NA,NA,NA,NA,NA,NA,NA,NA,NA,NA,NA,1.885162387447948,NA,NA,NA,NA,NA,NA,NA,NA,NA,NA,NA,NA,NA,NA,NA,NA,NA,NA,NA,NA,NA,NA,NA,NA,NA,NA,NA,NA,NA,NA,NA,NA,NA,NA,NA,NA,NA,NA,NA,NA,NA,NA,NA,NA,NA,NA,NA,NA,NA,NA,NA,NA,NA,NA,NA,NA,NA,NA,NA,NA,NA,NA,NA,2.97,NA,NA,NA,NA,NA,NA,171.1076247828141,0
1960-10-01,20929.577422321607,11303.537776626028,5887.039229327612,4841.352039879727,2140.0176663052557,2528.0831900171975,NA,NA,12.721516879317873,NA,NA,NA,NA,NA,NA,NA,NA,NA,NA,NA,NA,NA,NA,NA,NA,NA,NA,NA,NA,NA,NA,NA,30.5,NA,NA,NA,NA,NA,NA,NA,NA,1.8900653813264727,NA,NA,NA,NA,NA,NA,NA,NA,NA,NA,NA,NA,NA,NA,NA,NA,NA,NA,NA,NA,NA,NA,NA,NA,NA,NA,NA,NA,NA,NA,NA,NA,NA,NA,NA,NA,NA,NA,NA,NA,NA,NA,NA,NA,NA,NA,NA,NA,NA,NA,NA,NA,NA,NA,NA,NA,NA,NA,NA,NA,NA,NA,NA,2.97,NA,NA,NA,NA,NA,NA,1372.8773593203687,0
1961-01-01,21516.833908953377,11631.321348673568,5859.080218786836,5558.622743652929,2124.1566459734604,2528.6505779306476,NA,NA,12.655428786869779,NA,NA,NA,NA,NA,NA,NA,NA,NA,NA,NA,NA,NA,NA,NA,NA,NA,NA,NA,NA,NA,NA,NA,30.8,NA,NA,NA,NA,NA,NA,NA,NA,1.8948763229483854,NA,NA,NA,NA,NA,NA,NA,NA,NA,NA,NA,NA,NA,NA,NA,NA,NA,NA,NA,NA,NA,NA,NA,NA,NA,NA,NA,NA,NA,NA,NA,NA,NA,NA,NA,NA,NA,NA,NA,NA,NA,NA,NA,NA,NA,NA,NA,NA,NA,NA,NA,NA,NA,NA,NA,NA,NA,NA,NA,NA,NA,NA,NA,2.97,NA,NA,NA,NA,NA,NA,1704.1484137399605,0
1961-04-01,21441.525560039154,11343.812916207338,5916.8287401100715,4996.722323152398,2205.4537125092697,2398.0773507179133,NA,NA,12.68760336137001,NA,NA,NA,NA,NA,NA,NA,NA,NA,NA,NA,NA,NA,NA,NA,NA,NA,NA,NA,NA,NA,NA,NA,31.7,NA,NA,NA,NA,NA,NA,NA,NA,1.8961117611292388,NA,NA,NA,NA,NA,NA,NA,NA,NA,NA,NA,NA,NA,NA,NA,NA,NA,NA,NA,NA,NA,NA,NA,NA,NA,NA,NA,NA,NA,NA,NA,NA,NA,NA,NA,NA,NA,NA,NA,NA,NA,NA,NA,NA,NA,NA,NA,NA,NA,NA,NA,NA,NA,NA,NA,NA,NA,NA,NA,NA,NA,NA,NA,2.97,NA,NA,NA,NA,NA,NA,398.9427632756387,1.6008986190514745
1961-07-01,21710.951087273064,11687.8886327613,5969.186062091364,5091.285747292745,2217.5051000141184,2439.0279566452023,NA,NA,12.817356563452917,NA,NA,NA,NA,NA,NA,NA,NA,NA,NA,NA,NA,NA,NA,NA,NA,NA,NA,NA,NA,NA,NA,NA,31.8,NA,NA,NA,NA,NA,NA,NA,NA,1.8830403406902463,NA,NA,NA,NA,NA,NA,NA,NA,NA,NA,NA,NA,NA,NA,NA,NA,NA,NA,NA,NA,NA,NA,NA,NA,NA,NA,NA,NA,NA,NA,NA,NA,NA,NA,NA,NA,NA,NA,NA,NA,NA,NA,NA,NA,NA,NA,NA,NA,NA,NA,NA,NA,NA,NA,NA,NA,NA,NA,NA,NA,NA,NA,NA,2.97,NA,NA,NA,NA,NA,NA,37.94288419616602,6.651605543734007
1961-10-01,21760.44650869761,11743.162128902932,6000.50516896619,5142.858972260529,2183.318002815446,2414.7042834859813,NA,NA,12.931522458866224,NA,NA,NA,NA,NA,NA,NA,NA,NA,NA,NA,NA,NA,NA,NA,NA,NA,NA,NA,NA,NA,NA,NA,32,NA,NA,NA,NA,NA,NA,NA,NA,1.8798112444253878,NA,NA,NA,NA,NA,NA,NA,NA,NA,NA,NA,NA,NA,NA,NA,NA,NA,NA,NA,NA,NA,NA,NA,NA,NA,NA,NA,NA,NA,NA,NA,NA,NA,NA,NA,NA,NA,NA,NA,NA,NA,NA,NA,NA,NA,NA,NA,NA,NA,NA,NA,NA,NA,NA,NA,NA,NA,NA,NA,NA,NA,NA,NA,2.97,NA,NA,NA,NA,NA,NA,1508.2122357771455,0
1962-01-01,22078.87200769216,11955.343352063008,6041.8794894973835,5328.75780209346,2284.086526022313,2518.9309762828457,NA,NA,13.047191043167137,NA,NA,NA,NA,NA,NA,NA,NA,NA,NA,NA,NA,NA,NA,NA,NA,NA,NA,NA,NA,NA,NA,NA,32.5,NA,NA,NA,NA,NA,NA,NA,NA,1.880295729986507,NA,NA,NA,NA,NA,NA,NA,NA,NA,NA,NA,NA,NA,NA,NA,NA,NA,NA,NA,NA,NA,NA,NA,NA,NA,NA,NA,NA,NA,NA,NA,NA,NA,NA,NA,NA,NA,NA,NA,NA,NA,NA,NA,NA,NA,NA,NA,NA,NA,NA,NA,NA,NA,NA,NA,NA,NA,NA,NA,NA,NA,NA,NA,2.97,NA,NA,NA,NA,NA,NA,1982.6960511407888,0
1962-04-01,22074.041373469045,12094.641187592897,6063.64488963137,5339.69302737775,2359.7313922201038,2531.684869815622,NA,NA,13.035312383660733,NA,NA,NA,NA,NA,NA,NA,NA,NA,NA,NA,NA,NA,NA,NA,NA,NA,NA,NA,NA,NA,NA,NA,32.8,NA,NA,NA,NA,NA,NA,NA,NA,1.8780452945551087,NA,NA,NA,NA,NA,NA,NA,NA,NA,NA,NA,NA,NA,NA,NA,NA,NA,NA,NA,NA,NA,NA,NA,NA,NA,NA,NA,NA,NA,NA,NA,NA,NA,NA,NA,NA,NA,NA,NA,NA,NA,NA,NA,NA,NA,NA,NA,NA,NA,NA,NA,NA,NA,NA,NA,NA,NA,NA,NA,NA,NA,NA,NA,2.97,NA,NA,NA,NA,NA,NA,610.4903848988017,0.7656471656333138
1962-07-01,22259.29000280475,12329.2241094493,6089.673098547357,5377.077985214659,2387.917695227313,2635.048146222453,NA,NA,13.232579446990027,NA,NA,NA,NA,NA,NA,NA,NA,NA,NA,NA,NA,NA,NA,NA,NA,NA,NA,NA,NA,NA,NA,NA,32.9,NA,NA,NA,NA,NA,NA,NA,NA,1.8778515003306613,NA,NA,NA,NA,NA,NA,NA,NA,NA,NA,NA,NA,NA,NA,NA,NA,NA,NA,NA,NA,NA,NA,NA,NA,NA,NA,NA,NA,NA,NA,NA,NA,NA,NA,NA,NA,NA,NA,NA,NA,NA,NA,NA,NA,NA,NA,NA,NA,NA,NA,NA,NA,NA,NA,NA,NA,NA,NA,NA,NA,NA,NA,NA,2.97,NA,NA,NA,NA,NA,NA,163.7735335507148,7.005366283580852
1962-10-01,22279.52912157545,12520.153667642915,6139.372433876343,5310.415650758483,2391.1048390302476,2761.476974763028,NA,NA,13.174188857765094,NA,NA,NA,NA,NA,NA,NA,NA,NA,NA,NA,NA,NA,NA,NA,NA,NA,NA,NA,NA,NA,NA,NA,33,NA,NA,NA,NA,NA,NA,NA,NA,1.878256045774196,NA,NA,NA,NA,NA,NA,NA,NA,NA,NA,NA,NA,NA,NA,NA,NA,NA,NA,NA,NA,NA,NA,NA,NA,NA,NA,NA,NA,NA,NA,NA,NA,NA,NA,NA,NA,NA,NA,NA,NA,NA,NA,NA,NA,NA,NA,NA,NA,NA,NA,NA,NA,NA,NA,NA,NA,NA,NA,NA,NA,NA,NA,NA,2.97,NA,NA,NA,NA,NA,NA,1742.6138475562825,0
1963-01-01,22361.42695101967,12412.697391008662,6275.2306572933185,5067.538541812674,2391.428533322733,2779.3373595168573,NA,NA,13.254001691863047,NA,NA,NA,NA,NA,NA,NA,NA,NA,NA,NA,NA,NA,NA,NA,NA,NA,NA,NA,NA,NA,NA,NA,33.7,NA,NA,NA,NA,NA,NA,NA,NA,1.878643634223091,NA,NA,NA,NA,NA,NA,NA,NA,NA,NA,NA,NA,NA,NA,NA,NA,NA,NA,NA,NA,NA,NA,NA,NA,NA,NA,NA,NA,NA,NA,NA,NA,NA,NA,NA,NA,NA,NA,NA,NA,NA,NA,NA,NA,NA,NA,NA,NA,NA,NA,NA,NA,NA,NA,NA,NA,NA,NA,NA,NA,NA,NA,NA,2.97,NA,NA,NA,NA,NA,NA,2447.7886467802423,0
1963-04-01,23013.33961879161,12801.552545919238,6327.387376508399,5675.031594963037,2497.9986542333804,2920.74029516458,NA,NA,13.689885860818213,NA,NA,NA,NA,NA,NA,NA,NA,NA,NA,NA,NA,NA,NA,NA,NA,NA,NA,NA,NA,NA,NA,NA,34.1,NA,NA,NA,NA,NA,NA,NA,NA,1.8785806511001457,NA,NA,NA,NA,NA,NA,NA,NA,NA,NA,NA,NA,NA,NA,NA,NA,NA,NA,NA,NA,NA,NA,NA,NA,NA,NA,NA,NA,NA,NA,NA,NA,NA,NA,NA,NA,NA,NA,NA,NA,NA,NA,NA,NA,NA,NA,NA,NA,NA,NA,NA,NA,NA,NA,NA,NA,NA,NA,NA,NA,NA,NA,NA,2.97,NA,NA,NA,NA,NA,NA,485.3055858501375,1.0440643167727004
1963-07-01,23263.591244032228,13095.985139800696,6379.243191574162,5547.8877055591975,2551.2090160058233,2904.8781026276843,NA,NA,13.83495440211208,NA,NA,NA,NA,NA,NA,NA,NA,NA,NA,NA,NA,NA,NA,NA,NA,NA,NA,NA,NA,NA,NA,NA,33.9,NA,NA,NA,NA,NA,NA,NA,NA,1.8772531606626792,NA,NA,NA,NA,NA,NA,NA,NA,NA,NA,NA,NA,NA,NA,NA,NA,NA,NA,NA,NA,NA,NA,NA,NA,NA,NA,NA,NA,NA,NA,NA,NA,NA,NA,NA,NA,NA,NA,NA,NA,NA,NA,NA,NA,NA,NA,NA,NA,NA,NA,NA,NA,NA,NA,NA,NA,NA,NA,NA,NA,NA,NA,NA,2.97,NA,NA,NA,NA,NA,NA,82.99274983562083,14.92596789513964
1963-10-01,23737.885207292664,13207.921756174213,6418.9123885925555,5801.624969592838,2575.710183990888,2909.219853617565,NA,NA,14.100026524168728,NA,NA,NA,NA,NA,NA,NA,NA,NA,NA,NA,NA,NA,NA,NA,NA,NA,NA,NA,NA,NA,NA,NA,34.2,NA,NA,NA,NA,NA,NA,NA,NA,1.8789028339982894,NA,NA,NA,NA,NA,NA,NA,NA,NA,NA,NA,NA,NA,NA,NA,NA,NA,NA,NA,NA,NA,NA,NA,NA,NA,NA,NA,NA,NA,NA,NA,NA,NA,NA,NA,NA,NA,NA,NA,NA,NA,NA,NA,NA,NA,NA,NA,NA,NA,NA,NA,NA,NA,NA,NA,NA,NA,NA,NA,NA,NA,NA,NA,2.97,NA,NA,NA,0,NA,NA,1563.083011985193,0
1964-01-01,23976.691945296978,13355.964639858283,6575.708525732893,5857.327055365904,2586.466794325794,3069.963316402031,NA,NA,14.577928291909844,NA,NA,NA,NA,NA,NA,NA,NA,NA,NA,NA,NA,NA,NA,NA,NA,NA,NA,NA,NA,NA,NA,NA,34.1,NA,NA,NA,NA,NA,NA,NA,NA,1.8785322025440334,NA,NA,NA,NA,NA,NA,NA,NA,NA,NA,NA,NA,NA,NA,NA,NA,NA,NA,NA,NA,NA,NA,NA,NA,NA,NA,NA,NA,NA,NA,NA,NA,NA,NA,NA,NA,NA,NA,NA,NA,NA,NA,NA,NA,NA,NA,NA,NA,NA,NA,NA,NA,NA,NA,NA,NA,NA,NA,NA,NA,NA,NA,NA,2.97,NA,NA,NA,0,NA,NA,2203.1892141658363,0
1964-04-01,24323.85352479827,13211.922915192703,6645.9947199443695,6072.778519205119,2588.7077548122334,3175.892172939247,NA,NA,14.746053629974584,NA,NA,NA,NA,NA,NA,NA,NA,NA,NA,NA,NA,NA,NA,NA,NA,NA,NA,NA,NA,NA,NA,NA,34.9,NA,NA,NA,NA,NA,NA,NA,NA,1.8783844344478924,NA,NA,NA,NA,NA,NA,NA,NA,NA,NA,NA,NA,NA,NA,NA,NA,NA,NA,NA,NA,NA,NA,NA,NA,NA,NA,NA,NA,NA,NA,NA,NA,NA,NA,NA,NA,NA,NA,NA,NA,NA,NA,NA,NA,NA,NA,NA,NA,NA,NA,NA,NA,NA,NA,NA,NA,NA,NA,NA,NA,NA,NA,NA,2.97,NA,NA,NA,0.1369113,NA,NA,421.3208522058796,0
1964-07-01,24542.916593695794,13407.955748062592,6718.537695275731,6069.450407162073,2742.1388494504126,3194.887333519977,NA,NA,14.848082634153087,NA,NA,NA,NA,NA,NA,NA,NA,NA,NA,NA,NA,NA,NA,NA,NA,NA,NA,NA,NA,NA,NA,NA,35.4,NA,NA,NA,NA,NA,NA,NA,NA,1.8770908579997043,NA,NA,NA,NA,NA,NA,NA,NA,NA,NA,NA,NA,NA,NA,NA,NA,NA,NA,NA,NA,NA,NA,NA,NA,NA,NA,NA,NA,NA,NA,NA,NA,NA,NA,NA,NA,NA,NA,NA,NA,NA,NA,NA,NA,NA,NA,NA,NA,NA,NA,NA,NA,NA,NA,NA,NA,NA,NA,NA,NA,NA,NA,NA,2.92,NA,NA,NA,0.1454969,NA,NA,107.91876092885279,4.371149272888371
1964-10-01,25243.432873497244,13634.368638629747,6764.199899934702,6209.2811597675945,2752.895459785319,3353.928632564092,NA,NA,14.999628945825332,NA,NA,NA,NA,NA,NA,NA,NA,NA,NA,NA,NA,NA,NA,NA,NA,NA,NA,NA,NA,NA,NA,NA,36.3,NA,NA,NA,NA,NA,NA,NA,NA,1.8778684573253004,NA,NA,NA,NA,NA,NA,NA,NA,NA,NA,NA,NA,NA,NA,NA,NA,NA,NA,NA,NA,NA,NA,NA,NA,NA,NA,NA,NA,NA,NA,NA,NA,NA,NA,NA,NA,NA,NA,NA,NA,NA,NA,NA,NA,NA,NA,NA,NA,NA,NA,NA,NA,NA,NA,NA,NA,NA,NA,NA,NA,NA,NA,NA,2.92,NA,NA,NA,0.1545595,NA,NA,1518.7171037907287,0
1965-01-01,24982.99975766329,13700.399741952824,6696.621843067086,6116.569467139919,2756.2071013930563,3301.4329160500733,NA,NA,15.314663413035303,NA,NA,NA,NA,NA,NA,NA,NA,NA,NA,NA,NA,NA,NA,NA,NA,NA,NA,NA,NA,NA,NA,NA,37.2,NA,NA,NA,NA,NA,NA,NA,NA,1.8783044943303076,NA,NA,NA,NA,NA,NA,NA,NA,NA,NA,NA,NA,NA,NA,NA,NA,NA,NA,NA,NA,NA,NA,NA,NA,NA,NA,NA,NA,NA,NA,NA,NA,NA,NA,NA,NA,NA,NA,NA,NA,NA,NA,NA,NA,NA,NA,NA,NA,NA,NA,NA,NA,NA,NA,NA,NA,NA,NA,NA,NA,NA,NA,NA,2.92,NA,NA,NA,0,NA,NA,2088.571699996533,0
1965-04-01,25114.938003162348,13936.060820430977,6736.692245617903,6305.821432414713,2813.2519955534053,3437.5566771987355,NA,NA,15.29575755394116,NA,NA,NA,NA,NA,NA,NA,NA,NA,NA,NA,NA,NA,NA,NA,NA,NA,NA,NA,NA,NA,NA,NA,38.1,NA,NA,NA,NA,NA,NA,NA,NA,1.8776237921169354,NA,NA,NA,NA,NA,NA,NA,NA,NA,NA,NA,NA,NA,NA,NA,NA,NA,NA,NA,NA,NA,NA,NA,NA,NA,NA,NA,NA,NA,NA,NA,NA,NA,NA,NA,NA,NA,NA,NA,NA,NA,NA,NA,NA,NA,NA,NA,NA,NA,NA,NA,NA,NA,NA,NA,NA,NA,NA,NA,NA,NA,NA,NA,2.92,NA,NA,NA,0.3070782,NA,NA,640.5330459399414,1.0410114971330144
1965-07-01,25622.575728803888,14091.650800467285,6777.590134579344,6684.475503357223,2981.97142062129,3647.1941766987957,NA,NA,15.634052106729467,NA,NA,NA,NA,NA,NA,NA,NA,NA,NA,NA,NA,NA,NA,NA,NA,NA,NA,NA,NA,NA,NA,NA,38.2,NA,NA,NA,NA,NA,NA,NA,NA,1.8767032695508095,NA,NA,NA,NA,NA,NA,NA,NA,NA,NA,NA,NA,NA,NA,NA,NA,NA,NA,NA,NA,NA,NA,NA,NA,NA,NA,NA,NA,NA,NA,NA,NA,NA,NA,NA,NA,NA,NA,NA,NA,NA,NA,NA,NA,NA,NA,NA,NA,NA,NA,NA,NA,NA,NA,NA,NA,NA,NA,NA,NA,NA,NA,NA,2.92,NA,NA,NA,0.3148119,NA,NA,166.85758373975034,0.14830597809595844
1965-10-01,25737.792548146008,14247.240780503593,6833.6084570440025,6680.5718531413195,2907.1731394961535,3759.314962204535,NA,NA,15.545533566809171,NA,NA,NA,NA,NA,NA,NA,NA,NA,NA,NA,NA,NA,NA,NA,NA,NA,NA,NA,NA,NA,NA,NA,39.5,NA,NA,NA,NA,NA,NA,NA,NA,1.8780622515497483,NA,NA,NA,NA,NA,NA,NA,NA,NA,NA,NA,NA,NA,NA,NA,NA,NA,NA,NA,NA,NA,NA,NA,NA,NA,NA,NA,NA,NA,NA,NA,NA,NA,NA,NA,NA,NA,NA,NA,NA,NA,NA,NA,NA,NA,NA,NA,NA,NA,NA,NA,NA,NA,NA,NA,NA,NA,NA,NA,NA,NA,NA,NA,2.92,NA,NA,NA,0,NA,NA,1580.6648575451825,0
1966-01-01,26560.536260033896,14289.45660200405,6905.098267852752,7068.7348156353855,2942.356219133243,3858.3118185817693,NA,NA,15.995125994537915,NA,NA,NA,NA,NA,NA,NA,NA,NA,NA,NA,NA,NA,NA,NA,NA,NA,NA,NA,NA,NA,NA,NA,40,NA,NA,NA,NA,NA,NA,NA,NA,1.879176568340322,NA,NA,NA,NA,NA,NA,NA,NA,NA,NA,NA,NA,NA,NA,NA,NA,NA,NA,NA,NA,NA,NA,NA,NA,NA,NA,NA,NA,NA,NA,NA,NA,NA,NA,NA,NA,NA,NA,NA,NA,NA,NA,NA,NA,NA,NA,NA,NA,NA,NA,NA,NA,NA,NA,NA,NA,NA,NA,NA,NA,NA,NA,NA,2.92,NA,NA,NA,0,NA,NA,1814.3555740740987,0
1966-04-01,26527.762264766294,14732.770645830937,6941.557820611754,6967.590237605407,2963.396348144808,3856.362964444266,NA,NA,16.081515496271933,NA,NA,NA,NA,NA,NA,NA,NA,NA,NA,NA,NA,NA,NA,NA,NA,NA,NA,NA,NA,NA,NA,NA,40.9,NA,NA,NA,NA,NA,NA,NA,NA,1.8786290996562574,NA,NA,NA,NA,NA,NA,NA,NA,NA,NA,NA,NA,NA,NA,NA,NA,NA,NA,NA,NA,NA,NA,NA,NA,NA,NA,NA,NA,NA,NA,NA,NA,NA,NA,NA,NA,NA,NA,NA,NA,NA,NA,NA,NA,NA,NA,NA,NA,NA,NA,NA,NA,NA,NA,NA,NA,NA,NA,NA,NA,NA,NA,NA,2.92,NA,NA,NA,0,NA,NA,420.80684384104035,0
1966-07-01,26601.13835999127,14611.681677690576,6981.502846433689,6976.248333597088,3071.809036566527,3900.3725312962433,NA,NA,16.036239782274464,NA,NA,NA,NA,NA,NA,NA,NA,NA,NA,NA,NA,NA,NA,NA,NA,NA,NA,NA,NA,NA,NA,NA,41.4,NA,NA,NA,NA,NA,NA,NA,NA,1.8771562635504557,NA,NA,NA,NA,NA,NA,NA,NA,NA,NA,NA,NA,NA,NA,NA,NA,NA,NA,NA,NA,NA,NA,NA,NA,NA,NA,NA,NA,NA,NA,NA,NA,NA,NA,NA,NA,NA,NA,NA,NA,NA,NA,NA,NA,NA,NA,NA,NA,NA,NA,NA,NA,NA,NA,NA,NA,NA,NA,NA,NA,NA,NA,NA,2.9366666666666665,NA,NA,NA,0,NA,NA,132.67285188301412,0
1966-10-01,26837.88898189036,14544.40470449348,7047.927437395588,7045.9635227092895,3023.105495327923,3887.7173139223287,NA,NA,16.532791924527373,NA,NA,NA,NA,NA,NA,NA,NA,NA,NA,NA,NA,NA,NA,NA,NA,NA,NA,NA,NA,NA,NA,NA,42.1,NA,NA,NA,NA,NA,NA,NA,NA,1.8791644562012937,NA,NA,NA,NA,NA,NA,NA,NA,NA,NA,NA,NA,NA,NA,NA,NA,NA,NA,NA,NA,NA,NA,NA,NA,NA,NA,NA,NA,NA,NA,NA,NA,NA,NA,NA,NA,NA,NA,NA,NA,NA,NA,NA,NA,NA,NA,NA,NA,NA,NA,NA,NA,NA,NA,NA,NA,NA,NA,NA,NA,NA,NA,NA,2.97,NA,NA,NA,0,NA,NA,1409.2815035202154,0
1967-01-01,27073.227572247306,14970.851586949013,7122.075234856644,7075.1157823344565,3047.8805584835527,3838.7492700875887,NA,NA,16.12800544882209,NA,NA,NA,NA,NA,NA,NA,NA,NA,NA,NA,NA,NA,NA,NA,NA,NA,NA,NA,NA,NA,NA,NA,42.7,NA,NA,NA,NA,NA,NA,NA,NA,1.8797942874307487,NA,NA,NA,NA,NA,NA,NA,NA,NA,NA,NA,NA,NA,NA,NA,NA,NA,NA,NA,NA,NA,NA,NA,NA,NA,NA,NA,NA,NA,NA,NA,NA,NA,NA,NA,NA,NA,NA,NA,NA,NA,NA,NA,NA,NA,NA,NA,NA,NA,NA,NA,NA,NA,NA,NA,NA,NA,NA,NA,NA,NA,NA,NA,2.99,NA,NA,NA,0.1515381,NA,NA,1766.7448648854042,0
1967-04-01,27305.023697507302,14980.363324256437,7187.87294217413,7057.474286166437,3138.639458184326,3918.2822541295036,NA,NA,16.337851693899726,NA,NA,NA,NA,NA,NA,NA,NA,NA,NA,NA,NA,NA,NA,NA,NA,NA,NA,NA,NA,NA,NA,NA,43.1,NA,NA,NA,NA,NA,NA,NA,NA,1.8784474175708377,NA,NA,NA,NA,NA,NA,NA,NA,NA,NA,NA,NA,NA,NA,NA,NA,NA,NA,NA,NA,NA,NA,NA,NA,NA,NA,NA,NA,NA,NA,NA,NA,NA,NA,NA,NA,NA,NA,NA,NA,NA,NA,NA,NA,NA,NA,NA,NA,NA,NA,NA,NA,NA,NA,NA,NA,NA,NA,NA,NA,NA,NA,NA,3,NA,NA,NA,0,NA,NA,560.9977524552868,3.060940139927824
1967-07-01,27125.101152058614,14985.682230257062,7252.416882202793,6883.286406981214,3100.468431231984,3743.6747910250765,NA,NA,16.091493130713943,NA,NA,NA,NA,NA,NA,NA,NA,NA,NA,NA,NA,NA,NA,NA,NA,NA,NA,NA,NA,NA,NA,NA,43.1,NA,NA,NA,NA,NA,NA,NA,NA,1.8768461927913396,NA,NA,NA,NA,NA,NA,NA,NA,NA,NA,NA,NA,NA,NA,NA,NA,NA,NA,NA,NA,NA,NA,NA,NA,NA,NA,NA,NA,NA,NA,NA,NA,NA,NA,NA,NA,NA,NA,NA,NA,NA,NA,NA,NA,NA,NA,NA,NA,NA,NA,NA,NA,NA,NA,NA,NA,NA,NA,NA,NA,NA,NA,NA,3.0466666666666664,NA,NA,NA,0,NA,NA,78.48077696283923,7.307473315124204
1967-10-01,27561.864803277917,15242.043915872784,7291.735024380316,7120.23297040671,3211.9437656518367,4078.211638603367,NA,NA,16.58599590201593,NA,NA,NA,NA,NA,NA,NA,NA,NA,NA,NA,NA,NA,NA,NA,NA,NA,NA,NA,NA,NA,NA,NA,43.2,NA,NA,NA,NA,NA,NA,NA,NA,1.8787429537631204,NA,NA,NA,NA,NA,NA,NA,NA,NA,NA,NA,NA,NA,NA,NA,NA,NA,NA,NA,NA,NA,NA,NA,NA,NA,NA,NA,NA,NA,NA,NA,NA,NA,NA,NA,NA,NA,NA,NA,NA,NA,NA,NA,NA,NA,NA,NA,NA,NA,NA,NA,NA,NA,NA,NA,NA,NA,NA,NA,NA,NA,NA,NA,3.07,NA,NA,NA,0.1807011,NA,NA,1416.4237450175049,0
1968-01-01,27910.314551905372,15459.831553465952,7333.96190666791,7354.952451337237,3327.228732898635,4234.736695596528,NA,NA,16.79011160043992,NA,NA,NA,NA,NA,NA,NA,NA,NA,NA,NA,NA,NA,NA,NA,NA,NA,NA,NA,NA,NA,NA,NA,42.9,NA,NA,NA,NA,NA,NA,NA,NA,1.8806397147349014,NA,NA,NA,NA,NA,NA,NA,NA,NA,NA,NA,NA,NA,NA,NA,NA,NA,NA,NA,NA,NA,NA,NA,NA,NA,NA,NA,NA,NA,NA,NA,NA,NA,NA,NA,NA,NA,NA,NA,NA,NA,NA,NA,NA,NA,NA,NA,NA,NA,NA,NA,NA,NA,NA,NA,NA,NA,NA,NA,NA,NA,NA,NA,3.07,NA,-10.5978601,NA,0,NA,NA,1857.60520590061,0
1968-04-01,28240.432662968182,15614.17566362824,7395.572031240725,7159.294495964552,3403.9442802177246,3998.8513378394587,NA,NA,17.450066736703103,NA,NA,NA,NA,NA,NA,NA,NA,NA,NA,NA,NA,NA,NA,NA,NA,NA,NA,NA,NA,NA,NA,NA,43.6,NA,NA,NA,NA,NA,NA,NA,NA,1.8793388710032968,NA,NA,NA,NA,NA,NA,NA,NA,NA,NA,NA,NA,NA,NA,NA,NA,NA,NA,NA,NA,NA,NA,NA,NA,NA,NA,NA,NA,NA,NA,NA,NA,NA,NA,NA,NA,NA,NA,NA,NA,NA,NA,NA,NA,NA,NA,NA,NA,NA,NA,NA,NA,NA,NA,NA,NA,NA,NA,NA,NA,NA,NA,NA,3.07,NA,-9.369695466666666,NA,0,NA,NA,424.3017503114728,2.1809343505918632
1968-07-01,28751.959668471405,16094.698090423462,7457.6084366917385,7444.08579793367,3411.6880436764186,4279.066959964804,NA,NA,17.88298948221981,NA,NA,NA,NA,NA,NA,NA,NA,NA,NA,NA,NA,NA,NA,NA,NA,NA,NA,NA,NA,NA,NA,NA,43.5,NA,NA,NA,NA,NA,NA,NA,NA,1.877691620095492,NA,NA,NA,NA,NA,NA,NA,NA,NA,NA,NA,NA,NA,NA,NA,NA,NA,NA,NA,NA,NA,NA,NA,NA,NA,NA,NA,NA,NA,NA,NA,NA,NA,NA,NA,NA,NA,NA,NA,NA,NA,NA,NA,NA,NA,NA,NA,NA,NA,NA,NA,NA,NA,NA,NA,NA,NA,NA,NA,NA,NA,NA,NA,3.07,NA,-13.953279,NA,0.3587444,NA,NA,132.1746119895291,9.204495439225242
1968-10-01,29009.51917625469,15378.969806834824,7510.216512130796,7351.524245698913,3618.528696574724,4271.271543414789,NA,NA,17.849575944852464,NA,NA,NA,NA,NA,NA,NA,NA,NA,NA,NA,NA,NA,NA,NA,NA,NA,NA,NA,NA,NA,NA,NA,44.6,NA,NA,NA,NA,NA,NA,NA,NA,1.8786460566508965,NA,NA,NA,NA,NA,NA,NA,NA,NA,NA,NA,NA,NA,NA,NA,NA,NA,NA,NA,NA,NA,NA,NA,NA,NA,NA,NA,NA,NA,NA,NA,NA,NA,NA,NA,NA,NA,NA,NA,NA,NA,NA,NA,NA,NA,NA,NA,NA,NA,NA,NA,NA,NA,NA,NA,NA,NA,NA,NA,NA,NA,NA,NA,3.07,NA,-14.6417982,NA,0,NA,NA,1549.8480083618583,0
1969-01-01,29291.975029649417,15652.629916470598,7536.470399158772,7000.420936857097,3814.712337381965,4251.511642602887,NA,NA,18.713457226462406,NA,NA,NA,NA,NA,NA,NA,NA,NA,NA,NA,NA,NA,NA,NA,NA,NA,NA,NA,NA,NA,NA,NA,45,NA,NA,NA,NA,NA,NA,NA,NA,1.8796150277731347,NA,NA,NA,NA,NA,NA,NA,NA,NA,NA,NA,NA,NA,NA,NA,NA,NA,NA,NA,NA,NA,NA,NA,NA,NA,NA,NA,NA,NA,NA,NA,NA,NA,NA,NA,NA,NA,NA,NA,NA,NA,NA,NA,NA,NA,NA,NA,NA,NA,NA,NA,NA,NA,NA,NA,NA,NA,NA,NA,NA,NA,NA,NA,3.13,NA,-17.477695,NA,0,NA,NA,2082.735832549634,0
1969-04-01,29846.284113631213,16060.34083274375,7584.238932862969,7316.741721339271,3837.321138734037,4491.344046714394,NA,NA,19.293846771771843,NA,NA,NA,NA,NA,NA,NA,NA,NA,NA,NA,NA,NA,NA,NA,NA,NA,NA,NA,NA,NA,NA,NA,46.4,NA,NA,NA,NA,NA,NA,NA,NA,1.88008497876742,NA,NA,NA,NA,NA,NA,NA,NA,NA,NA,NA,NA,NA,NA,NA,NA,NA,NA,NA,NA,NA,NA,NA,NA,NA,NA,NA,NA,NA,NA,NA,NA,NA,NA,NA,NA,NA,NA,NA,NA,NA,NA,NA,NA,NA,NA,NA,NA,NA,NA,NA,NA,NA,NA,NA,NA,NA,NA,NA,NA,NA,NA,NA,3.35,NA,-22.587377,NA,0,NA,NA,463.0540827038237,0
1969-07-01,30564.388856501442,16266.987518578851,7633.562138005308,7552.687348811973,4038.0613991970363,4647.178370595528,NA,NA,19.946445050921668,NA,NA,NA,NA,NA,NA,NA,NA,NA,NA,NA,NA,NA,NA,NA,NA,NA,NA,NA,NA,NA,NA,NA,46.8,NA,NA,NA,NA,NA,NA,NA,NA,1.8799735470883625,NA,NA,NA,NA,NA,NA,NA,NA,NA,NA,NA,NA,NA,NA,NA,NA,NA,NA,NA,NA,NA,NA,NA,NA,NA,NA,NA,NA,NA,NA,NA,NA,NA,NA,NA,NA,NA,NA,NA,NA,NA,NA,NA,NA,NA,NA,NA,NA,NA,NA,NA,NA,NA,NA,NA,NA,NA,NA,NA,NA,NA,NA,NA,3.35,NA,-20.451310666666668,NA,0.2985966,NA,NA,129.42498479713163,3.349553708663763
1969-10-01,30875.481700470133,16600.952521924413,7683.687754212495,7645.649275427848,4394.4488152236945,4684.625972883254,NA,NA,19.891386749851513,NA,NA,NA,NA,NA,NA,NA,NA,NA,NA,NA,NA,NA,NA,NA,NA,NA,NA,NA,NA,NA,NA,NA,47.6,NA,NA,NA,NA,NA,NA,NA,NA,1.8808141295369043,NA,NA,NA,NA,NA,NA,NA,NA,NA,NA,NA,NA,NA,NA,NA,NA,NA,NA,NA,NA,NA,NA,NA,NA,NA,NA,NA,NA,NA,NA,NA,NA,NA,NA,NA,NA,NA,NA,NA,NA,NA,NA,NA,NA,NA,NA,NA,NA,NA,NA,NA,NA,NA,NA,NA,NA,NA,NA,NA,NA,NA,NA,NA,3.35,NA,-0.7750068166666669,NA,0.2275313,NA,NA,1592.1007223883064,0
1970-01-01,31458.303912609914,16754.57786100554,7752.69510578937,7662.790303619469,4653.180153163539,5080.366707995039,NA,NA,20.502363019246125,NA,NA,NA,NA,NA,NA,NA,NA,NA,NA,NA,NA,NA,NA,NA,NA,NA,NA,NA,NA,NA,NA,NA,47.8,NA,NA,NA,NA,NA,NA,NA,NA,1.8798742275483338,85.42085,NA,NA,NA,NA,NA,NA,NA,NA,NA,NA,NA,NA,NA,NA,NA,NA,NA,NA,NA,NA,NA,NA,NA,NA,NA,NA,NA,NA,NA,NA,NA,NA,NA,NA,NA,NA,NA,NA,NA,NA,NA,NA,NA,NA,NA,NA,NA,NA,NA,NA,NA,NA,NA,NA,NA,NA,NA,NA,NA,NA,NA,NA,3.35,NA,39.94600666666666,NA,0.1431229,NA,NA,2093.888959941114,0
1970-04-01,32273.392927190405,16743.508786355585,7841.0104736141375,8299.46063979382,4694.289328309212,5384.165932088148,NA,NA,21.19385539212668,NA,NA,NA,NA,NA,NA,NA,NA,NA,NA,NA,NA,NA,NA,NA,NA,NA,NA,NA,NA,NA,NA,NA,48.5,NA,NA,NA,NA,NA,NA,NA,NA,1.8813688655043856,84.62515333333333,NA,NA,NA,NA,NA,NA,NA,NA,NA,NA,NA,NA,NA,NA,NA,NA,NA,NA,NA,NA,NA,NA,NA,NA,NA,NA,NA,NA,NA,NA,NA,NA,NA,NA,NA,NA,NA,NA,NA,NA,NA,NA,NA,NA,NA,NA,NA,NA,NA,NA,NA,NA,NA,NA,NA,NA,NA,NA,NA,NA,NA,NA,3.35,NA,54.92287066666667,NA,0,NA,NA,640.257097691242,0.8120500241565448
1970-07-01,32898.10540841372,17222.665548096596,7938.327890572662,8503.376316777067,4864.577425717604,5479.314418269806,NA,NA,21.53555640601303,NA,NA,NA,NA,NA,NA,NA,NA,NA,NA,NA,NA,NA,NA,NA,NA,NA,NA,NA,NA,NA,NA,NA,48.4,NA,NA,NA,NA,NA,NA,NA,NA,1.8796004932063008,85.33300666666666,NA,NA,NA,NA,NA,NA,NA,NA,NA,NA,NA,NA,NA,NA,NA,NA,NA,NA,NA,NA,NA,NA,NA,NA,NA,NA,NA,NA,NA,NA,NA,NA,NA,NA,NA,NA,NA,NA,NA,NA,NA,NA,NA,NA,NA,NA,NA,NA,NA,NA,NA,NA,NA,NA,NA,NA,NA,NA,NA,NA,NA,NA,3.31,NA,53.734736,NA,0.1275673,NA,NA,130.11069429449495,2.5774345653943143
1970-10-01,33306.77706368936,17389.56419314324,7999.085453389075,8600.191846811204,4886.563738045664,5616.770307563092,NA,NA,21.49226962575345,NA,NA,NA,NA,NA,NA,NA,NA,NA,NA,NA,NA,NA,NA,NA,NA,NA,NA,NA,NA,NA,NA,NA,49.5,NA,NA,NA,NA,NA,NA,NA,NA,1.8785782286723398,85.09330666666666,NA,NA,NA,NA,NA,NA,NA,NA,NA,NA,NA,NA,NA,NA,NA,NA,NA,NA,NA,NA,NA,NA,NA,NA,NA,NA,NA,NA,NA,NA,NA,NA,NA,NA,NA,NA,NA,NA,NA,NA,NA,NA,NA,NA,NA,NA,NA,NA,NA,NA,NA,NA,NA,NA,NA,NA,NA,NA,NA,NA,NA,NA,3.3933333333333335,NA,43.715502,NA,0.2335357,NA,NA,1461.3866650579646,0
1971-01-01,33363.75377503894,17560.39212010026,8048.132829727872,8988.004481721791,4880.861738585726,5574.487573491179,NA,NA,22.356681106550425,NA,NA,NA,NA,NA,NA,NA,NA,NA,NA,NA,NA,NA,NA,NA,NA,NA,NA,NA,NA,NA,NA,NA,49.4,NA,NA,NA,NA,NA,NA,NA,NA,1.8796973903185248,83.87131666666667,NA,NA,NA,NA,NA,NA,NA,NA,NA,NA,NA,NA,NA,NA,NA,NA,NA,NA,NA,NA,NA,NA,NA,NA,NA,NA,NA,NA,NA,NA,NA,NA,NA,NA,NA,NA,NA,NA,NA,NA,NA,NA,NA,NA,NA,NA,NA,NA,NA,NA,NA,NA,NA,NA,NA,NA,NA,NA,NA,NA,NA,NA,3.56,NA,-8.443249666666667,NA,0.1484781,NA,NA,2036.5904961641518,0
1971-04-01,34082.700782337815,18178.439413758497,8095.750911357411,9559.939285149097,5004.986049973478,5703.802679678437,NA,NA,22.375128192254753,NA,NA,NA,NA,NA,NA,NA,NA,NA,NA,NA,NA,NA,NA,NA,NA,NA,NA,NA,NA,NA,NA,NA,51,NA,NA,NA,NA,NA,NA,NA,NA,1.8252145665428803,84.86378666666667,NA,NA,NA,NA,NA,NA,NA,NA,NA,NA,NA,NA,NA,NA,NA,NA,NA,NA,NA,NA,NA,NA,NA,NA,NA,NA,NA,NA,NA,NA,NA,NA,NA,NA,NA,NA,NA,NA,NA,NA,NA,NA,NA,NA,NA,NA,NA,NA,NA,NA,NA,NA,NA,NA,NA,NA,NA,NA,NA,NA,NA,NA,3.56,NA,-35.20224533333333,NA,0,NA,NA,446.6115091991786,0
1971-07-01,34629.37994149541,18502.724966544367,8144.171404051795,9511.368868039699,5246.237896119099,5754.842922849257,NA,NA,22.474215003017125,NA,NA,NA,NA,NA,NA,NA,NA,NA,NA,NA,NA,NA,NA,NA,NA,NA,NA,NA,NA,NA,NA,NA,51.2,NA,NA,NA,NA,NA,NA,NA,NA,1.789592765661601,84.98821333333333,NA,NA,NA,NA,NA,NA,NA,NA,NA,NA,NA,NA,NA,NA,NA,NA,NA,NA,NA,NA,NA,NA,NA,NA,NA,NA,NA,NA,NA,NA,NA,NA,NA,NA,NA,NA,NA,NA,NA,NA,NA,NA,NA,NA,NA,NA,NA,NA,NA,NA,NA,NA,NA,NA,NA,NA,NA,NA,NA,NA,NA,NA,3.56,NA,-57.547317,NA,0.1253133,NA,NA,145.2585010957187,19.713399654095632
1971-10-01,34503.18891209769,18445.702460771896,8278.3997299933,9566.01997106233,5190.114285714287,5883.639979202494,NA,NA,22.776038444887988,NA,NA,NA,NA,NA,NA,NA,NA,NA,NA,NA,NA,NA,NA,NA,NA,NA,NA,NA,NA,NA,NA,NA,53.2,NA,NA,NA,NA,NA,NA,NA,NA,1.7477574374589702,84.47760000000001,NA,NA,NA,NA,NA,NA,NA,NA,NA,NA,NA,NA,NA,NA,NA,NA,NA,NA,NA,NA,NA,NA,NA,NA,NA,NA,NA,NA,NA,NA,NA,NA,NA,NA,NA,NA,NA,NA,NA,NA,NA,NA,NA,NA,NA,NA,NA,NA,NA,NA,NA,NA,NA,NA,NA,NA,NA,NA,NA,NA,NA,NA,3.56,NA,-50.30021333333333,NA,0.2122692,NA,NA,1409.1514136315432,0
1972-01-01,35626.96783977692,18891.17281784228,8374.764283812317,10028.327264259717,5221.562431207311,6001.187953445586,NA,NA,23.202433971397472,NA,NA,NA,NA,NA,NA,NA,NA,NA,NA,NA,NA,NA,NA,NA,NA,NA,NA,NA,NA,NA,NA,NA,53.3,NA,NA,NA,NA,NA,NA,NA,NA,1.68765700360215,84.395,NA,NA,NA,NA,NA,NA,NA,NA,NA,NA,NA,NA,NA,NA,NA,NA,NA,NA,NA,NA,NA,NA,NA,NA,NA,NA,NA,NA,NA,NA,NA,NA,NA,NA,NA,NA,NA,NA,NA,NA,NA,NA,NA,NA,NA,NA,NA,NA,NA,NA,NA,NA,NA,NA,NA,NA,NA,NA,NA,NA,NA,NA,3.56,NA,-65.29833633333334,NA,0,NA,NA,1800.9217125064633,0
1972-04-01,35613.64024381775,18707.23929817201,8436.524860459791,10112.55602468745,5449.841606092548,6215.019189697235,NA,NA,23.647853484281114,NA,NA,NA,NA,NA,NA,NA,NA,NA,NA,NA,NA,NA,NA,NA,NA,NA,NA,NA,NA,NA,NA,NA,54.4,NA,NA,NA,NA,NA,NA,NA,NA,1.6770467698136426,84.45163,NA,NA,NA,NA,NA,NA,NA,NA,NA,NA,NA,NA,NA,NA,NA,NA,NA,NA,NA,NA,NA,NA,NA,NA,NA,NA,NA,NA,NA,NA,NA,NA,NA,NA,NA,NA,NA,NA,NA,NA,NA,NA,NA,NA,NA,NA,NA,NA,NA,NA,NA,NA,NA,NA,NA,NA,NA,NA,NA,NA,NA,NA,3.56,NA,-63.64422833333333,NA,0,NA,NA,524.9560640900409,0
1972-07-01,36095.390724520024,19582.558720815443,8508.064821960092,10314.519876562747,5658.101533965599,6078.500723913129,NA,NA,24.164476275552012,NA,NA,NA,NA,NA,NA,NA,NA,NA,NA,NA,NA,NA,NA,NA,NA,NA,NA,NA,NA,NA,NA,NA,54.9,NA,NA,NA,NA,NA,NA,NA,NA,1.6701428505676958,85.73473,NA,NA,NA,NA,NA,NA,NA,NA,NA,NA,NA,NA,NA,NA,NA,NA,NA,NA,NA,NA,NA,NA,NA,NA,NA,NA,NA,NA,NA,NA,NA,NA,NA,NA,NA,NA,NA,NA,NA,NA,NA,NA,NA,NA,NA,NA,NA,NA,NA,NA,NA,NA,NA,NA,NA,NA,NA,NA,NA,NA,NA,NA,3.56,NA,-42.72612693333333,NA,0,NA,NA,256.4021334230624,4.027035443102936
1972-10-01,37723.76036240773,19926.442765081094,8585.673017138302,11734.772923382994,6054.751540065275,7405.399032116145,NA,NA,25.978306924418433,NA,NA,NA,NA,NA,NA,NA,NA,NA,NA,NA,NA,NA,NA,NA,NA,NA,NA,NA,NA,NA,NA,NA,56.3,NA,NA,NA,NA,NA,NA,NA,NA,1.684580520289044,85.88031,NA,NA,NA,NA,NA,NA,NA,NA,NA,NA,NA,NA,NA,NA,NA,NA,NA,NA,NA,NA,NA,NA,NA,NA,NA,NA,NA,NA,NA,NA,NA,NA,NA,NA,NA,NA,NA,NA,NA,NA,NA,NA,NA,NA,NA,NA,NA,NA,NA,NA,NA,NA,NA,NA,NA,NA,NA,NA,NA,NA,NA,NA,3.56,NA,-0.30069870000000015,NA,0.1269035,NA,NA,1584.354241828984,0
1973-01-01,37189.17017504953,19784.030254866153,8585.422263680537,10193.231462482763,5498.744343818837,6761.956469223692,NA,NA,24.68331876082873,NA,NA,NA,NA,NA,NA,NA,NA,49.869734871015766,NA,NA,NA,NA,NA,NA,NA,NA,NA,NA,NA,NA,NA,NA,55.1,NA,NA,NA,NA,NA,NA,NA,NA,1.5897884978282935,86.16313666666666,NA,NA,NA,NA,NA,NA,NA,NA,NA,NA,NA,NA,NA,NA,NA,NA,NA,NA,NA,NA,NA,NA,NA,NA,NA,NA,NA,NA,NA,NA,NA,NA,NA,NA,NA,NA,NA,NA,NA,NA,NA,NA,NA,NA,NA,NA,NA,NA,NA,NA,NA,NA,NA,NA,NA,NA,NA,NA,NA,NA,NA,NA,3.56,NA,29.75352566666667,NA,0,NA,NA,1849.0753389241468,0
1973-04-01,37950.50290109585,20547.38910210003,8671.430699693867,10568.207093798748,6005.998199704749,7035.856817181937,NA,NA,25.367745474076887,NA,NA,NA,NA,NA,NA,NA,NA,53.11706886430931,NA,NA,NA,NA,NA,NA,NA,NA,NA,NA,NA,NA,NA,NA,55.1,NA,NA,NA,NA,NA,NA,NA,NA,1.4553195303396969,86.71510666666667,NA,NA,NA,NA,NA,NA,NA,NA,NA,NA,NA,NA,NA,NA,NA,NA,NA,NA,NA,NA,NA,NA,NA,NA,NA,NA,NA,NA,NA,NA,NA,NA,NA,NA,NA,NA,NA,NA,NA,NA,NA,NA,NA,NA,NA,NA,NA,NA,NA,NA,NA,NA,NA,NA,NA,NA,NA,NA,NA,NA,NA,NA,3.56,NA,50.47890533333333,NA,0,NA,NA,561.3827659641864,0
1973-07-01,38101.54073113862,20092.167417361834,8765.212492897906,10843.46448081749,6033.064022468738,7135.051025876893,NA,NA,25.748024659898583,NA,NA,NA,NA,NA,NA,NA,NA,53.96992333775851,NA,NA,NA,NA,NA,NA,NA,NA,NA,NA,NA,NA,NA,NA,54.6,NA,NA,NA,NA,NA,NA,NA,NA,1.2854588926113528,90.09888000000001,NA,NA,NA,NA,NA,NA,NA,NA,NA,NA,NA,NA,NA,NA,NA,NA,NA,NA,NA,NA,NA,NA,NA,NA,NA,NA,NA,NA,NA,NA,NA,NA,NA,NA,NA,NA,NA,NA,NA,NA,NA,NA,NA,NA,NA,NA,NA,NA,NA,NA,NA,NA,NA,NA,NA,NA,NA,NA,NA,NA,NA,NA,4.06,NA,70.16121366666667,NA,0.0988142,NA,NA,103.26421479424317,3.3874086721958725
1973-10-01,38907.364837004,20824.355558709165,8894.776804524985,10733.061245224153,6064.039076303515,7222.231412230531,NA,NA,26.152528179561045,NA,NA,NA,NA,NA,NA,NA,NA,54.692849844142536,NA,NA,NA,NA,NA,NA,NA,NA,NA,NA,NA,NA,NA,NA,55.1,NA,NA,NA,NA,NA,NA,NA,NA,1.3652367075330236,89.4588,NA,NA,NA,NA,NA,NA,NA,NA,NA,NA,NA,NA,NA,NA,NA,NA,NA,NA,NA,NA,NA,NA,NA,NA,NA,NA,NA,NA,NA,NA,NA,NA,NA,NA,NA,NA,NA,NA,NA,NA,NA,NA,NA,NA,NA,NA,NA,NA,NA,NA,NA,NA,NA,NA,NA,NA,NA,NA,NA,NA,NA,NA,4.31,NA,108.56143666666667,NA,0,NA,NA,1612.7762544253815,0
1974-01-01,39691.98369725407,21181.417072796183,9092.79681012186,11334.548682657745,6577.941114965864,7801.953845538534,NA,NA,26.917102878724872,NA,NA,NA,NA,NA,NA,NA,NA,54.79917021807975,NA,NA,NA,NA,NA,NA,NA,NA,NA,NA,NA,NA,NA,NA,54.4,NA,NA,NA,NA,NA,NA,NA,NA,1.4532265527156627,88.84985,NA,NA,NA,NA,NA,NA,NA,NA,NA,NA,NA,NA,NA,NA,NA,NA,NA,NA,NA,NA,NA,NA,NA,NA,NA,NA,NA,NA,NA,NA,NA,NA,NA,NA,NA,NA,NA,NA,NA,NA,NA,NA,NA,NA,NA,NA,NA,NA,NA,NA,NA,NA,NA,NA,NA,NA,NA,NA,NA,NA,NA,NA,10.11,NA,97.67124433333333,NA,0,NA,NA,1540.7745671367666,0
1974-04-01,39524.74466320146,20983.443558007144,9182.466246618556,11160.63606085954,6466.44088098505,7585.951733791944,NA,NA,27.094263580137564,NA,NA,NA,NA,NA,NA,NA,NA,54.56030438401377,NA,NA,NA,NA,NA,NA,NA,NA,NA,NA,NA,NA,NA,NA,54.2,NA,NA,NA,NA,NA,NA,NA,NA,1.3276696971238515,91.33631333333334,NA,NA,NA,NA,NA,NA,NA,NA,NA,NA,NA,NA,NA,NA,NA,NA,NA,NA,NA,NA,NA,NA,NA,NA,NA,NA,NA,NA,NA,NA,NA,NA,NA,NA,NA,NA,NA,NA,NA,NA,NA,NA,NA,NA,NA,NA,NA,NA,NA,NA,NA,NA,NA,NA,NA,NA,NA,NA,NA,NA,NA,NA,10.11,NA,91.05149266666666,NA,0.2431907,NA,NA,587.3749009262029,0
1974-07-01,39709.027165692554,20765.416330053587,9274.066484740042,10895.237892975832,6498.536415063047,7507.65220173579,NA,NA,27.00331656311189,NA,NA,NA,NA,NA,NA,NA,NA,55.77633210163245,NA,NA,NA,NA,NA,NA,NA,NA,NA,NA,NA,NA,NA,NA,54.1,NA,NA,NA,NA,NA,NA,NA,NA,1.3466615311197188,91.88743666666667,NA,NA,NA,NA,NA,NA,NA,NA,NA,NA,NA,NA,NA,NA,NA,NA,NA,NA,NA,NA,NA,NA,NA,NA,NA,NA,NA,NA,NA,NA,NA,NA,NA,NA,NA,NA,NA,NA,NA,NA,NA,NA,NA,NA,NA,NA,NA,NA,NA,NA,NA,NA,NA,NA,NA,NA,NA,NA,NA,NA,NA,NA,10.11,NA,60.557814,NA,0,NA,NA,123.29039242068829,8.435123833631515
1974-10-01,39222.91672794788,20750.250260240995,9358.846228810326,10627.362408608957,6586.083271399924,7204.050329960403,NA,NA,26.091659664601888,NA,NA,NA,NA,NA,NA,NA,NA,53.903739947277735,NA,NA,NA,NA,NA,NA,NA,NA,NA,NA,NA,NA,NA,NA,55.4,NA,NA,NA,NA,NA,NA,NA,NA,1.3063765567126686,91.93794333333334,NA,NA,NA,NA,NA,NA,NA,NA,NA,NA,NA,NA,NA,NA,NA,NA,NA,NA,NA,NA,NA,NA,NA,NA,NA,NA,NA,NA,NA,NA,NA,NA,NA,NA,NA,NA,NA,NA,NA,NA,NA,NA,NA,NA,NA,NA,NA,NA,NA,NA,NA,NA,NA,NA,NA,NA,NA,NA,NA,NA,NA,NA,11.16,NA,47.64156466666667,NA,0.1143772,NA,NA,1518.9017263095013,0
1975-01-01,39277.4657359443,21695.26651872145,9412.808372921312,10692.898690118238,6224.043655035248,7298.360068791743,NA,NA,25.617895098807264,NA,NA,NA,NA,NA,NA,NA,NA,55.60209483582025,NA,NA,NA,NA,NA,NA,NA,NA,NA,NA,NA,NA,NA,NA,55.6,NA,NA,NA,NA,NA,NA,NA,NA,1.2073113716028478,93.48715,NA,NA,NA,NA,NA,NA,NA,NA,NA,NA,NA,NA,NA,NA,NA,NA,NA,NA,NA,NA,NA,NA,NA,NA,NA,NA,NA,NA,NA,NA,NA,NA,NA,NA,NA,NA,NA,NA,NA,NA,NA,NA,NA,NA,NA,NA,NA,NA,NA,NA,NA,NA,NA,NA,NA,NA,NA,NA,NA,NA,NA,NA,11.16,NA,-12.129522413333333,NA,0.4145937,NA,NA,1680.3791952258,0
1975-04-01,38872.856767912715,21226.364224405068,9539.990526699627,10298.30471412746,6211.544075433112,7043.282198136222,NA,NA,24.805934877482024,NA,NA,NA,NA,NA,NA,NA,NA,55.928378668765475,NA,NA,NA,NA,NA,NA,NA,NA,NA,NA,NA,NA,NA,NA,57.3,NA,NA,NA,NA,NA,NA,NA,NA,1.2122361673316233,92.60425666666667,NA,NA,NA,NA,NA,NA,NA,NA,NA,NA,NA,NA,NA,NA,NA,NA,NA,NA,NA,NA,NA,NA,NA,NA,NA,NA,NA,NA,NA,NA,NA,NA,NA,NA,NA,NA,NA,NA,NA,NA,NA,NA,NA,NA,NA,NA,NA,NA,NA,NA,NA,NA,NA,NA,NA,NA,NA,NA,NA,NA,NA,NA,11.16,NA,-40.466623999999996,NA,0.3225806,NA,NA,554.1518268155294,0
1975-07-01,39246.15331718523,21541.713056748446,9668.526749149869,10355.40811023444,6358.4265855386975,6959.629484461863,NA,NA,24.72844338179362,NA,NA,NA,NA,NA,NA,NA,NA,56.42348923695074,NA,NA,NA,NA,NA,NA,NA,NA,NA,NA,NA,NA,NA,NA,57.7,NA,NA,NA,NA,NA,NA,NA,NA,1.3092011075339927,92.36156666666666,NA,NA,NA,NA,NA,NA,NA,NA,NA,NA,NA,NA,NA,NA,NA,NA,NA,NA,NA,NA,NA,NA,NA,NA,NA,NA,NA,NA,NA,NA,NA,NA,NA,NA,NA,NA,NA,NA,NA,NA,NA,NA,NA,NA,NA,NA,NA,NA,NA,NA,NA,NA,NA,NA,NA,NA,NA,NA,NA,NA,NA,NA,11.16,NA,-40.318230666666665,NA,0,NA,NA,30.47760804266119,0
1975-10-01,40178.73821956183,21934.281862245043,9753.95845221034,10492.311125178034,6708.564211764287,7398.861736591608,NA,NA,25.26158750939003,NA,NA,NA,NA,NA,NA,NA,NA,57.14451296694004,NA,NA,NA,NA,NA,NA,NA,NA,NA,NA,NA,NA,NA,NA,59.1,NA,NA,NA,NA,NA,NA,NA,NA,1.3354093539627283,91.56307000000001,NA,NA,NA,NA,NA,NA,NA,NA,NA,NA,NA,NA,NA,NA,NA,NA,NA,NA,NA,NA,NA,NA,NA,NA,NA,NA,NA,NA,NA,NA,NA,NA,NA,NA,NA,NA,NA,NA,NA,NA,NA,NA,NA,NA,NA,NA,NA,NA,NA,NA,NA,NA,NA,NA,NA,NA,NA,NA,NA,NA,NA,NA,11.16,NA,-30.953629666666668,NA,0.2433386,NA,NA,1567.7574877155419,0
1976-01-01,40032.555796225366,22000.624433036624,9895.182799623482,10451.94838288156,6545.0985940590535,7986.996312442505,NA,NA,25.724575021243016,NA,NA,NA,NA,NA,NA,NA,NA,56.55498143040961,NA,NA,NA,NA,NA,NA,NA,NA,NA,NA,NA,NA,NA,NA,59.2,NA,NA,NA,NA,NA,NA,NA,NA,1.3336918526485613,93.01568,NA,NA,NA,NA,NA,NA,NA,NA,NA,NA,NA,NA,NA,NA,NA,NA,NA,NA,NA,NA,NA,NA,NA,NA,NA,NA,NA,NA,NA,NA,NA,NA,NA,NA,NA,NA,NA,NA,NA,NA,NA,NA,NA,NA,NA,NA,NA,NA,NA,NA,NA,NA,NA,NA,NA,NA,NA,NA,NA,NA,NA,NA,11.763333333333334,NA,-42.641965666666664,NA,0.1120825,NA,NA,1901.6826824732195,0
1976-04-01,40771.54374242938,22414.804289040265,9978.733851750718,10740.468171274839,7078.970080611668,8239.903307603086,NA,NA,26.164338160416275,NA,NA,NA,NA,NA,NA,NA,NA,57.58835828774585,NA,NA,NA,NA,NA,NA,NA,NA,NA,NA,NA,NA,NA,NA,60.5,NA,NA,NA,NA,NA,NA,NA,NA,1.33150924519572,94.36980666666666,NA,NA,NA,NA,NA,NA,NA,NA,NA,NA,NA,NA,NA,NA,NA,NA,NA,NA,NA,NA,NA,NA,NA,NA,NA,NA,NA,NA,NA,NA,NA,NA,NA,NA,NA,NA,NA,NA,NA,NA,NA,NA,NA,NA,NA,NA,NA,NA,NA,NA,NA,NA,NA,NA,NA,NA,NA,NA,NA,NA,NA,NA,12.17,NA,-21.219707999999997,NA,0,NA,NA,506.3370035254161,0.696042877848467
1976-07-01,41707.472930037366,22761.68321281077,10036.58267445706,10800.399211448466,7295.720758772225,8618.869095708513,NA,NA,26.834158298133552,NA,NA,NA,NA,NA,NA,NA,NA,59.30529267495646,NA,NA,NA,NA,NA,NA,NA,NA,NA,NA,NA,NA,NA,NA,61.6,NA,NA,NA,NA,NA,NA,NA,NA,1.3069652066694282,95.89482333333333,NA,NA,NA,NA,NA,NA,NA,NA,NA,NA,NA,NA,NA,NA,NA,NA,NA,NA,NA,NA,NA,NA,NA,NA,NA,NA,NA,NA,NA,NA,NA,NA,NA,NA,NA,NA,NA,NA,NA,NA,NA,NA,NA,NA,NA,NA,NA,NA,NA,NA,NA,NA,NA,NA,NA,NA,NA,NA,NA,NA,NA,NA,12.746666666666666,NA,-23.151177,NA,0,NA,NA,184.39365693150336,9.0375672613272
1976-10-01,42275.40687977667,23145.818437621692,10099.79762115957,11442.59971876201,7403.735054218578,8852.978282606085,NA,NA,27.34570985780204,NA,NA,NA,NA,NA,NA,NA,NA,59.99281249373188,NA,NA,NA,NA,NA,NA,NA,NA,NA,NA,NA,NA,NA,NA,65.1,NA,NA,NA,NA,NA,NA,NA,NA,1.2425649634576765,97.78101,NA,NA,NA,NA,NA,NA,NA,NA,NA,NA,NA,NA,NA,NA,NA,NA,NA,NA,NA,NA,NA,NA,NA,NA,NA,NA,NA,NA,NA,NA,NA,NA,NA,NA,NA,NA,NA,NA,NA,NA,NA,NA,NA,NA,NA,NA,NA,NA,NA,NA,NA,NA,NA,NA,NA,NA,NA,NA,NA,NA,NA,NA,13.9,NA,-25.076425999999998,NA,0.2352941,NA,NA,1447.8187714838182,0
1977-01-01,42354.28246627104,22965.790240825754,10203.534326636873,11424.733012004612,7293.753693456351,8758.372515298162,NA,NA,27.437420581428725,NA,NA,NA,NA,NA,NA,NA,NA,60.373091917120504,NA,NA,NA,NA,NA,NA,NA,NA,NA,NA,NA,NA,NA,NA,64.1,NA,NA,NA,NA,NA,NA,NA,NA,1.2366300153339678,98.17400333333333,NA,NA,NA,NA,NA,NA,NA,NA,NA,NA,NA,NA,NA,NA,NA,NA,NA,NA,NA,NA,NA,NA,NA,NA,NA,NA,NA,NA,NA,NA,NA,NA,NA,NA,NA,NA,NA,NA,NA,NA,NA,NA,NA,NA,NA,NA,NA,NA,NA,NA,NA,NA,NA,NA,NA,NA,NA,NA,NA,NA,NA,NA,13.9,NA,-46.308232333333336,NA,0,NA,NA,1672.4483111542518,0
1977-04-01,42958.38424147573,23458.14843142417,10262.28586179117,11617.037831935433,7313.947237395261,8524.485349758028,NA,NA,27.604985501699915,NA,NA,NA,NA,NA,NA,NA,NA,60.92371214658714,NA,NA,NA,NA,NA,NA,NA,NA,NA,NA,NA,NA,NA,NA,65.8,NA,NA,NA,NA,NA,NA,NA,NA,1.220549939560426,98.03759666666667,NA,NA,NA,NA,NA,NA,NA,NA,NA,NA,NA,NA,NA,NA,NA,NA,NA,NA,NA,NA,NA,NA,NA,NA,NA,NA,NA,NA,NA,NA,NA,NA,NA,NA,NA,NA,NA,NA,NA,NA,NA,NA,NA,NA,NA,NA,NA,NA,NA,NA,NA,NA,NA,NA,NA,NA,NA,NA,NA,NA,NA,NA,13.9,NA,-39.72347833333333,NA,0,NA,NA,603.1184055341429,0
1977-07-01,43093.765862138964,23732.359598888837,10297.943003485325,11952.126165532522,7654.3740348462825,9181.446546414429,NA,NA,27.539872646098434,NA,NA,NA,NA,NA,NA,NA,NA,62.54391840988996,NA,NA,NA,NA,NA,NA,NA,NA,NA,NA,NA,NA,NA,NA,66.2,NA,NA,NA,NA,NA,NA,NA,NA,1.1917739196577593,98.87189333333333,NA,NA,NA,NA,NA,NA,NA,NA,NA,NA,NA,NA,NA,NA,NA,NA,NA,NA,NA,NA,NA,NA,NA,NA,NA,NA,NA,NA,NA,NA,NA,NA,NA,NA,NA,NA,NA,NA,NA,NA,NA,NA,NA,NA,NA,NA,NA,NA,NA,NA,NA,NA,NA,NA,NA,NA,NA,NA,NA,NA,NA,NA,14.533333333333333,NA,-45.98396733333333,NA,0,NA,NA,212.60739430209665,0
1977-10-01,44087.3158456596,25134.705937278908,10381.619432341442,12445.012052087808,7336.929532161739,9318.384385873693,NA,NA,27.714016981151737,NA,NA,NA,NA,NA,NA,NA,NA,66.61180669875586,NA,NA,NA,NA,NA,NA,NA,NA,NA,NA,NA,NA,NA,NA,67.6,NA,NA,NA,NA,NA,NA,NA,NA,1.1544249277510905,98.09893000000001,NA,NA,NA,NA,NA,NA,NA,NA,NA,NA,NA,NA,NA,NA,NA,NA,NA,NA,NA,NA,NA,NA,NA,NA,NA,NA,NA,NA,NA,NA,NA,NA,NA,NA,NA,NA,NA,NA,NA,NA,NA,NA,NA,NA,NA,NA,NA,NA,NA,NA,NA,NA,NA,NA,NA,NA,NA,NA,NA,NA,NA,NA,14.85,NA,-34.613066333333336,NA,0,NA,NA,1480.957966087149,0
1978-01-01,42158.15871681251,23140.164105116524,10205.214374803896,10727.18074650148,7735.098411480001,8618.918433787943,NA,NA,27.761355801830355,NA,NA,NA,NA,NA,NA,NA,NA,56.840780325730655,NA,NA,NA,NA,NA,NA,NA,NA,NA,NA,NA,NA,NA,NA,67.8,NA,NA,NA,NA,NA,NA,NA,NA,1.0843271343405787,98.49368666666668,NA,NA,NA,NA,NA,NA,NA,NA,NA,NA,NA,NA,NA,NA,NA,NA,NA,NA,NA,NA,NA,NA,NA,NA,NA,NA,NA,NA,NA,NA,NA,NA,NA,NA,NA,NA,NA,NA,NA,NA,NA,NA,NA,NA,NA,NA,NA,NA,NA,NA,NA,NA,NA,NA,NA,NA,NA,NA,NA,NA,NA,NA,14.85,NA,-38.662095,NA,0,NA,NA,1848.581260155047,0
1978-04-01,42952.68657034077,23308.404456181343,10324.974226232373,11128.531040173626,7888.853200410666,9045.495468543773,NA,NA,28.12459718786974,NA,NA,NA,NA,NA,NA,NA,NA,59.737254263781374,NA,NA,NA,NA,NA,NA,NA,NA,NA,NA,NA,NA,NA,NA,69.4,NA,NA,NA,NA,NA,NA,NA,NA,1.088331407503228,97.55501,NA,NA,NA,NA,NA,NA,NA,NA,NA,NA,NA,NA,NA,NA,NA,NA,NA,NA,NA,NA,NA,NA,NA,NA,NA,NA,NA,NA,NA,NA,NA,NA,NA,NA,NA,NA,NA,NA,NA,NA,NA,NA,NA,NA,NA,NA,NA,NA,NA,NA,NA,NA,NA,NA,NA,NA,NA,NA,NA,NA,NA,NA,14.85,NA,-26.444893666666665,NA,0,NA,NA,669.490310536197,0
1978-07-01,43235.142423735495,23635.03799449902,10420.385916911882,10994.680879886058,7972.963917335005,8979.974499060112,NA,NA,28.483618957581225,NA,NA,NA,NA,NA,NA,NA,NA,61.112569756888625,NA,NA,NA,NA,NA,NA,NA,NA,NA,NA,NA,NA,NA,NA,71.1,NA,NA,NA,NA,NA,NA,NA,NA,1.0531916697552621,96.55680666666667,NA,NA,NA,NA,NA,NA,NA,NA,NA,NA,NA,NA,NA,NA,NA,NA,NA,NA,NA,NA,NA,NA,NA,NA,NA,NA,NA,NA,NA,NA,NA,NA,NA,NA,NA,NA,NA,NA,NA,NA,NA,NA,NA,NA,NA,NA,NA,NA,NA,NA,NA,NA,NA,NA,NA,NA,NA,NA,NA,NA,NA,NA,14.85,NA,-21.850361333333332,NA,0.11152,NA,NA,168.73775494219817,0
1978-10-01,43522.72618115168,23658.302218492747,10522.542875605266,10978.315577057852,8270.712867299846,9173.3057633084,NA,NA,28.928565961344813,NA,NA,NA,NA,NA,NA,NA,NA,61.08652021514206,NA,NA,NA,NA,NA,NA,NA,NA,NA,NA,NA,NA,NA,NA,73.6,NA,NA,NA,NA,NA,NA,NA,NA,0.9979796952101335,96.64107666666666,NA,NA,NA,NA,NA,NA,NA,NA,NA,NA,NA,NA,NA,NA,NA,NA,NA,NA,NA,NA,NA,NA,NA,NA,NA,NA,NA,NA,NA,NA,NA,NA,NA,NA,NA,NA,NA,NA,NA,NA,NA,NA,NA,NA,NA,NA,NA,NA,NA,NA,NA,NA,NA,NA,NA,NA,NA,NA,NA,NA,NA,NA,14.85,NA,-9.515895,NA,0,NA,NA,1600.8463108131577,0
1979-01-01,44530.86715727446,24228.503317181396,10644.133227275424,11359.47198788235,8453.376046505573,9595.59038515378,NA,NA,29.399209769230257,NA,NA,NA,NA,NA,NA,NA,NA,63.04290036003155,NA,NA,NA,NA,NA,NA,NA,NA,NA,NA,NA,NA,NA,NA,73.5,NA,NA,NA,NA,NA,NA,NA,NA,0.9871902017640118,97.03360333333333,NA,NA,NA,NA,NA,NA,NA,NA,NA,NA,NA,NA,NA,NA,NA,NA,NA,NA,NA,NA,NA,NA,NA,NA,NA,NA,NA,NA,NA,NA,NA,NA,NA,NA,NA,NA,NA,NA,NA,NA,NA,NA,NA,NA,NA,NA,NA,NA,NA,NA,NA,NA,NA,NA,NA,NA,NA,NA,NA,NA,NA,NA,15.516666666666666,NA,-6.526306933333333,NA,0,NA,NA,1919.289932792613,0
1979-04-01,45104.84559291346,24539.63535918193,10710.432441508441,11464.57026292587,8834.389128322096,9895.837267527895,NA,NA,30.001244078242507,NA,NA,NA,NA,NA,NA,NA,NA,63.040643360024625,NA,NA,NA,NA,NA,NA,NA,NA,NA,NA,NA,NA,NA,NA,75.2,NA,NA,NA,NA,NA,NA,NA,NA,1.0131998091126888,94.97337,NA,NA,NA,NA,NA,NA,NA,NA,NA,NA,NA,NA,NA,NA,NA,NA,NA,NA,NA,NA,NA,NA,NA,NA,NA,NA,NA,NA,NA,NA,NA,NA,NA,NA,NA,NA,NA,NA,NA,NA,NA,NA,NA,NA,NA,NA,NA,NA,NA,NA,NA,NA,NA,NA,NA,NA,NA,NA,NA,NA,NA,NA,17.683333333333334,NA,28.161709833333333,NA,0,NA,NA,576.7191374020214,0
1979-07-01,45501.527366322494,24396.815545354333,10754.69042680393,11491.795720841905,9168.790232020692,10050.092772867254,NA,NA,31.018910595552846,NA,NA,NA,NA,NA,NA,NA,NA,62.52350509871623,NA,NA,NA,NA,NA,NA,NA,NA,NA,NA,NA,NA,NA,NA,76.1,NA,NA,NA,NA,NA,NA,NA,NA,0.9626170941040528,95.51269,NA,NA,NA,NA,NA,NA,NA,NA,NA,NA,NA,NA,NA,NA,NA,NA,NA,NA,NA,NA,NA,NA,NA,NA,NA,NA,NA,NA,NA,NA,NA,NA,NA,NA,NA,NA,NA,NA,NA,NA,NA,NA,NA,NA,NA,NA,NA,NA,NA,NA,NA,NA,NA,NA,NA,NA,NA,NA,NA,NA,NA,NA,25.583333333333332,NA,45.09931233333333,NA,0,NA,NA,157.44533938708872,0.696042877848467
1979-10-01,46106.174136157475,24664.821322484935,10803.43689899341,11606.27777044288,9193.689792981124,10454.887045554531,NA,NA,31.390995044716906,NA,NA,NA,NA,NA,NA,NA,NA,63.2855936899426,NA,NA,NA,NA,NA,NA,NA,NA,NA,NA,NA,NA,NA,NA,78.6,NA,NA,NA,NA,NA,NA,NA,NA,0.9232090385626281,97.52922666666667,NA,NA,NA,NA,NA,NA,NA,NA,NA,NA,NA,NA,NA,NA,NA,NA,NA,NA,NA,NA,NA,NA,NA,NA,NA,NA,NA,NA,NA,NA,NA,NA,NA,NA,NA,NA,NA,NA,NA,NA,NA,NA,NA,NA,NA,NA,NA,NA,NA,NA,NA,NA,NA,NA,NA,NA,NA,NA,NA,NA,NA,NA,30.833333333333332,NA,42.771445666666665,NA,0,NA,NA,1410.8117022612175,0
1980-01-01,46599.419049062446,24921.853861109747,10911.637016018927,12197.3554739674,9444.054878438264,10827.192192936845,NA,NA,31.57423792747724,NA,NA,NA,NA,NA,NA,NA,NA,64.07655934236865,NA,NA,NA,NA,NA,NA,NA,NA,NA,NA,NA,NA,NA,NA,78.5,NA,NA,NA,NA,NA,NA,NA,NA,0.9242385703800062,97.55972,NA,NA,NA,NA,NA,NA,NA,NA,NA,NA,NA,NA,NA,NA,NA,NA,NA,NA,NA,NA,NA,NA,NA,NA,NA,NA,NA,NA,NA,NA,NA,NA,NA,NA,NA,NA,NA,NA,NA,NA,NA,NA,NA,NA,NA,NA,NA,NA,NA,NA,NA,NA,NA,NA,NA,NA,NA,NA,NA,NA,NA,NA,35.833333333333336,NA,39.003421,NA,0.1355748,NA,NA,1695.98,0
1980-04-01,46110.58363816627,24631.278672030545,10940.222910204116,11810.443681414328,9022.405713134314,10713.936631604205,NA,NA,31.350136741562707,NA,NA,NA,NA,NA,NA,NA,NA,63.231203124498,NA,NA,NA,NA,NA,NA,NA,NA,NA,NA,NA,NA,NA,NA,80.2,NA,NA,NA,NA,NA,NA,NA,NA,0.9391704153736958,96.78091333333333,NA,NA,NA,NA,NA,NA,NA,NA,NA,NA,NA,NA,NA,NA,NA,NA,NA,NA,NA,NA,NA,NA,NA,NA,NA,NA,NA,NA,NA,NA,NA,NA,NA,NA,NA,NA,NA,NA,NA,NA,NA,NA,NA,NA,NA,NA,NA,NA,NA,NA,NA,NA,NA,NA,NA,NA,NA,NA,NA,NA,NA,NA,39.5,NA,60.285677,NA,0,NA,NA,825.44,0.37
1980-07-01,46350.87672516231,24908.460759964026,10954.390480567828,11799.733666719418,9501.896558549348,10655.002295724511,NA,NA,30.813932293270156,NA,NA,NA,NA,NA,NA,NA,NA,63.26733706766438,NA,NA,NA,NA,NA,NA,NA,NA,NA,NA,NA,NA,NA,NA,81.5,NA,NA,NA,NA,NA,NA,NA,NA,0.9145682385800696,97.51281333333333,NA,NA,NA,NA,NA,NA,NA,NA,NA,NA,NA,NA,NA,NA,NA,NA,NA,NA,NA,NA,NA,NA,NA,NA,NA,NA,NA,NA,NA,NA,NA,NA,NA,NA,NA,NA,NA,NA,NA,NA,NA,NA,NA,NA,NA,NA,NA,NA,NA,NA,NA,NA,NA,NA,NA,NA,NA,NA,NA,NA,NA,NA,37.833333333333336,NA,50.96664333333333,NA,0.1462202,NA,NA,289.07,1.07
1980-10-01,46376.39238285364,24904.339805765343,11021.567331903021,11935.03518413854,9545.445890669143,10267.994400671918,NA,NA,31.374410524032317,NA,NA,NA,NA,NA,NA,NA,NA,63.99289360600092,NA,NA,NA,NA,NA,NA,NA,NA,NA,NA,NA,NA,NA,NA,82.6,NA,NA,NA,NA,NA,NA,NA,NA,0.9836655693068707,95.13934333333333,NA,NA,NA,NA,NA,NA,NA,NA,NA,NA,NA,NA,NA,NA,NA,NA,NA,NA,NA,NA,NA,NA,NA,NA,NA,NA,NA,NA,NA,NA,NA,NA,NA,NA,NA,NA,NA,NA,NA,NA,NA,NA,NA,NA,NA,NA,NA,NA,NA,NA,NA,NA,NA,NA,NA,NA,NA,NA,NA,NA,NA,NA,36.333333333333336,NA,62.36244633333334,NA,0,NA,NA,1510.48,0
1981-01-01,46055.16759325801,24803.68789536612,11024.526222704646,12059.77682725567,9563.298875877772,10498.945950485939,NA,NA,30.875309030247973,NA,NA,NA,NA,NA,NA,NA,NA,64.1580997370632,NA,NA,NA,NA,NA,NA,NA,NA,NA,NA,NA,NA,NA,NA,83.3,NA,NA,NA,NA,NA,NA,NA,NA,1.0746592249684477,94.312,NA,NA,NA,NA,NA,NA,NA,NA,NA,NA,NA,NA,NA,NA,NA,NA,NA,NA,NA,NA,NA,NA,NA,NA,NA,NA,NA,NA,NA,NA,NA,NA,NA,NA,NA,NA,NA,NA,NA,NA,NA,NA,NA,NA,NA,NA,NA,NA,NA,NA,NA,NA,NA,NA,NA,NA,NA,NA,NA,NA,NA,NA,38,NA,58.451409,NA,0,NA,NA,1681.72,0
1981-04-01,46518.63598136202,25126.08068430492,11138.293066492542,11951.575650758483,9788.73950081352,10414.479158500979,NA,NA,30.72901251467118,NA,NA,NA,NA,NA,NA,NA,NA,64.30023431249916,NA,NA,NA,NA,NA,NA,NA,NA,NA,NA,NA,NA,NA,NA,84.7,NA,NA,NA,NA,NA,NA,NA,NA,1.167711944264781,93.86352666666667,NA,NA,NA,NA,NA,NA,NA,NA,NA,NA,NA,NA,NA,NA,NA,NA,NA,NA,NA,NA,NA,NA,NA,NA,NA,NA,NA,NA,NA,NA,NA,NA,NA,NA,NA,NA,NA,NA,NA,NA,NA,NA,NA,NA,NA,NA,NA,NA,NA,NA,NA,NA,NA,NA,NA,NA,NA,NA,NA,NA,NA,NA,37.333333333333336,NA,40.725283,NA,0.5417118,NA,NA,611.71,1.13
1981-07-01,46486.332663275134,25038.67812083519,11244.286553089727,11796.755882259851,9932.210771067526,10605.269511658598,NA,NA,30.568804451513344,NA,NA,NA,NA,NA,NA,NA,NA,64.49675318393524,NA,NA,NA,NA,NA,NA,NA,NA,NA,NA,NA,NA,NA,NA,85,NA,NA,NA,NA,NA,NA,NA,NA,1.2428532323665422,93.52085,NA,NA,NA,NA,NA,NA,NA,NA,NA,NA,NA,NA,NA,NA,NA,NA,NA,NA,NA,NA,NA,NA,NA,NA,NA,NA,NA,NA,NA,NA,NA,NA,NA,NA,NA,NA,NA,NA,NA,NA,NA,NA,NA,NA,NA,NA,NA,NA,NA,NA,NA,NA,NA,NA,NA,NA,NA,NA,NA,NA,NA,NA,36,NA,20.099508666666665,NA,0,NA,NA,286.68,2.95
1981-10-01,46192.80350989203,25235.66931514663,11244.361779127057,11522.424360997446,10128.817704411094,10617.974067111943,NA,NA,30.816237148803427,NA,NA,NA,NA,NA,NA,NA,NA,64.79757366819125,NA,NA,NA,NA,NA,NA,NA,NA,NA,NA,NA,NA,NA,NA,86.3,NA,NA,NA,NA,NA,NA,NA,NA,1.143586985748857,94.7581,NA,NA,NA,NA,NA,NA,NA,NA,NA,NA,NA,NA,NA,NA,NA,NA,NA,NA,NA,NA,NA,NA,NA,NA,NA,NA,NA,NA,NA,NA,NA,NA,NA,NA,NA,NA,NA,NA,NA,NA,NA,NA,NA,NA,NA,NA,NA,NA,NA,NA,NA,NA,NA,NA,NA,NA,NA,NA,NA,NA,NA,NA,35.333333333333336,NA,12.4216135,NA,0,NA,NA,1439.48,0
1982-01-01,47129.72359682783,25637.773816986693,11384.407585288705,11228.224261072051,10178.069035990828,10358.381762188536,NA,NA,31.292982368058837,NA,NA,NA,NA,NA,NA,NA,NA,65.3527643226719,NA,NA,NA,NA,NA,NA,NA,NA,NA,NA,NA,NA,NA,NA,85.7,NA,NA,NA,NA,NA,NA,NA,NA,1.1962045401141932,94.80056333333333,NA,NA,NA,NA,NA,NA,NA,NA,NA,NA,NA,NA,NA,NA,NA,NA,NA,NA,NA,NA,NA,NA,NA,NA,NA,NA,NA,NA,NA,NA,NA,NA,NA,NA,NA,NA,NA,NA,NA,NA,NA,NA,NA,NA,NA,NA,NA,NA,NA,NA,NA,NA,NA,NA,NA,NA,NA,NA,NA,NA,NA,NA,31.296666666666667,NA,-0.26283033333333333,NA,0.1856321,NA,NA,1744.31,0
1982-04-01,47268.02837050813,25687.177349298807,11470.265569227377,11048.130859765333,9935.497513114304,10187.820021597407,NA,NA,30.78437574895253,NA,NA,NA,NA,NA,NA,NA,NA,64.69216549842349,NA,NA,NA,NA,NA,NA,NA,NA,NA,NA,NA,NA,NA,NA,85.8,NA,NA,NA,NA,NA,NA,NA,NA,1.2163494497455238,95.48924000000001,NA,NA,NA,NA,NA,NA,NA,NA,NA,NA,NA,NA,NA,NA,NA,NA,NA,NA,NA,NA,NA,NA,NA,NA,NA,NA,NA,NA,NA,NA,NA,NA,NA,NA,NA,NA,NA,NA,NA,NA,NA,NA,NA,NA,NA,NA,NA,NA,NA,NA,NA,NA,NA,NA,NA,NA,NA,NA,NA,NA,NA,NA,34.81666666666667,NA,0.5038596333333333,NA,0.3142678,NA,NA,670.53,0.04
1982-07-01,47236.04709470278,25550.15562219261,11550.080394833916,10925.866533131371,9856.018114528606,9977.985169779626,NA,NA,30.392336030904445,NA,NA,NA,NA,NA,NA,NA,NA,64.90316051712621,NA,NA,NA,NA,NA,NA,NA,NA,NA,NA,NA,NA,NA,NA,85.3,NA,NA,NA,NA,NA,NA,NA,NA,1.2688143911591074,95.18861,NA,NA,NA,NA,NA,NA,NA,NA,NA,NA,NA,NA,NA,NA,NA,NA,NA,NA,NA,NA,NA,NA,NA,NA,NA,NA,NA,NA,NA,NA,NA,NA,NA,NA,NA,NA,NA,NA,NA,NA,NA,NA,NA,NA,NA,NA,NA,NA,NA,NA,NA,NA,NA,NA,NA,NA,NA,NA,NA,NA,NA,NA,34.58,NA,-37.37181266666667,NA,0.1466491,NA,NA,165.16,1.6400000000000001
1982-10-01,47153.43086324589,25888.5770062414,11608.982382062872,10637.221627743991,10070.30373615408,9645.767211934566,NA,NA,29.850060389848444,NA,NA,NA,NA,NA,NA,NA,NA,65.04445812172627,NA,NA,NA,NA,NA,NA,NA,NA,NA,NA,NA,NA,NA,NA,85.4,NA,NA,NA,NA,NA,NA,NA,NA,1.2775472433982784,95.46319,NA,NA,NA,NA,NA,NA,NA,NA,NA,NA,NA,NA,NA,NA,NA,NA,NA,NA,NA,NA,NA,NA,NA,NA,NA,NA,NA,NA,NA,NA,NA,NA,NA,NA,NA,NA,NA,NA,NA,NA,NA,NA,NA,NA,NA,NA,NA,NA,NA,NA,NA,NA,NA,NA,NA,NA,NA,NA,NA,NA,NA,NA,33.85,NA,-23.741143,NA,0,NA,NA,1293.53,0
1983-01-01,47725.77431499399,26551.69124668872,11644.990578597897,10788.58816720548,10033.800979786087,10118.302667679876,NA,NA,29.923208647636837,NA,NA,NA,NA,NA,NA,NA,NA,66.90993445661472,NA,NA,NA,NA,NA,NA,NA,NA,NA,NA,NA,NA,NA,NA,83.4,NA,NA,NA,NA,NA,NA,NA,NA,1.230062813552999,96.50300666666666,NA,NA,NA,NA,NA,NA,NA,NA,NA,NA,NA,NA,NA,NA,NA,NA,NA,NA,NA,NA,NA,NA,NA,NA,NA,NA,NA,NA,NA,NA,NA,NA,NA,NA,NA,NA,NA,NA,NA,NA,NA,NA,NA,NA,NA,NA,NA,NA,NA,NA,NA,NA,NA,NA,NA,NA,NA,NA,NA,NA,NA,NA,29.653333333333332,NA,-13.469648766666666,NA,0.1793722,NA,NA,1594.21,0
1983-04-01,48350.31338883494,26878.803965727173,11682.979727449267,10924.54029299392,10248.53479350885,10382.360068791742,NA,NA,30.885196008870437,NA,NA,NA,NA,NA,NA,NA,NA,67.54501664189597,NA,NA,NA,NA,NA,NA,NA,NA,NA,NA,NA,NA,NA,NA,83.4,NA,NA,NA,NA,NA,NA,NA,NA,1.2714039664832888,95.61190666666667,NA,NA,NA,NA,NA,NA,NA,NA,NA,NA,NA,NA,NA,NA,NA,NA,NA,NA,NA,NA,NA,NA,NA,NA,NA,NA,NA,NA,NA,NA,NA,NA,NA,NA,NA,NA,NA,NA,NA,NA,NA,NA,NA,NA,NA,NA,NA,NA,NA,NA,NA,NA,NA,NA,NA,NA,NA,NA,NA,NA,NA,NA,30.536666666666665,NA,-12.349887566666666,NA,0.1364629,NA,NA,588.86,0.07
1983-07-01,48755.69030384558,26789.963860095108,11726.811431866558,11095.725364320757,10647.17676448536,10660.577498700155,NA,NA,31.42164495316116,NA,NA,NA,NA,NA,NA,NA,NA,67.77929637733678,NA,NA,NA,NA,NA,NA,NA,NA,NA,NA,NA,NA,NA,NA,83.1,NA,NA,NA,NA,NA,NA,NA,NA,1.3510703497259022,94.81620333333333,NA,NA,NA,NA,NA,NA,NA,NA,NA,NA,NA,NA,NA,NA,NA,NA,NA,NA,NA,NA,NA,NA,NA,NA,NA,NA,NA,NA,NA,NA,NA,NA,NA,NA,NA,NA,NA,NA,NA,NA,NA,NA,NA,NA,NA,NA,NA,NA,NA,NA,NA,NA,NA,NA,NA,NA,NA,NA,NA,NA,NA,NA,31.56,NA,-33.326056,NA,0.1829826,NA,NA,217.32000000000002,14.26
1983-10-01,49249.87657111198,27649.374482808744,11749.981051364024,11200.473311780797,10567.00017819277,11294.769171699394,NA,NA,31.090701763194115,NA,NA,NA,NA,NA,NA,NA,NA,71.47218098033025,NA,NA,NA,NA,NA,NA,NA,NA,NA,NA,NA,NA,NA,NA,83.5,NA,NA,NA,NA,NA,NA,NA,NA,1.3706023851224174,94.73976666666667,NA,NA,NA,NA,NA,NA,NA,NA,NA,NA,NA,NA,NA,NA,NA,NA,NA,NA,NA,NA,NA,NA,NA,NA,NA,NA,NA,NA,NA,NA,NA,NA,NA,NA,NA,NA,NA,NA,NA,NA,NA,NA,NA,NA,NA,NA,NA,NA,NA,NA,NA,NA,NA,NA,NA,NA,NA,NA,NA,NA,NA,NA,29.83,NA,-27.221164666666667,NA,0.0677645,NA,NA,1428.83,0
1984-01-01,48600.961373806684,26545.126470814073,11724.905705587544,10882.57605317297,11117.529471027912,11440.563196416428,NA,NA,31.747585590176964,NA,NA,NA,NA,NA,NA,NA,NA,65.87287743537831,NA,NA,NA,NA,NA,NA,NA,NA,NA,NA,NA,NA,NA,NA,81.2,NA,NA,NA,NA,NA,NA,NA,NA,1.3835793308769915,96.71228333333333,NA,NA,NA,NA,NA,NA,NA,NA,NA,NA,NA,NA,NA,NA,NA,NA,NA,NA,NA,NA,NA,NA,NA,NA,NA,NA,NA,NA,NA,NA,NA,NA,NA,NA,NA,NA,NA,NA,NA,NA,NA,NA,NA,NA,NA,NA,NA,NA,NA,NA,NA,NA,NA,NA,NA,NA,NA,NA,NA,NA,NA,NA,30.198666666666668,NA,-23.946248666666666,NA,0.1607976,NA,NA,1764.7800000000002,0
1984-04-01,48257.862481549455,26678.698096730677,11779.544884034496,11020.229770081161,10400.098421074996,11687.35226972763,NA,NA,31.99793300942271,NA,NA,NA,NA,NA,NA,NA,NA,66.80455449934705,NA,NA,NA,NA,NA,NA,NA,NA,NA,NA,NA,NA,NA,NA,82.4,NA,NA,NA,NA,NA,NA,NA,NA,1.384204317250835,96.67433,NA,NA,NA,NA,NA,NA,NA,NA,NA,NA,NA,NA,NA,NA,NA,NA,NA,NA,NA,NA,NA,NA,NA,NA,NA,NA,NA,NA,NA,NA,NA,NA,NA,NA,NA,NA,NA,NA,NA,NA,NA,NA,NA,NA,NA,NA,NA,NA,NA,NA,NA,NA,NA,NA,NA,NA,NA,NA,NA,NA,NA,NA,30.368333333333332,NA,-18.311340333333334,NA,0,NA,NA,755.4599999999999,0
1984-07-01,48701.78538041224,26529.313507028433,11825.90919837521,10864.95958040377,11204.877130877108,11678.86612006559,NA,NA,32.89405479703801,NA,NA,NA,NA,NA,NA,NA,NA,67.3671086163503,NA,NA,NA,NA,NA,NA,NA,NA,NA,NA,NA,NA,NA,NA,83.1,NA,NA,NA,NA,NA,NA,NA,NA,1.4897906780133185,96.55118666666667,NA,NA,NA,NA,NA,NA,NA,NA,NA,NA,NA,NA,NA,NA,NA,NA,NA,NA,NA,NA,NA,NA,NA,NA,NA,NA,NA,NA,NA,NA,NA,NA,NA,NA,NA,NA,NA,NA,NA,NA,NA,NA,NA,NA,NA,NA,NA,NA,NA,NA,NA,NA,NA,NA,NA,NA,NA,NA,NA,NA,NA,NA,29.104333333333333,NA,-27.705437,NA,0,NA,NA,345.94,3.3499999999999996
1984-10-01,49164.60968395318,26697.0267593004,11842.50907727924,11284.501885017973,11402.255950610448,11916.058936927566,NA,NA,33.02625570624862,NA,NA,NA,NA,NA,NA,NA,NA,67.32969257179109,NA,NA,NA,NA,NA,NA,NA,NA,NA,NA,NA,NA,NA,NA,86.1,NA,NA,NA,NA,NA,NA,NA,NA,1.5582024616711359,95.68044333333333,NA,NA,NA,NA,NA,NA,NA,NA,NA,NA,NA,NA,NA,NA,NA,NA,NA,NA,NA,NA,NA,NA,NA,NA,NA,NA,NA,NA,NA,NA,NA,NA,NA,NA,NA,NA,NA,NA,NA,NA,NA,NA,NA,NA,NA,NA,NA,NA,NA,NA,NA,NA,NA,NA,NA,NA,NA,NA,NA,NA,NA,NA,27.430666666666667,NA,-20.082582333333335,NA,0,NA,NA,1305.22,0
1985-01-01,49400.74099377238,26959.713630430375,11902.714982488573,11586.108910994055,12109.627577935351,12136.55081390233,NA,NA,33.65847016173112,-5.833333333333333,NA,NA,NA,NA,NA,NA,NA,67.92054069165889,NA,NA,NA,NA,NA,NA,NA,NA,NA,NA,NA,NA,NA,NA,85,NA,NA,NA,NA,NA,NA,NA,NA,1.6620810108306747,95.51404666666667,NA,NA,NA,NA,NA,NA,NA,NA,NA,NA,NA,NA,NA,NA,10.9,-15.266666666666667,-18.566666666666666,10.866666666666667,8.633333333333335,10.366666666666667,NA,NA,NA,NA,NA,NA,NA,NA,NA,NA,NA,NA,NA,NA,NA,NA,NA,NA,NA,NA,NA,NA,NA,NA,NA,NA,NA,NA,NA,NA,NA,30.333333333333332,19.366666666666667,4.566666666666666,0,23.4,NA,NA,NA,-16.8,97.13333333333333,NA,27.05,114.68451690673828,-25.543186666666667,NA,0,NA,23.1,1915.2599999999998,0
1985-04-01,49477.65955409431,27074.022191371743,11929.344999703195,11593.240579657722,11903.708208792581,12533.228972523295,NA,NA,33.74684585005698,-6.1,NA,NA,NA,NA,NA,NA,NA,68.04188892397552,NA,NA,NA,NA,NA,NA,NA,NA,NA,NA,NA,NA,NA,NA,85.8,NA,NA,NA,NA,NA,NA,NA,NA,1.576663783977578,95.67617333333334,NA,NA,NA,NA,NA,NA,NA,NA,NA,NA,NA,NA,NA,NA,8.666666666666666,-12.9,-14.733333333333334,14.3,8.833333333333334,10.366666666666667,NA,NA,NA,NA,NA,NA,NA,NA,NA,NA,NA,NA,NA,NA,NA,NA,NA,NA,NA,NA,NA,NA,NA,NA,NA,NA,NA,NA,NA,NA,NA,27.933333333333334,16.666666666666668,5.5,-0.03333333333333333,15.4,NA,NA,NA,-12.166666666666666,95.36666666666667,NA,27.857,113.32489013671875,-26.704897666666668,NA,0,NA,32.93333333333333,669.96,0
1985-07-01,50212.13890835675,27181.11908246541,11957.354160935523,12036.404972757895,11480.86386456253,12631.855793304801,NA,NA,34.38560400742298,-7.3,NA,NA,NA,NA,NA,NA,NA,68.76569001786224,NA,NA,NA,NA,NA,NA,NA,NA,NA,NA,NA,NA,NA,NA,86.1,NA,NA,NA,NA,NA,NA,NA,NA,1.4541058940090936,96.98445333333333,NA,NA,NA,NA,NA,NA,NA,NA,NA,NA,NA,NA,NA,NA,10.9,-12.1,-18.833333333333332,15.466666666666667,5.7,9.5,NA,NA,NA,NA,NA,NA,NA,NA,NA,NA,NA,NA,NA,NA,NA,NA,NA,NA,NA,NA,NA,NA,NA,NA,NA,NA,NA,NA,NA,NA,NA,38.333333333333336,13.7,8.633333333333333,-0.03333333333333333,11.1,NA,NA,NA,-11.033333333333333,93.5,NA,27.791,106.37467447916667,-52.587998666666664,NA,0,NA,25.933333333333334,229.26,3.55
1985-10-01,50003.05915018699,27255.631684546242,12010.33836656123,11885.538901272805,11763.199986292864,12297.146262448503,NA,NA,34.03997457468969,-4.8,NA,NA,NA,NA,NA,NA,NA,68.12541359784284,NA,NA,NA,NA,NA,NA,NA,NA,NA,NA,NA,NA,NA,NA,87.4,NA,NA,NA,NA,NA,NA,NA,NA,1.3201432139318667,97.80993333333333,NA,NA,NA,NA,NA,NA,NA,NA,NA,NA,NA,NA,NA,NA,12.133333333333333,-9.566666666666666,-16.7,12.633333333333333,7.8,9.966666666666667,NA,NA,NA,NA,NA,NA,NA,NA,NA,NA,NA,NA,NA,NA,NA,NA,NA,NA,NA,NA,NA,NA,NA,NA,NA,NA,NA,NA,NA,NA,NA,52.96666666666667,8.266666666666667,12.066666666666666,0.1,8.666666666666666,NA,NA,NA,-11.166666666666668,97.03333333333333,NA,29.193,99.0870869954427,-36.37835366666667,NA,0.089819,NA,18.266666666666666,1393.1399999999999,0
1986-01-01,50450.301561797976,27476.222529355957,12121.79827853769,11819.226894400108,11252.011999775204,11567.386729592448,NA,NA,34.49341850117606,-6.366666666666666,NA,NA,NA,NA,NA,NA,NA,67.84980881921972,NA,NA,NA,NA,NA,NA,NA,NA,NA,NA,NA,NA,NA,NA,85.3,NA,NA,NA,NA,NA,NA,NA,NA,1.1988837452671817,100.12361333333334,NA,NA,NA,NA,NA,NA,NA,NA,NA,NA,NA,NA,NA,NA,10.8,-13.166666666666666,-20.366666666666667,13.366666666666667,7.466666666666666,9.966666666666667,NA,NA,NA,NA,NA,NA,NA,NA,NA,NA,NA,NA,NA,NA,NA,NA,NA,NA,NA,NA,NA,NA,NA,NA,NA,NA,NA,NA,NA,NA,NA,60.56666666666667,5.7,9.066666666666666,0.16666666666666669,7.433333333333334,NA,NA,NA,-10.933333333333334,95.43333333333334,NA,17.001666666666665,110.9291508992513,-48.278497333333334,NA,0,NA,21.7,1865.75,0
1986-04-01,51060.695547734314,27584.565290323648,12144.717144577393,11974.547130875138,11720.298042758042,11931.551093868733,NA,NA,34.53003521083399,-7.266666666666667,NA,NA,NA,NA,NA,NA,NA,68.290334469182,NA,NA,NA,NA,NA,NA,NA,NA,NA,NA,NA,NA,NA,NA,85.9,NA,NA,NA,NA,NA,NA,NA,NA,1.14591736129784,100.21506666666667,NA,NA,NA,NA,NA,NA,NA,NA,NA,NA,NA,NA,NA,NA,4.666666666666666,-14.733333333333333,-23.7,13.3,6.233333333333333,5.533333333333333,NA,NA,NA,NA,NA,NA,NA,NA,NA,NA,NA,NA,NA,NA,NA,NA,NA,NA,NA,NA,NA,NA,NA,NA,NA,NA,NA,NA,NA,NA,NA,67.73333333333333,8.566666666666666,9.166666666666666,0.3666666666666667,8.633333333333333,NA,NA,NA,-9.333333333333332,94.56666666666666,NA,13.92,120.66578420003255,-65.736672,NA,0,NA,6.566666666666666,567.07,0.22
1986-07-01,51102.313319502704,27969.922425972552,12185.314129389517,12202.610387719576,11514.90156439544,12391.678022637281,NA,NA,34.212333264812564,-7.666666666666667,NA,NA,NA,NA,NA,56.8446,NA,67.6766812450776,NA,NA,NA,NA,NA,NA,NA,NA,NA,NA,NA,NA,NA,NA,86.3,NA,NA,NA,NA,NA,NA,NA,NA,1.0660644511141957,101.87603333333334,NA,NA,NA,NA,NA,NA,NA,NA,NA,NA,NA,NA,NA,NA,6.8999999999999995,-15.333333333333334,-26.333333333333332,12.866666666666667,5.133333333333334,2.4,NA,NA,NA,NA,NA,NA,NA,NA,NA,NA,NA,NA,NA,NA,NA,NA,NA,NA,NA,NA,NA,NA,NA,NA,NA,NA,NA,NA,NA,NA,NA,56.4,10.333333333333334,15.366666666666667,0.5,10.266666666666666,NA,NA,NA,-8.9,94.26666666666667,NA,13.86,105.05187225341797,-71.16343133333334,NA,0.0982174,NA,6.066666666666666,302.82,5.17
1986-10-01,51140.11612885899,27800.86746768241,12222.801771325356,12245.525516695681,11660.389699087242,12264.287101547812,NA,NA,34.0262773045003,-10,NA,NA,NA,NA,NA,53.7156,NA,67.5585774502709,NA,NA,NA,NA,NA,NA,NA,NA,NA,NA,NA,NA,NA,NA,89.1,NA,NA,NA,NA,NA,NA,NA,NA,1.0274364173261727,102.94863333333333,NA,NA,NA,NA,NA,NA,NA,NA,NA,NA,NA,NA,NA,NA,4.666666666666667,-17.766666666666666,-27.9,14.433333333333334,2.2,2.066666666666667,NA,NA,NA,NA,NA,NA,NA,NA,NA,NA,NA,NA,NA,NA,NA,NA,NA,NA,NA,NA,NA,NA,NA,NA,NA,NA,NA,NA,NA,NA,NA,44.63333333333333,12.5,12.566666666666666,0.2,12.6,NA,NA,NA,-11.1,91.36666666666667,NA,15.378333333333334,98.77301025390625,-53.348745,NA,0.3127117,NA,17.666666666666668,1355.79,0
1987-01-01,50703.99656220277,27678.340957379718,12187.871814658718,12266.745358894943,11383.25758559764,12137.019525656919,NA,NA,34.06583620757435,-11.166666666666666,NA,NA,NA,NA,NA,58.0007,NA,67.51688564458746,NA,NA,NA,NA,NA,NA,NA,NA,NA,NA,NA,NA,NA,NA,87.4,NA,NA,NA,NA,NA,NA,NA,NA,0.9400109978222374,103.88286666666667,NA,NA,NA,NA,NA,NA,NA,NA,NA,NA,NA,NA,NA,NA,3.166666666666667,-21.666666666666668,-31.9,14.166666666666666,2.1666666666666665,0.7,NA,NA,NA,NA,NA,NA,NA,NA,NA,NA,NA,NA,NA,NA,NA,NA,NA,NA,NA,NA,NA,NA,NA,NA,NA,NA,NA,NA,NA,NA,NA,26.233333333333334,17.666666666666664,6.066666666666666,0.13333333333333333,16.7,NA,NA,NA,-12.966666666666667,90.5,NA,18.229,95.74462890625,-41.13538366666666,NA,0.054177,NA,29.4,1950.32,0
1987-04-01,51598.82820018947,28252.710928339126,12192.636130356248,12645.874874415029,11768.802387508962,12509.571363436386,NA,NA,34.78352811230333,-12.266666666666666,NA,NA,NA,NA,NA,63.1117,NA,68.4357510987947,NA,NA,NA,NA,NA,NA,NA,NA,NA,NA,NA,NA,NA,NA,88.4,NA,NA,NA,NA,NA,NA,NA,NA,0.9222812487130851,103.70263333333334,NA,NA,NA,NA,NA,NA,NA,NA,NA,NA,NA,NA,NA,NA,0.3,-22,-30.366666666666667,15.533333333333333,0.6666666666666667,3.1333333333333333,NA,NA,NA,NA,NA,NA,NA,NA,NA,NA,NA,NA,NA,NA,NA,NA,NA,NA,NA,NA,NA,NA,NA,NA,NA,NA,NA,NA,NA,NA,NA,32.266666666666666,15.866666666666667,7.5,0.03333333333333333,16.53333333333333,NA,NA,NA,-11.733333333333333,88.8,NA,19.364,102.07580057779948,-25.125470666666665,NA,0.0653296,NA,27.4,704.86,0.24
1987-07-01,52225.745432417185,28664.830307243425,12190.228897161707,12642.646855967265,12119.786598807206,12782.509618845736,NA,NA,34.564539365181915,-8.5,NA,NA,NA,NA,NA,55.316,NA,69.36810526276551,NA,NA,NA,NA,NA,NA,NA,NA,NA,NA,NA,NA,NA,NA,89.3,NA,NA,NA,NA,NA,NA,NA,NA,0.9400085753944318,104.6323,NA,NA,NA,NA,NA,NA,NA,NA,NA,NA,NA,NA,NA,NA,2.5,-17.266666666666666,-28.2,13.5,5.3,4.566666666666666,NA,NA,NA,NA,NA,NA,NA,NA,NA,NA,NA,NA,NA,NA,NA,NA,NA,NA,NA,NA,NA,NA,NA,NA,NA,NA,NA,NA,NA,NA,NA,56.06666666666666,6.333333333333333,9.033333333333333,-0.06666666666666667,9.066666666666666,NA,NA,NA,-4.733333333333333,93.33333333333333,NA,20.385,106.66916147867839,-24.944077,NA,0,NA,19.233333333333334,201.53,3.22
1987-10-01,52648.85944539578,29466.906956716088,12203.067474199264,12800.844783306582,12307.081096351574,13348.762756469221,NA,NA,35.15347528184297,-4.3999999999999995,NA,NA,NA,NA,NA,60.6391,NA,71.23486683376902,NA,NA,NA,NA,NA,NA,NA,NA,NA,NA,NA,NA,NA,NA,91.7,NA,NA,NA,NA,NA,NA,NA,NA,0.8730332914253323,104.1455,NA,NA,NA,NA,NA,NA,NA,NA,NA,NA,NA,NA,NA,NA,8.4,-12.1,-22.933333333333334,8.3,7.1,4.666666666666666,NA,NA,NA,NA,NA,NA,NA,NA,NA,NA,NA,NA,NA,NA,NA,NA,NA,NA,NA,NA,NA,NA,NA,NA,NA,NA,NA,NA,NA,NA,NA,61.66666666666667,10.666666666666666,10.1,0,10.166666666666666,NA,NA,NA,-5.533333333333333,99.2,NA,18.669666666666668,102.3561528523763,-11.613567333333334,NA,0.0522057,NA,6.366666666666666,1274.9699999999998,0
1988-01-01,52116.59787145795,29047.551948928052,12281.27747767611,13329.113755793185,12537.078340943079,13291.20988681358,NA,NA,35.22329125147659,-3.7333333333333334,NA,NA,NA,NA,NA,57.4351,NA,71.1186313334125,NA,NA,NA,NA,NA,NA,NA,NA,NA,NA,NA,NA,NA,NA,90.9,NA,NA,NA,NA,NA,NA,NA,NA,0.855783183021688,104.206,NA,NA,NA,NA,NA,NA,NA,NA,NA,NA,NA,NA,NA,NA,13.666666666666666,-10.333333333333334,-19.5,8.833333333333334,7.966666666666667,5.3,NA,NA,NA,NA,NA,NA,NA,NA,NA,NA,NA,NA,NA,NA,NA,NA,NA,NA,NA,NA,NA,NA,NA,NA,NA,NA,NA,NA,NA,NA,NA,47.199999999999996,13.899999999999999,22.6,0,11.5,NA,NA,NA,-11.5,99.63333333333334,NA,16.714,93.20472971598308,12.057841966666667,NA,0.5059631,NA,2.1333333333333333,1604.5,0
1988-04-01,53073.01390266858,29319.582844113185,12321.648784376244,13377.959430289604,12897.748481454932,13759.255577330718,NA,NA,35.97497634138879,1.1,NA,NA,NA,NA,NA,61.3832,NA,72.31381941763392,NA,NA,NA,NA,NA,NA,NA,NA,NA,NA,NA,NA,NA,NA,93.1,NA,NA,NA,NA,NA,NA,NA,NA,0.8718923279288969,103.2913,NA,NA,NA,NA,NA,NA,NA,NA,NA,NA,NA,NA,NA,NA,19.2,-2.6333333333333333,-13.633333333333333,5.566666666666666,11.433333333333334,8.333333333333332,NA,NA,NA,NA,NA,NA,NA,NA,NA,NA,NA,NA,NA,NA,NA,NA,NA,NA,NA,NA,NA,NA,NA,NA,NA,NA,NA,NA,NA,NA,NA,48.7,7.466666666666667,30,0,7.8,NA,NA,NA,-6.733333333333333,105.39999999999999,NA,17.281,101.34403737386067,3.9204767333333335,NA,0.6351895,NA,6.7,591.64,0
1988-07-01,53954.71612456169,29593.36274892915,12347.75221932956,13470.996427101938,13302.864338281153,14272.075574931005,NA,NA,36.70669517383277,4.6000000000000005,NA,NA,NA,NA,NA,72.356,NA,71.24584149630267,NA,NA,NA,NA,NA,NA,NA,NA,NA,NA,NA,NA,NA,NA,93.6,NA,NA,NA,NA,NA,NA,NA,NA,0.9538672848702426,103.46156666666667,NA,NA,NA,NA,NA,NA,NA,NA,NA,NA,NA,NA,NA,NA,25.2,4.033333333333333,-7.933333333333334,3.1333333333333333,12.966666666666667,13.133333333333333,NA,NA,NA,NA,NA,NA,NA,NA,NA,NA,NA,NA,NA,NA,NA,NA,NA,NA,NA,NA,NA,NA,NA,NA,NA,NA,NA,NA,NA,NA,NA,65.5,3.1666666666666665,20.3,0.06666666666666667,5.166666666666667,NA,NA,NA,-6.166666666666667,109.53333333333333,NA,15.163,80.77576700846355,-8.5721715,NA,0.4465615,NA,3.7333333333333334,253.26,11.09
1988-10-01,54593.1525614753,29875.83978382722,12377.290976654256,13623.889393891439,13702.128798281674,14724.382418109823,NA,NA,36.72339507465133,9.366666666666667,NA,NA,NA,NA,NA,67.8542,NA,72.3502072733011,NA,NA,NA,NA,NA,NA,NA,NA,NA,NA,NA,NA,NA,NA,95.9,NA,NA,NA,NA,NA,NA,NA,NA,0.9069593928426948,102.4702,NA,NA,NA,NA,NA,NA,NA,NA,NA,NA,NA,NA,NA,NA,28.633333333333333,10.433333333333334,-1.3,2.1666666666666665,19.733333333333334,17.2,NA,NA,NA,NA,NA,NA,NA,NA,NA,NA,NA,NA,NA,NA,NA,NA,NA,NA,NA,NA,NA,NA,NA,NA,NA,NA,NA,NA,NA,NA,NA,68.89999999999999,2.7333333333333334,17.866666666666667,0.1,3.7333333333333334,NA,NA,NA,9.866666666666667,114.66666666666667,NA,14.680333333333333,77.5491231282552,5.729024266666666,NA,0.2332498,NA,5.8,1361.35,0
1989-01-01,55042.52540664109,30169.40985241128,12428.193928580515,13795.274652408836,14142.377935623066,15054.034795824498,NA,NA,37.164897157272215,8.233333333333334,NA,NA,NA,NA,NA,69.0073,NA,73.28102855810054,NA,NA,NA,NA,NA,NA,NA,NA,NA,NA,NA,NA,NA,NA,93.4,NA,NA,NA,NA,NA,NA,NA,NA,0.9451513896257107,101.4354,NA,NA,NA,NA,NA,NA,NA,NA,NA,NA,NA,NA,NA,NA,32.13333333333333,9.333333333333334,1.0666666666666667,3.2,18.7,15.3,NA,NA,NA,NA,NA,NA,NA,NA,NA,NA,NA,NA,NA,NA,NA,NA,NA,NA,NA,NA,NA,NA,NA,NA,NA,NA,NA,NA,NA,NA,NA,78,3.2,20.766666666666666,0,2.933333333333333,NA,NA,NA,0.7666666666666667,113.16666666666667,NA,18.418,89.53297170003255,15.829914,NA,0.121293,NA,-0.7333333333333333,1402.71,0
1989-04-01,55304.34578153399,30462.069477625864,12505.501219609405,13917.939353423913,14498.142862625713,15262.537519497657,NA,NA,38.109657165646276,12.2,NA,NA,NA,NA,NA,71.5987,NA,73.99954451030437,NA,NA,NA,NA,NA,NA,NA,NA,7.55,NA,NA,NA,NA,NA,95.2,NA,NA,NA,NA,NA,NA,NA,NA,0.98897310862893,100.68206666666667,NA,NA,NA,NA,NA,NA,NA,NA,NA,NA,NA,NA,NA,NA,32.6,17.3,5.466666666666667,1,20.333333333333332,13.1,NA,NA,NA,NA,NA,NA,NA,NA,NA,NA,NA,NA,NA,NA,NA,NA,NA,NA,NA,NA,NA,NA,NA,NA,NA,NA,NA,NA,NA,NA,NA,81.83333333333333,3.466666666666667,12.4,0,2.966666666666667,NA,NA,NA,-1.1666666666666667,117.56666666666666,NA,20.358999999999998,92.28971862792969,13.8515676,NA,0.0745268,NA,-0.23333333333333334,646.1800000000001,0
1989-07-01,55762.859672998915,30759.520910048217,12596.173669937163,14016.406427780164,14668.679955643709,15535.993824741028,NA,NA,38.51272118078021,13.1,NA,NA,NA,NA,NA,78.2551,NA,74.73088461115866,NA,NA,NA,NA,NA,NA,NA,NA,7.733333333333333,NA,NA,NA,NA,NA,97.2,NA,NA,NA,NA,NA,NA,NA,NA,0.984041045616738,101.83673333333333,NA,NA,NA,NA,NA,NA,NA,NA,NA,NA,NA,NA,NA,NA,35.53333333333333,19.666666666666668,10.966666666666667,1.1333333333333333,20.733333333333334,16.066666666666666,NA,NA,NA,NA,NA,NA,NA,NA,NA,NA,NA,NA,NA,NA,NA,NA,NA,NA,NA,NA,NA,NA,NA,NA,NA,NA,NA,NA,NA,NA,NA,64.2,2.533333333333333,18.566666666666666,0,2.4,NA,NA,NA,3.9666666666666663,118.3,NA,19.253333333333334,93.15874735514323,2.426359466666667,NA,0.0751145,NA,8.5,272.92,3.13
1989-10-01,56487.99980109666,31068.37684362506,12676.339550384571,14182.812029932404,14818.625111747428,15968.71345038595,NA,NA,39.38871462931053,14.933333333333334,NA,NA,NA,NA,NA,79.6683,NA,75.03525673570334,NA,NA,NA,NA,NA,NA,NA,NA,9,NA,NA,NA,NA,NA,99.1,NA,NA,NA,NA,NA,NA,NA,NA,0.9278382980991209,102.08306666666667,NA,NA,NA,NA,NA,NA,NA,NA,NA,NA,NA,NA,NA,NA,32.6,19.53333333333333,11.5,0.5,25.866666666666667,23.566666666666666,NA,NA,NA,NA,NA,NA,NA,NA,NA,NA,NA,NA,NA,NA,NA,NA,NA,NA,NA,NA,NA,NA,NA,NA,NA,NA,NA,NA,NA,NA,NA,55.233333333333334,2.4,31.133333333333333,0,2.3,NA,NA,NA,2.8,120.7,NA,20.333000000000002,91.63563791910808,14.406159666666667,NA,0,NA,7.4,1361.16,0
1990-01-01,57184.13135137251,31382.312092842145,12730.978728831526,14385.726770962856,15155.1177785667,16309.960276766786,NA,NA,40.58274517567999,12.733333333333333,NA,NA,NA,NA,NA,79.7529,NA,77.68272401326807,NA,NA,NA,NA,NA,NA,NA,8.443333333333333,8.983333333333334,NA,NA,NA,NA,NA,98.5,NA,NA,NA,NA,NA,NA,NA,NA,0.865211272041065,103.6001,NA,NA,NA,NA,NA,NA,NA,NA,NA,NA,NA,NA,NA,NA,34.1,18.166666666666668,9,1.2000000000000002,21.233333333333334,15.633333333333333,NA,NA,NA,NA,NA,NA,NA,NA,NA,NA,NA,NA,NA,NA,NA,NA,NA,NA,NA,NA,NA,NA,NA,NA,NA,NA,NA,NA,NA,NA,NA,72.83333333333333,1.4333333333333333,28.066666666666666,0,2.333333333333333,NA,NA,NA,11.333333333333334,118,NA,21.72233333333333,75.51439921061198,13.980792,NA,0.3657109,NA,0.5333333333333333,1406.75,0
1990-04-01,57800.66891314132,31684.45949632811,12773.080234390238,14565.895242466033,15564.416761634277,16483.5809782826,NA,NA,40.88168686134775,12.366666666666667,NA,NA,NA,NA,NA,89.1512,NA,76.9243155859419,NA,NA,NA,NA,NA,NA,NA,8.783333333333333,8.86,NA,NA,NA,NA,NA,100.5,NA,NA,NA,NA,NA,NA,NA,NA,0.8579512559076957,103.30839999999999,NA,NA,NA,NA,NA,NA,NA,NA,NA,NA,NA,NA,NA,NA,30.4,17.566666666666666,6.2,1.3333333333333335,20.866666666666667,9.4,NA,NA,NA,NA,NA,NA,NA,NA,NA,NA,NA,NA,NA,NA,NA,NA,NA,NA,NA,NA,NA,NA,NA,NA,NA,NA,NA,NA,NA,NA,NA,72.23333333333333,2.4,24.066666666666666,0,2.7,NA,NA,NA,14.766666666666667,117.63333333333334,NA,17.896666666666665,82.57735697428386,-6.252945566666667,NA,0.0670466,NA,-0.03333333333333329,629.9399999999999,0.93
1990-07-01,58278.30716163315,31965.8344155684,12834.514831542616,14774.34015463568,15892.792171580448,16671.978434587847,NA,NA,41.05524880143913,10.799999999999999,NA,NA,NA,NA,NA,97.3175,NA,77.61182286582839,NA,NA,NA,NA,NA,NA,NA,8.83,8.793333333333331,NA,NA,NA,NA,NA,101.1,NA,NA,NA,NA,NA,NA,NA,NA,0.814766635417348,104.30006666666667,NA,NA,NA,NA,NA,NA,NA,NA,NA,NA,NA,NA,NA,NA,28.333333333333332,14,3.3333333333333335,1.7333333333333334,20.166666666666668,9.733333333333333,NA,NA,NA,NA,NA,NA,NA,NA,NA,NA,NA,NA,NA,NA,NA,NA,NA,NA,NA,NA,NA,NA,NA,NA,NA,NA,NA,NA,NA,NA,NA,59.13333333333333,5.3,24.7,0,3.5,NA,NA,NA,12.299999999999999,116.06666666666666,NA,26.499666666666666,174.96634928385416,-19.949541,NA,0,NA,4.333333333333334,324.24,2.7199999999999998
1990-10-01,58676.79732631544,32224.783677076313,12923.381856974465,15049.6976352497,15959.871588807851,16890.373443186814,NA,NA,41.55774576773733,6.633333333333334,NA,NA,NA,NA,NA,98.3367,NA,78.0681443811169,NA,NA,NA,NA,NA,NA,NA,8.8533333333333335,9.219999999999999,NA,NA,NA,NA,NA,102.9,NA,NA,NA,NA,NA,NA,NA,NA,0.7670084712300361,103.79013333333333,NA,NA,NA,NA,NA,NA,NA,NA,NA,NA,NA,NA,NA,NA,22.03333333333333,7.5,-5.3,6.066666666666666,18.46666666666667,16.733333333333334,NA,NA,NA,NA,NA,NA,NA,NA,NA,NA,NA,NA,NA,NA,NA,NA,NA,NA,NA,NA,NA,NA,NA,NA,NA,NA,NA,NA,NA,NA,NA,52.03333333333333,11.033333333333333,24.033333333333335,0,4.033333333333333,NA,NA,NA,10.633333333333333,110.56666666666666,NA,31.852999999999998,151.91951497395834,-8.26537759,NA,0.3710575,NA,6.633333333333333,1386.4099999999999,0
1991-01-01,59083.2394581035,32451.268444751582,13028.372329740592,15415.464655799968,15853.500664384888,17227.771899372074,NA,NA,41.693292700832956,3.1999999999999997,NA,NA,NA,NA,NA,99.9353,NA,81.60745267252821,NA,NA,NA,NA,NA,NA,NA,8.6033333333333335,9.453333333333331,NA,NA,NA,NA,NA,101.9,NA,NA,NA,NA,NA,NA,NA,NA,0.7821,103.6634,NA,NA,NA,NA,NA,NA,NA,NA,NA,NA,NA,NA,NA,NA,22.266666666666666,4.333333333333334,-10.666666666666666,7.8,13.166666666666666,13.733333333333333,NA,NA,NA,NA,NA,NA,NA,NA,NA,NA,NA,NA,NA,NA,NA,NA,NA,NA,NA,NA,NA,NA,NA,NA,NA,NA,NA,NA,NA,NA,NA,52.43333333333334,11,27.7,0,2.6999999999999997,NA,NA,NA,14.333333333333334,106.33333333333333,NA,21.780666666666665,289.07537841796875,9.34393736,NA,0.0738062,NA,8.333333333333334,1631.51,0
1991-04-01,59622.1896025041,32688.223311175832,13139.731940333946,15799.849085072232,16000.906065270643,17602.272591289042,NA,NA,42.001780719013375,0.03333333333333333,NA,NA,NA,NA,NA,105.3285,NA,79.27296860147901,NA,NA,NA,NA,NA,NA,NA,8.446666666666667,9.28,NA,NA,NA,NA,NA,103.7,NA,NA,NA,NA,NA,NA,NA,NA,0.8868,101.32849999999999,NA,NA,NA,NA,NA,NA,NA,NA,NA,NA,NA,NA,NA,NA,13,-4,-16.8,10,14.200000000000001,8.6,NA,NA,NA,NA,NA,NA,NA,NA,NA,NA,NA,NA,NA,NA,NA,NA,NA,NA,NA,NA,NA,NA,NA,NA,NA,NA,NA,NA,NA,NA,NA,48.13333333333333,12.533333333333333,27.5,0,2.5666666666666664,NA,NA,NA,16,102.93333333333332,NA,20.752666666666666,91.35428873697917,13.714606333333334,NA,0.1596551,NA,10.133333333333333,805,0.02
1991-07-01,60283.44149644073,32983.30279903034,13245.900954351568,16041.975492053445,16317.130489468125,17659.652777666677,NA,NA,41.80400818081147,-4.233333333333333,NA,NA,NA,NA,NA,108.3189,NA,81.64585928931268,NA,NA,NA,NA,NA,NA,NA,8.616666666666667,9.443333333333333,NA,NA,NA,NA,NA,103.1,NA,NA,NA,NA,NA,NA,NA,NA,0.8919,102.04396666666666,NA,NA,NA,NA,NA,NA,NA,NA,NA,NA,NA,NA,NA,NA,9.466666666666667,-9.166666666666666,-18.5,14.566666666666666,11.066666666666666,6.3,NA,NA,NA,NA,NA,NA,NA,NA,NA,NA,NA,NA,NA,NA,NA,NA,NA,NA,NA,NA,NA,NA,NA,NA,NA,NA,NA,NA,NA,NA,NA,44.666666666666664,19.4,26.3,0,1.4,NA,NA,NA,8.366666666666667,97.10000000000001,NA,21.655,115.54063161214192,5.5640312000000005,NA,0.0507975,NA,9.2,178.32999999999998,6.01
1991-10-01,60652.27899873805,33279.628156758874,13341.889377983936,16122.025344878259,16506.939842669497,17575.06264048314,NA,NA,41.54671048206729,-7.066666666666666,NA,NA,NA,NA,NA,111.9793,NA,82.19491529238562,NA,NA,NA,NA,NA,NA,NA,8.52,9.676666666666668,NA,NA,NA,NA,NA,104.7,NA,NA,NA,NA,NA,NA,NA,NA,0.8315666666666667,101.11293333333333,NA,NA,NA,NA,NA,NA,NA,NA,NA,NA,NA,NA,NA,NA,7.233333333333333,-13.166666666666668,-24.2,15.133333333333333,7.1,6.266666666666667,NA,NA,NA,NA,NA,NA,NA,NA,NA,NA,NA,NA,NA,NA,NA,NA,NA,NA,NA,NA,NA,NA,NA,NA,NA,NA,NA,NA,NA,NA,NA,50.166666666666664,11.866666666666667,27.333333333333332,0,2.1,NA,NA,NA,-0.5333333333333333,94.03333333333333,NA,21.736666666666668,101.84789276123047,8.836418533333333,NA,0.101994,NA,8.7,1474.19,0
1992-01-01,60885.01647835948,33523.57906170646,13436.247904140837,16077.258484389484,16543.69159464709,17671.44457865056,NA,NA,41.46981511707105,-8.3,NA,NA,NA,NA,NA,117.6322,NA,82.45954540847508,NA,NA,NA,NA,NA,NA,NA,8.266666666666667,9.723333333333333,NA,NA,NA,NA,NA,103.1,NA,NA,NA,NA,NA,NA,NA,NA,0.8286,102.03833333333333,NA,NA,NA,NA,NA,NA,NA,NA,NA,NA,NA,NA,NA,NA,4.433333333333334,-15.833333333333334,-23.766666666666666,13.733333333333333,4.633333333333333,5.366666666666666,NA,NA,NA,NA,NA,NA,NA,NA,NA,NA,NA,NA,NA,NA,NA,NA,NA,NA,NA,NA,NA,NA,NA,NA,NA,NA,NA,NA,NA,NA,NA,63.96666666666667,8.866666666666667,19.233333333333334,0,3.7666666666666666,NA,NA,NA,6.9,93.33333333333333,NA,18.910333333333334,91.81947326660156,-8.8181798,NA,0.0511771,NA,8.3,1538.98,0
1992-04-01,61176.76201295251,33703.583299466365,13538.906369749751,15967.605950760744,16460.178467185804,17795.25848898132,NA,NA,42.43103877170363,-7.8999999999999995,NA,NA,NA,NA,NA,122.2887,NA,82.03328901411211,NA,NA,NA,NA,NA,NA,NA,8.32,9.69,NA,NA,NA,NA,NA,104.5,NA,NA,NA,NA,NA,NA,NA,NA,0.8257,101.87016666666666,NA,NA,NA,NA,NA,NA,NA,NA,NA,NA,NA,NA,NA,NA,4.266666666666667,-16.3,-27.733333333333334,13.433333333333334,6.1,3.8333333333333335,NA,NA,NA,NA,NA,NA,NA,NA,NA,NA,NA,NA,NA,NA,NA,NA,NA,NA,NA,NA,NA,NA,NA,NA,NA,NA,NA,NA,NA,NA,NA,56.13333333333333,12.299999999999999,21.066666666666666,0.03333333333333333,6.366666666666666,NA,NA,NA,1.2666666666666666,93.96666666666667,NA,21.186,86.22428639729817,-19.533949,NA,0.060831,NA,4.066666666666666,562.0500000000001,0.26
1992-07-01,61225.14267263326,33814.537595362286,13652.949042341186,15873.167643614497,16243.253492098524,17745.772395312557,NA,NA,40.80666230280938,-9.1,NA,NA,NA,NA,NA,116.4785,NA,80.93842144547617,NA,NA,NA,NA,NA,NA,NA,8.3,9.673333333333332,NA,NA,NA,NA,NA,105.3,NA,NA,NA,NA,NA,NA,NA,NA,0.7484000000000001,104.79426666666667,NA,NA,NA,NA,NA,NA,NA,NA,NA,NA,NA,NA,NA,NA,2.9666666666666663,-18.599999999999998,-31,13.866666666666667,5.2,2.2666666666666666,NA,NA,NA,NA,NA,NA,NA,NA,NA,NA,NA,NA,NA,NA,NA,NA,NA,NA,NA,NA,NA,NA,NA,NA,NA,NA,NA,NA,NA,NA,NA,47.3,5.6,24.733333333333334,0.1,10.766666666666666,NA,NA,NA,-6.1,92.7,NA,21.670333333333335,77.1505610148112,-32.171785,NA,0.1397331,NA,4.666666666666667,171.85,33.92
1992-10-01,61039.96836074713,33887.013679379816,13782.864408809139,15763.23985259874,16053.792732750599,17458.37808263008,NA,NA,40.293242683829064,-17.6,NA,NA,NA,NA,NA,118.3286,NA,81.16107449615907,NA,NA,NA,NA,NA,NA,NA,7.67,8.753333333333332,NA,NA,NA,NA,NA,106.7,NA,NA,NA,NA,NA,NA,NA,NA,0.7922666666666667,105.1906,NA,NA,NA,NA,NA,NA,NA,NA,NA,NA,NA,NA,NA,NA,-8.8,-27.566666666666666,-38.56666666666667,19.066666666666666,-6.2,-7.7,NA,NA,NA,NA,NA,NA,NA,NA,NA,NA,NA,NA,NA,NA,NA,NA,NA,NA,NA,NA,NA,NA,NA,NA,NA,NA,NA,NA,NA,NA,NA,58.46666666666667,8.466666666666667,15.6,0.13333333333333333,10,NA,NA,NA,-18.1,82.06666666666666,NA,20.479,80.87091318766277,-20.0335034,NA,0,759.5500183105469,6.1,1398.44,0
1993-01-01,60893.78593741068,33960.30437062267,13923.16096842855,15699.129904822192,15895.456424603215,17035.032692076948,NA,NA,40.62021899490452,-22.633333333333333,3.833333333333333,NA,NA,NA,NA,112.8886,NA,79.93527584934375,NA,NA,NA,NA,NA,NA,NA,7.070766666666667,8.056666666666665,NA,NA,NA,NA,NA,105.9,NA,NA,NA,NA,NA,NA,NA,NA,0.836,105.29576666666667,NA,NA,NA,NA,NA,NA,NA,NA,NA,NA,NA,NA,NA,NA,-13.633333333333333,-31.53333333333333,-40.56666666666666,22.133333333333333,-14.366666666666667,-11.4,NA,NA,NA,NA,NA,NA,NA,NA,NA,NA,NA,NA,NA,NA,NA,NA,NA,NA,NA,NA,NA,NA,NA,NA,NA,NA,NA,NA,NA,NA,NA,65.66666666666667,9.533333333333333,16.666666666666668,0.16666666666666669,8.766666666666666,NA,NA,NA,-19.599999999999998,75.56666666666666,NA,19.825,104.5425287882487,-8.388118633333335,NA,0,793.2199910481771,5.266666666666667,1633.62,0
1993-04-01,61241.220014227125,34055.87696538165,14053.903821307122,15820.868740080936,15871.677343886004,16772.085397752264,NA,NA,40.17689830160064,-22.133333333333333,3.966666666666667,NA,NA,NA,NA,116.6126,NA,80.79861910338069,NA,NA,NA,NA,NA,NA,NA,6.9912,7.223333333333332,NA,NA,NA,NA,NA,106.7,NA,NA,NA,NA,NA,NA,NA,NA,0.8271666666666666,104.4489,NA,NA,NA,NA,NA,NA,NA,NA,NA,NA,NA,NA,NA,NA,-20.46666666666667,-33.666666666666664,-44.7,20.933333333333334,-11.733333333333333,-10.833333333333334,NA,NA,NA,NA,NA,NA,NA,NA,NA,NA,NA,NA,NA,NA,NA,NA,NA,NA,NA,NA,NA,NA,NA,NA,NA,NA,NA,NA,NA,NA,NA,47.6,14.133333333333333,15.366666666666667,0.1,11.1,NA,NA,NA,-19.866666666666667,76.83333333333333,NA,19.76,109.21555582682292,4.7118065,NA,0.1150748,865.9466756184896,11.866666666666667,502.15,0.23
1993-07-01,61865.6104531689,34166.30416248472,14168.172172010549,16031.390594352633,16023.987958280963,16810.347078350595,NA,NA,40.55454297436344,-19.7,4.033333333333333,NA,NA,NA,NA,113.8097,NA,80.51808027196466,NA,NA,NA,NA,NA,NA,NA,6.596433333333334,6.623333333333333,NA,NA,NA,NA,NA,106.4,NA,NA,NA,NA,NA,NA,NA,NA,0.8582,104.66456666666667,NA,NA,NA,NA,NA,NA,NA,NA,NA,NA,NA,NA,NA,NA,-15.4,-31.7,-42.86666666666667,18.333333333333332,-9.066666666666666,-9.266666666666666,NA,NA,NA,NA,NA,NA,NA,NA,NA,NA,NA,NA,NA,NA,NA,NA,NA,NA,NA,NA,NA,NA,NA,NA,NA,NA,NA,NA,NA,NA,NA,44.63333333333333,11.966666666666667,12.266666666666666,0,11.966666666666667,NA,NA,NA,-21.5,80.3,NA,17.796333333333333,103.24041493733723,-5.797193666666667,NA,0.1117381,1020.9900105794271,13.9,316.96999999999997,6.720000000000001
1993-10-01,62300.342760766165,34302.00814260878,14274.591939485936,16225.196818212646,16162.155622050397,17146.46274447066,NA,NA,40.89336223204669,-14.566666666666666,4,NA,NA,NA,NA,116.4649,NA,79.57849743852724,NA,NA,NA,NA,NA,NA,NA,6.1589,6.189999999999999,NA,NA,NA,NA,NA,107.1,NA,NA,NA,NA,NA,NA,NA,NA,0.8602000000000001,104.14686666666667,NA,NA,NA,NA,NA,NA,NA,NA,NA,NA,NA,NA,NA,NA,-10.200000000000001,-26.433333333333334,-38.833333333333336,15.566666666666666,-1.7333333333333334,-9.533333333333333,NA,NA,NA,NA,NA,NA,NA,NA,NA,NA,NA,NA,NA,NA,NA,NA,NA,NA,NA,NA,NA,NA,NA,NA,NA,NA,NA,NA,NA,NA,NA,42.6,11.5,16.833333333333332,0,9.466666666666667,NA,NA,NA,-15,86.63333333333334,NA,16.451333333333334,89.73262786865234,-13.120149866666665,NA,0.0751936,1133.7233479817708,16.633333333333333,1394.0700000000002,0
1994-01-01,62500.653059884724,34459.89819010482,14378.905377916097,16400.310563154206,16400.9673112219,17676.970443546772,NA,NA,41.17496667901304,-7.033333333333333,3.9,NA,NA,NA,NA,115.2935,NA,81.25547979089308,NA,NA,NA,NA,NA,NA,NA,6.107566666666667,5.409999999999999,NA,NA,NA,NA,NA,105.3,NA,NA,NA,NA,NA,NA,NA,NA,0.8813333333333333,103.58203333333333,NA,NA,NA,NA,NA,NA,NA,NA,NA,NA,NA,NA,NA,NA,2.7666666666666666,-14.333333333333332,-27.833333333333332,9.8,3.1,-3.7333333333333334,NA,NA,NA,NA,NA,NA,NA,NA,NA,NA,NA,NA,NA,NA,NA,NA,NA,NA,NA,NA,NA,NA,NA,NA,NA,NA,NA,NA,NA,NA,NA,47.43333333333334,14.033333333333333,17.733333333333334,0,5.5,NA,NA,NA,-9.7,95.9,NA,14.813333333333333,98.06869252522786,-23.180175666666667,NA,0.0579106,1124.3766682942708,18.7,1424.23,0
1994-04-01,62608.289499369035,34601.97527381521,14481.664144908116,16498.17707593878,16668.7869889123,18211.129160500735,NA,NA,41.78272329324079,1,3.833333333333333,NA,NA,NA,NA,112.5801,NA,81.08183498758271,NA,NA,NA,NA,NA,NA,NA,7.0159666666666665,5.146666666666666,NA,NA,NA,NA,NA,106.3,NA,NA,NA,NA,NA,NA,NA,NA,0.8495666666666667,103.94476666666667,NA,NA,NA,NA,NA,NA,NA,NA,NA,NA,NA,NA,NA,NA,15.700000000000001,-2.933333333333333,-14.133333333333333,4.733333333333333,10.700000000000001,2.9,NA,NA,NA,NA,NA,NA,NA,NA,NA,NA,NA,NA,NA,NA,NA,NA,NA,NA,NA,NA,NA,NA,NA,NA,NA,NA,NA,NA,NA,NA,NA,51.166666666666664,11.766666666666667,25.8,0,3.6,NA,NA,NA,-8.633333333333333,105.6,NA,17.776666666666667,106.72533416748047,-7.913713053333333,NA,0.1400266,1059.6233317057292,9.033333333333333,615.95,5.6
1994-07-01,63175.97572427638,34725.60389977569,14584.122007750819,16556.73182917731,17022.38565411139,18795.834739831218,NA,NA,42.02540617501594,4.3,3.8,NA,NA,NA,NA,111.4081,NA,80.90381097731444,NA,NA,NA,NA,NA,NA,NA,7.297233333333333,4.836666666666666,NA,NA,NA,NA,NA,105.8,NA,NA,NA,NA,NA,NA,NA,NA,0.7990333333333334,106.0792,NA,NA,NA,NA,NA,NA,NA,NA,NA,NA,NA,NA,NA,NA,22.066666666666666,1.2666666666666668,-7.833333333333333,2.8,14.4,7.4,NA,NA,NA,NA,NA,NA,NA,NA,NA,NA,NA,NA,NA,NA,NA,NA,NA,NA,NA,NA,NA,NA,NA,NA,NA,NA,NA,NA,NA,NA,NA,54.4,6.366666666666667,28.53333333333333,0,3.033333333333333,NA,NA,NA,-10.2,109.6,NA,18.496666666666666,98.92191569010417,-1.1368023299999999,NA,0,1085.4333089192708,5.966666666666667,163.06,26.08
1994-10-01,64028.917093179545,34839.457239032316,14686.078363677992,16601.849017249566,17683.344499806044,19412.31404231492,NA,NA,43.61050669687896,6.6,3.8,NA,NA,NA,NA,108.9489,NA,81.36976862874363,NA,NA,NA,NA,NA,NA,NA,7.6811,5.076666666666666,NA,NA,NA,NA,NA,106.7,NA,NA,NA,NA,NA,NA,NA,NA,0.7896333333333333,105.2839,NA,NA,NA,NA,NA,NA,NA,NA,NA,NA,NA,NA,NA,NA,21.866666666666667,4.666666666666666,1.6333333333333333,1.8,16.9,6.933333333333334,NA,NA,NA,NA,NA,NA,NA,NA,NA,NA,NA,NA,NA,NA,NA,NA,NA,NA,NA,NA,NA,NA,NA,NA,NA,NA,NA,NA,NA,NA,NA,57.199999999999996,6.866666666666666,22.366666666666667,0,3.2333333333333334,NA,NA,NA,-8.700000000000001,112.2,NA,17.656666666666666,92.4769795735677,23.54652,NA,0.1112718,1028.8966878255208,8.066666666666666,1247.63,0
1995-01-01,64564.3,34947.8,14784.8,16602.9,18165.4,19737.6,0.1,NA,44.08909250398573,4.533333333333333,3.933333333333333,NA,1581416,7946.14,NA,109.8643,NA,80.96625150945042,NA,NA,NA,NA,NA,NA,89.261,7.627366666666666,5.043333333333333,NA,NA,NA,NA,NA,104.6,NA,NA,NA,NA,NA,NA,NA,NA,0.7569666666666667,107.14666666666666,NA,NA,NA,NA,NA,NA,NA,NA,NA,NA,NA,NA,NA,NA,25.266666666666666,4.766666666666667,6.2,3.7666666666666666,12.566666666666666,8.466666666666667,NA,NA,NA,NA,NA,NA,NA,NA,NA,NA,NA,NA,NA,NA,NA,NA,NA,NA,NA,NA,NA,NA,NA,NA,NA,NA,NA,NA,NA,NA,NA,66,9.166666666666666,12.9,0,2.1999999999999997,NA,NA,NA,-11.700000000000001,109.13333333333333,NA,18.356666666666666,79.75815073649089,32.40541433333333,NA,0.0498107,970.41668701171875,12.6,1600.75,0
1995-04-01,65327.9,35102.9,14930.9,16705.4,18133.6,20148.1,1.4,NA,45.083663764480534,-3.1333333333333333,4.1,NA,1586616,7946.99,NA,107.5501,NA,81.20554680046216,NA,NA,NA,NA,NA,NA,88.511,7.184033333333334,4.68,NA,NA,NA,NA,NA,105.1,NA,NA,NA,NA,NA,NA,NA,NA,0.7137666666666667,108.45366666666666,NA,NA,NA,NA,NA,NA,NA,NA,NA,NA,NA,NA,NA,NA,10.033333333333333,-5.766666666666667,-6.733333333333333,8.5,4.9,-2.0666666666666664,NA,NA,NA,NA,NA,NA,NA,NA,NA,NA,NA,NA,NA,NA,NA,NA,NA,NA,NA,NA,NA,NA,NA,NA,NA,NA,NA,NA,NA,NA,NA,58.13333333333333,7.733333333333333,11.2,0,1.9333333333333333,NA,NA,NA,-14.333333333333334,99.86666666666667,NA,19.343333333333334,97.2137222290039,36.910359,NA,0.1226618,1032.9299723307292,19.733333333333334,631.49,0
1995-07-01,65719.6,35323.7,14918.7,16751.2,18428.6,20059.6,0.7,NA,44.19653888016854,-11.533333333333333,4.366666666666667,NA,1595776,7948.71,NA,112.4676,NA,81.18662248234855,NA,NA,NA,NA,NA,NA,88.457,6.997966666666667,4.373333333333333,NA,NA,NA,NA,NA,105.4,NA,NA,NA,NA,NA,NA,NA,NA,0.7321,107.93183333333333,NA,NA,NA,NA,NA,NA,NA,NA,NA,NA,NA,NA,NA,NA,1.5,-18.366666666666667,-22.333333333333332,13.533333333333333,-2.7333333333333334,-9.9,NA,NA,NA,NA,NA,NA,NA,NA,NA,NA,NA,NA,NA,NA,NA,NA,NA,NA,NA,NA,NA,NA,NA,NA,NA,NA,NA,NA,NA,NA,NA,63,15.133333333333333,8.266666666666666,0,1.5666666666666667,NA,NA,NA,-30.366666666666667,89.83333333333333,NA,17.853333333333335,95.2617899576823,29.960752666666668,NA,0,971.70001220703125,12.799999999999999,281.12,6.63
1995-10-01,66181,35760,15001.7,16958.5,18048.7,20220.6,2,NA,43.94993582098459,-15.4,4.566666666666666,NA,1606940,7951.27,NA,104.5597,NA,80.68598539886855,NA,NA,NA,NA,NA,NA,88.753,6.730933333333334,4.176666666666666,NA,NA,NA,NA,7.19,107.9,NA,NA,NA,NA,41.3,69.7,NA,NA,0.7282333333333334,106.82463333333334,-10.233333333333334,-7.466666666666667,-6.233333333333333,-30.7,-15.8,-39.233333333333334,-10,34.06666666666666,8.833333333333334,-11.466666666666667,35.333333333333336,29.1,-81.8,-43.8,-1.7666666666666666,-29.866666666666667,-29.833333333333332,19.166666666666668,3.0000000000000004,-12.766666666666666,NA,NA,NA,NA,NA,NA,NA,NA,NA,NA,NA,NA,NA,NA,NA,NA,NA,NA,NA,NA,NA,NA,NA,NA,NA,NA,NA,NA,NA,NA,NA,41.8,36.766666666666666,5.033333333333333,0,0.9666666666666667,NA,NA,NA,-41.96666666666667,90.66666666666667,NA,18.156666666666666,69.91568501790364,10.3787129,NA,0.1773783,995.5099690755209,17.666666666666664,1371.65,0
1996-01-01,66285.6,36084.9,15043.8,17127,18646.4,20534.8,0.5,NA,43.733333333333334,-19,4.766666666666667,NA,1609317,7954.7,74.56666666666666,109.8908,-38.300000000000004,81.77794394527336,-15.166666666666666,51.473333333333336,NA,48.093333333333334,36.623333333333335,NA,88.925,6.396633333333333,3.476666666666666,NA,NA,NA,NA,6.9399999999999995,104.8,NA,NA,NA,NA,40.6,67.3,NA,NA,0.7502,105.92513333333333,-13.833333333333334,-10.133333333333333,-13.133333333333333,-38.43333333333333,-22.8,-45.5,-14.133333333333333,43.233333333333334,8.733333333333334,-9.266666666666666,30.133333333333333,26.266666666666666,-84.4,-40.6,-2.7333333333333334,-36.5,-34.266666666666666,22.333333333333336,1.7666666666666666,-19,-24.333333333333332,65.6,22.8,3.2,1.3,6.4,NA,13.6,-21.5,85.2,-3.6,0.1,NA,NA,NA,NA,NA,NA,NA,NA,NA,NA,NA,NA,-7.566666666666667,26.9,-27.866666666666667,-10.966666666666667,-16.1,NA,-23.433333333333334,30.26666666666667,33.96666666666667,4.4,0,1.3333333333333333,NA,-49.43333333333333,-27.133333333333336,-38,85.43333333333334,NA,19.77,79.401153564453125,-3.4695438,NA,0.056123,1078.7933349609375,27.1,1849.44,0
1996-04-01,66698.2,36441.9,15002,17347.3,18679.5,20759.7,0,NA,43.86666666666667,-21.333333333333332,4.8,NA,1617210,7957.8,77.06666666666666,110.5489,-41.7,84.94520145915462,-13.566666666666666,51.59,NA,48.17333333333333,37.29666666666667,NA,89.081,6.5056,3.2666666666666666,NA,NA,NA,NA,6.56,108.3,NA,NA,NA,NA,41.7,69.7,NA,NA,0.7772,104.5051,-15.066666666666666,-12.933333333333334,-16.5,-39.6,-22.966666666666665,-38.46666666666667,-12.6,45.666666666666664,13.3,-7.8999999999999995,30.333333333333336,26.7,-81.6,-40.6,-9.266666666666666,-38.33333333333333,-41.13333333333333,25.933333333333334,0.20000000000000004,-13.9,-26.9,57,32.9,4.1,0.4,5.6,NA,20.6,-28.8,83.3,-7.1,-0.9,NA,NA,NA,NA,NA,NA,NA,NA,NA,NA,NA,NA,-9.333333333333334,21.833333333333332,-34.36666666666667,-9.633333333333333,-10.4,NA,-38.93333333333333,17.6,34,2.7,0,1.0999999999999999,NA,-48.666666666666664,-34.8,-28.133333333333333,82.43333333333334,NA,21.756666666666668,73.1493428548177,-9.176812533333333,NA,0,1086.056640625,43.233333333333334,569.4,1.36
1996-07-01,67178.9,36525.5,15106.1,17549.7,18759.3,20851.7,-0.1,NA,44.666666666666664,-14.866666666666667,4.7,NA,1633114,7960.56,82.13333333333334,105.4895,-28.633333333333333,80.9800254789371,-15.866666666666667,51.626666666666665,NA,47.27666666666667,38.18666666666667,NA,88.439,6.430133333333334,3.4199999999999995,NA,NA,NA,NA,6.516666666666667,110.6,NA,NA,NA,NA,42.4,71.4,NA,NA,0.7654000000000001,105.87496666666667,-14.6,-15.233333333333333,-12.9,-40.333333333333336,-17.766666666666666,-34.16666666666667,-11.133333333333333,46.36666666666667,11.933333333333334,-12.566666666666666,27.566666666666666,26.833333333333332,-82.3,-42.3,-0.06666666666666665,-29.96666666666667,-35.733333333333334,22.5,7.833333333333333,-11.033333333333333,-20.9,68.6,23,2.9,0.5,4.9,NA,15.5,-13.1,83.3,-1,-0.9,NA,NA,NA,NA,NA,NA,NA,NA,NA,NA,NA,NA,-8.966666666666667,31.4,-32.36666666666667,-7.2,-10.566666666666666,NA,-5.666666666666666,37.166666666666664,28.233333333333334,0.2,0.03333333333333333,0.7,NA,-37.266666666666666,-20.033333333333335,-18.2,87.36666666666666,NA,22.423333333333332,83.50964609781902,-33.893017666666665,NA,0.0722178,1053.72998046875,35.2,384.56,0.01
1996-10-01,67078.7,36446.8,15078.4,17337,19668.6,21114.1,0.4,NA,45,-12.3,4.6,NA,1639216,7963,86.66666666666666,103.0202,-28,81.52918179312147,-14.966666666666667,51.833333333333336,NA,47.343333333333334,39.23,NA,89.135,5.9535,3.3299999999999996,NA,NA,NA,NA,6.446666666666666,111.8,NA,NA,NA,NA,43,72.1,NA,NA,0.7823666666666667,104.2993,-14.8,-17.733333333333334,-11.266666666666666,-39.96666666666667,-16.966666666666665,-28.666666666666668,-6.433333333333334,46.56666666666667,15.466666666666667,-13.266666666666666,28.366666666666667,25.666666666666668,-83.4,-47.8,8.833333333333334,-28.8,-33.266666666666666,13.1,5,-9.4,-19.666666666666668,72.9,20.1,1,1.2,5.6,NA,16.4,-3,84.4,0.8,6.1,5.366666666666666,24.666666666666668,36.2,NA,NA,NA,NA,NA,NA,NA,NA,NA,-10.8,29.733333333333334,-30.566666666666666,-4.333333333333333,-5.633333333333333,NA,-4.933333333333334,52.7,19.2,2.9333333333333336,0.06666666666666667,0.8333333333333334,NA,-34.6,-21.433333333333334,-10.233333333333333,97.03333333333333,22.033333333333335,24.666666666666668,62.63802591959635,-12.063553233333334,NA,0.0575175,1144.3666585286458,25.1,1389.5,0
1997-01-01,67996.1,36384.9,15378.9,17287.4,20010.3,21748.4,0.6,NA,46.2,-8.966666666666667,4.666666666666667,NA,1659575,7965.11,91.53333333333333,107.083,-25.933333333333334,82.39214574576835,-15.066666666666666,52.126666666666665,NA,48.02333333333333,39.22666666666667,NA,88.279,5.7097999999999995,3.323333333333333,NA,NA,NA,NA,6.276666666666666,111.7,NA,NA,NA,NA,42.8,72.2,NA,NA,0.8476333333333333,102.6454,-17.233333333333334,-20.6,-11.933333333333334,-46.6,-18.033333333333335,-16.3,7.166666666666667,40.06666666666667,10.666666666666666,-18.5,22.466666666666665,21.633333333333333,-83.3,-42.3,11.4,-27.566666666666666,-31.2,10.333333333333332,10.966666666666667,-4.666666666666667,-15.333333333333334,74.1,16,1.5,1.1,6.6,NA,14.3,2.4,84.1,2.4,7.1,7.833333333333333,20.866666666666667,26,1.9,NA,NA,NA,NA,NA,NA,NA,NA,-10.266666666666667,28.3,-30.133333333333333,-6.666666666666667,-3.933333333333333,NA,-6.033333333333333,39.53333333333333,31,4.033333333333333,0.16666666666666666,0.6,NA,-37.83333333333333,-14.033333333333333,-6.8,96.7,18.233333333333334,22.79,54.367478688557945,-4.241565966666666,NA,0.1316569,1211.1466471354167,23.466666666666665,1528.16,0
1997-04-01,67809.7,36464.6,15396.1,17325.6,20754.3,21859.8,-0.1,NA,46.5,-4.4,4.7,NA,1642983,7967.13,90.06666666666666,104.7304,-27.5,82.39908602078964,-18.666666666666668,52.19,NA,48.5,38.89666666666667,NA,88.683,5.822166666666667,3.4166666666666665,NA,NA,NA,NA,6.126666666666667,116,NA,NA,NA,NA,43.8,75.6,NA,NA,0.8764333333333334,101.78493333333333,-15.366666666666665,-20.733333333333334,-9.3,-41.266666666666666,-15.566666666666666,-12.6,11.266666666666667,37.63333333333333,18.133333333333333,-16,25.266666666666666,23.566666666666666,-81,-45,19.766666666666666,-13.366666666666667,-20.733333333333334,11.700000000000001,11.9,-4.033333333333333,-11.9,74.9,15.8,3.4,1.5,4.7,NA,14.1,6.8,84.9,8.8,10.1,5.566666666666666,24.666666666666668,21.333333333333332,2.7666666666666666,NA,NA,NA,NA,NA,NA,NA,NA,-16.366666666666667,30.4,-36.800000000000004,-9.233333333333333,-8.666666666666666,NA,-6.933333333333333,67.1,20.1,1.4,0.16666666666666666,3.1666666666666665,NA,-35.13333333333333,-19.866666666666667,-17.433333333333334,97.9,17.166666666666668,19.906666666666666,51.822041829427086,-14.578750533333332,NA,0.0641272,1356.7366536458333,6.533333333333334,650.66,1.69
1997-07-01,68413.9,36516.9,15471,17446.5,21474.7,22845.1,0.5,NA,47.8,-0.3666666666666667,4.8,NA,1640860,7969.05,93.16666666666667,109.4069,-32.46666666666667,82.2816279787627,-18.266666666666666,52.20666666666666,NA,48.24,38.82666666666667,NA,88.746,5.648366666666667,3.4433333333333334,NA,NA,NA,NA,6,118.7,NA,NA,NA,NA,44.3,77.8,NA,NA,0.9238,100.19157333333334,-13.333333333333334,-15.6,-8.266666666666666,-35.63333333333333,-11.866666666666667,-6.9,14.533333333333333,40.2,17.266666666666666,-17.866666666666667,24.3,23.666666666666668,-80,-39.4,26.633333333333333,-5.366666666666666,-11.4,6.2,10.5,-1.9,-7.8999999999999995,78.8,11.4,0.5,2.8,5.9,NA,6.9,13,86,11.1,14.1,4.6,30.633333333333333,21,6.666666666666666,NA,NA,NA,NA,NA,NA,NA,NA,-17.666666666666668,30,-31.6,-7.133333333333334,-8.133333333333333,NA,-2.833333333333333,62.06666666666667,24.266666666666666,-1.2333333333333334,0.13333333333333333,0.8333333333333334,NA,-39.733333333333334,-25.2,-18.833333333333332,100.83333333333333,18.733333333333334,19.78333333333333,46.32327016194662,-14.551534333333333,NA,0,1355.5633544921875,14.433333333333334,228.2,0.19
1997-10-01,69010.8,36690.7,15471,17768.9,22199.9,23024,1.4,NA,48.86666666666667,0.7666666666666667,4.866666666666667,NA,1638022,7970.87,102.06666666666666,105.0843,-29.366666666666667,82.99690889762327,-13,52.38333333333333,NA,48.57333333333333,38.980000000000004,NA,88.606,5.551033333333334,3.8066666666666666,NA,NA,NA,NA,5.946666666666666,119.5,NA,NA,NA,NA,44.3,78.6,NA,NA,0.8977333333333334,101.273,-11,-14.566666666666666,-6.266666666666667,-26.7,-7.266666666666667,-9.633333333333333,15,38.333333333333336,15.333333333333334,-16,27.53333333333333,23.6,-77.2,-43.2,24.3,-6.333333333333333,-9.633333333333333,6.966666666666667,15.533333333333333,-0.7333333333333334,-1.6666666666666667,75.2,8.9,4.3,2.1,10.1,NA,1.5,17.4,86.8,11.8,16.1,12.166666666666666,30.3,28,16.666666666666668,NA,NA,NA,NA,NA,NA,NA,NA,-8.733333333333334,29.566666666666666,-26.566666666666666,-0.6333333333333333,-5.833333333333333,NA,-0.7333333333333333,68.1,19.96666666666667,3.7333333333333334,0.13333333333333333,1.0333333333333334,NA,-35.93333333333333,-22.866666666666667,-20.5,104.1,23.5,19.916666666666668,51.145982106526695,-18.129018000000002,NA,0,1291.78662109375,5.9,1352.06,0
1998-01-01,69955.3,37347.1,15856.9,17756.5,22291.9,23618.9,1,NA,50.3,1.9333333333333333,4.933333333333334,NA,1637907,7972.6,100,103.1422,-29.766666666666666,84.52202649674555,-9.533333333333333,52.67666666666667,NA,49.45666666666667,38.31666666666667,NA,88.516,5.0767,3.64,NA,NA,NA,NA,6.07,117.1,NA,NA,NA,NA,43.5,77,NA,NA,0.9295333333333333,100.9051,-8.266666666666667,-13.866666666666667,-2.8666666666666667,-22.133333333333333,-0.9666666666666667,-11.966666666666667,10.133333333333333,33.36666666666667,13.533333333333333,-15.566666666666666,26.666666666666668,22.266666666666666,-81.6,-45.2,23.933333333333334,-2.8333333333333335,-7.866666666666667,5.633333333333334,14.4,-3.733333333333333,-2.3333333333333335,75.9,8.1,4.6,3.2,7.6,NA,-0.1,15.3,87.1,12.4,12.1,25.333333333333332,31.133333333333333,30.866666666666667,14.1,NA,NA,NA,NA,NA,NA,NA,NA,-1.9333333333333331,25.566666666666666,-24.833333333333332,-1.0333333333333332,-6,NA,-2.466666666666667,66.83333333333333,18,4.7,0,0.7333333333333334,NA,-34.233333333333334,-25.233333333333334,-20.4,107.43333333333334,29.133333333333333,15.93,62.6473274230957,-35.20748433333333,NA,0.0654707,1483.510009765625,11.666666666666666,1478.0500000000002,0
1998-04-01,70526.2,37288.7,15829.7,18014.3,22993.7,23636,-0.1,NA,51,3.6666666666666665,4.833333333333333,NA,1632774,7974.97,102.4,98.8659,-33.06666666666667,84.759776369697,-8.733333333333334,52.71,NA,49.75666666666667,37.666666666666664,NA,88.47,4.9639,3.6566666666666667,NA,NA,NA,NA,5.953333333333333,118.8,NA,NA,NA,NA,43.7,78.6,NA,NA,0.9166666666666666,101.00283333333333,-6.9,-9.833333333333334,-1.6666666666666665,-17.033333333333335,-1.6666666666666667,-13.933333333333334,5.966666666666667,34.333333333333336,14.966666666666667,-14.4,32.63333333333333,25.133333333333333,-83.5,-47.7,31.9,-0.7333333333333334,-5.7,5.933333333333334,17.53333333333333,-6.8,0.09999999999999999,73,10.3,4.7,2.4,10,NA,2.1,18.4,87.4,12.8,10.1,15.9,35.6,27.96666666666667,15.433333333333334,NA,NA,NA,NA,NA,NA,NA,NA,-3.1333333333333333,27.8,-28.133333333333333,4.766666666666667,-3.9000000000000004,NA,-14.2,63.3,28.4,1.2666666666666666,-0.03333333333333333,1.5,NA,-41.03333333333333,-25.133333333333333,-16.466666666666665,107.7,26.5,14.653333333333332,73.92638142903645,-45.95450366666667,NA,0.2092634,1513.239990234375,3.4,546.5500000000001,3.1
1998-07-01,70759.2,37757.4,15804,18014.9,22906.1,23665.9,0.1,NA,51.8,-3.033333333333333,4.666666666666667,NA,1649420,7977.97,102.96666666666667,101.9975,-30.966666666666665,84.70707541953536,-6.266666666666667,52.57333333333333,NA,49.03,37.31333333333333,NA,88.973,4.5864666666666665,3.583333333333333,NA,NA,NA,NA,5.91,119.3,NA,NA,NA,NA,43.6,79.2,NA,NA,0.9013666666666666,101.55203333333333,-7.466666666666667,-10.6,-1.2,-16.8,-3.9666666666666663,-14.8,4.866666666666667,32.1,14.100000000000001,-14.066666666666666,30.4,25.1,-85.5,-40.4,16.7,-8.866666666666667,-14.5,9.733333333333333,9.6,-10.966666666666667,-0.8666666666666667,77.8,7.9,5.5,3.6,4.6,NA,0,7.2,87.8,8.1,7.1,26.46666666666667,31.466666666666665,32.8,18.7,NA,NA,NA,NA,NA,NA,NA,NA,3.033333333333333,26.8,-29.8,4.9,-7.233333333333333,NA,-10.733333333333333,61.1,28.566666666666666,-1.2333333333333332,0,5.566666666666667,NA,-40.233333333333334,-21.733333333333334,-27.966666666666665,105.9,30.233333333333334,14.129999999999999,71.19423929850261,-59.02770566666667,NA,0,1134.6566569010417,9.5,274.04,13.100000000000001
1998-10-01,71383.1,37803.4,15870,18230.7,22879.7,23573.5,1.2,NA,51.733333333333334,-11.6,4.4,NA,1649165,7981.62,103.73333333333333,97.9225,-26.96666666666667,84.54936754405163,-11,52.67666666666666,NA,49.00666666666667,37.083333333333336,NA,88.735,4.226933333333333,3.523333333333333,NA,NA,NA,NA,5.666666666666667,120.7,NA,NA,NA,NA,43.7,80.4,NA,NA,0.8499666666666666,102.91303333333333,-6.3,-9.166666666666666,-0.46666666666666656,-13.3,-1.5666666666666667,-16.96666666666667,11.4,28.866666666666667,16.066666666666666,-13.966666666666667,29.433333333333334,25.033333333333335,-81.1,-40.7,2.6,-23.633333333333333,-25.633333333333333,14.8,3.5666666666666664,-18.366666666666667,-7.666666666666667,76,12.2,5.5,1.6,5.4,NA,7.5,-2.3,86.9,5.8,2.1,18.033333333333335,22.833333333333336,29.900000000000002,18,NA,NA,NA,NA,NA,NA,NA,NA,-6.933333333333334,29.3,-26.8,3.2,-2.2666666666666666,NA,-9.833333333333334,40.53333333333333,24.2,0.7333333333333334,0,5.566666666666666,NA,-37.03333333333333,-16.9,-31.6,100.23333333333333,23.6,12.84,66.10982259114583,-48.533363333333334,NA,0,1108.9366861979167,28.46666666666667,1475.51,0
1999-01-01,71881.3,37991.2,15638.8,17901.1,23095.6,23760.2,1.7,46751.82225459706,51.9,-12.166666666666668,4.233333333333333,68.6656,1657458,7985.9,104.8,98.1887,-26.46666666666667,84.42747073534441,-11.666666666666666,52.79666666666667,NA,49.42,36.72,NA,89.267,3.997133333333333,3.0907318999999998,NA,NA,NA,NA,5.29,119.1,NA,NA,NA,NA,43.4,79.2,NA,NA,0.8908650354333334,102.2521,-6.6,-8.733333333333334,1.2666666666666666,-15.266666666666667,-4.8,-25.2,1.4666666666666666,30.5,16.733333333333334,-14.066666666666666,32.36666666666667,26.033333333333335,-80.8,-41.4,3.3333333333333335,-27.53333333333333,-30.4,14.2,5.166666666666667,-17.166666666666668,-7.333333333333334,74.5,16.5,2.9,1.8,3.6,NA,10.6,-4.7,85.6,5.4,3.1,18.9,20.5,30.366666666666667,22.7,NA,NA,NA,NA,NA,NA,NA,NA,-6.766666666666667,27.766666666666666,-33.36666666666667,-0.6000000000000002,-5.966666666666667,NA,-9.566666666666666,50.06666666666667,11.433333333333334,3.666666666666667,0,2.8333333333333335,NA,-34.43333333333334,-18.5,-30.566666666666666,100.26666666666667,23.266666666666666,13.046666666666667,68.56696192423503,-55.41644766666666,0.24078090716189085,0,1220.3500162760417,32.6,1601.89,0
1999-04-01,72640.4,38255.4,15868.3,18038.8,23644.7,24056.4,1.2,47590.3649039559,53.6,-15.066666666666666,4.2,68.58568,1671373,7990.18,100.73333333333333,98.0992,-20.6,86.89138435262394,-10.833333333333334,52.833333333333336,NA,49.10666666666667,37.13,NA,89.027,4.2609,2.634029566666667,NA,NA,NA,NA,4.93,119.8,NA,NA,NA,NA,43.7,79.6,NA,NA,0.9462974242666666,100.92376666666667,-4.266666666666667,-4.9,2.7666666666666666,-10.566666666666666,-2.8,-24.333333333333332,0.2,24.6,23.433333333333334,-12.266666666666667,32.733333333333334,25.933333333333334,-81.2,-35.2,2.3333333333333335,-30.433333333333334,-37.333333333333336,16.3,1.5666666666666664,-13.233333333333334,-12.9,75.2,17.3,2.8,1.5,3.4,NA,18.2,-8.9,84.7,0.8,2.1,11.933333333333334,21.733333333333334,20,14.666666666666666,NA,NA,NA,NA,NA,NA,NA,NA,-5.666666666666667,29.333333333333332,-30.73333333333333,2.466666666666667,-2.3333333333333335,NA,-0.4666666666666666,38.96666666666667,18.866666666666667,4.866666666666667,0.16666666666666666,1.7666666666666666,NA,-28.3,-12.9,-25,98.03333333333333,17.866666666666667,17.66,90.34989674886067,-42.23148833333333,0.08871274246774369,0.124805,1196.0199788411458,34.43333333333333,549.03,0.22999999999999998
1999-07-01,73861,38538.3,15973.7,18625.6,24466.7,24907.4,1.1,47413.57619561228,54.3,-2.966666666666667,4.033333333333333,68.56554,1668434,7994.46,106.06666666666666,97.5141,-15.866666666666667,90.05058563036938,-3.3333333333333335,52.81333333333333,NA,47.99,38.18,NA,88.167,5.081266666666667,2.6993939333333334,NA,NA,NA,NA,4.843333333333333,123,NA,NA,NA,NA,44.6,82,NA,NA,0.9535907950333333,100.08233333333334,-1.5999999999999999,-2.4333333333333336,2.8,1.3333333333333333,5.433333333333334,-23.9,3.6666666666666665,13.866666666666667,27.466666666666665,-12.2,36.733333333333334,28.166666666666668,-81.9,-41.3,17.233333333333334,-17.633333333333333,-27.4,8.566666666666666,17.333333333333332,-3.7333333333333334,-3.8666666666666667,76.6,11.9,4.5,1.6,5.3,NA,16.3,3.3,84.1,4.1,6.1,17.46666666666667,31.900000000000002,20.46666666666667,15.066666666666666,NA,NA,NA,NA,NA,NA,NA,NA,0.4,25.133333333333333,-24.033333333333335,14.633333333333333,3.2,NA,-1.2666666666666668,36.766666666666666,22.833333333333336,16.666666666666668,0.06666666666666667,4.8,NA,-22.6,-9.033333333333333,-1.6000000000000003,106.86666666666666,23.233333333333334,21.736666666666668,64.86100896199544,-36.243425333333334,0.11689797413019035,0,1149.9066975911458,21.433333333333334,165.37,4.74
1999-10-01,74465.9,39102.3,17846.9,18348.9,25503.2,25443.9,0.4,47447.11019520084,57.333333333333336,-0.7000000000000001,4.1,68.35089,1678886,7998.74,103.36666666666667,95.833,-17.766666666666666,91.60499407402595,-4.833333333333333,53.28,56.78,48.86333333333333,39.39,48.62,88.55,5.3843,3.429798,NA,NA,NA,NA,5.173333333333333,125.9,NA,NA,NA,NA,45.5,84.1,NA,NA,0.9634983377666666,100.07350666666666,-1.3333333333333333,-3.3,2.6333333333333333,2.1,7.966666666666667,-19.433333333333334,12.733333333333334,8.433333333333334,22.166666666666668,-12.7,34.8,27.7,-82.7,-37.5,28.9,-10,-20.4,5.6,13.533333333333333,-6.933333333333334,-3.6666666666666665,77.7,8.8,4.3,2.1,7.8,NA,10.4,14,86.3,6.9,9.1,19.1,29.466666666666665,17.53333333333333,13.7,NA,NA,NA,NA,NA,NA,NA,NA,4.366666666666667,28.233333333333334,-25.233333333333334,9.4,-0.49999999999999994,NA,-3.166666666666667,51.53333333333333,8.9,15.866666666666665,0,2.2333333333333334,NA,-24.53333333333333,-11.033333333333333,-12.666666666666668,107.26666666666667,22,24.563333333333333,72.13409678141277,-12.582605333333333,0.10487150721570787,0.1850595,1153.3999837239583,20.366666666666667,1414.68,0
2000-01-01,74324.1,39444,15790.2,18843.2,26360.9,25900.2,0.1,48547.948999852786,56.6,6.666666666666666,4.233333333333333,68.46355,1681359,8003.01,110.33333333333333,98.225,-18.866666666666667,88.26666666666667,2.8666666666666667,53.72666666666667,56.63333333333333,49.81666666666666,40.373333333333335,48.693333333333335,89.73,5.703533333333334,3.5423161000000003,NA,NA,5.463333333333333,NA,5.463333333333333,129.3,NA,NA,NA,9.31606898769708,45.2,84.2,70.9,NA,1.0128999099666667,99.15180000000001,-6.566666666666666,-3.933333333333333,-1.9333333333333333,0.6666666666666666,-8.1,-9.7,26.766666666666666,11.233333333333334,20.766666666666666,-12.266666666666667,37.199999999999996,27.333333333333336,-81.4,-41.2,29.866666666666667,-1.0999999999999999,-10.533333333333333,3.433333333333333,24.466666666666665,0.8333333333333334,-1.3333333333333333,75.5,7.9,7,2.3,6.7,NA,4.9,17,87.4,13.4,14.1,22.3,21.566666666666666,21.666666666666668,26.433333333333334,NA,NA,NA,NA,NA,NA,NA,NA,7.300000000000001,10.966666666666667,-20.333333333333332,12.266666666666666,-3.6,NA,2.8333333333333335,47.1,14.299999999999999,4.3,-0.06666666666666667,4.166666666666666,NA,-26.5,-11.3,-8.1,109.83333333333333,21.866666666666667,28.80666666666667,59.36717224121094,-4.591022966666666,0.3754567061447338,0,1119.056640625,30.833333333333332,1603.8600000000001,0
2000-04-01,75404.1,39605.4,15929.5,19355.4,27237,26789.6,-0.7,48738.55067044823,58.9,10.033333333333333,3.7,68.51994,1686925,8008.14,115.03333333333333,95.9308,-16.366666666666667,90,-3.5,53.83,56.730000000000004,49.77333333333333,41.123333333333335,48.723333333333336,88.905,5.555033333333333,4.263016866666667,NA,NA,5.77,NA,5.77,130.9,NA,NA,NA,9.117819151389872,45.5,85.4,71.5,NA,1.0707995252666667,98.53304666666666,-5.633333333333334,-4.9,-6.2,-1.4666666666666666,1.3666666666666667,3.066666666666667,32.03333333333333,4.066666666666666,15.3,-12.933333333333334,34.2,26.266666666666666,-76.5,-40.7,35.233333333333334,7.466666666666667,-5.366666666666667,0.9333333333333332,23.533333333333335,10.166666666666668,5.066666666666666,74.9,5.6,7,5.6,7.9,NA,0.2,28.7,87.9,13.7,17.1,22.533333333333335,35.666666666666664,28,29.433333333333334,NA,NA,NA,NA,NA,NA,NA,NA,2.9000000000000004,24.5,-19.8,11.133333333333333,-1.4,NA,1.1666666666666667,59.53333333333333,14.333333333333334,2.0666666666666664,0.06666666666666667,4.133333333333333,NA,-25.099999999999998,-7.566666666666666,-9.633333333333333,112.93333333333334,28.733333333333334,28.78333333333333,64.29447937011719,5.654792166666667,0.34271016264839543,0.2700149,1134.3499755859375,16.566666666666666,437.3,7.26
2000-07-01,76389,39631.2,16099.8,19229.7,27893.8,27357.1,0.4,48531.36,60.06666666666667,9.566666666666666,3.833333333333333,68.42101,1691163,8014.13,111.16666666666667,93.6677,-17.8,89.76666666666667,-2.333333333333333,53.9,56.623333333333335,49.32333333333333,42.946666666666665,49.013333333333335,87.981,5.568766666666667,4.737600433333333,NA,NA,6.04,NA,6.04,132.9,NA,NA,NA,9.413398450174792,46.1,86.9,72,NA,1.1065821814,98.12892,-5.8,-7.233333333333333,-6.866666666666667,7.133333333333334,6.5,8.5,27.46666666666667,-0.9666666666666667,16.633333333333333,-15.600000000000001,37.266666666666666,26.566666666666666,-82.3,-41.3,30.3,7.233333333333333,0.6,6.966666666666667,28.5,5.933333333333334,9.2,71,6.1,10.9,3.5,8.1,NA,-6.4,22.5,88.8,13.1,16.1,20.166666666666668,37.5,25.9,23.033333333333335,NA,NA,NA,NA,NA,NA,NA,NA,4.533333333333333,23.166666666666668,-23.6,11.6,-2.9,NA,-1.1000000000000003,71.26666666666667,18.8,2.2333333333333334,0.1,0.7666666666666667,NA,-25.799999999999997,-9.8,-7.9,111.26666666666667,27.866666666666667,31.623333333333335,50.36209233601888,7.4917473,0.2749782673185059,0,1151.57666015625,10.166666666666666,257.57,9.52
2000-10-01,76947.9,40103.2,17586.3,19483.9,29347,28839.6,0.8,48408.75587410104,62.666666666666664,9.266666666666667,3.7666666666666666,68.4961,1707307,8020.97,104.39999999999999,92.7535,-23.133333333333333,89.56666666666666,-5,54.413333333333334,57.04666666666667,49.62,44.54666666666667,49.093333333333334,88.61,5.394266666666667,5.024128366666667,NA,NA,6.1866666666666665,NA,6.1866666666666665,132.9,NA,NA,NA,5.755102634599107,45.2,87.7,66.6,NA,1.1501026639333334,97.80705333333333,-6.966666666666667,-9.1,-6.566666666666666,-4.666666666666667,-1.4333333333333333,19.366666666666667,29.066666666666666,-4.433333333333333,11.066666666666666,-10.9,15.133333333333335,18.96666666666667,-83.4,-38.5,31.833333333333332,10.5,1.0666666666666667,4.566666666666666,21.9,10.3,5.366666666666667,64.8,7.1,16.5,2.8,9.3,NA,-11.6,17.4,89.1,11.8,17.1,24.133333333333333,34.5,23.2,12.066666666666666,NA,NA,NA,NA,NA,NA,NA,NA,1.1333333333333333,26.3,-22.3,10.166666666666668,0.23333333333333334,NA,-0.4333333333333333,59.86666666666667,13.1,11.833333333333332,7.566666666666667,0.7666666666666667,NA,-31.2,-14.966666666666667,-22.233333333333334,110.66666666666667,27.266666666666666,31.98,55.637396494547524,9.162584533333334,0.2649470365848677,0.0845094,1081.0567220052083,7.133333333333334,1180.96,0
2001-01-01,76500.5,40229.7,16246.2,19521.1,29025.7,28963.7,1.3,47593.06550806261,61.9,4.833333333333333,3.6333333333333333,68.31284,1703915,8028.67,106.60000000000001,96.5043,-34.66666666666667,88.63333333333333,-5.233333333333333,54.79,57.54,50.87,42.54,49.81666666666666,89.251,5.0691,4.745054566666666,NA,NA,6.203333333333333,NA,6.203333333333333,132.4,NA,NA,NA,3.707458870719482,45.2,87.2,70.3,2.4,1.0838351025666668,98.98033333333333,-7.7,-11.433333333333334,-6.1000000000000005,1.9333333333333333,-0.7333333333333333,11.666666666666666,28.96666666666667,-0.16666666666666666,15.799999999999999,-12.6,34.9,25.533333333333335,-83.7,-43.4,26.333333333333332,3.3000000000000003,-7.8,6.666666666666667,17.9,5.566666666666666,1.6666666666666667,66.6,7.8,15.5,2.6,6.8,NA,-5.1,13.9,88.2,11.4,14.1,21.7,24.733333333333334,27.266666666666666,22.633333333333333,NA,NA,NA,NA,NA,NA,NA,NA,0.5666666666666669,23.566666666666666,-25.033333333333335,7.233333333333333,-2.8666666666666667,NA,-5.066666666666666,66.13333333333334,17.133333333333333,8.933333333333334,0.43333333333333335,1.2666666666666666,NA,-32.03333333333333,-37.233333333333334,-5.266666666666667,107.13333333333333,24.566666666666666,28.81,54.565406799316406,-2.0558707666666667,0.2013024855468655,0.0680782,1201.4066569010417,5.366666666666666,1507,0
2001-04-01,76504.5,40189.7,16127.7,19278.4,29056.4,28845.2,1.1,47757.261143460346,60.96666666666667,-6.133333333333333,4,68.44992,1683742,8037.2,99.4,91.521,-30.23333333333333,87.2,-5,55.28,57.96,51.46,43.29333333333334,50.24666666666667,89.711,5.259133333333334,4.590751066666667,NA,NA,6.05,NA,6.05,132.9,NA,NA,NA,4.214784799446081,46,86.9,71.1,2.9,1.1444160384,98.09904666666667,-7.033333333333333,-10.166666666666666,-2.333333333333333,-2.8666666666666667,-1.5333333333333334,15.166666666666666,31.333333333333332,2.8333333333333335,18.633333333333333,-14.266666666666667,37.03333333333333,26.5,-83.9,-46.8,13.133333333333333,-11.633333333333333,-19.5,12.700000000000001,5.866666666666667,-4.366666666666666,-0.9333333333333333,70.6,12.6,10.9,2.3,3.8,NA,6.9,1.3,86.7,7.7,9.1,15.233333333333333,22.833333333333332,19.833333333333332,11.066666666666666,NA,NA,NA,NA,NA,NA,NA,NA,0.5666666666666668,24.266666666666666,-23.9,8.633333333333333,-4.4,NA,-7.633333333333333,63.266666666666666,25.266666666666666,3.6333333333333333,0.13333333333333333,0.8666666666666667,NA,-37.46666666666667,-22.933333333333334,-22.900000000000002,100.7,19.333333333333332,27.883333333333333,61.00331242879232,-8.680806366666667,0.09391357774874992,0,1210.5533447265625,6.3,609.61,0.32999999999999996
2001-07-01,76755.2,40202.5,16180.1,18839.2,29269.9,28169.3,0.3,48246.75767790262,61.43333333333334,-11.666666666666666,4.1,68.33821,1682264,8046.56,91.33333333333333,94.9971,-37.93333333333334,87.73333333333333,-4.533333333333333,55.25666666666667,58.1,51.050000000000004,42.553333333333335,50.776666666666664,89.147,5.156933333333333,4.267836033333333,NA,NA,5.91,NA,5.91,134.2,NA,NA,NA,2.5460625542442106,47,87.2,71,2.9,1.121785947,98.45638666666667,-10.266666666666667,-10.066666666666666,-3.433333333333333,-16.1,-10.933333333333334,17.566666666666666,36.7,23,18.5,-16.7,36.43333333333333,27.2,-63.1,-38.4,0.7000000000000001,-22.833333333333332,-25.666666666666664,12.933333333333334,0.7666666666666663,-8.6,-4.766666666666667,66.9,16,7.3,2.6,7.1,NA,11.4,-11.4,86.1,5.2,12.1,7.7,11.399999999999999,10.066666666666666,2.933333333333333,NA,NA,NA,NA,NA,NA,NA,NA,3.2666666666666666,27.6,-23.333333333333332,10.766666666666667,-8.3,NA,-14.333333333333334,58.166666666666664,32.3,1.0000000000000002,0.1,1.6333333333333333,NA,-49.166666666666664,-26.633333333333333,-30.433333333333334,94.5,9.733333333333334,26.599999999999998,207.94285456339517,-39.890425666666665,0.0499706131198732,0.0801925,1105.9966634114583,10.466666666666667,305.28999999999996,11.87
2001-10-01,76973.5,40615.6,16550.2,18618.2,29294.2,28270.2,-1,48503.067081486246,61.46666666666667,-15.166666666666666,4.3,68.45759,1687025,8056.74,84.66666666666666,90.8049,-39.233333333333334,87.56666666666666,-4.466666666666667,55.49666666666667,58.5,51.54666666666667,41.193333333333335,50.89666666666667,89.834,4.835500000000001,3.4434801,NA,NA,5.576666666666666,NA,5.576666666666666,134.6,NA,NA,NA,4.803214955473534,45.5,89.2,67.2,3.5,1.1164872653666666,98.53339333333334,-9.533333333333333,-8.833333333333334,-2.5666666666666664,-22.233333333333334,-13.200000000000001,10.4,28.6,33.03333333333333,4.733333333333333,-13.566666666666666,39.7,28.066666666666666,-83.4,-44.3,-5.966666666666667,-31,-32.86666666666667,14.066666666666666,-0.4333333333333333,-13.966666666666667,-22.633333333333333,69.6,20.4,5.5,0.7,4.7,NA,22.5,-19.2,84.4,1.8,1.1,10.4,-11.166666666666666,2.3666666666666667,-2.1666666666666665,NA,NA,NA,NA,NA,NA,NA,NA,4.8999999999999995,26.233333333333334,-24.066666666666666,7.9,-6.6,NA,-14.1,48.43333333333334,39.3,2.1,0.06666666666666667,1.9333333333333333,NA,-50.1,-28.366666666666667,-17.033333333333335,90.83333333333333,0.49999999999999994,20.403333333333332,351.80511983235675,-56.48267333333333,0.07628077613208255,0.3074085,1142.2133382161458,10.066666666666666,1397.99,0
2002-01-01,77759.5,40169.8,16435.7,19013.6,30200.7,28880.5,-0.2,48304.61005943844,60.9,-13.833333333333332,4.5,68.70898,1691825,8068.31,88.73333333333333,93.2512,-29.266666666666666,86.76666666666667,-7.233333333333333,55.766666666666666,58.72666666666667,52.57666666666667,40.64,51.36,89.926,5.180433333333333,3.3622242333333334,NA,NA,5.3933333333333335,NA,5.3933333333333335,134.3,NA,NA,NA,6.765775091710746,45.6,88.7,71.4,1.2,1.1407329854666666,97.60911666666667,-7.333333333333333,-11,-0.5333333333333333,-26.833333333333332,0.2666666666666666,16.5,22.733333333333334,20.433333333333334,-5.9,-18.066666666666666,43.46666666666667,24.8,-79.1,-47,-1.5333333333333334,-32.16666666666667,-36.233333333333334,16.266666666666666,6.866666666666667,-8.733333333333334,-16.366666666666667,68.4,23.1,4.2,0.6,2.7,NA,23.6,-17.4,84.6,4.1,6.8,8.1,-5.2,21.633333333333333,2.4333333333333336,NA,NA,NA,NA,NA,NA,NA,NA,0,26.333333333333332,-21.233333333333334,4.6,-9.766666666666666,NA,-8.2,52.5,23.5,5.133333333333334,-0.03333333333333333,2.4,NA,-43.166666666666664,-15.366666666666667,-28.766666666666666,94.39999999999999,8.2,21.61,156.8797607421875,-44.50096533333333,0.04511844876826711,0.1357405,1281.9033610026042,14.8,1464.35,0
2002-04-01,77928.6,40668.5,16385.5,18546.6,30457,28716.6,0.2,48209.730123870686,62.7,-11.799999999999999,4.233333333333333,68.72655,1674856,8076.64,91.03333333333333,90.9862,-33.06666666666667,87.1,-17.53333333333333,56.160000000000004,59.25,51.843333333333334,41.65,51.876666666666665,89.743,5.311133333333333,3.4460137333333334,NA,NA,5.390000000000001,NA,5.390000000000001,135,NA,NA,NA,5.573437085432409,45.8,89.3,70.8,1.5,1.0874121115,98.28933666666667,-7.533333333333333,-14.233333333333334,1.5333333333333332,-27.6,2.4333333333333336,26.5,12.766666666666666,21.366666666666667,-6.6,-19.833333333333332,38.833333333333336,24.133333333333333,-83.5,-45.1,5.266666666666667,-32.43333333333334,-35.233333333333334,16.46666666666667,13.466666666666667,1.5,-7.366666666666667,72.5,18.5,3.8,0.9,4.3,NA,23.5,-5,84.7,4.5,7.2,14.833333333333334,11.866666666666667,12.766666666666667,3.5,NA,NA,NA,NA,NA,NA,NA,NA,-17.866666666666667,28.333333333333332,-23.533333333333335,-6.433333333333334,-9.3,NA,-5.033333333333333,50.2,22.933333333333334,2.466666666666667,0.03333333333333333,5.166666666666667,NA,-43.63333333333333,-22.433333333333334,-8.033333333333333,95.63333333333334,13.133333333333333,26.27,156.7164306640625,-39.756661666666666,0.014539772474472407,0,1228.6266276041667,16.366666666666667,527.42,10.16
2002-07-01,78020.8,40393.9,16167.8,18484.8,30252.5,28229.1,0.2,47562.598386794234,61.766666666666666,-12.700000000000001,4.4,68.64375,1684256,8086.74,87.89999999999999,93.9129,-32.16666666666667,87.63333333333333,-14.633333333333333,56.2,59.38666666666667,51.28333333333333,41.49,52.39333333333333,89.878,4.8018,3.3573506666666666,NA,NA,5.36,NA,5.36,135.2,NA,NA,NA,6.011420193450268,46.1,89.1,70.7,2.2,1.0165822042666668,99.39931,-10.9,-18.766666666666666,-0.8333333333333333,-34.5,-2.5666666666666664,41.3,7.433333333333333,25.166666666666668,-9.1,-21.333333333333332,37.96666666666667,23.366666666666667,-83.5,-49.7,4.833333333333333,-32.93333333333334,-34.06666666666666,15.3,10.166666666666666,-1.1333333333333333,-7.766666666666667,70.4,18.1,4,1.4,6.2,NA,14.1,1.9,85,6.3,8,7.233333333333333,-1.0333333333333334,19.733333333333334,-2.8333333333333335,NA,NA,NA,NA,NA,NA,NA,NA,-11.166666666666666,23.933333333333334,-26.599999999999998,-8.766666666666667,-8.2,NA,-5.366666666666666,46.16666666666667,26.733333333333334,7,0,2.4,NA,-46.36666666666667,-17.96666666666667,-15.9,93.4,8.633333333333333,28.330000000000002,141.58206431070963,-37.94870566666667,0.034130670947959976,0,1095.7566731770833,19.933333333333334,281.46,4.63
2002-10-01,77569.8,40507.8,16622.7,17869.4,30250.6,28505.5,0.3,49192.773086537636,62.06666666666666,-10.933333333333334,4.433333333333334,68.86227,1674687,8096.73,92.36666666666667,91.1541,-36.833333333333336,88,-14.299999999999999,56.42,59.513333333333335,51.846666666666664,41.78666666666667,52.12,90.698,4.561833333333333,3.1088179333333334,NA,NA,5.28,NA,5.28,134.4,NA,NA,NA,4.970395531898841,46.4,88,67.4,3.3,0.9995332300666666,99.59163333333333,-9.033333333333333,-19.633333333333333,0.8,-37.1,2.3666666666666667,42.766666666666666,8,17.9,-7.266666666666667,-19.7,35.86666666666667,23,-83.9,-46.9,10.566666666666666,-27.066666666666666,-29.73333333333333,13.6,7.8,-4.666666666666666,-9.299999999999999,71.9,19.7,2.6,1.9,4.6,NA,18.8,1.1,83.9,6,7.3,5.4,16.233333333333334,20.366666666666667,5.333333333333334,NA,NA,NA,NA,NA,NA,NA,NA,-12.433333333333334,22.366666666666667,-25.333333333333336,-8.166666666666666,-6.566666666666666,NA,-2.9,45.2,19.333333333333332,4.733333333333333,0.03333333333333333,1.4333333333333333,NA,-44.6,-28.96666666666667,-20.733333333333334,95.83333333333333,14,28.18,168.99041239420572,-3.2804179333333336,0.06844890334670284,0.0612933,1132,30.3,1291.04,0
2003-01-01,78016.7,40860.8,16271.1,18985.9,30158,29237.4,1,48902.50530165487,63.266666666666666,-7.9,4.533333333333333,69.0119,1686329,8102.99,89.86666666666666,92.1509,-24.2,87.76666666666667,-22.066666666666666,56.74333333333333,59.64333333333333,52.75333333333333,42.79333333333333,52.54333333333333,91.126,4.088133333333333,2.6830735333333333,NA,NA,4.89,NA,4.89,135.3,NA,NA,NA,3.287479614989497,46.7,88.6,70.1,0.1,0.9315119056,100.26713333333333,-13.366666666666667,-19.5,-4.533333333333333,-41.3,-9.433333333333334,38.56666666666667,19.46666666666667,26.933333333333334,-1.3333333333333335,-20.03333333333333,36.6,23.900000000000002,-84.1,-47.8,14.266666666666666,-21.533333333333335,-25.8,11.033333333333333,8.833333333333334,-3.033333333333333,-6.3,73.5,14.9,2.3,2.7,5.9,NA,14.5,2.1,85.5,6.8,9.8,4.166666666666667,6.266666666666667,11.833333333333334,-0.9666666666666667,NA,NA,NA,NA,NA,NA,NA,NA,-28.533333333333335,22.8,-31.966666666666665,-14.833333333333332,-8.533333333333333,NA,-0.4666666666666668,45.833333333333336,16.766666666666666,6.933333333333333,0,1.4333333333333333,NA,-36.6,-11.766666666666666,-11.333333333333332,94.33333333333333,7.433333333333334,34.12,268.2522379557292,11.441021066666666,0.05311687527813687,0.18555170000000001,1183.5666910807292,30.833333333333332,1717.38,0
2003-04-01,78339.7,41220.4,16420.1,19037.9,29848,29085.8,0.6,48881.589656269476,62.53333333333333,-11.133333333333333,4.8,69.04374,1653263,8110.05,88.46666666666667,91.0898,-23.133333333333333,88.16666666666667,-16.1,56.77333333333333,59.903333333333336,52.56666666666666,41.4,52.693333333333335,91.273,3.9223333333333334,2.3619103,NA,NA,4.42,NA,4.42,135.7,NA,NA,NA,5.968105904139054,46.8,88.9,71.6,1.3,0.8803657411666667,101.14016666666667,-16.3,-19.433333333333334,-6.4,-42.5,-15.366666666666667,33.9,11.633333333333333,36.7,-11.366666666666667,-24.066666666666666,30.266666666666666,24.133333333333333,-84.2,-47.2,8.533333333333333,-28.96666666666667,-33.266666666666666,11,6.5,-6.4,-7.733333333333333,74.5,18.6,2.5,2.2,2.3,NA,17.3,0,85.9,5.1,5.4,2,7.8,12.833333333333334,-0.3666666666666666,2.15,NA,NA,NA,NA,NA,NA,NA,-18.233333333333334,21.7,-25.9,-8.366666666666667,-11,2.4,7.533333333333333,60.06666666666666,9.166666666666666,7.266666666666667,-0.03333333333333333,1.3,3.9000000000000004,-31.1,-15.1,-6.566666666666666,92.56666666666666,7.533333333333333,29.036666666666665,187.88892618815103,33.050565,0.06976980222436621,0.2349072,1292.3866373697917,15.966666666666665,478.28,9.69
2003-07-01,79188.4,41651.3,16889.5,19238.4,30898.2,29894.9,-0.7,49875.29968902824,62.96666666666667,-7,4.8,68.86893,1692293,8123,92.53333333333333,89.9799,-19.733333333333334,86.8,-7.066666666666666,56.836666666666666,60.016666666666666,52.25,41.54,53.22666666666667,90.494,4.173966666666667,2.1392634333333334,NA,NA,4.166666666666667,NA,4.166666666666667,135.4,NA,NA,NA,7.587391255696363,47,88.5,69.3,-1,0.8883700632666667,101.2593,-13.866666666666667,-19.4,-4.266666666666667,-40.266666666666666,-8.833333333333334,35.733333333333334,15.5,31.233333333333334,-9.266666666666667,-23.033333333333335,26.233333333333334,26.400000000000002,-88.2,-23.7,7.733333333333333,-24.533333333333335,-32.06666666666666,9.066666666666666,12.533333333333333,-9.166666666666666,-7.4,70.4,19.6,2.8,3.6,2.9,0.6,16.3,-1.4,85.3,1.3,1.5,11.466666666666667,20.066666666666666,18.066666666666666,4.1,3.066666666666667,60.1,25.2,4.2,3.5,4.1,2,NA,-7.533333333333333,18.833333333333336,-16.633333333333333,5.133333333333333,-9.366666666666667,3.9333333333333336,5.966666666666667,69.3,15.8,3.7333333333333334,0.1,1.5,0.3666666666666667,-29.766666666666666,-9.666666666666666,0.36666666666666686,98.56666666666666,16.5,30.213333333333335,130.4420394897461,40.367861,0.021186874395079058,0.2401825,1374.6300048828125,9.3,201.69,34.31
2003-10-01,79274.9,41661.1,16757.7,19445.8,31333,30185.9,-0.3,50048.87558862189,63.333333333333336,-3,5.033333333333333,68.81342,1708105,8137.08,91.8,92.0972,-17.9,86.76666666666667,-3.6,57.123333333333335,60.23,53.09,41.473333333333336,53.03,91.549,4.379033333333333,2.1496495,NA,NA,4.1499999999999995,NA,4.1499999999999995,137,NA,NA,NA,8.165774181814767,46.9,90.1,66.4,4.7,0.8404051568666667,101.73503333333333,-11.366666666666667,-18.566666666666666,-3.7666666666666666,-34.9,-1.1,38.43333333333334,22.7,27.4,-7.1,-22.166666666666668,27.133333333333333,26.433333333333334,-90.8,-24.9,22.5,-18.8,-23,8.2,18.033333333333335,0.5333333333333333,-4.9,72.8,15.2,4.2,5.3,2.1,0.5,13.1,10.1,86,3.4,4.7,14.066666666666666,25.366666666666667,18.433333333333334,-1.3666666666666665,9.033333333333333,63.2,17.9,5,1.9,5.4,5.7,NA,0.6333333333333334,22.96666666666667,-17.46666666666667,11.566666666666666,-6.666666666666666,3.966666666666667,6.466666666666667,61.6,19.8,3.5,0.1,1.2333333333333334,2.3,-34.6,-1.2000000000000002,11.833333333333332,101.93333333333334,19.3,31.189999999999998,118.62304941813152,103.422607,0.012328321587683749,0.0644662,1585.3133544921875,12.399999999999999,1385.13,0
2004-01-01,79538.7,41980.2,16842.7,18981.6,31938.2,30597.8,-0.4,49749.823510148555,64.93333333333334,-3,6,66.34579,1672909,8147.63,98.76666666666667,84.6138,-25.266666666666666,86.86666666666667,-5.9,57.556666666666665,60.56,53.74333333333333,42.42,53.63,90.844,4.1804,2.0629507666666664,NA,NA,4.096666666666667,NA,4.096666666666667,137.4,NA,NA,NA,9.402714350850694,47,90.4,69.2,-0.1,0.7999041188,102.09443333333333,-11.533333333333333,-20.03333333333333,-5.8,-28.833333333333332,-0.4666666666666666,40.36666666666667,20.7,27.099999999999998,-6.7,-19.9,28.833333333333332,26.566666666666666,-86.7,-27.3,20.2,-14.533333333333333,-19.599999999999998,7.9,13.366666666666667,5.266666666666667,1.8,74.9,15.8,3.6,1.7,2.5,0.5,15.4,15.4,85.6,5.3,-0.1,10.733333333333333,22.666666666666664,25.466666666666665,5.533333333333333,10.333333333333334,63.2,18.9,6,1.6,1.6,8.6,NA,-6.2,20.866666666666667,-20.1,9.3,-2.7333333333333334,2.8666666666666667,-15.1,59.03333333333333,19.633333333333333,4.433333333333334,1.7666666666666668,1.5333333333333334,0.26666666666666666,-41.833333333333336,-8.666666666666666,6.566666666666667,101.5,19.6,35.25666666666667,122.35854593912761,122.54068666666667,0.03174732130580886,0,1858.0166829427083,14.766666666666666,1687.13,0
2004-04-01,80341.7,42127.5,17075.2,19270.5,33076.8,31426.8,-0.7,49749.17732792007,66.56666666666666,1.8999999999999997,5.8,66.40423,1724678,8159.56,100,88.3421,-19.4,88.06666666666666,0.5666666666666668,57.89666666666667,60.75666666666667,53.766666666666666,44.39666666666667,53.81333333333333,90.749,4.3430333333333335,2.082429633333333,NA,NA,3.8666666666666667,NA,3.8666666666666667,138.8,NA,NA,NA,8.270098351818467,48,90.8,72.1,-1.9,0.8297059866000001,101.3302,-12.033333333333333,-19.5,-3,-30.46666666666667,-3.7666666666666666,40.1,17.3,35.6,-9.5,-21.900000000000002,29.233333333333334,26.4,-88.5,-28.7,21.933333333333334,-11.466666666666667,-17.566666666666666,2.5,19.7,12.533333333333333,5.5,69.8,14.7,3.7,10.1,2.2,0.8,11.6,15.3,85.7,4.8,4.5,13.066666666666666,29.766666666666666,21.633333333333333,8,7.3999999999999995,55.2,18.4,8.6,5.8,3.9,10.1,NA,5,18.9,-14.566666666666666,15.6,-6.066666666666666,7.433333333333334,-13.633333333333333,35.13333333333333,15.866666666666667,3.6333333333333333,0.5,0.9666666666666667,3.3666666666666663,-34.233333333333334,-4.5,-2.433333333333333,105.33333333333333,21.5,38.33,135.9854990641276,84.31078099999999,0.030679283164834592,0.0650957,1966.9466959635417,38.03333333333333,615.61,0.09
2004-07-01,81205.9,42188.1,16857.9,19440.9,33687.4,32439.4,0.7,50816.972338462394,67.96666666666667,1.0333333333333332,5.766666666666667,66.54659,1695765,8176.6,101.36666666666666,88.3771,-23.366666666666667,87.43333333333334,-8.866666666666667,58,60.88333333333333,53.233333333333334,45.27333333333333,54.38666666666666,91.062,4.183766666666667,2.1163030333333332,NA,NA,3.8133333333333335,NA,3.8133333333333335,139.1,NA,NA,NA,8.568792148448946,48.3,90.8,72.1,0.2,0.8178773148333334,101.5699,-12.799999999999999,-19.733333333333334,-4.666666666666667,-28.466666666666665,-5.2,38.46666666666667,21.6,30.53333333333333,-6.766666666666667,-21.733333333333334,29.933333333333334,25.8,-88.1,-27.3,25.433333333333334,-10.733333333333334,-16.833333333333332,2.4666666666666663,16.333333333333332,11.4,3.1999999999999997,68.5,11.5,5.5,11.4,2,0.3,0.8,14.3,86.9,9.9,9,15.566666666666666,26.133333333333333,21.066666666666666,9.4,6.766666666666667,55.5,19.9,8.4,4.6,4.4,7.4,NA,-8.133333333333333,20.133333333333333,-20.133333333333333,1.7333333333333332,-2.4666666666666663,7.033333333333333,-5.6,37.46666666666667,26.5,2.9333333333333336,0.3,1.5333333333333334,2.1333333333333333,-35.333333333333336,-11.366666666666667,-13.066666666666666,103.83333333333333,20.933333333333334,43.86,141.75243123372397,95.20156966666667,0.021361195941004524,0.0663614,2049.353312174479,31.03333333333333,239.45,4.65
2004-10-01,81312.6,42538.8,16565.9,19781.7,33428.3,32922.4,1.9,50271.57910143121,68.26666666666667,1.0333333333333334,5.933333333333334,66.71136,1698838,8194.07,101.56666666666666,89.6419,-18.433333333333334,87.33333333333333,-12.666666666666666,58.49,61.31666666666666,53.50666666666667,46.69,54.626666666666665,91.634,3.8163666666666667,2.1636084666666666,NA,NA,3.8266666666666667,NA,3.8266666666666667,135,NA,NA,NA,8.907846043461,47.9,87.1,66,-5.5,0.7719609567,102.25403333333334,-13.4,-18.166666666666668,-6.033333333333333,-26.333333333333332,-6.9,38.7,26.7,27.566666666666666,-6.166666666666667,-22.5,30.8,26.333333333333332,-88.1,-29,20.53333333333333,-7.5,-14.766666666666667,4.166666666666666,14.766666666666667,12.966666666666667,1.8333333333333335,73.1,9.6,4.3,10.3,1.9,0.2,2.8,17.4,86.9,10.1,10.2,13.4,28.566666666666666,24.1,10.2,4.333333333333333,62.9,15.8,5.8,4.8,5.4,3.8,NA,-17.6,22.733333333333334,-18.766666666666666,2.266666666666667,-3.8,1.8666666666666667,-1.7333333333333332,46.33333333333333,20.96666666666667,6.6000000000000005,0.26666666666666666,4.233333333333333,2.9333333333333336,-32.5,-4.433333333333334,-0.9666666666666663,103.73333333333333,22.033333333333335,48.306666666666665,117.48846944173177,118.37863,0.02207512117207644,0.1192748,2404.679931640625,19.566666666666666,1274.29,0
2005-01-01,81749.3,42657.7,17030.8,19168.9,33783.2,31926.2,-0.3,50758.0125501856,67.83333333333333,-3.6666666666666665,5.8,67.06626,1689280,8205.86,97.73333333333333,89.2814,-21.2,88.13333333333333,-8.633333333333333,58.92333333333333,61.60333333333333,54.663333333333334,46.13,55.333333333333336,90.58,3.6045666666666665,2.1403230333333334,NA,NA,3.7133333333333334,NA,3.7133333333333334,136.6,NA,NA,NA,9.504751402589328,47.9,88.6,74.4,0.3,0.7630914823666667,102.29606666666668,-10.333333333333334,-16.133333333333333,-1.6,-25.9,-3.9000000000000004,36.4,24.8,28.4,-6.266666666666667,-19.9,30.133333333333333,26.833333333333332,-87.6,-22.9,15.8,-19.233333333333334,-24.866666666666667,5.9,14.166666666666668,4.5,-2.3666666666666667,72.5,9.4,4.2,10.9,2.2,0.9,7.5,11.5,87.3,6.7,3.7,6.166666666666667,12.700000000000001,15.6,7.9,5.633333333333334,57.3,14.9,10,4.1,4.9,7.5,NA,-11.066666666666666,24.066666666666666,-22.366666666666667,9.166666666666668,-5.8,4.366666666666667,-7.666666666666666,38.36666666666667,17.96666666666667,3.8666666666666667,0.2,1.3333333333333333,1.5999999999999999,-32.666666666666664,-9.700000000000001,1.0333333333333332,99.86666666666667,11.466666666666667,49.70666666666667,100.09201304117839,107.31176666666667,0.020508122830877537,0.0564748,2634.2899576822915,38.233333333333334,1728.1599999999999,0
2005-04-01,82385.9,43134.7,17283.4,19570.2,34823.3,33312.3,0.6,52724.03808067656,69.46666666666667,-5.766666666666667,6.133333333333334,67.2053,1713285,8216.22,95.73333333333333,89.8423,-17.8,88.36666666666666,-9.666666666666666,59.10333333333333,61.63666666666667,54.21666666666667,48.33,55.25666666666667,90.984,3.3796,2.12464,NA,NA,3.5833333333333335,NA,3.5833333333333335,137.2,NA,NA,NA,10.189075350967135,48.5,88.7,76.8,-1.3,0.7945898260333334,101.7106,-11.3,-15.766666666666667,-2.466666666666667,-24.7,-6.866666666666667,38.733333333333334,24.466666666666665,30.4,-4.7,-20.2,28.266666666666666,26.866666666666667,-86,-27.1,10.166666666666666,-21.833333333333332,-27.966666666666665,8.9,13.466666666666667,-0.8666666666666666,-6,72.7,13.5,3.7,8.1,2.6,0.3,16.6,1,85.8,5.2,2.5,5.833333333333333,13.1,17.633333333333333,6.366666666666666,5.233333333333333,58.3,20.3,5.3,3.4,6.6,7.8,NA,-6.533333333333333,22.3,-17.366666666666667,-0.2333333333333334,-7.166666666666667,6.766666666666667,0.19999999999999993,48.800000000000004,15.8,5.833333333333333,0.13333333333333333,1.5333333333333332,1,-30.366666666666667,-5.199999999999999,-10.200000000000001,98.73333333333333,12.2,53.04333333333333,88.78747304280598,82.57338766666666,0.019919402242089324,0,2989.169921875,24.5,553.59,2.28
2005-07-01,82545.1,43494.5,16974.4,19523.5,35909.2,34422.2,1.3,52348.47941005057,70.26666666666667,-5.866666666666666,6.066666666666666,67.59825,1679659,8231.46,97,89.6269,-17.433333333333334,88.4,-9.733333333333333,59.25333333333333,61.61333333333333,53.56666666666667,50.89,55.67,91.882,3.222566666666667,2.1303477666666666,NA,NA,3.4833333333333334,NA,3.4833333333333334,137.7,NA,NA,NA,10.91908578167411,48.9,88.8,75.9,-0.8,0.8200075984333334,100.94933333333333,-14.933333333333334,-17.033333333333335,-6.433333333333334,-32.1,-12.9,40,31.366666666666667,34.56666666666667,-7.766666666666667,-23.333333333333332,31.366666666666667,27.3,-88.1,-32.6,13.133333333333333,-21.666666666666668,-29.733333333333334,8.233333333333334,12.366666666666665,2.666666666666667,-4.333333333333333,75.9,14.4,0.4,6.2,2.2,0.6,16.8,6.8,85,6.1,6.5,6.300000000000001,14.233333333333333,13.566666666666666,5.866666666666667,8.433333333333334,61.2,17.3,3,2.6,8.2,8.1,NA,-7.666666666666666,22.766666666666666,-18.3,1.1333333333333333,-3.9333333333333336,6.166666666666667,3.466666666666667,49.46666666666667,16.333333333333332,2,0.43333333333333335,0.9666666666666667,0.3666666666666667,-26.233333333333334,-8.633333333333333,-4.833333333333333,97.16666666666667,11.366666666666665,63.08,128.64574686686197,41.515695666666666,0.008985597431007889,0.2358212,3347.1399739583335,31.266666666666666,257.13,8.68
2005-10-01,83729.9,43205,17367,19709.9,36808,34975.5,1,52507.761784872826,72.33333333333333,-2.8,6.133333333333333,67.69161,1694282,8247.56,97.2,91.5684,-10.933333333333334,89.33333333333333,-3.966666666666667,59.53333333333333,61.88,54.13666666666667,50.906666666666666,55.49666666666666,91.41,3.3682,2.3434465666666666,NA,NA,3.5233333333333334,NA,3.5233333333333334,139.3,NA,NA,NA,10.372373254386911,52.2,87.1,69.4,4.3,0.8407887534999999,100.50526666666667,-11.833333333333332,-16.3,-2.966666666666667,-26.333333333333332,-6.433333333333334,39.43333333333333,28.166666666666668,31.766666666666666,-1.6999999999999997,-21.733333333333334,33.93333333333333,27.666666666666668,-85.9,-24.8,24.866666666666667,-16.033333333333335,-24.033333333333335,6.8,14.366666666666667,4.233333333333333,-0.8666666666666667,74.9,13.2,1.8,7.8,0.9,1.1,12.6,16.4,85.5,9.9,3,8.566666666666666,25.400000000000002,15.966666666666667,6.3,7.366666666666666,58.3,19.9,4,3,7.7,6.4,NA,1.3666666666666667,23.766666666666666,-20.233333333333334,10.533333333333333,-7.333333333333333,7.6,-1.7,55.766666666666666,14.4,1.2666666666666666,1.2333333333333334,0.8333333333333333,0.43333333333333335,-21.1,-0.7333333333333334,3.5333333333333337,101.53333333333333,16.666666666666668,60.03333333333333,88.63072458902995,59.62685033333333,0.009853753578711703,0.1090156,3709.9200846354165,25.066666666666666,1391.95,0
2006-01-01,84516.2,43495.7,17497.6,19734.8,37028.5,34599.3,2,53326.16532557707,73.2,2.7,6.066666666666666,67.91628,1699895,8257.69,101.7,92.3388,-10.533333333333333,89.8,1.0666666666666667,59.77666666666667,62.1,54.71666666666667,50.90333333333333,56.11333333333333,91.519,3.4853666666666667,2.611546833333333,NA,NA,3.5733333333333333,NA,3.5733333333333333,135.2,NA,NA,NA,10.25066136343582,52.9,82.4,72.2,-1.6,0.8313259251333334,100.23890333333334,-6.433333333333334,-12.2,0.06666666666666667,-16.066666666666666,0.9333333333333332,30.633333333333333,25.5,25.8,-0.09999999999999996,-14.533333333333333,33.3,29.333333333333332,-86.7,-21.8,20.766666666666666,-12.9,-18.2,1.2,22.166666666666668,6.6,3.4333333333333336,74.1,8.2,4.1,10.7,2.9,0.1,9.6,20.6,86.3,8.9,13,12.200000000000001,20.9,21.733333333333334,10.166666666666666,9.733333333333334,63.5,15.5,5.9,2.2,4.1,8.3,NA,14.433333333333334,24,-16.033333333333335,12.666666666666668,-4.933333333333334,10.966666666666667,-14.566666666666666,39.2,11.1,5.1,0.23333333333333334,0.4666666666666666,0.16666666666666669,-19.96666666666667,-1.0000000000000002,0.3666666666666667,107.60000000000001,18.266666666666666,63.34666666666667,94.38861083984375,42.54888366666667,0.010599809025081806,0,4127.473388671875,45.46666666666667,1818.8799999999999,0
2006-04-01,84948.8,43600.5,17684.8,19647.2,38134.6,35834.8,1.4,52517.5004892199,74.26666666666667,6.133333333333333,5.7,68.42107,1708075,8263.38,105.16666666666667,92.2863,-5.766666666666667,89.66666666666667,-1.7,60.306666666666665,62.56333333333333,54.74666666666666,52.78333333333333,56.29,92.592,3.993266666666667,2.8894865333333333,NA,NA,3.6333333333333333,NA,3.6333333333333333,136.9,NA,NA,NA,9.402361558780758,52.9,84,74.5,1.8,0.7956177087666667,100.98816666666667,-6.633333333333334,-11.666666666666666,-0.13333333333333333,-11.666666666666668,1.3666666666666667,30.96666666666667,26.066666666666666,21.166666666666668,3.2333333333333334,-16.133333333333333,33.266666666666666,28.666666666666668,-86.4,-23.7,32.43333333333333,-0.9,-11.533333333333333,2.1666666666666665,21.6,13.166666666666666,9.433333333333334,72.5,7.5,5.1,13.5,2.1,0.5,-2.1,27.3,87.1,14,13.2,17.5,34.233333333333334,27.433333333333334,12.5,9.9,60.7,16,9.1,3.7,6.2,5.4,NA,12.100000000000001,22.73333333333333,-16.9,5.6,-4.666666666666666,11.633333333333333,9.433333333333334,43.266666666666666,14.733333333333333,8.7,0.3666666666666667,1.2333333333333334,1.5,-15.4,3.8666666666666667,1,110.9,26.4,70.53,92.26578267415364,46.47553933333333,0.01515173737170235,0.0623247,3734.9833170572915,30.400000000000002,583.45,6.68
2006-07-01,85516.3,44461.1,17840.7,19939.1,38224.3,35964.4,0.5,53264.455123444284,76.06666666666668,10.333333333333332,5.3,68.88259,1706248,8271.07,110,92.7767,-7.266666666666667,90.16666666666667,-3.466666666666667,60.31333333333333,62.42,54.96,53.63,56.75333333333333,93.033,3.9231000000000003,3.2213499333333333,NA,NA,3.82,NA,3.82,138.1,NA,NA,NA,9.276608626637174,53,85.1,71.8,0.6,0.7845937593333333,101.11133333333333,-7.1,-13.533333333333333,-1.0999999999999999,-3.7,4.133333333333334,34.1,31.666666666666668,15.566666666666666,3.533333333333333,-17.8,35.36666666666667,28.2,-87.5,-24.9,30.5,5,-4,-2.7666666666666666,23.1,14.766666666666667,11.733333333333333,69.6,6.2,5.4,13.2,4.4,0.7,-3.1,31.9,88.4,14.2,15.2,19.3,36.06666666666666,24.566666666666666,16.6,12.833333333333334,62.7,11.6,8.3,7.2,4.5,5.7,NA,1.7333333333333334,23.766666666666666,-14.5,11.533333333333333,0.3333333333333333,11.233333333333334,21.866666666666667,60.233333333333334,10.5,13.866666666666667,0.5,0.6666666666666666,1.5333333333333334,-12.366666666666667,-2.166666666666667,5.766666666666667,112.66666666666667,26.666666666666668,70.44333333333333,131.98006693522134,80.06584366666667,0.010233260805753791,0.1814882,3900.7298990885415,13.966666666666667,183.89,21.55
2006-10-01,86824.8,44281.2,17986.6,19762.4,39613.1,36777.5,0.3,55482.80976939782,77.86666666666666,11.866666666666667,5.333333333333333,69.00742,1724696,8279.73,108.96666666666667,92.3875,-0.3999999999999999,90.73333333333333,-4.233333333333333,60.410000000000004,62.763333333333335,55.42666666666666,51.21,56.57333333333334,92.402,3.801633333333333,3.5944640999999997,NA,NA,4.19,NA,4.19,136.6,NA,NA,NA,9.3675021047686,52.6,84,68.1,1.2,0.7752514898,100.6676,-4.9,-11.700000000000001,0.10000000000000002,1.2999999999999998,9.1,33.266666666666666,28.233333333333334,6.733333333333333,3.833333333333333,-17.2,35.333333333333336,29.433333333333334,-87.6,-27.8,35.833333333333336,6.833333333333333,-0.6333333333333333,-5.233333333333333,23.433333333333334,19.233333333333334,17.133333333333333,67.9,5.8,7.7,15.3,1.8,0.3,-7.7,28.8,88.6,19.2,15.6,19.5,32.666666666666664,23.7,13.733333333333334,17.566666666666666,64.6,10.6,8,4.4,5.1,6.6,NA,0.3333333333333339,26.433333333333334,-13.633333333333333,13.4,-2.2333333333333334,10.866666666666667,11.833333333333334,56.8,11.133333333333333,12.633333333333333,1.2666666666666666,0.6666666666666666,1.4333333333333333,-6.033333333333333,5.266666666666667,16.1,114.13333333333334,25.266666666666666,60.093333333333334,97.506927490234375,96.87103633333334,0.008535824304376693,0.1701259,4359.579996744792,13.966666666666667,1132.26,0
2007-01-01,87670.2,43879.4,17894.7,20593.7,39916.4,37274.1,2.3,54195.69426706839,79.26666666666667,11.700000000000001,5.233333333333333,69.51543,1732366,8285.61,108.13333333333334,94.4685,-4.7,91.23333333333333,-2.4,60.85333333333333,63.153333333333336,56.2,51.70333333333333,57.480000000000004,92.985,4.0466999999999995,3.8203242333333334,NA,NA,4.51,NA,4.51,135.3,NA,NA,NA,8.968460609056095,53,82.3,72.1,0.7,0.7627094231,100.4867,-1.8,-9.5,2.1333333333333333,10.5,12.233333333333333,31.066666666666666,32.2,-2.533333333333333,10.666666666666666,-12.2,35.7,30.666666666666668,-89.3,-27.3,33.5,8.333333333333334,-1.4000000000000001,0.6333333333333333,27.3,17.400000000000002,15.4,68.1,5.7,6.8,17.6,2.3,0.5,-2.6,34.2,88.4,19,14.2,19.366666666666667,23.7,24.733333333333334,14.8,21.533333333333335,60.9,9.4,13.3,4.7,3.8,7.5,NA,3.2333333333333334,26.333333333333332,-16.666666666666664,15.799999999999999,-3.533333333333333,10.266666666666666,16.633333333333333,65.83333333333333,21.733333333333334,11.7,1.0333333333333334,1.1666666666666667,0.13333333333333333,-9.266666666666667,-0.10000000000000024,13.366666666666667,113.60000000000001,22.6,58.13,93.80863444010417,106.97624,0.011267520172377529,0,4573.163248697917,-2.766666666666666,1317.55,0
2007-04-01,88504.1,44271.5,17875.2,20846.7,40683,37405.7,0.9,54804.72489645446,79.43333333333334,10.4,5.466666666666667,69.64874,1725894,8290.94,112.03333333333333,95.3571,-4.633333333333333,90.7,0.2666666666666666,61.43333333333333,63.596666666666664,56.78666666666667,53.25333333333333,57.36666666666667,92.662,4.387333333333333,4.064796233333333,NA,NA,4.6433333333333335,NA,4.6433333333333335,137.9,NA,NA,NA,8.822941027492192,52.3,85.6,74.4,1.9,0.7417964551,100.80883333333334,-1.8666666666666667,-9.2,1.8333333333333333,13.766666666666667,13.200000000000001,37.2,36.4,-3.1,12.2,-13.2,38.733333333333334,31.366666666666667,-85.1,-25.9,32.233333333333334,8.766666666666666,0.4000000000000001,-1.5999999999999999,20.866666666666667,13.6,15.6,64.4,6.8,10.2,16.3,3.2,0.3,-6.9,24.3,88.2,19.6,13,21.866666666666667,35.833333333333336,27.366666666666667,16.366666666666667,23.1,60.3,9.1,17,5.4,4.1,5.4,NA,11.733333333333333,24.5,-8.533333333333333,13.566666666666666,1.8,15.066666666666666,14.4,57.6,13.6,23.166666666666668,2.066666666666667,0.9333333333333333,0.9,-13.733333333333334,4.4,16.733333333333334,114.96666666666667,28.333333333333332,64.97,89.06175994873047,131.31265,0.004418387701045445,0.0644039,4813.293294270833,1.7,397.22,3.65
2007-07-01,89032.2,44601.6,18068.2,20689.6,41373.5,38079.9,1.3,55487.20121172685,79.96666666666667,8.333333333333334,5.266666666666667,70.18504,1738742,8298.52,114.03333333333333,95.7832,0.6333333333333333,90.73333333333333,1.0000000000000002,61.49333333333333,63.416666666666664,57.00333333333333,54.79666666666667,57.81,93.339,4.432766666666667,4.500496833333333,NA,NA,4.843333333333334,NA,4.843333333333334,138.8,NA,NA,NA,6.724866999532231,52.1,86.6,76.2,0,0.7273385733333333,100.5447,-3.466666666666667,-10.833333333333334,-1.3666666666666667,17.933333333333334,13.3,48.53333333333333,40.93333333333333,-4.6,10.466666666666667,-14.966666666666667,37.333333333333336,29.96666666666667,-87.5,-21.7,31.433333333333334,5.166666666666667,-2.1666666666666665,0.4666666666666667,20.266666666666666,15.5,15.366666666666667,66.6,5.2,10.7,14.1,2.2,0.6,-9.3,21.3,88.2,13.4,8.7,20.133333333333333,28.333333333333332,24.033333333333335,19.866666666666667,23.666666666666668,55.9,9.8,17.9,4.9,4.1,6.6,NA,11.8,24.766666666666666,-6.166666666666666,15.966666666666667,0.3333333333333333,22.333333333333332,3.9333333333333336,49.8,22.833333333333332,13.633333333333333,0.8666666666666667,0.9666666666666667,0.6,-8.966666666666667,10.233333333333334,13.1,112.2,24.2,75.5,96.66944122314453,152.69033666666667,0.05083359234763895,0.0638814,4659.539876302083,13.733333333333334,297.84,21.119999999999997
2007-10-01,89068.2,45162.8,18245.2,20809.1,42247.9,38292.8,0.7,55393.03139079478,80,6.7,4.833333333333333,70.16466,1726296,8305.69,108.46666666666667,93.1338,-1.8,90.7,-1.9333333333333333,62.33333333333333,63.88333333333333,59.06,57.083333333333336,57.46333333333333,93.212,4.321533333333333,4.7247684,NA,NA,5.163333333333333,NA,5.163333333333333,140.8,NA,NA,NA,5.509996307521758,51.8,89,65.8,4.5,0.6900972570333334,101.04356666666666,-8.666666666666666,-16.566666666666666,-4.066666666666666,9.133333333333333,5.8,63.06666666666667,40.53333333333333,-2.6333333333333333,2.933333333333333,-19.9,34.43333333333333,27,-83.9,-28,22.4,1.6333333333333335,-5.8,4.566666666666666,23.133333333333333,17.033333333333335,16.766666666666666,65,6.4,11,13.1,3.4,0.2,-3.6,19.1,88.4,15.4,7.3,13.366666666666667,17.866666666666667,20.1,12.933333333333334,23.7,56.6,11.8,16,4.9,5.9,3.5,NA,6.5,23.366666666666667,-14.1,11.133333333333333,-3.8000000000000003,22.633333333333333,14.9,46.1,21.933333333333334,12.266666666666666,0.4666666666666667,1.2,0.16666666666666666,-17.366666666666667,13.700000000000001,15.666666666666666,107.03333333333333,17.133333333333333,90.85000000000001,95.41198476155598,184.72057,0.10376431728164752,0.0892937,4275.590006510417,17.266666666666666,1428.17,0
2008-01-01,90885,45342.6,18291.7,21014.9,43192.1,38934.9,-0.2,56884.61211895515,82.96666666666667,1.5,4.533333333333333,70.80128,1747630,8311.28,111.03333333333333,93.1433,-1.2000000000000002,90.8,1.4802973661668753e-16,62.82666666666667,63.99333333333333,60.56333333333333,58.64333333333334,58.04666666666667,95.095,4.1807,4.480003033333333,NA,NA,5.213333333333334,NA,5.213333333333334,141.3,NA,NA,NA,3.0941286058225215,51.9,89.4,67.3,-0.2,0.6674643105,100.7431,-13.566666666666666,-19.3,-7.333333333333333,-1.1666666666666665,-6.9,67.66666666666667,34.233333333333334,3.566666666666667,-2.1999999999999997,-20.733333333333334,34.93333333333334,29.5,-90.5,-28.7,19.4,-5.7,-9.2,4.833333333333333,14.933333333333334,14,14,64.9,8.1,10.7,13.7,3.1,0.3,3.3,17.2,87.5,14,6.3,16.133333333333333,15.566666666666668,14.966666666666667,13.666666666666668,19.933333333333334,57.7,12.3,16,3.8,5.7,5,NA,12.366666666666667,24.966666666666665,-6.966666666666667,12.533333333333333,2.6333333333333333,25.766666666666666,11.266666666666667,53.766666666666666,18.733333333333334,6.333333333333333,0.5333333333333333,1.2333333333333334,0.43333333333333335,-14.033333333333333,11.666666666666666,18.53333333333333,103.06666666666666,15.566666666666666,97.95333333333333,79.9624760945638,150.71721333333335,0.2661839959141349,0,3967.4033203125,18.533333333333335,1448.17,0
2008-04-01,90624.8,45089.5,18723.2,21654.8,42517.2,38550.4,1.8,55379.34170463385,82.96666666666667,-0.9,4.1,70.9827,1767380,8316.98,108.43333333333334,91.1409,1.1333333333333335,90.56666666666666,-12.233333333333334,63.723333333333336,64.68,60.81,62.13666666666666,58.52333333333333,94.986,4.5397,4.8604682666666665,NA,NA,5.1866666666666665,NA,5.1866666666666665,140.7,NA,NA,NA,1.3701109149240498,51.4,89.4,67.1,1.6,0.6401810566666667,101.0988,-18.266666666666666,-23,-10.966666666666667,-13.533333333333333,-14.700000000000001,75.3,35.266666666666666,6.533333333333333,-10.333333333333332,-24.4,31.433333333333334,25.266666666666666,-88.6,-33.6,16.766666666666666,-8.133333333333333,-13.766666666666666,8.799999999999999,14.233333333333333,13.166666666666666,11.5,65.5,9,8.1,15.4,2.7,0.2,2.4,8.4,87.6,10.1,4.7,12.833333333333334,19.366666666666667,17.533333333333335,15.366666666666667,24.8,59.3,13.7,15,3,4.6,6.5,NA,-12.833333333333334,25.533333333333335,-15.966666666666667,1.6666666666666667,-2.9,14.866666666666665,6.4,56.1,12.966666666666667,18.9,1,1.5666666666666667,1.9333333333333333,-3.633333333333333,5.833333333333333,21.166666666666668,99.76666666666667,16.6,123.96333333333334,77.34234364827473,177.92674,0.19892405974735108,0.1239004,3999.199951171875,7.966666666666667,530.65,3.73
2008-07-01,89974.5,44440.4,18864,20789.9,42004.1,37674.8,1.9,54921.33962173038,81.83333333333333,-7.166666666666667,4.333333333333333,70.60652,1749817,8325.09,99.9,92.5826,-2.2,89.96666666666667,-14.533333333333333,63.769999999999996,64.65333333333334,60.806666666666665,62.77,59.09,96.609,4.5733,4.981790766666667,NA,NA,5.336666666666667,NA,5.336666666666667,140.7,NA,NA,NA,0.4647212347436369,51.6,89.2,67.2,1.7,0.6668847167333334,99.9421,-21.266666666666666,-25.633333333333333,-13.7,-25.466666666666665,-19.933333333333334,73.63333333333334,24.633333333333333,15.066666666666666,-16.96666666666667,-25.866666666666667,31.5,27.599999999999998,-88.9,-31.7,5.666666666666667,-17.9,-23.133333333333333,9.033333333333333,5.533333333333333,13.366666666666667,-0.33333333333333326,64.3,10.5,10.3,11.8,2.5,0.1,4.6,0.1,86.2,6.9,2.1,4.9,14.9,7.133333333333333,6.9,21.166666666666668,54.8,15.3,14,3.9,3.5,7.4,NA,-13.066666666666666,23.233333333333334,-21.633333333333333,-7.4,-4.7,20.9,4.566666666666666,50.3,13.333333333333332,23.733333333333334,1.0333333333333334,1.9666666666666668,1.1333333333333333,-13.700000000000001,9.3,21.5,93.56666666666666,9,117.98333333333333,88.9454116821289,142.59968666666668,0.28499628262053067,0,2792.993367513021,8.233333333333334,281.63,3.13
2008-10-01,87679.4,44998.7,18939.5,21074.9,39286.9,36875.7,-0.8,55386.83366509945,76.73333333333333,-22.866666666666667,4.7,70.79346,1735058,8332.89,85,94.0576,-11.566666666666666,90,-16.7,63.733333333333334,65.29666666666667,61.443333333333335,56.556666666666665,59,98.359,4.1404000000000005,4.214668666666666,NA,NA,5.53,NA,5.53,143.2,NA,NA,NA,-2.184377713071428,52.4,90.8,69.6,2.4,0.7613992753666666,99.96006,-21.733333333333334,-20.133333333333333,-10.766666666666667,-41.5,-31.166666666666668,53.96666666666666,16.166666666666668,42.1,-10.866666666666667,-24.8,28.533333333333335,29.433333333333334,-89.3,-34.8,-10.466666666666667,-35.03333333333333,-40.766666666666666,15.466666666666667,-18.033333333333335,-5.3,-21.46666666666667,66.9,15.9,6.7,7.9,1.6,0.9,12.9,-10.3,85.2,3.5,0.8,-10.433333333333334,-11.700000000000001,-13,-5.133333333333334,7.4,57.2,13.6,12.1,2.1,6.3,7.4,NA,-11.433333333333334,25.2,-24.266666666666666,-13.566666666666666,-7,15,-7.133333333333333,59.5,14.566666666666666,11.966666666666667,0.8,1.7666666666666666,1.9,-17.166666666666664,-6,5.066666666666666,79.56666666666666,-11.700000000000001,58.370000000000005,78.53573354085286,-44.61279053333333,0.7670326034831906,0.1226994,1762.719970703125,8.866666666666667,1254.12,0
2009-01-01,86745.2,44814.6,19058.8,20148.4,35289.9,33172.5,-1.8,56020.535331579864,73.03333333333333,-34.3,5.133333333333334,70.51179,1694704,8335.72,73.56666666666666,96.2518,-17.6,91.26666666666667,-17.833333333333332,63.47666666666667,65.39999999999999,61.916666666666664,52.33,59.56,100.725,4.122966666666667,2.0116761,NA,NA,4.593333333333334,NA,4.593333333333334,143.5,NA,NA,1658,-3.4102810288563212,52.3,91.2,73.3,-2.4,0.7686045454666667,100.96326666666667,-19.333333333333336,-14.3,-5.433333333333334,-52.9,-35.666666666666664,29.266666666666666,8.866666666666667,62.86666666666667,0.7000000000000001,-22.033333333333335,25.666666666666668,27.6,-88.6,-32.8,-36,-52.6,-56.13333333333333,22.533333333333335,-27.666666666666668,-23.433333333333334,-36.93333333333334,55.7,33.5,2.1,2.7,1.5,3.8,38.2,-34.2,79.7,-4.2,9,-15.266666666666667,-17.666666666666668,-24.533333333333335,-12.9,-5.766666666666667,48.8,26.9,6.3,2.2,8.7,7.4,NA,-12.9,24.6,-30.433333333333334,-16.03333333333333,-11.933333333333334,8.266666666666667,-3.8,46.46666666666667,21.2,11.933333333333334,3.8666666666666667,2.7,1.4,-21.6,-13.6,-15,72.6,-19.166666666666668,42.96,75.1555913289388,-7.658402333333334,0.8655909092508859,0,1680.433349609375,11.633333333333333,1680.17,0
2009-04-01,86421.1,45577.9,19080.1,19806.3,35015.8,33320.9,0,56194.78129478209,69.89999999999999,-31.8,5.733333333333333,70.30004,1702038,8337.6,75.5,96.1505,-27.333333333333332,92.56666666666666,-7.666666666666666,63.78,65.81666666666666,61.096666666666664,53.376666666666665,59.62,100.663,4.156033333333333,1.3106363666666667,NA,NA,3.763333333333333,NA,3.763333333333333,144.2,NA,NA,2066,-3.3717940496948873,52.7,91.5,75.3,-1.7,0.7343098845666667,101.07183333333333,-17.066666666666666,-13.333333333333334,-6.666666666666667,-60.86666666666667,-29,17.533333333333335,8.7,62.1,7.6,-19.233333333333334,24.166666666666668,27.033333333333335,-87.8,-25.8,-31.5,-58.56666666666666,-62.53333333333333,21.633333333333333,-15.066666666666666,-21.8,-32,54.5,39.8,0.9,2.4,1.7,0.8,47.5,-39.5,75.4,-3.8,-8.3,-24.966666666666665,-18.333333333333332,-15.5,-16.53333333333333,-4.033333333333333,46.6,36.8,4.1,0.7,9.2,4.3,NA,1.633333333333333,19.03333333333333,-19.6,-5.633333333333333,-3.9,6.2,-13.466666666666667,53.3,32.6,4.533333333333333,0.2,3.7,2.1666666666666665,-33.36666666666667,-21.200000000000003,-21.9,74.9,-19.633333333333333,59.54333333333334,85.49298350016277,45.996243066666665,0.6978764627941354,0,2151.409912109375,5.833333333333334,445.77,0.09
2009-07-01,86535.1,45614.2,19125.4,19452.5,36020.7,33434.4,0.3,55690.9611722686,70.86666666666667,-22.1,6.133333333333334,70.16641,1711590,8343.06,84,95.491,-19.666666666666668,91.96666666666667,-2.666666666666667,63.70666666666667,65.67333333333333,60.486666666666665,54.63,59.986666666666665,99.975,3.8507,0.8691745333333334,NA,NA,3.3866666666666667,NA,3.3866666666666667,145.8,NA,NA,2078,-2.005556747553394,53.6,92.3,74.5,-2.6,0.6990935441666667,100.8216,-9.133333333333333,-11.2,-1.8666666666666667,-54.333333333333336,-5.7,8.033333333333333,11.266666666666667,46.56666666666666,11.3,-17.8,27.833333333333336,28.366666666666667,-85.7,-27,-9,-52.86666666666667,-58.33333333333333,13.933333333333334,0.5333333333333333,-10.133333333333333,-18.566666666666666,57.9,35.9,0.2,2.8,1.8,1.4,39.4,-21,76.4,0.3,-8.1,-10.033333333333333,-8.633333333333335,-3.5,-10.133333333333333,-3.466666666666667,47.1,37,4.5,1.4,5.3,4.3,NA,9.933333333333334,19.533333333333335,-16.566666666666666,1.7,-2.4333333333333336,3.5,-0.9666666666666667,46.96666666666667,25.3,3.5,2.033333333333333,4.5,0.5333333333333333,-25.666666666666668,-13.766666666666666,-11.899999999999999,86.73333333333333,-7.333333333333334,68.20333333333333,83.2171630859375,54.82197166666667,0.49417041966696407,0,2541.7166341145835,16.9,155.91,9.110000000000001
2009-10-01,86756.2,45288.1,19098.7,19106.4,36921.6,34262.3,0.5,55976.98713986121,72.43333333333334,-17.366666666666667,5.766666666666667,70.37752,1683251,8349.51,91.83333333333333,95.5922,-18.533333333333335,92.6,-0.4666666666666666,64.10333333333334,66.14666666666668,60.74666666666667,54.81,59.82,100.12,3.620833333333333,0.721912,NA,NA,3.08,NA,3.08,145.7,NA,NA,1978,0.38193583695012023,53.7,92,80.8,-2,0.6771937198,101.17636666666667,-6.466666666666667,-11.4,-0.26666666666666666,-44.3,4.533333333333333,8.133333333333333,17,38.06666666666667,13.933333333333334,-18.666666666666668,28.333333333333332,27.766666666666666,-85.9,-23,7.566666666666666,-45.96666666666667,-51.53333333333333,8.7,2.566666666666667,-10.333333333333332,-13.933333333333334,62,28.8,1.3,5.5,1.4,1.2,32.5,8.2,79.2,-0.1,-6.5,-2.2666666666666666,0.8333333333333333,9.566666666666666,-0.43333333333333335,-2.8,52.3,27.1,5.6,0.4,8,5.9,NA,11.066666666666666,17.3,-15.166666666666668,4.866666666666667,-0.3333333333333335,5.266666666666667,-0.2666666666666666,51.53333333333333,23.2,8.033333333333333,0.7666666666666667,4.1,1.7333333333333334,-21.166666666666668,-15.933333333333334,-15.9,93.23333333333333,2.7,76.06666666666666,88.54169209798177,74.52528533333333,0.34378655746010983,0.1007658,2483.17333984375,9.566666666666666,1297.15,0
2010-01-01,86335.6,45545.1,19076.8,18996.9,37670.7,35328.4,-0.2,55742.608929449445,72.76666666666667,-14.166666666666666,5.4,70.48681,1692136,8353.77,89.7,100.2743,-18.333333333333332,93.96666666666667,4.2,64.32000000000001,66.21666666666667,61.10333333333333,55.91,60.373333333333335,100.623,3.6494,0.6621355,NA,NA,2.856666666666667,NA,2.856666666666667,146.4,NA,NA,1971,2.5779340559767716,53.9,92.4,81.4,-4.6,0.7226642857,99.94143333333334,-6.066666666666666,-10.733333333333333,1.6333333333333333,-37.96666666666667,-0.13333333333333333,9.566666666666666,21.633333333333333,36.56666666666667,13.4,-15.033333333333333,25.4,28.066666666666666,-85.2,-23.7,10.533333333333333,-43.6,-49.36666666666667,6.6,7.6,-4.566666666666666,-10.666666666666666,56.6,34.3,2,4,1.6,1,32.5,6.6,79.1,2,0.2,2.3,0.8333333333333334,2.966666666666667,-3.8666666666666667,0.3333333333333335,47.7,35.4,5.6,1,6.5,3.6,NA,17.766666666666666,12.6,-5.766666666666667,7.366666666666667,-2.2333333333333334,10.066666666666666,-4.7,42.666666666666664,23,5.933333333333334,0.4,2.6666666666666665,5.866666666666666,-22.333333333333332,-14.366666666666667,-16.366666666666667,95.26666666666667,2.033333333333333,78.62666666666667,82.14110819498698,63.155165333333336,0.31824275709935185,0.1191611,2574.42333984375,18.566666666666666,1698.1799999999998,0
2010-04-01,87751.7,45518.8,19065,18686.4,40184.7,37638.9,1.3,55135.17884689049,75.66666666666667,-5.933333333333334,5.366666666666667,70.57494,1705571,8356.63,98.13333333333334,99.4891,-13.133333333333333,93.60000000000001,6.7,64.91666666666667,66.64,61.153333333333336,58.55,60.333333333333336,99.934,3.2869333333333333,0.6862715666666667,NA,NA,2.6566666666666667,NA,2.6566666666666667,147.9,NA,NA,2399,3.034151431329457,54.6,93.3,84.2,-0.7,0.7869761904666667,99.23523333333334,-8.1,-11.8,-3.0666666666666664,-29.433333333333334,0.4333333333333334,17.866666666666667,30.76666666666667,20.1,8.733333333333333,-18,23.666666666666668,26.233333333333334,-85,-25.8,21.6,-27.1,-33.56666666666666,2.966666666666667,12.266666666666666,11.8,1.4666666666666668,60.6,21.1,4.4,9.4,2.2,2.5,17.3,21.5,81.8,3.8,3.2,14.2,17.6,10.8,-1.0666666666666667,8.3,56.4,24.9,6.4,1.2,7,5.3,NA,14.466666666666667,11.933333333333334,-4.133333333333334,17.633333333333333,4.133333333333334,18.566666666666666,-0.7666666666666666,55.56666666666667,18.266666666666666,6.2,2.566666666666667,1.5333333333333334,4.3,-21.533333333333335,-4.733333333333333,-9.9,101.96666666666667,14.2,77.89,91.39132944742839,73.07920633333333,0.3974196497589041,0,2395.0966796875,13.6,573.12,3.6
2010-07-01,88790.7,46258,19195.4,19144.4,41778.1,38485.5,0.8,55082.99047483795,77.8,-3.4333333333333336,5.133333333333333,70.82896,1709183,8362.46,104.33333333333333,99.7202,-13.966666666666667,94.53333333333333,2.2666666666666666,64.77,66.5,61.14,58.126666666666665,60.766666666666666,99.593,2.8803,0.8749393999999999,NA,NA,2.6766666666666667,NA,2.6766666666666667,147.8,NA,NA,2345,2.8181366272510333,54.5,93.3,84.4,-2,0.7737878787666667,98.63488666666666,-3.6,-8.633333333333333,-0.9,-7.833333333333333,11.3,18.866666666666667,30.9,2.466666666666667,13.166666666666666,-16.133333333333333,26.633333333333333,27.833333333333332,-87.6,-29.3,32.266666666666666,-19.766666666666666,-29.366666666666667,3.533333333333333,13.1,13.933333333333334,3.533333333333333,60.3,20.7,3.5,12.9,1.6,0.6,18.7,29.7,83.2,10.7,12.7,21.3,25.433333333333334,14.3,4.366666666666666,12.5,63.3,18.6,6.7,1.6,5.4,3.9,NA,6.833333333333333,7.2,0.13333333333333328,7.2,9.9,12.666666666666666,-0.9333333333333333,52.96666666666667,22.433333333333334,8.866666666666667,2.2666666666666666,1.4333333333333333,2.466666666666667,-19.533333333333335,-8.433333333333334,-10.4,105.63333333333334,20.333333333333332,76.16666666666667,77.18126424153645,38.307,0.3310688621407492,0,2537.239990234375,9.066666666666666,268.87,21.33
2010-10-01,89468.1,46185.3,19140.8,19567.4,41975.7,38374.1,0,55496.55876254583,78.83333333333334,-0.7,4.9,71.21542,1701887,8371.36,104.3,100.5169,-11.933333333333334,94.1,4.833333333333333,65.38000000000001,67.11,61.78,58.949999999999996,60.733333333333334,99.85,3.0889,1.0204693,NA,NA,2.6633333333333336,NA,2.6633333333333336,148.2,NA,NA,1969,2.76166129141846,54.8,93.3,83.7,0.9,0.7367457180666667,98.97512666666667,-3.8666666666666667,-9.2,-1.6333333333333333,3.3000000000000003,11.9,24.6,35.6,-2.3333333333333335,14.133333333333333,-16.666666666666668,26.266666666666666,25.433333333333334,-88.8,-28,29.066666666666666,-15.966666666666667,-23.966666666666665,3.2666666666666666,17,11.2,8.166666666666666,59.9,14.2,5.2,14.9,2.1,2.7,11.7,28.9,84.4,9.2,5.9,15.466666666666667,15.766666666666667,7.6000000000000005,7.8,11.299999999999999,57.9,20.4,8.6,1.2,6.6,4.4,NA,14.833333333333334,9.266666666666666,-0.23333333333333328,8.933333333333334,2.6,16.366666666666667,6.266666666666667,47.233333333333334,20.03333333333333,8.266666666666666,1.8,0.9333333333333333,3.1,-17.166666666666668,-6.733333333333333,-4.666666666666667,104.46666666666667,12.933333333333334,85.02666666666667,85.96700032552083,38.16587266666667,0.11625054077873291,0.0993049,2799.2433268229165,17.733333333333334,1433.6599999999999,0
2011-01-01,90200.4,46069.5,19206.9,19957.9,42084.3,39622.6,2.9,54648.23117529458,80.9,0.3333333333333333,5.133333333333333,70.89513,1744859,8377.62,104.73333333333333,101.9272,-11.9,92.9,0.9333333333333333,66.25,67.4,63.61666666666667,62.626666666666665,61.56,100.384,3.6330333333333336,1.0931699333333333,NA,NA,2.6366666666666667,NA,2.6366666666666667,145.6,NA,NA,2419,2.175907508438124,53.5,92.1,83.4,-1.9,0.7314082470666666,98.81337333333333,-5.1,-10.2,-3.3,5.166666666666666,8.466666666666667,41.766666666666666,43.96666666666667,-0.06666666666666667,18.366666666666667,-15.433333333333334,27.566666666666666,27.766666666666666,-86,-27.5,23.8,-12.299999999999999,-19.666666666666668,2.466666666666667,15.799999999999999,23.066666666666666,13.333333333333334,64.1,14.2,5.8,13.2,3.2,0.6,14.2,32.1,84,10.1,14,16.1,16.6,16.733333333333334,7.7,14.9,59.7,15.9,12.9,1.5,5.6,4.1,NA,10.866666666666667,15,-9.866666666666667,6.866666666666667,1.2999999999999998,20.766666666666666,6.2,54.53333333333333,17.566666666666666,7.133333333333334,1.2666666666666668,0.9333333333333333,4.233333333333333,-15.766666666666667,-8.033333333333333,5.166666666666666,105.63333333333333,16.466666666666665,93.98,102.10813649495442,-16.961997733333334,0.08049684733875928,0,2874.683349609375,15.5,1546.9,0
2011-04-01,90583.1,46395.9,19105.9,19982.3,42955.7,39508.1,1.3,54262.37675783509,81.26666666666667,-0.7333333333333334,4.8,71.08909,1736169,8382.49,105.63333333333334,97.6322,-9.8,92.73333333333333,-7.1000000000000005,67.31333333333333,68.47333333333333,64.08666666666667,64.65,62.38333333333333,101.019,3.5752333333333333,1.4116307666666668,NA,NA,2.84,NA,2.84,145.9,NA,NA,2487,2.240872822888673,54,91.9,83.3,0.4,0.6947835498,99.72647333333333,-7.166666666666666,-11.766666666666667,-2.9,1.8666666666666665,2.833333333333333,52.766666666666666,38.233333333333334,5.6,15,-16.8,25.266666666666666,28.166666666666668,-85.5,-25.4,28.799999999999997,-10.7,-17.53333333333333,1.7999999999999998,10.3,16.966666666666665,11.233333333333333,63,10,8.3,13.8,2.9,2.2,2.5,33.1,85.3,14.4,8.9,13.166666666666666,19.533333333333335,8.7,9.233333333333334,18,61.7,17,10.4,0.9,4.9,6.6,NA,-1.7,19.2,-15.866666666666667,-0.46666666666666684,1.4666666666666668,19.3,14.833333333333332,64.8,11.933333333333334,10.733333333333334,1.2333333333333334,1.1333333333333333,5.5,-15.866666666666665,-3.8,3.8666666666666663,103.33333333333333,13.8,102.55333333333334,93.58484395345052,-15.851987,0.08496570676324774,0,2721.8099772135415,5.433333333333334,449.07,0.12
2011-07-01,91010.7,46551.9,19016.3,20509.1,43287.6,40199.8,1.1,54449.58076535971,81.16666666666667,-5.2,4.333333333333333,71.34328,1723521,8391.24,101.66666666666667,102.1369,-5.199999999999999,92.83333333333333,-8.1,67.24666666666667,68.41666666666667,63.79,64.67,63.053333333333335,100.995,2.9443333333333332,1.5620535,NA,NA,2.93,NA,2.93,145.3,NA,NA,2591,0.820671172450127,53.6,91.7,82.8,2.7,0.7082332643,99.28160666666666,-10.1,-12.1,-4.5,-2.7666666666666666,-7.833333333333333,52.5,35.2,8.666666666666666,18.166666666666668,-16,22,27.5,-84.9,-25.5,18.1,-19.7,-24.46666666666667,6.766666666666667,10.833333333333332,6.9,6.6,63,13.9,9.3,9.6,2.2,1.6,4,16.6,85.4,7.7,6.6,12.033333333333333,18.233333333333334,7.133333333333334,9.733333333333334,15.333333333333334,59.4,14.4,15.1,1.6,3.7,5.8,90.4,-1.4666666666666668,19.2,-15.366666666666667,-3.733333333333333,-6.766666666666667,23.333333333333332,11.666666666666666,61.233333333333334,11.4,10.8,1,1.5666666666666667,4.866666666666666,-13.133333333333335,2.7333333333333334,3.1333333333333333,100.1,12.433333333333334,89.71,83.075592041015625,-6.2763383333333325,0.2596908796217259,0,2070.5633544921875,7.2,183.4,17.32
2011-10-01,91135.8,46598.4,19190.9,20880.1,43439.6,39865.7,-1.7,55133.785754113764,81.2,-8.833333333333332,5.233333333333333,71.04477,1738589,8402.85,100.66666666666666,101.9875,-6.966666666666667,92.8,-8.733333333333334,67.78666666666666,68.91,64.44666666666667,65.67333333333333,62.663333333333334,101.736,3.1260333333333334,1.4955447,NA,NA,3.026666666666667,NA,3.026666666666667,145.8,NA,NA,2384,-0.09729322852252142,53.4,92.4,83.3,0.1,0.7422099567,99.87172666666666,-16.3,-14.933333333333334,-8.033333333333333,-23.4,-26.866666666666667,54.13333333333333,42.8,24.833333333333332,23.3,-15.466666666666667,19.1,28.133333333333333,-84.7,-26.5,8.5,-21.2,-28.933333333333334,7.233333333333333,1.9333333333333333,3.933333333333333,1.3,68.1,15.1,6.7,8.1,1.4,0.7,12.5,6.6,85.6,7.3,4,8.066666666666666,9.566666666666666,1.9666666666666668,6.366666666666666,13.933333333333334,57.4,14.9,16.8,1.1,3.8,5.2,91.2,-5.666666666666667,22.6,-21.466666666666665,2.066666666666667,-0.9666666666666667,12.7,10.533333333333333,62.6,15.533333333333333,9.5,0.7333333333333334,1.5,5.133333333333334,-12.266666666666667,-1.7333333333333334,3.7666666666666666,94.96666666666667,6.566666666666666,94.06333333333333,81.61297861735027,17.525301333333335,0.43366035180624457,0.1032311,1938.3600260416667,3.933333333333333,1283.25,0
2012-01-01,91625,47181.7,19156,20443,43551,40756.5,0.7,56004.25456176447,81.33333333333334,-5.066666666666666,4.866666666666666,71.21206,1744237,8411.76,102.1,110.004,-5.466666666666667,93.26666666666667,-4.1,68.05,68.81333333333333,65.70666666666666,67.09,63.46333333333333,103.128,3.0464,1.0429891666666666,NA,NA,2.94,NA,2.94,145.5,NA,NA,2350,0.3411427675882983,53.1,92.5,84.3,-2.1,0.7625375180333334,98.56709666666667,-14.933333333333334,-13.933333333333334,-6,-25.766666666666666,-25.5,50.86666666666667,39.43333333333333,25.8,20.066666666666666,-14.200000000000001,20.633333333333333,25.9,-86.3,-30.7,10.833333333333334,-16.433333333333334,-24.333333333333332,8.6,9.9,11.733333333333334,3.3666666666666667,70.6,13.5,7.1,5.9,1.9,0.9,15.5,7.7,84.1,5.2,4.4,5.033333333333333,5.566666666666666,5.233333333333333,5.6,12.033333333333333,57.5,17.9,11,1.4,7.2,4.2,90.8,6.300000000000001,19.3,-15.7,0.7333333333333333,2.3666666666666667,14.566666666666666,16.2,56.56666666666667,14.2,7.8999999999999995,0.6333333333333333,1.0333333333333332,6.7,-8.4,-2.566666666666667,5.533333333333333,96.83333333333334,5.266666666666667,102.89333333333333,86.94692484537761,-63.462042333333336,0.26712049342895655,0.1055966,2158.0266927083335,14.466666666666667,1617.35,0
2012-04-01,91329.4,46821.2,19195.9,19962.7,43558.6,40475.9,1.2,56304.53566449898,82.6,-5.333333333333334,5.2,71.52371,1727148,8417.86,97.76666666666667,110.3612,-2.3666666666666667,92.43333333333334,-6.5,68.83333333333334,69.83,65.60333333333334,67.42333333333333,63.86666666666667,103.197,2.5353333333333334,0.6960273333333333,NA,NA,2.76,NA,2.76,146.5,NA,NA,2721,-0.532105762289814,52.9,93.6,85.3,0.7,0.7798164251333334,98.99121666666667,-11.200000000000001,-13.7,-4.033333333333333,-21.3,-11.666666666666666,50.2,35.9,24.3,14.799999999999999,-15.433333333333334,21,26.666666666666668,-86.5,-18.4,10.966666666666667,-19.566666666666666,-26.4,5.866666666666667,9.433333333333334,3.533333333333333,0.9333333333333332,69.1,14.6,5.6,7.6,1.8,1.2,15.6,10.9,83.9,2.8,2.6,10.733333333333333,15.9,10.066666666666666,2.0666666666666664,15.666666666666666,60.7,14.6,15.1,1.1,5,4.9,90.1,1.9666666666666668,20.566666666666666,-16.2,-0.9,-1.9333333333333331,17.7,16.166666666666664,59.2,13.4,13.666666666666666,0.7666666666666667,1.5666666666666667,6.033333333333333,-6.2,1.5,4.7,100.13333333333333,12.2,93.48,84.00342559814453,-45.894082,0.2492718644513523,0.538358,1962.3966878255208,5.766666666666667,515.38,7.81
2012-07-01,91588.8,46377.9,19194.9,20881.7,44019.5,40059.9,0.4,56304.79891179948,82.73333333333333,-8.8,5.5,71.42948,1728565,8429.94,94.33333333333333,111.6306,-5.766666666666667,91.96666666666667,-9.266666666666666,68.86,69.67999999999999,66.04333333333334,68.24333333333334,64.52,103.335,2.025666666666667,0.35857893333333335,NA,NA,2.6533333333333333,NA,2.6533333333333333,146.1,NA,NA,2877,-0.16371661807473847,52.7,93.4,83.6,2,0.7991382740333334,98.32525333333334,-12.8,-11.6,-4.1,-24.566666666666666,-20.066666666666666,43.766666666666666,38.7,29.566666666666666,18.566666666666666,-15.5,18.733333333333334,26.6,-84.7,-22.2,6.233333333333333,-22.03333333333333,-26.833333333333332,8.1,3.7666666666666666,4.533333333333333,-6.066666666666666,72.9,15.2,5.6,3.9,1.5,0.5,20.8,-0.6,85,3.1,4.1,1.8666666666666667,8.6,2.933333333333333,0.9666666666666666,11.066666666666666,61,18.3,7.6,0.6,7.7,5.1,90.7,-5.933333333333334,22.666666666666668,-20.233333333333334,0.7666666666666666,-3.4333333333333336,18.3,12.866666666666667,56.83333333333333,15.4,13.133333333333333,0.5333333333333333,0.9,5.3,-8.866666666666667,-2.666666666666667,1.6666666666666667,95.4,4.433333333333334,92.27,75.65562947591145,-66.42393966666666,0.21760979944620198,0.5320092,2096.816650390625,7.233333333333333,193.37,21.68
2012-10-01,91029.6,46198.6,18941.1,21008.1,43844.9,39899.9,0.6,54883.412475998084,82.4,-12.933333333333334,5.4,71.45249,1720426,8445.7,97.46666666666667,110.584,-9.166666666666666,92.10000000000001,-15.700000000000001,69.76,70.75666666666666,67.04333333333334,67.98666666666666,64.75666666666666,104.128,1.8773,0.1951289,NA,NA,2.5033333333333334,NA,2.5033333333333334,144.1,NA,NA,2732,0.499317108317765,52.2,91.9,83,1.6,0.7705326244,99.29471666666667,-12.733333333333333,-11.033333333333333,-5.1,-28.7,-19.599999999999998,45.3,38.93333333333334,28.8,19.866666666666667,-15.233333333333333,17.5,27.933333333333334,-83.4,-23.5,0.8333333333333334,-28.933333333333334,-33.766666666666666,8.2,-1.5999999999999999,-0.20000000000000004,-10.766666666666666,68.2,17.6,5.8,3.9,3,2.3,18.1,-7.1,84.5,1.3,0.7,-1.633333333333333,-3.4,5.7,10.066666666666666,9.766666666666666,54.2,21.9,10.8,0.4,9.1,3,90.7,-14.933333333333334,25.533333333333335,-22.9,-6.666666666666667,-5.766666666666667,14.766666666666667,6.5,55.666666666666664,18.566666666666666,9.866666666666667,0.4666666666666667,1.2666666666666666,5.866666666666666,-12.566666666666666,-5.733333333333333,1.8333333333333333,92.2,0.2666666666666669,88.16,79.29495493570964,-53.76421966666667,0.10669760349126373,0.2200866,2383.0799967447915,7.800000000000001,1289.12,0
2013-01-01,90739.5,46443.1,19302.3,20875.1,42674.5,38575.2,-0.5,55005.81327910217,81.46666666666667,-8.366666666666667,5.833333333333333,71.26573,1716618,8457.55,97.4,112.5848,-11.633333333333333,91.53333333333333,-14.4,69.83,70.67666666666666,67.94333333333333,67.79,65.61333333333333,105.621,1.8780333333333332,0.21143636666666668,NA,NA,2.44,NA,2.44,144.7,NA,NA,2471,-0.6286522492538138,52,92.7,83.8,-2.2,0.757865873,99.58989666666666,-10.3,-12.7,-3.4,-22.1,-6.666666666666667,41.3,30.633333333333333,24.46666666666667,14.766666666666666,-18.566666666666666,16.633333333333333,26.433333333333334,-83,-26.1,2.8,-28.366666666666667,-33.766666666666666,7.333333333333333,10.533333333333333,2.666666666666667,-4.933333333333334,69.9,17.8,5.6,3.3,1.8,1,23.1,-6.8,84.5,4.1,8.2,-5.966666666666667,8.766666666666667,8.366666666666667,9.566666666666666,0.9333333333333336,66.3,18,7.1,0.4,3.2,4.4,88.5,-19.233333333333334,25.933333333333334,-17.266666666666666,1.866666666666667,-7.6,13.1,4.433333333333334,52.5,16.433333333333334,9.133333333333333,0.4666666666666667,1.4000000000000001,6.333333333333333,-13.8,-9.5,-0.8333333333333334,95.63333333333334,3.7333333333333334,94.35333333333332,82.71484883626302,-70.57229966666667,0.09971330072912757,0.1675323,2410.953369140625,14,1685.0100000000002,0
2013-04-01,91094,46351.5,19207.5,20785.8,44296.1,40233.8,-0.5,54335.8250186308,82.63333333333334,-10.8,5.433333333333334,71.70094,1728407,8467.7,100.96666666666667,113.4433,-10.9,92.46666666666667,-9.866666666666667,70.38333333333334,71.40333333333334,68.43666666666667,66.68333333333332,65.81333333333333,106.192,1.8107,0.20679403333333332,NA,NA,2.376666666666667,NA,2.376666666666667,144.3,NA,NA,2691,-0.21114319864651288,51.8,92.5,83.6,1,0.7656910043333334,100.19636666666666,-11.233333333333334,-11.9,-4.766666666666667,-24.599999999999998,-10,32.53333333333333,28.033333333333335,25.066666666666666,14.733333333333333,-18.333333333333332,10.9,24.133333333333333,-85.3,-23,4.9,-31.166666666666664,-36.53333333333333,6.833333333333333,5.666666666666667,2.9000000000000004,-8.433333333333334,71,18.2,4.9,2.9,1.7,1.2,24.9,-2.9,83.1,2.7,3.9,-5.433333333333334,5.866666666666667,4.9,10.6,7.533333333333333,64.4,20,5.5,0.2,3.9,7.6,88.1,-12.866666666666667,22.53333333333333,-15.966666666666667,5.833333333333333,-0.19999999999999996,15.066666666666666,0.5333333333333335,47.266666666666666,17.1,8.633333333333333,0.3666666666666667,1.3,4.633333333333333,-16.46666666666667,-5.3,1.8666666666666667,94.1,1.7666666666666666,94.22333333333333,87.2660649617513,-58.95467466666666,0.08163725920430596,0.4459309,2326.1366373697915,22.53333333333333,579.54,10.78
2013-07-01,91254.6,46311.4,19246.8,21100.9,44157.8,41092.4,0.4,54084.77579722838,82.89999999999999,-7.1,5.7,71.50944,1710637,8482.99,101.43333333333334,114.7339,-12.966666666666667,92.36666666666667,-9.566666666666666,70.21666666666667,71.12333333333333,68.17666666666666,67.42,66.36,106.245,2.2075666666666667,0.22351216666666665,NA,NA,2.4066666666666667,NA,2.4066666666666667,144,NA,NA,2871,0.6244120295183286,52.1,91.9,85.2,3.3,0.7549412729666667,100.18693666666667,-10.100000000000001,-10.666666666666666,-2.2333333333333334,-27.633333333333333,-8.433333333333334,39.333333333333336,34.2,32.233333333333334,9.433333333333334,-19,14.5,24.366666666666667,-82.7,-32.6,7.566666666666666,-24.7,-32.16666666666667,4.566666666666666,7.966666666666667,2.3,-6,73.8,15.1,2.6,4.3,2.2,1.6,18.9,0.9,83.8,-0.1,3.3,6.433333333333334,8.066666666666666,10.033333333333333,8.5,17.1,70.5,18.3,3.9,0.7,3.1,3.5,89.9,-8.466666666666667,20.566666666666666,-16.633333333333333,0.43333333333333335,3.1,16.733333333333334,7.566666666666666,59.166666666666664,14.566666666666666,7.466666666666667,4.733333333333333,2.1666666666666665,0.9333333333333333,-16.433333333333334,-9.433333333333334,0.3666666666666667,98.2,8.2,105.82333333333334,88.46396382649739,-23.113432266666667,0.04613562140319379,0.3612717,2520.0999348958335,8.933333333333334,208.06,35.21
2013-10-01,91477.8,46557.4,19209,20956,44253.5,41984.9,0.9,54453.922342374484,82.76666666666667,-4.366666666666667,5.866666666666667,71.17783,1719541,8500.8,99.63333333333334,113.4531,-14.533333333333331,92.60000000000001,-7.033333333333333,70.90333333333334,72.09,68.89,66.26666666666667,66.45666666666666,106.318,2.1467333333333336,0.24090236666666667,NA,NA,2.3533333333333335,NA,2.3533333333333335,148.6,NA,NA,2812,0.8947549421722822,51.8,96.8,82.5,0.4,0.7346924829,101.26526666666666,-8.066666666666666,-9.233333333333334,-3.033333333333333,-22.333333333333332,-3,35.4,32.13333333333333,27.733333333333334,13.733333333333334,-17.066666666666666,15.8,26.666666666666668,-85.5,-35,13.299999999999999,-20.933333333333334,-29.566666666666666,3.8,11.633333333333333,2.3,-3,73.3,16.3,3.2,5,2.1,0.8,16.7,10.2,83.6,1.4,1.2,12.366666666666667,16.433333333333334,20.433333333333334,5.466666666666667,8.5,69.7,16,5.6,0.5,3.1,4.1,90.8,-3.966666666666667,18.766666666666666,-11.666666666666666,1.5,1.9,17.866666666666667,13.366666666666667,57.833333333333336,16,6.766666666666667,4.466666666666667,1.5333333333333334,0.7333333333333334,-19.266666666666666,-9.833333333333334,2.6999999999999997,102.63333333333333,16.4,97.34333333333333,73.70154317220052,14.868986333333332,0.007979891841840024,0.5126102,2583.9833170572915,11.233333333333333,1233.23,0
2014-01-01,91491.3,46257.6,19226.6,20591.2,44304.9,41092.5,0.6,54970.65106870229,82.4,-3.2,6.1,70.99154,1727536,8516.12,102.5,115.3871,-14.333333333333334,92.53333333333333,-6.6,70.86666666666666,71.9,69.61999999999999,66.09666666666666,67.34666666666666,106.532,1.9835333333333334,0.2951596,NA,NA,2.3633333333333333,NA,2.3633333333333333,147.9,NA,NA,2948,2.3078395891738657,51.9,96,82.7,-2.2,0.7296647467333334,101.64986666666667,-10.566666666666666,-11.533333333333333,-2.966666666666667,-23.866666666666667,-9.4,33.13333333333333,33.43333333333333,29.833333333333332,11.633333333333333,-18.433333333333334,11.8,26,-88.8,-31.2,11.633333333333333,-21.066666666666666,-26.066666666666666,5.566666666666666,17.066666666666666,1.6666666666666667,1.5666666666666667,73.5,15.5,5.4,3.6,1,0.6,20.3,9.8,83.9,0.4,2.3,11.6,8.266666666666667,12.733333333333333,10.233333333333334,14.600000000000001,47.1,19.8,26.1,0.6,2.6,3.1,91.5,-4.233333333333333,15.533333333333333,-12.366666666666667,0.06666666666666665,-1.2,19.8,5.1,63.03333333333333,19.166666666666668,7.1,4.033333333333333,1.7999999999999998,0.8666666666666666,-21.5,-7.1000000000000005,1.5,100.6,10.866666666666667,98.74666666666667,88.91934967041016,-16.680649666666667,0.02990991002297718,0.2202158,2545.6333821614585,4.1,1341.25,0
2014-04-01,91716.6,46305.1,19272,21181.5,44720.1,41449.7,0.3,54178.14259611269,82.63333333333334,-3.8,5.866666666666667,71.32456,1714154,8531.4,96.3,116.8502,-15.933333333333334,92.4,-7.633333333333334,71.50666666666666,72.65666666666667,69.65,66.16,67.53666666666666,107.579,1.6796,0.2985833333333333,NA,NA,2.373333333333333,NA,2.373333333333333,148.2,NA,NA,3046,3.440612811223165,51.8,96.4,83.8,0.9,0.7292575036,102.23106666666666,-10.9,-9.933333333333334,-4.066666666666666,-26.666666666666668,-11.6,32.03333333333333,29.233333333333334,32.266666666666666,11.6,-18.066666666666666,14.5,27.166666666666668,-86.6,-32.3,17.3,-20.5,-26.033333333333335,3.1999999999999997,12.266666666666667,-0.4666666666666666,-2.3,74.2,14,4.1,4.6,1,1.9,19.7,9.7,84.9,3.9,2.8,11.066666666666666,16.033333333333335,13.299999999999999,-0.3,8.5,62.4,18.4,7.5,0.6,3.8,9,90.5,-5.666666666666667,18.900000000000002,-15.033333333333333,1.6333333333333333,1.8333333333333333,14,5.433333333333334,61.766666666666666,22.2,5.233333333333333,3.8666666666666667,1.6,0.6666666666666666,-22.900000000000002,-8.933333333333334,-6.2,101.13333333333333,13.433333333333334,103.34666666666666,91.8058344523112,-49.03044,0.01877203625542539,0.1697937,2446.8733723958335,7.2,524.44,2.94
2014-07-01,92080.6,46594.3,19381.7,20811.6,45672.5,42100.2,0.3,55281.50855199334,82.03333333333333,-7.766666666666667,6.033333333333333,70.97456,1725366,8552.54,93.06666666666666,115.5822,-18.466666666666665,92.73333333333333,-13.9,71.27666666666666,72.36,69.46,66.17666666666666,68.26333333333334,108.293,1.3221333333333334,0.1645686,NA,NA,2.2866666666666666,NA,2.2866666666666666,148.2,NA,NA,3031,3.2832194288242356,51.9,96.3,82.1,3.8,0.754988834,101.48033333333333,-10.766666666666666,-9.466666666666667,-3.0666666666666664,-28.433333333333334,-12.366666666666667,30.133333333333333,25.333333333333332,35.93333333333333,13.333333333333332,-18.2,8.5,24.533333333333335,-87.4,-37.7,7.133333333333333,-21.266666666666666,-25.53333333333333,8.433333333333334,6.5,-2.1,-4.966666666666667,76.9,13.9,2.3,5.1,1.3,0.2,13.7,1.6,84.3,2.8,0.4,4.6,2.9333333333333336,6.433333333333334,0.7666666666666666,3.1333333333333333,61.3,19.7,5.5,0.3,4.7,8.5,89.6,-17.933333333333334,19.366666666666667,-16.633333333333333,-4.4,-4.466666666666667,13.966666666666667,-2.033333333333333,52.9,22.866666666666667,3.8,4,1.7333333333333334,0.36666666666666664,-24.2,-12.766666666666667,-8.433333333333334,95.66666666666667,4.666666666666667,97.78,135.58539835611978,-52.827230666666665,0.029801072344779817,0.0846955,2240.0533040364585,14.033333333333333,237.52,5.25
2014-10-01,92425.2,46250.5,19647,20976.5,46171.5,42414.4,0.5,55083.23897409614,82.60000000000001,-8.899999999999999,6.1,71.03992,1745191,8575.83,90.13333333333334,114.5825,-14.399999999999999,92.73333333333333,-12.9,71.79666666666667,73.35000000000001,69.77,63.830000000000005,68.36,108.735,0.9639,0.08147116666666666,NA,NA,2.1233333333333335,NA,2.1233333333333335,144.6,88480,NA,3308,2.9302353066192444,51.6,93.1,85.2,-0.5,0.8008694782666667,101.74586666666667,-9.133333333333333,-7.199999999999999,-0.8999999999999999,-29.133333333333333,-15.366666666666667,23.9,24,37.766666666666666,15.366666666666667,-13.1,7.333333333333334,25.099999999999998,-80.2,-35.5,3.2666666666666666,-24.633333333333333,-27.3,8.566666666666666,6.466666666666667,-4.3,-6.366666666666666,73.8,16.4,3.1,5.1,0.6,1.8,21.2,-3.1,83.8,4.1,2.2,4.633333333333333,0.5666666666666668,10.333333333333334,0.10000000000000002,-1.8,58.1,16.5,6.9,0.9,3,13.4,90,-10.866666666666665,24.866666666666667,-21.033333333333335,-2.966666666666667,-9.533333333333333,13.633333333333333,-0.2333333333333334,52.333333333333336,22.533333333333335,7.833333333333333,1.7666666666666668,2,0.8,-18.266666666666666,-10.6,-5.966666666666667,96.63333333333334,5.2,73.16,84.85575866699219,-36.54516533333333,0.026452657447836,0.1599232,2211.4300944010415,11.433333333333334,1092.19,0
2015-01-01,92452.1,46830.4,19490.8,20849.2,46183.4,41411,-0.9,55745.13835764695,83.96666666666667,-8.8,6,71.07041,1704694,8592.35,94.46666666666667,118.5001,-15.966666666666667,93.83333333333333,-11.933333333333334,71.31,73.03,70.19333333333333,60.70333333333333,69.09,109,0.45243333333333335,0.04601616666666667,NA,NA,2.05,NA,2.05,146.4,91200,3670,3567,4.218195215442622,52.1,94.3,85.7,-1.3,0.8883128182,99.86589666666667,-10.066666666666666,-8.133333333333333,-1.2000000000000002,-32.266666666666666,-17.633333333333333,16.633333333333333,23.9,38.36666666666667,13.4,-13.366666666666667,10.233333333333333,24.666666666666664,-79.7,-40.3,-0.8333333333333335,-24.066666666666666,-25.4,7.7,5.4,-5.333333333333334,-7.433333333333334,70.2,17.2,4.9,5.4,1.5,0.7,18.6,0.5,84,2.2,2.9,4.633333333333333,2.6999999999999997,5.9,3.7666666666666666,-0.4666666666666666,61,21.6,5.6,0.2,2.9,8.2,88.5,-14.666666666666666,22.733333333333334,-20.9,1.7,-4.6,18.3,0.5,56.93333333333333,20.933333333333334,6.666666666666667,2.533333333333333,1.8333333333333335,0.3,-20.933333333333334,-10.933333333333334,-9.433333333333334,96.16666666666667,4.366666666666667,48.54,109.3818868001302,-94.686766,0.09267336166055992,0.0984446,2530.453369140625,10.766666666666667,1506.02,0
2015-04-01,92889.3,46510,19620.2,21258.3,46238.9,42369.2,0,54829.96876046694,84.03333333333333,-7.666666666666666,6.266666666666667,70.93607,1723243,8609.25,95.46666666666667,117.3639,-16.533333333333335,93.83333333333333,-13.1,72.21000000000001,73.89,70.44666666666666,62.46333333333333,69.23333333333333,109.407,0.6934666666666667,-0.006525833333333333,NA,NA,2.006666666666667,NA,2.006666666666667,144.4,91965,3737,3608,3.058667348553268,51.8,92.6,86.7,2.1,0.9041201082333333,99.58074666666667,-8.2,-5.966666666666667,-0.7333333333333334,-32.3,-14.1,19.733333333333334,24.233333333333334,38.266666666666666,10.866666666666667,-12.066666666666666,9.466666666666667,26.166666666666668,-80.9,-32.4,8.033333333333333,-19.9,-24.733333333333334,7,3.8666666666666667,-1.9,-5.1000000000000005,68.8,18.3,3.8,6.7,1.5,0.8,19.1,8.6,84,4.3,6.9,6.733333333333333,12.1,8.533333333333333,-0.7,0.7333333333333333,62.7,19.9,8.3,0.3,3.9,6.5,89.5,-21.566666666666666,18.1,-18.733333333333334,0.26666666666666666,2.5666666666666664,15.4,-1.0666666666666667,58.06666666666666,24.433333333333334,4.433333333333333,3.1333333333333333,2.4333333333333336,0.6666666666666666,-21.433333333333334,-11.633333333333333,-4.666666666666667,98.43333333333334,9.066666666666666,57.84666666666667,88.11959584554036,-91.833947,0.09308158399349875,0.4548211,2493.32666015625,7.5,526.29,1.11
2015-07-01,93336.6,46671.9,19659.6,21211.5,46855,44185,1,55720.253216105724,84.03333333333333,-5.233333333333333,6.033333333333333,71.17944,1737815,8637.75,94.53333333333333,119.1789,-14.433333333333334,94.06666666666666,-6.3,71.90666666666667,73.76333333333334,70.05,60.836666666666666,70.04333333333334,109.637,1.0048333333333335,-0.0278171,NA,NA,2.0266666666666664,NA,2.0266666666666664,144.4,92644.66666666667,3896,3777,2.542877506148433,51.5,92.9,86.8,4.1,0.8995253356666667,99.94437,-9.066666666666666,-5.033333333333333,-0.06666666666666665,-32.16666666666667,-16.066666666666666,16.333333333333332,23.833333333333336,43.03333333333333,12.866666666666667,-15.233333333333333,14.233333333333334,26.166666666666668,-84.9,-36.2,7.766666666666667,-19.066666666666666,-22.133333333333333,4.033333333333333,7.3,0.3333333333333333,-5.033333333333333,72.4,13.5,5.1,6.1,1.8,0.8,16.9,10.1,84.6,4.9,5.3,10.533333333333333,11.233333333333334,11.333333333333334,2.2333333333333334,5.2,56.8,24.9,5.7,0.4,2.7,9.5,89.7,-4.833333333333333,12.4,-16.2,-1.6333333333333335,-4.133333333333334,17.2,5.433333333333334,61.266666666666666,20.433333333333334,6.8,2.8333333333333335,2.4,1.0999999999999999,-20.8,-8.1,0.23333333333333336,100.73333333333333,11.033333333333333,46.416666666666664,96.01821645100911,-47.724867333333336,0.14732297201044497,0.497265,2325.086669921875,5.866666666666666,206.07,67.04
2015-10-01,93714.1,47131,19465.1,21837.7,46717.9,44893.5,1.7,55160.22344644729,83.7,-5.466666666666667,6.3,71.24594,1699827,8678.63,94.43333333333334,122.3724,-12.433333333333334,94.43333333333334,-6.466666666666667,72.32666666666667,74.66,70.1,58.49,70.03,109.859,0.8374333333333334,-0.08917603333333333,NA,NA,2.01,NA,2.01,144.1,94014.66666666667,3910,3792,3.5637680815757022,51.3,92.8,85.7,2.5,0.9138483135666666,100.61133333333333,-10.433333333333334,-5.966666666666667,-0.2,-34.1,-17.9,12.1,25.166666666666668,50.2,9.366666666666667,-17.633333333333333,9.933333333333334,23.833333333333332,-84.6,-35.5,11.8,-18.133333333333333,-22.433333333333334,5.766666666666667,7.533333333333333,-4.633333333333334,-3.8,74.2,13.6,4.6,6.5,1.2,0.7,13.5,10.6,83.3,3.9,0.2,15.066666666666666,14.200000000000001,13.6,1.5666666666666667,6.133333333333333,55.2,21.3,10.2,0.1,3.2,9.3,88.9,-10.533333333333333,11.133333333333333,-14.366666666666667,2.2333333333333334,-4.333333333333333,13,5.833333333333333,63,19.466666666666665,6.133333333333334,3.1,2.2333333333333334,0.6,-18.033333333333335,-6.833333333333334,-4.566666666666666,101.03333333333333,14.266666666666667,41.949999999999996,130.29488118489584,-92.18405533333333,0.11037384395191446,0.3432592,2349.32666015625,4.333333333333333,1132.71,0
2016-01-01,94643.8,47089.8,19640.4,22055.7,48195.6,45488.9,0.7,56863.33038005432,85.2,-7.4,6.466666666666667,71.27118,1730061,8712.06,93.8,126.8528,-7.866666666666667,94.36666666666666,-4.3,72.03999999999999,74.51666666666667,70.68666666666667,56.07333333333334,70.91333333333333,110.092,0.5834666666666667,-0.18608173333333333,NA,NA,1.9866666666666666,NA,1.9866666666666666,142.9,94648.33333333333,3474,3361,2.0960166103300537,50.7,92.2,86.2,-0.9,0.9073307108666666,101.1502,-7.533333333333333,-2.3666666666666667,3.1999999999999997,-28.866666666666667,-16.233333333333334,5.7,21.633333333333333,51.6,11.766666666666667,-14.766666666666666,9.266666666666667,24.133333333333333,-84.3,-30.6,7.933333333333334,-17.866666666666667,-21.466666666666665,7.766666666666667,3.5,-3.1999999999999997,-4.666666666666667,73.5,12,3.7,7.9,2.9,0,13.7,13,85.2,4.8,5.6,12.666666666666666,11.333333333333334,11.266666666666666,0.3000000000000001,8.033333333333333,57.6,19.6,11.5,0.4,2.6,7.8,88.5,2.033333333333333,14.200000000000001,-15.733333333333334,-0.6666666666666666,-5.633333333333333,18.4,9.2,58,19.866666666666667,11.3,2.5,2.4,1.4,-18.633333333333333,2.966666666666667,-2.9,100.53333333333333,11.733333333333333,33.18333333333333,110.56036122639973,-147.05589,0.23303251451416493,0.2731494,2251.3799641927085,3.9333333333333336,1476.1,0
2016-04-01,94730.2,47642.7,19798.3,22217.7,47411,44679.7,0.9,56372.5699883541,85.03333333333333,-7.533333333333333,6.6,71.46018,1760858,8730.66,96.26666666666667,127.7763,-4.8,94.53333333333333,-0.6666666666666667,72.66333333333333,75.01333333333334,70.78666666666666,58.03,70.81,110.665,0.35796666666666666,-0.25809380000000004,NA,NA,1.94,NA,1.94,142.5,95551.66666666667,3935,3783,2.720004509820684,50.5,92,85.3,1.4,0.8855690548,101.2749,-6.266666666666667,-1.1333333333333333,1.2,-25.1,-11.933333333333334,7.6,20.6,46,18.366666666666667,-13.200000000000001,10.9,24.766666666666666,-83.5,-28.9,5.166666666666667,-22.7,-26.9,7.633333333333334,7.666666666666667,-3.4,-4.033333333333333,70.2,16.7,6.9,2.9,2,0.9,15.2,-1.2,83.8,3,0.6,15.366666666666667,17.2,10.9,2.4,5.2,58.1,16.1,10.5,0.4,2.8,13.1,90.4,6.233333333333333,12.633333333333333,-9.6,4.5,-3.8,18.666666666666668,10.033333333333333,59.36666666666667,16,8.966666666666667,2.7666666666666666,3.533333333333333,0.6,-14.633333333333333,5.033333333333333,0.06666666666666665,102.03333333333333,14.5,45.406666666666666,87.90733337402344,-93.465161,0.15096445707578812,0.6391526,2196.7433268229165,9.266666666666666,525.16,4.58
2016-07-01,95246.6,47644.4,19869.1,22411.3,48478,44487.6,-0.2,56194.595578746936,85.36666666666666,-4.833333333333333,6.633333333333333,71.6946,1761136,8749.46,97.36666666666666,127.0245,-5,94.86666666666667,-1.7666666666666666,72.45333333333333,74.78666666666666,70.46666666666667,58.089999999999996,71.66,111.581,0.13783333333333334,-0.2981258666666667,NA,NA,1.9133333333333333,NA,1.9133333333333333,143.5,97080,3760,3606,3.843310267323053,50.7,92.8,82.7,3.3,0.8961600216666666,100.73293333333334,-6.233333333333333,-2.033333333333333,0.7000000000000001,-20.733333333333334,-9.366666666666667,9.433333333333334,24.333333333333332,40.833333333333336,16.533333333333335,-14.166666666666668,14.833333333333334,26.633333333333333,-82.3,-27.2,12.799999999999999,-17.833333333333332,-24.2,8.166666666666666,11.5,1.8666666666666667,-0.9,70.5,15.7,5.9,5.2,1.9,0.6,10.8,7.4,83.2,5.3,0.7,7.466666666666667,13.466666666666667,10.766666666666667,2.2333333333333334,5.166666666666667,59.8,16.8,10.8,0.2,1.8,10.6,90.2,5.933333333333334,11.666666666666668,-14.299999999999999,0.4666666666666665,-1.8666666666666667,15,11.966666666666667,60.333333333333336,14.833333333333334,11.333333333333334,2.5,2.1,0.4666666666666667,-10.733333333333334,0.7333333333333333,2.166666666666667,101.63333333333334,10.566666666666666,44.85,105.9647216796875,-75.28830533333334,0.1373065996919999,0.2408188,2397.8033040364585,9.666666666666666,164.59,7.670000000000001
2016-10-01,95828.8,48207.2,20076.8,22352.8,47613.4,44897.2,1.4,57616.868760839,87.3,-1.1,6.166666666666667,71.74232,1760374,8767.06,105.43333333333334,126.2187,0.3,95.56666666666666,-1.8333333333333333,73.39333333333333,75.85,70.82666666666667,59.06,71.64666666666666,111.772,0.4222666666666667,-0.31248123333333333,NA,NA,1.8633333333333335,NA,1.8633333333333335,143.7,98302.66666666667,3925,3858,3.2342806254175738,51,92.7,83.4,-1.2,0.9280663203333334,101.31143333333333,-5.7,-2.466666666666667,-0.4666666666666667,-19.033333333333335,-6,15.533333333333333,29.733333333333334,33.266666666666666,16.666666666666664,-13.9,14.5,25.133333333333333,-79.9,-24,11.5,-14.1,-21.933333333333334,3.8333333333333335,14.700000000000001,2.8000000000000003,6.8,72.1,13.3,7.7,5.7,1.3,1,10.4,15.1,85,6.9,2.5,18.133333333333333,18.733333333333334,19.933333333333334,8.066666666666666,7.833333333333333,60.5,12.9,11.2,1,2.5,11.7,90.7,4.8,14.866666666666667,-13.866666666666667,4.6000000000000005,3.2333333333333334,17.566666666666666,14.766666666666667,52.266666666666666,10.333333333333334,19.066666666666666,2.5666666666666664,2.2,1.4666666666666666,-3,3.6,3.566666666666667,106.7,18.96666666666667,49.13666666666666,90.28233591715495,-45.160656,0.030051838984736987,0.4344992,2604.816650390625,10.233333333333334,1314.42,0
2017-01-01,96691.1,48365.9,20162.9,22754.5,48831.2,46278.3,0.7,56536.70376667013,87.93333333333334,1.8333333333333333,6.166666666666666,71.77599,1782997,8776.98,108.9,127.1765,5.866666666666666,95.7,-3.9333333333333336,73.61,75.81,72.00666666666666,59.98,72.60666666666667,111.473,0.5842666666666667,-0.3278311,NA,NA,1.9166666666666665,2.0111389825800563,1.9166666666666665,144.2,99181,4117,4039,3.9442234784591967,50.7,93.4,82,0.2,0.9384762213333333,101.17956666666666,-3.7666666666666666,-2.7,0.6666666666666666,-9.133333333333333,-1.0666666666666667,20.566666666666666,31.666666666666668,26.5,17.666666666666668,-11.766666666666667,17.1,28.733333333333334,-80.9,-23.1,20.400000000000002,-7.766666666666667,-14.2,4.766666666666667,18.133333333333333,8.833333333333334,10.333333333333334,69.7,9.2,10.6,7.8,2,0.5,7.9,24,85.4,7.9,7.1,21.8,20.7,19.7,11.966666666666667,11.166666666666666,60.6,13.3,12.4,0.2,2.6,10.2,90.3,0.9333333333333333,15.466666666666667,-11.8,2.7333333333333334,2.1,18.566666666666666,21.466666666666665,50.266666666666666,7.766666666666667,20.2,2.2666666666666666,1.6666666666666667,1.0666666666666667,0.36666666666666675,11.433333333333334,8.166666666666666,108.93333333333332,20.733333333333334,51.766666666666666,105.34782409667969,-52.60205066666667,0.01794074545727396,0.3621876,2861.8233235677085,17,1530.76,0
2017-04-01,97047.2,48314,19831.7,22999,50373.3,47345.8,0.9,57945.80705567315,89.5,2.7333333333333334,5.8999999999999995,72.26035,1761288,8785.86,108.7,129.9192,6.266666666666667,95.86666666666666,-7.933333333333334,74.22666666666667,76.65333333333334,71.99,59.07,72.90333333333334,111.884,0.5655666666666667,-0.3299478,NA,NA,1.8933333333333333,1.8972198664734208,1.8933333333333333,143,99767,4620,4515,4.20827666192809,50.6,92.5,81.9,0.2,0.9092752852333333,101.5014,-1.5666666666666667,-1.4666666666666668,2.2333333333333334,-0.3666666666666667,4.433333333333334,23.933333333333334,29.633333333333333,15.166666666666668,16.966666666666665,-11.433333333333334,18.6,28.733333333333334,-84.5,-30.7,25.233333333333334,-6.166666666666667,-14.166666666666668,4.5,18.900000000000002,8.6,10.566666666666666,69.1,6.6,13,9.2,1.1,0.6,2.9,30.2,86.5,7.3,8.2,25.933333333333334,34.666666666666664,22.1,13.9,10.933333333333334,62.3,10,15.8,2.6,2.9,7.1,91.9,-6.733333333333333,18.2,-9.466666666666667,1.2333333333333332,-0.8666666666666667,19.46666666666667,21.333333333333332,57.166666666666664,8.9,22.733333333333334,1.7,1.7333333333333334,1.6333333333333333,1.8,10.766666666666666,11.9,111.7,27.566666666666666,48.24,116.27630106608073,-43.45776733333334,0.014419974639239524,0.0797448,3149.3766276041665,8.200000000000001,498.26,7.53
2017-07-01,97640,48815.3,19940.9,23417.1,50757.6,47757,0.4,56869.062107744656,92.10000000000001,6.166666666666667,5.866666666666667,72.0421,1755712,8800.88,113.8,129.7336,9,96.26666666666667,-4.766666666666667,74.05333333333333,76.44666666666666,72.27333333333333,58.56333333333333,73.64666666666666,111.949,0.6421666666666667,-0.3296322,NA,NA,1.8666666666666667,1.900153974198918,1.8666666666666667,142.8,100493,4559,4487,4.141023989288484,50.4,92.3,80.6,3.7,0.8514329537666666,102.1667,-1.2333333333333334,-1.5,0.7333333333333333,9.133333333333333,9.5,22.433333333333334,28.066666666666666,8.033333333333333,19.133333333333333,-13.633333333333333,17.96666666666667,28.433333333333334,-84.7,-29.1,25.933333333333334,1.7333333333333334,-5.199999999999999,1.4,18.2,12.8,13.1,67.3,7,13.2,11.5,0.5,0.1,-4.3,28.4,86.8,11.5,6.8,24.866666666666667,31.3,24.566666666666666,17.966666666666665,13.133333333333333,55,11.9,18.8,0.5,1.9,11.9,91.9,-1.1333333333333333,20.266666666666666,-7.8,7.066666666666666,3.1333333333333337,17.933333333333334,21.766666666666666,54.833333333333336,7.1,26.633333333333333,1.2333333333333334,1.7333333333333334,1.5333333333333334,5.566666666666666,12.466666666666667,13.566666666666666,113.26666666666667,26.933333333333334,48.163333333333334,118.95984141031902,-32.724929333333336,0.005650699420754948,0.1610306,3318.2967122395835,6.733333333333333,251.25,27.330000000000002
2017-10-01,98213.2,48550.2,19937.7,23507.6,51840.2,47982.1,0.5,57848.0570516285,93.2,11.6,5.833333333333333,72.5746,1786914,8816.7,114.66666666666667,129.3309,12.4,95.73333333333333,-4.6000000000000005,75.13333333333334,77.54333333333334,73.07,60.236666666666665,73.48666666666666,113.39,0.5411333333333334,-0.3288134,NA,NA,1.8666666666666667,1.9,1.8666666666666667,142.7,103041.33333333333,4625,4540,4.294293058308618,50.2,92.5,79,0.2,0.8492442352,103.1632,2.1666666666666665,0.03333333333333333,4.566666666666666,17.066666666666666,18.1,34.8,33.46666666666667,-1.3333333333333333,20.833333333333332,-14.1,20.46666666666667,30.766666666666666,-82.9,-30.5,32.666666666666664,8.966666666666667,3.6000000000000005,-1.1333333333333333,24.7,17.900000000000002,19.266666666666666,67.3,6.6,13.1,11.8,1.7,0.3,-3.3,33.1,87.8,9.7,6.8,30.799999999999997,35.46666666666667,28.066666666666666,19.333333333333332,13.566666666666666,60.7,7.4,18,2.3,1.1,9.9,91.9,8.266666666666666,22.8,-8.666666666666666,0.7000000000000001,-0.2999999999999998,17.566666666666666,27.066666666666666,49.03333333333333,4.466666666666667,28.466666666666665,0.9333333333333333,1.3,2.066666666666667,10.433333333333334,14.366666666666667,20.03333333333333,118.33333333333333,31.433333333333334,55.36666666666667,88.92528025309245,-2.797985866666667,0.006440977851799875,0.2678811,3453.1166178385415,11.700000000000001,1279.67,0
2018-01-01,98562.7,48814.1,19948.9,23624.3,52029.1,49013.2,0.9,58090.27884963851,93.2,11,5.466666666666667,72.70255,1785713,8824.67,114.6,134.122,9.466666666666667,96.03333333333333,-6.8,75.06,77.36666666666666,73.16333333333334,60.21666666666667,74.28333333333333,114.206,0.7727666666666667,-0.32828643333333335,NA,NA,1.8233333333333335,1.9166666666666665,1.8233333333333335,143.3,105250,4632,4476,3.6822717540178296,49.6,93.7,77.9,0.9,0.8137506824666667,103.14823333333334,2.333333333333333,-1.5666666666666667,4,21.133333333333333,17.366666666666667,30.566666666666666,31,-2.3666666666666667,21.7,-10.566666666666666,21.2,29.599999999999998,-79.6,-24.5,33,8.333333333333332,1.8666666666666665,-1.3666666666666665,23.3,16.433333333333334,16.833333333333336,62.7,4.8,15.6,14.8,2.1,0.6,-1.8,33.1,89.1,12.2,5.4,31.1,33.1,21.7,18.53333333333333,16.033333333333335,58.8,6.3,20.7,0.8,2,10.9,91.3,5.466666666666666,24.1,-13.033333333333333,-1.7,2.2666666666666666,18.96666666666667,22.166666666666668,48,4.466666666666667,33.06666666666667,0.8333333333333334,1.3,2.7666666666666666,6.9,12.066666666666666,23.099999999999998,117.06666666666666,28.633333333333333,62.88666666666666,89.62681833902995,-28.920508333333334,0.0128761721073451,0,3457.6800130208335,9.7,1625.29,0
2018-04-01,99527.2,48893.9,20274.6,24330.1,53306.9,49132.4,0.3,58515.63362602873,95.23333333333333,8.433333333333334,5,73.13468,1811438,8830.13,109.93333333333334,133.7521,10.2,96.3,-9.433333333333334,75.80666666666666,78.05666666666667,73.41666666666667,62.03,74.48666666666666,115.206,0.7431666666666666,-0.32524163333333334,NA,NA,1.8466666666666667,1.8933333333333333,1.8466666666666667,142.7,106161,5055,4905,3.872808480897461,49.4,93.2,77.3,2.1,0.8394843823,103.0594,0.7,-1.6666666666666665,2.7,20.866666666666667,13.133333333333333,27.46666666666667,31.566666666666666,-1.3666666666666667,22.433333333333334,-11.266666666666666,22.233333333333334,30.6,-83.2,-25.3,21.4,8,0.8333333333333334,2.466666666666667,19.733333333333334,14.533333333333333,12.4,57.8,5.7,15.1,17.6,2.1,1.3,-3.9,20.2,88.4,4.9,6.9,26.433333333333334,33.86666666666667,18.6,16.833333333333332,13.766666666666667,60.9,8.8,19.6,1.3,1.5,9.3,92.3,-6.2,22.966666666666665,-8.2,0.8000000000000002,-2.8666666666666667,14.433333333333334,21.46666666666667,54.63333333333333,3.566666666666667,33.7,0.4666666666666667,1.2,1.4666666666666668,10.566666666666666,9.866666666666667,21.033333333333335,114.03333333333333,26.333333333333332,68.03333333333333,117.63289388020833,-22.21849,0.013944372551568607,0.2459016,3346.5966796875,7.366666666666666,314.38,1.89
2018-07-01,99851.9,48595.3,20135.9,24039.5,52939,49782.5,1.6,58405.6956575695,94.63333333333333,6.566666666666666,5.333333333333333,73.03165,1808666,8841.63,110.6,137.1799,17.599999999999998,95.96666666666667,-11.966666666666667,75.71666666666667,77.75999999999999,73.33666666666667,63.23,75.27,115.546,0.6195666666666667,-0.31952576666666666,NA,NA,1.85,1.8966666666666665,1.85,142.9,107890.33333333333,4610,4483,3.658839939604941,49.8,93,76.3,3.7,0.8595732569333333,103.0154,-0.3,-0.5333333333333333,2.8333333333333335,17,7.633333333333334,30.766666666666666,35.13333333333333,0.7000000000000001,21.933333333333334,-11.066666666666666,25.266666666666666,31.066666666666666,-82,-26.6,22.466666666666665,4.933333333333334,-0.8,5.8,20.599999999999998,15.266666666666666,11.5,57.9,5.6,18.4,14.6,1.8,1.2,-1.7,16.6,88.2,7.2,-0.1,20.166666666666668,27.033333333333335,23.8,17.366666666666667,13.966666666666667,61.6,7.5,21.5,1.3,1.2,6.7,92.7,-8.166666666666668,22.866666666666667,-13.866666666666667,-4.933333333333334,-3.1,17.966666666666665,22.8,40.2,2.1333333333333333,43.36666666666667,4,1.1333333333333333,1.6666666666666667,18.366666666666667,16.8,23.9,112.33333333333333,23.666666666666668,69.75666666666667,99.27467346191406,2.104824033333333,0.007761694840986402,0.0845166,3268.2933756510415,6.533333333333333,147.79,30.23
2018-10-01,101037.1,49243.5,20256.1,24748.4,53365.2,50782.3,1.5,57645.73276238871,97.66666666666667,5.633333333333334,5.1000000000000005,73.18456,1827997,8854.42,112,135.9921,15.766666666666666,97.3,-11.166666666666666,76.73,78.83,73.76666666666667,64.98666666666666,75.13333333333333,114.835,0.6091333333333333,-0.31531800000000004,NA,NA,1.8133333333333335,1.8466666666666667,1.8133333333333335,142.8,109638.33333333333,4751,4639,2.4956172744552862,49.5,93.3,74.6,0.6,0.8764896188666667,103.60573333333333,-0.3333333333333333,-0.6666666666666667,3.533333333333333,17.433333333333334,9.266666666666666,30.866666666666667,34.166666666666664,-4.2,20.866666666666667,-13.366666666666667,24.233333333333334,30.933333333333334,-82.8,-25.7,21.033333333333335,2,-3.7666666666666666,5.033333333333333,19.9,13.766666666666667,12,61.7,7,17.4,12.2,1.8,0.9,-0.2,17.4,88.3,5.8,3.5,23.5,30.7,22.5,20.233333333333334,15.066666666666666,61.1,6,22.5,0.9,1.2,7.8,91.7,-15.366666666666665,18,-10.933333333333334,-0.16666666666666666,-3.6,17.633333333333333,21.333333333333336,42.4,1.7666666666666666,43.833333333333336,2.3,1.0333333333333334,1.3,17.733333333333334,13.833333333333334,25.53333333333333,112.5,25.566666666666666,59.07666666666667,87.67724355061848,-14.712341866666668,0.05981117041954596,0.0660197,2935.3899739583335,4.966666666666667,1164.26,0
2019-01-01,101710.8,49186.8,20653.1,25562.7,55655.7,51428.1,0,58908.21546748827,98.06666666666666,-3,5.066666666666666,73.40437,1839656,8862.7,107.56666666666666,138.2867,12.133333333333333,96.56666666666668,-9.266666666666666,76.26,78.5,74.11666666666667,62.156666666666666,75.78333333333333,115.463,0.4266333333333333,-0.3085468333333333,NA,NA,1.7833333333333334,1.8133333333333335,1.7833333333333334,143.6,110318,4676,4542,3.941172241195212,49.3,94.3,73.3,0.3,0.8807720628,102.87960000000001,-1.5,-0.8666666666666667,5.033333333333333,15.366666666666667,1.9333333333333333,25.233333333333334,31.1,-0.49999999999999994,18.3,-11.966666666666667,20.599999999999998,30.3,-79.4,-24.5,15.566666666666666,-5.833333333333334,-12.233333333333333,10.1,6.966666666666667,9.1,4.633333333333333,60.8,8.2,14.7,14.5,1.8,0.3,3,14.1,87.3,5.4,1.7,20.633333333333333,23.366666666666667,15.4,14.2,15.766666666666667,57.2,6.6,25.4,0.9,1.9,7.5,91.5,-10.866666666666667,21.1,-12.733333333333334,4.133333333333334,-1.0333333333333334,10,15.8,43.766666666666666,5.233333333333333,35.36666666666667,1.6333333333333333,1.0666666666666667,1.2333333333333334,12.2,12.033333333333333,20.033333333333335,106.23333333333333,19.8,54.82666666666667,88.8508529663086,-70.742861,0.07869985501575891,0.1919754,3096.5833333333335,12,1464.33,0
2019-04-01,101416,49139.4,20341.1,25702.9,54707.7,51245.2,0.7,57785.37508407354,95.03333333333333,-5.4,4.866666666666666,73.55965,1821665,8869.48,103.5,138.8119,12.733333333333333,96.76666666666667,-13.366666666666667,77.07333333333334,79.38,74.22333333333333,63.54666666666667,76.17,117.193,0.19416666666666668,-0.3170712,NA,NA,1.6966666666666665,1.7166666666666666,1.6966666666666665,144.5,111596,5237,5094,4.549304691530254,49.4,95.1,72.4,2.5,0.8897470678333333,102.46663333333333,-1.8666666666666667,2.5,5.8,12.266666666666667,-2.933333333333333,21.766666666666666,29.8,5.9,18.8,-12.833333333333334,25.96666666666667,28.966666666666665,-82.6,-25.2,6.3,-11.633333333333333,-16.566666666666666,8.366666666666667,3.8,3.2333333333333334,1.1666666666666667,62.5,10.4,17,7.4,1.6,0.5,13.6,-9.4,87.2,1.9,2.4,15.966666666666667,22.866666666666667,16.366666666666667,13.666666666666666,11.566666666666666,60.4,8.2,22.5,0.7,1.6,7.7,92.7,-15.666666666666668,25.8,-20.433333333333334,1.3666666666666667,-6.833333333333333,16,18.1,46.4,4.033333333333333,39.36666666666667,1.9666666666666668,1.5333333333333334,1.6333333333333333,15.533333333333333,9.933333333333334,14.200000000000001,105.1,18.4,59.78333333333333,97.43793487548828,-46.763616,0.03071105824276811,0.1098599,2953.3566080729165,7.966666666666667,552.84,15.73
2019-07-01,101506.6,49245.6,20318.5,25269.3,54753.6,50612,-0.1,58250.98987902518,94.33333333333334,-4.3999999999999995,4.733333333333333,73.44406,1822446,8882,102.2,138.3395,11.766666666666667,97.96666666666667,-10.433333333333334,76.73666666666666,78.96666666666667,74.25666666666667,63.15,76.74,117.223,-0.25993333333333335,-0.3967076,NA,NA,1.6,1.59,1.6,142.7,113810,5339,5216,5.267980162243835,49.6,93.1,71.6,3.5,0.8996656860666666,101.90773333333333,-3.3000000000000003,3.433333333333333,6.2,4.833333333333333,-7.166666666666666,16.7,28.933333333333334,10.4,20.6,-15.6,20.133333333333333,26.433333333333334,-81.9,-26.5,0.8333333333333334,-10.533333333333333,-13.433333333333334,8.666666666666666,6,3.066666666666667,-2.3666666666666667,60.7,11.4,18.4,7.2,1.7,0.4,9.6,-4.2,86.5,0.6,3.9,12.366666666666667,18.766666666666666,13.133333333333333,13.166666666666666,10.533333333333333,56.7,7.8,24,0.5,1.8,9.3,92,-10.4,22.03333333333333,-7.1,1.1666666666666665,-6.866666666666667,11.700000000000001,13.7,42.56666666666666,4.166666666666666,35.03333333333333,8.166666666666666,1.2666666666666666,1.7333333333333334,15.566666666666666,7.966666666666667,15.8,104.03333333333333,14.733333333333333,56.370000000000005,95.76455434163411,26.231698333333334,0.028217698575838703,0.4275697,3020.4500325520835,6.333333333333333,166.26,23.91
2019-10-01,101082.8,49275.2,20305.5,24591.7,54372.9,49816.6,0,58187.025675696925,93.4,-6.4,4.533333333333333,73.79544,1853273,8896.36,107.8,138.2725,11.200000000000001,98.53333333333333,-11.566666666666666,77.77333333333333,80.32333333333334,74.30333333333333,63.27,76.99333333333333,119.405,-0.10913333333333333,-0.40295176666666666,NA,NA,1.43,1.4066666666666665,1.43,142.4,116252,6317,6057,6.619395651753757,49.4,93,71,1.4,0.9032086680333333,102.5583,-3.2,2.966666666666667,8.366666666666667,-1.8,-8.433333333333334,14.666666666666666,30.066666666666666,17.166666666666668,19.433333333333334,-15.7,17.133333333333333,26.2,-80.3,-24.3,-4.966666666666667,-14.933333333333334,-21.033333333333335,9.133333333333333,4.833333333333333,2.666666666666667,-4.8,58.9,19,14.1,7.2,1.9,0.3,16.6,-12.6,85.3,-0.2,-1.2,13.433333333333334,17.6,14.4,15.933333333333334,11.4,55.1,9,24.4,0.8,2.3,8.2,92.6,-6.966666666666667,25.9,-12.966666666666667,-1.7666666666666664,2.2666666666666666,18.53333333333333,14.566666666666666,47.86666666666667,5.4,32.56666666666666,0.13333333333333333,0.9333333333333333,2.1666666666666665,11.566666666666666,10.833333333333334,14.633333333333335,103.5,15.133333333333333,56.95666666666667,81.73166910807292,-2.249852733333333,0.014757841301260191,0.4135079,3133.6900227864585,7.566666666666666,1151.3400000000001,0
2020-01-01,99681.6,47028.4,20240.2,24224.2,52952.9,48789.1,0.9,57484.36564199594,93.3,-8.2,4.7,73.16379,1745808,8904.78,96.16666666666667,140.347,13.533333333333333,94.53333333333333,-18.6,77.77333333333333,80.23666666666666,75.36,62.38666666666667,77.73,120.441,-0.14600000000000002,-0.40554093333333335,NA,NA,1.3966666666666665,1.3466666666666667,1.3966666666666665,144.2,116928,6099,5725,3.6881606206564888,49.6,94.6,73.3,0,0.9078426877333333,102.56586666666666,-4.133333333333333,3.2,5.833333333333333,-1.0666666666666669,-11.633333333333333,14.700000000000001,30.400000000000002,19.96666666666667,14.833333333333334,-13.966666666666667,18.266666666666666,28.1,-75.1,-25.2,0.5333333333333334,-16.6,-21.366666666666667,5.2,-2.8000000000000003,3,-7.9,62.4,19.9,13,2.8,0.7,0.3,16.5,-3.1,85.3,0.6,2.2,13.966666666666667,15.533333333333333,8.8,8.1,10.233333333333334,56.3,9,23.8,0.4,2.1,7.6,91.7,-16.233333333333334,27.46666666666667,-23.166666666666668,-12.133333333333333,-10.566666666666666,13.1,20.6,48.7,4.466666666666667,38.96666666666667,0.8333333333333334,2.5,2.033333333333333,17.566666666666666,9.433333333333334,15.366666666666667,101.89999999999999,12.733333333333333,45.75666666666667,98.6388448079427,-99.236506,0.15389653219350416,0.3529578,2338.7132568359375,1.1666666666666667,1420.37,0
2020-04-01,86882.8,41742.6,19715.1,22801.6,42584.1,41361.1,-0.1,55896.01153868344,79.33333333333334,-29.23333333333333,7,70.02296,1521027,8910.39,73.7,144.5,-11,93.96666666666667,-40.06666666666666,77.88666666666667,80.82333333333334,75.92666666666666,58.21333333333333,78.04666666666667,135.764,-0.06083333333333333,-0.3006666666666667,NA,NA,1.3733333333333333,1.2933333333333334,1.3733333333333333,150.1,116228.66666666667,6045,5491,4.734265511170421,51.3,98.8,82.4,-12.4,0.908271645,103.53666666666668,-14.3,-2.066666666666667,-4.866666666666667,-41.3,-30.433333333333334,0.1333333333333334,31.4,25.566666666666666,-5.633333333333334,-19.833333333333332,22.833333333333332,29.333333333333332,-80.8,-41.5,-53.86666666666667,-50.53333333333333,-53.46666666666667,8.5,-28.766666666666666,-11.733333333333333,-27.933333333333334,29.9,35.5,6.5,7.5,19.4,0.4,39.3,-42.8,72.7,-4.2,-5.7,-62,-51.233333333333334,-23.666666666666668,-11.466666666666667,-4.166666666666666,13.3,35.9,3.4,1.6,2.2,44.2,80.1,-57.93333333333333,27.733333333333334,-44.46666666666667,-34.6,-19.166666666666668,7.533333333333333,-52.300000000000004,30.5,8.233333333333333,14.066666666666666,1.1333333333333333,45.7,2.2666666666666666,-13.866666666666665,-8.1,-3.3000000000000003,70,-45.666666666666664,27.80666666666667,69.69149271647136,-76.088273,0.3188759253077749,0.4767959,2200.856689453125,4.033333333333333,522.42,0.76
2020-07-01,97372,47006.5,20282.9,24342.3,50065.1,45633.4,-1.2,58936.85210601476,91.43333333333334,-15,6.4,71.91523,1752282,8921.1,88.76666666666667,149.191,-0.9999999999999999,101.89999999999999,-19.233333333333334,77.84333333333333,80.70333333333333,76.16333333333333,58.473333333333336,78.69666666666667,122.999,-0.2819666666666667,-0.4717361,NA,NA,1.3166666666666667,1.2733333333333334,1.3166666666666667,152.1,118100.66666666667,7137,6199,4.11353117571549,52.1,99.9,78.8,-3.8,0.8551811459333334,104.75096666666667,-8.8,-6.1,1.4999999999999998,-58.6,-15.266666666666667,3.1,23.233333333333334,18.666666666666668,7.3,-15.433333333333334,23.599999999999998,29.433333333333334,-78,-26.6,-22.9,-40.56666666666666,-44.93333333333334,9.6,5.2,-6.5,-17.133333333333333,48.4,40.4,2.6,5.1,3.2,0.1,40.8,-38.6,77.6,-2.8,-5.9,-14.3,-9.733333333333333,3.6333333333333333,1.0333333333333334,2.6666666666666665,43.6,32.6,5.9,0.6,2.4,15.1,85.6,-19.066666666666666,21.733333333333334,-24.066666666666666,-16.933333333333334,-10.9,14.966666666666667,-4.1,50.63333333333333,8.9,25.2,0.8,9.233333333333333,1.5666666666666667,-4.066666666666667,2.033333333333333,1.633333333333333,91.13333333333334,-6.833333333333333,40.89333333333334,70.77223714192708,-2.0837073333333334,0.13194122984064355,0.35041,2126.9200032552085,6.4,167.87,9.04
2020-10-01,95872.5,45476,20743.2,24617.3,50452.4,48076.9,0.6,59555.66851126326,94.36666666666667,-8.1,6.3,71.80016,1680933,8931.29,93.6,150.1949,1.7666666666666666,97.6,-27.53333333333333,78.61333333333333,81.71333333333334,76.34,58.166666666666664,78.81,125.828,-0.4106,-0.5226948,NA,NA,1.2633333333333334,1.2066666666666666,1.2633333333333334,153.3,120397.66666666667,6850,6201,5.489821737123246,52.9,100.4,83.4,-11.3,0.8388708030333334,105.658,-12.466666666666667,-5.9,-1.2,-68.3,-28.066666666666666,1.8333333333333333,25.966666666666665,43.9,6.5,-14.633333333333335,26.866666666666667,29.966666666666665,-81.5,-27.3,13.6,-24.166666666666664,-27.033333333333335,4.666666666666667,4.533333333333333,-0.6666666666666666,-4.2,60.4,29,5.7,4.3,2,0.3,24.5,12.2,82.3,2.4,-4.2,-6.466666666666667,-8.133333333333333,-2.8333333333333335,1.0999999999999999,-0.7666666666666665,47,28.4,8.2,1.9,2.2,12.5,85.6,-19.1,36.2,-37.93333333333333,-27.3,-7.633333333333334,13.266666666666667,10.233333333333334,43,8.4,27.633333333333333,0.8,9,1.6333333333333333,-1.1333333333333335,4.633333333333334,2.1666666666666665,93.26666666666667,-5.800000000000001,42.45333333333333,70.07264200846355,-14.899214500000001,0.11117457907505654,0.1578158,2740.6499837239585,6.3,1259.5,0
2021-01-01,94911.8,43676.2,21355.8,25787.6,48972.6,49638,1.6,59353.996770007645,95.86666666666666,-1.7333333333333332,7.166666666666667,71.30276,1693795,8935.02,97.2,155.5338,10.633333333333333,97,-27.766666666666666,78.92333333333333,81.72,75.71,61.75333333333333,79.62666666666667,127.44,-0.22836666666666666,-0.5424456666666667,NA,NA,1.1966666666666665,1.1466666666666667,1.1966666666666665,157.8,121544,7242,6461,8.048065083340084,53.7,104.1,87.2,-12.8,0.8296439075,104.51806666666667,-8.4,-7.6000000000000005,2.2666666666666666,-70.10000000000001,-18.866666666666667,0.7333333333333333,32.36666666666667,24.366666666666667,8.666666666666666,-9.3,25.933333333333334,31.5,-75.8,-28.8,13.666666666666668,-17.133333333333333,-20.966666666666665,-0.39999999999999986,11.533333333333333,9.466666666666667,3.1999999999999997,60.2,22.3,8,6.7,2.2,0.3,16.4,16.3,84,2.1,-0.2,-7.633333333333334,-7.133333333333334,7.933333333333334,6.866666666666666,4.533333333333333,39.2,29.4,9.7,1.6,1.9,17.6,84.8,-30.266666666666666,32.33333333333333,-32.266666666666666,-20.7,-12.5,20.066666666666666,16.066666666666666,43.6,6.233333333333333,28.8,2.4333333333333336,5.433333333333334,1.7333333333333334,10.533333333333333,10.733333333333334,17.2,99.53333333333333,-2.266666666666667,57.79,76.66475677490234,9.257434333333334,0.030040986569177468,0.1488095,3132.8600260416665,7.5,1544.78,0
2021-04-01,98676.3,46415.3,21807,26071.1,53511.2,51903,0.9,59731.15866732305,98.83333333333333,13.333333333333332,6.733333333333333,71.70789,1767951,8941.32,113.46666666666667,157.5014,21.533333333333335,102.26666666666667,0.5333333333333333,79.88666666666667,82.60333333333334,76.35333333333334,63.74333333333334,79.97666666666666,125.32,0.020766666666666666,-0.5403847666666667,NA,NA,1.2,1.1633333333333333,1.2,153.8,123572.33333333333,7715,7060,7.510694613023117,52.7,101.1,86.3,-5.8,0.8296618398333333,104.63083333333333,-4.133333333333334,-7.5,4.2,-59.93333333333333,0.5999999999999993,26.066666666666666,42.666666666666664,-2.266666666666667,8.6,-13.9,23.266666666666666,29.833333333333332,-75.4,-23.1,31.3,3.7,-1.9666666666666666,-12.9,23.333333333333332,38.766666666666666,17.866666666666667,43.8,12.7,10.8,28.9,2.9,0.3,1.1,27.9,86,6.7,2.4,12.266666666666667,21.03333333333333,24.2,18.333333333333332,19.233333333333334,39.3,23.6,16.7,3.6,1.8,15.6,86.2,3.1333333333333333,-1.2666666666666668,-10.833333333333332,-2.8333333333333335,-1.6666666666666667,31.233333333333334,25.566666666666666,29.133333333333333,2.4000000000000004,27.633333333333333,31.53333333333333,4.7,2.1333333333333333,25.03333333333333,18.066666666666666,55.233333333333334,116.3,19.166666666666664,66.09,85.10015869140625,56.46775433333333,0.012957906756687758,0.0664938,3438.1700032552085,6.133333333333334,649.19,11.61
2021-07-01,102608.6,50780.6,22017.2,25297.4,55982.7,52744.8,-1.8,59467.057248094854,100.86666666666666,14.733333333333333,5.566666666666666,73.13535,1812378,8956.5,120.96666666666667,159.7536,23.3,101.4,13.866666666666665,80.24666666666667,82.67666666666666,76.45333333333333,66.34333333333333,80.66666666666666,122.797,-0.14373333333333332,-0.5458182,NA,NA,1.2066666666666666,1.18,1.2066666666666666,153.6,126155.33333333333,6830,6086,8.341696468466054,52.5,101.1,84.4,0.8,0.848374697,104.24123333333333,-0.9333333333333332,-3.066666666666667,4.533333333333333,-32.43333333333334,8.4,46.46666666666667,45.2,-7.666666666666667,-1.9333333333333333,-13.666666666666666,22.166666666666668,29.6,-75.8,-27.7,30.4,12.3,2.6666666666666665,-10.8,21.066666666666666,47.199999999999996,25.966666666666665,34.9,8.5,20.2,34.4,1,0,-9.4,43.8,89.5,9.4,7.3,26.766666666666666,33.93333333333334,21.866666666666667,20.633333333333333,25.366666666666667,45.3,14.2,24.8,8.3,1.5,5.3,90.4,17.2,-21.066666666666666,7,3.3333333333333335,7,42.266666666666666,22.533333333333335,22.766666666666666,1.6333333333333333,33.13333333333333,32.66666666666667,3.8666666666666667,1.6333333333333333,26.6,19.966666666666665,62.666666666666664,120.26666666666667,27.5,70.62333333333333,76.20142873128255,84.05159933333334,0.015387165307685005,0.087943,3666.603271484375,4.966666666666667,188.45,11.59
2021-10-01,102651.1,48641,22044.3,24658.6,56402.5,54690.2,2.9,60064.05101634118,102.76666666666667,14.8,5.2,73.45515,1749427,8973.32,118.96666666666667,162.4165,20.333333333333332,99.2,-4.866666666666666,81.67333333333333,83.82333333333332,77.38333333333334,71.11,80.94333333333333,124.259,0.0098,-0.5663765333333333,NA,NA,1.2066666666666666,1.1666666666666665,1.2066666666666666,153.4,128800.66666666667,6615,6045,7.980737430468543,51.7,101.7,82.4,-1.8,0.8745331265999999,104.19996666666667,-6.066666666666666,-3.9,-0.3666666666666667,-20.733333333333334,-2.6,62.06666666666666,47.5,3.3666666666666667,-8.333333333333334,-17.4,18.133333333333333,30.066666666666666,-75.9,-26.5,25.46666666666667,9.6,5.3,-9.166666666666666,25.666666666666668,50.699999999999996,27.8,32.9,5.6,18.9,40.7,1.3,0.1,-9.2,36.7,88.8,7.8,4.6,16.53333333333333,24.03333333333333,22.5,24.466666666666665,29.9,39.6,8.8,36.6,7.2,0.7,6.6,92.6,-11,-21.233333333333334,-9.366666666666667,-24.900000000000002,-3,47.56666666666666,18.633333333333333,25.8,2.3333333333333335,36.53333333333333,23.7,3.2666666666666666,0.7000000000000001,22.733333333333334,17.9,59.733333333333334,115.8,21.03333333333333,77.44666666666667,90.31460062662761,72.636073,0.02319778168964046,0.0619809,3788.5166829427085,4.366666666666666,1306.15,0
2022-01-01,103227.7,50121.1,21403.7,25935.3,57027.1,56176.9,3.6,61162.55010612851,105.5,10.9,4.666666666666667,73.97579,1787588,9001.03,118.46666666666667,165.1251,19.866666666666667,99.63333333333333,-7.233333333333333,83.28999999999999,84.44999999999999,79.49000000000001,79.63666666666667,82.1,126.986,0.48036666666666666,-0.5290258999999999,NA,NA,1.22,1.2,1.22,150.4,130062.66666666667,7541,7014,6.420296302121242,50.7,99.6,83.6,-5.2,0.8907364831,103.69696666666667,-13.266666666666666,-7.633333333333333,-7.633333333333333,-29.233333333333334,-18.46666666666667,68.7,51.5,9.1,-12.366666666666667,-19.233333333333334,18.266666666666666,29.133333333333333,-76,-25.8,24.1,10.633333333333333,5.133333333333334,-4.933333333333334,17.1,53.03333333333333,21.066666666666666,38.9,5.1,18.2,38.9,1.7,0.1,-6,23.6,88.4,6.3,5.5,13.733333333333334,18,16.733333333333334,23.46666666666667,39.06666666666666,39.8,13.1,31.8,4.5,1.2,9.3,90.3,-20.96666666666667,-22.733333333333334,-10.1,-23.5,1.3,51.766666666666666,23.366666666666667,30.6,2.2333333333333334,39.666666666666664,19.46666666666667,3.1,0.9333333333333333,24.7,15.066666666666666,66.66666666666667,109.5,16.133333333333333,94.45333333333333,224.59630839029947,18.905375799999998,0.12618233127513956,0.3056608,3328.693359375,3.3,1456.77,0
2022-04-01,105946,50709.8,21765,25133.8,58717.1,56257.5,3.7,59971.8273299088,106.63333333333334,6.7,4.466666666666667,74.24551,1808925,9040.77,112.23333333333333,165.1929,10.833333333333334,99.53333333333333,-6.433333333333334,86.17,86.30333333333333,83.61,88.51333333333334,83.12666666666667,125.557,1.6309,-0.3576164333333333,NA,NA,1.5,1.5166666666666666,1.5,148.1,132487.66666666666,8018,7570,4.011456974188743,50,98.1,82.7,0.8,0.9392376768,103.0387,-23.466666666666665,-14.533333333333333,-17.833333333333332,-38.666666666666664,-37.9,76.8,54.86666666666667,17.6,-21.5,-23.633333333333333,15.666666666666668,26.8,-76.1,-32.4,15.166666666666666,10.033333333333333,4.366666666666666,-2.1333333333333333,7.933333333333334,59.5,15.566666666666666,28.1,2.3,21.2,45,2.5,0.6,-7.5,17.6,88.7,3.8,0,13.766666666666667,21.533333333333335,9.533333333333333,21.96666666666667,52.233333333333334,36.1,8.5,36.1,12.8,1.7,6.2,91.8,-18.53333333333333,-21.066666666666666,-14.233333333333334,-21.833333333333332,-5.266666666666667,67.76666666666667,11.266666666666666,20.766666666666666,3.3333333333333335,29.3,43.233333333333334,2.8,1.1,17.233333333333334,4.466666666666667,74.9,102.9,14.933333333333334,108.72333333333333,154.70296732584634,39.514006333333334,0.24277724078972657,0.2398513,3077.9599609375,3.833333333333333,475.88,7.05
2022-07-01,106106.4,50924.2,21705.1,25168.7,59566,56682.7,3.3,63952.82117193324,106.06666666666666,-0.9333333333333335,4.866666666666667,73.88809,1800663,9073.25,110.23333333333333,161.1713,5.3,99.26666666666667,-16.2,88.18666666666667,87.17666666666666,86.41333333333333,98.18666666666667,84.8,126.913,1.9469333333333334,0.48074056666666665,NA,NA,1.9333333333333333,2.0433333333333334,1.9333333333333333,146.3,134812.66666666666,5674,5258,2.6220561729065173,49.3,96.9,81,-2.5,0.993248951,103.1459,-32.666666666666664,-23,-26.6,-47.5,-47.333333333333336,81.23333333333333,48.8,22.8,-32.300000000000004,-33.7,16.46666666666667,24.666666666666668,-83,-42.7,4.833333333333334,-2.9000000000000004,-8.700000000000001,3.3666666666666667,3.4333333333333336,46.5,11.533333333333333,33.7,4.6,24,33.1,2.9,0.6,-5.5,6.3,87.9,-0.2,-2.5,5.933333333333334,13.766666666666666,1.6333333333333333,19.933333333333334,53.56666666666666,39.7,6.5,39.4,9,0.9,4.4,93.2,-28.066666666666666,-18.666666666666664,-26.966666666666665,-39.16666666666667,-4.633333333333334,71.73333333333333,7.233333333333333,21.066666666666666,7.633333333333333,37.96666666666667,25.2,2.3333333333333335,2.3666666666666667,7.4,3.2666666666666666,60.9,92.7,7.1,93.18333333333334,127.34195200602214,-3.809590666666667,0.4304976179229049,0.3182686,2842.5400390625,4.066666666666666,210.93,21.93
2022-10-01,105837.6,50198.5,22158.7,25508.2,60445.2,56491.1,1.8,60606.95750039697,107.83333333333333,-7.633333333333334,4.933333333333334,73.95424,1811887,9096.43,105.23333333333333,154.5475,-0.2666666666666665,97.66666666666667,-14.3,90.72666666666666,89.73333333333333,89.21666666666667,101.25666666666666,86.02666666666667,129.943,2.7864,1.7721234000000001,NA,NA,2.81,3.05,2.81,143.8,135162.66666666666,3546,3326,1.2327155303992976,48.3,95.5,78.3,-3.2,0.9803069841333333,104.2994,-29.6,-23.666666666666668,-23.1,-45.13333333333333,-39.36666666666667,79.83333333333333,40.233333333333334,20.3,-35.06666666666666,-32.2,16.766666666666666,23.9,-78.5,-38.9,-2.2,-12.4,-17,8.633333333333333,-1.8666666666666667,44.06666666666666,6.1000000000000005,36,13.9,22,24.6,2.5,1.2,5.4,0.8,85.8,-3.5,-13,0.5,5.1,2.2666666666666666,16.566666666666666,54.4,39.3,12,34.5,5.8,2,5.7,93.1,-19,-12.1,-21.233333333333334,-35.93333333333333,-7.366666666666667,65.3,5.466666666666667,29.266666666666666,8.766666666666666,33.5,16.666666666666668,2.8333333333333335,2.6666666666666665,0.10000000000000003,-0.6000000000000002,59.93333333333333,88.73333333333333,2.6,82.78666666666666,123.69154612223308,-12.419121933333333,0.42511928074224864,0.2303263,3247.1966145833335,4.133333333333333,1140.39,0
2023-01-01,105663.4,50565.8,21580.2,25565.4,59978,55913.5,2.1,61185.401756789,108.83333333333333,-4.8,5,73.96913,1829742,9111.27,109.33333333333333,151.0834,0.7,96.6,-17.733333333333334,92.11333333333333,91.25,92.12333333333333,99.79333333333334,88.32333333333334,133.581,2.970333333333333,2.631926266666667,NA,NA,3.47,3.6633333333333336,3.47,140.4,133665,2720,2600,NA,46.5,93.9,79.9,-3.6,0.9321337562666667,104.78616666666666,-23.866666666666667,-23.133333333333333,-14.1,-41.333333333333336,-26.2,82.43333333333334,22.366666666666667,11.9,-36.1,-32.06666666666666,21.933333333333334,25.2,-82,-36.9,7.3,-13.233333333333333,-16.333333333333336,8.433333333333334,7.333333333333333,25.733333333333334,8.033333333333333,41.2,12.8,22.1,22.8,1.8,0.8,9.6,-4.2,87.1,-5.5,-9.6,11.466666666666667,7.8,6.5,18.433333333333334,45.3,38.7,9.9,38.5,4.4,2.6,4.9,92.4,-19.333333333333336,2.9605947323337506e-16,-27.1,-33.9,-2.1999999999999997,57.6,-0.5666666666666665,30.266666666666666,11.4,35.9,9.533333333333333,2.7333333333333334,2.2666666666666666,0.9666666666666667,0.4666666666666666,45.13333333333333,93.66666666666667,8.6,76.07666666666667,110.21379852294922,-59.524896999999996,0.2271929821890022,0.2940831,3338.3999837239585,6.066666666666666,1395.64,0
2023-04-01,104732.4,50568.1,21806.8,25064.1,58830,55362.7,1.3,60867.05969138685,107.43333333333334,-12.066666666666666,5,74.25356,1821870,9121.75,103.83333333333334,148.334,-5.533333333333333,95.8,-28.033333333333335,93.60333333333334,93.2,93.8,96.75,89.97999999999999,137.484,3.0351,3.3623450999999998,NA,NA,3.9,4.026666666666667,3.9,137.9,133074.66666666666,2996,2878,NA,45.7,92.2,78.1,-0.4,0.9185379611333333,105.57033333333332,-23.433333333333334,-22.3,-12.299999999999999,-43.46666666666667,-27.466666666666665,79.2,18.6,21.866666666666667,-40.63333333333333,-31.633333333333333,20.433333333333334,24.933333333333334,-80.3,-36.3,-10.100000000000001,-21.9,-24.96666666666667,13.033333333333333,-1.2333333333333332,6.033333333333333,-1.4000000000000001,50.2,17.4,18,12.5,0.7,0.3,10.1,-9.6,86.1,-3.5,-6.4,1.5666666666666669,6.233333333333333,7.966666666666667,14.9,33.96666666666667,41.9,16.9,32,2,2.6,6.3,91.3,-35.63333333333333,12.833333333333334,-36.766666666666666,-35.7,-4,38.4,-5.9,35.3,14.200000000000001,33.2,3.1,3.5666666666666664,5.433333333333334,-8.666666666666666,-2.3333333333333335,20.033333333333335,88.6,5.266666666666667,73.76,108.60209401448567,-26.77819,0.17715312243456496,0.5103343,3147.8333333333335,8.833333333333334,573.5699999999999,5.26
2023-07-01,104277.9,50042.1,21955.4,24546.7,58269.2,52871.9,0,61283.33577727009,105.53333333333333,-16.733333333333334,5.4,74.09891,1825323,9136.69,94.56666666666666,146.5346,-10.933333333333334,95.96666666666667,-26.5,94.12,93.54666666666667,94.76333333333334,98.04333333333334,91.45666666666666,139.329,3.199733333333333,3.7773871333333333,NA,NA,3.973333333333333,4.116666666666667,3.973333333333333,136.8,132510,2659,2541,NA,45.2,91.6,78.1,-0.9,0.9193362111666666,106.31436666666667,-22.8,-20.633333333333333,-9.799999999999999,-44.1,-28.133333333333333,75.9,14.833333333333334,28.866666666666667,-37.06666666666666,-32.56666666666666,20.566666666666666,23.666666666666668,-79.2,-37.4,-17.333333333333332,-32.1,-35.63333333333333,11.966666666666667,-6.066666666666666,-1.5333333333333334,-10.1,45.8,21.7,20.4,9.6,1.7,0.3,16.2,-21.1,84.6,-11.7,-15.3,-3.1,-4.666666666666667,2.4333333333333336,7.966666666666667,29.166666666666664,41.2,17.8,31.5,1.1,4.7,4,90.4,-36.46666666666667,16.633333333333333,-52.333333333333336,-26.333333333333332,-9.366666666666667,21.566666666666666,-12.533333333333333,32.766666666666666,21.033333333333335,30.666666666666668,1.3,3.7666666666666666,5.666666666666667,-14.6,-7.233333333333333,11.033333333333333,85,-1.7666666666666666,82.29666666666667,102.40825907389323,-37.40803,0.11497844114223046,0.2926116,3135.9366048177085,6.8,114.67,31.55
2023-10-01,103930.3,50133.1,21907.5,24778.8,58661.3,52827.7,-0.5,60776.59182665037,104.96666666666667,-18.733333333333334,5.166666666666667,74.12348,1794068,9153.2,95.2,143.1631,-10.5,94.53333333333333,-23.599999999999998,95.38333333333334,95.11,95.36333333333333,98.35666666666667,92.41666666666667,141.758,3.1255333333333333,3.9580558333333333,NA,NA,4.166666666666667,4.306666666666667,4.166666666666667,134.8,131834.66666666666,2531,2410,NA,44.6,90.2,77.7,-0.5,0.9293334415666666,107.04733333333334,-21.233333333333334,-19.633333333333333,-6.6,-47.333333333333336,-27.5,71.46666666666667,16.766666666666666,31.1,-34.53333333333333,-31.233333333333334,24.866666666666667,24.033333333333335,-81.6,-38.2,-19.566666666666666,-37.36666666666667,-38.4,14.8,-4,4.666666666666667,-15.833333333333332,47.7,31.1,11.3,9.5,1.2,0.5,24.5,-23.8,83.3,-10.8,-13.7,-6.733333333333333,-6.966666666666667,1.6,8.5,32.43333333333333,39.2,24,26.1,1.1,5,3.8,90.5,-25.599999999999998,17.066666666666666,-40.6,-28.133333333333333,-6.133333333333334,36.5,-12.466666666666667,35.766666666666666,22.466666666666665,21.7,0.8666666666666666,4.266666666666667,5.133333333333334,-15.266666666666667,-5.7,15.200000000000001,84.03333333333333,-4,78.41,165.6208699544271,17.390254433333336,0.1304839078354778,0.2254622,3394.07666015625,8.466666666666667,1124.98,0
2024-01-01,104106.1,50736.1,22359.3,24473.6,58734.3,52881.8,-1.2,62195.00922933142,101.83333333333333,-17.7,4.866666666666667,74.0918,1798938,9163.19,95.86666666666667,141.1147,-14.033333333333333,95.13333333333334,-18.1,95.91333333333334,95.84333333333333,96.06666666666666,96.75333333333333,94.26,146.986,2.8353333333333333,3.9238543999999997,NA,NA,4.05,4.053333333333333,4.05,134.6,130614.66666666667,2390,2254,NA,44,90.6,79.8,-4.4,0.9213149068333333,107.2341,-17.333333333333332,-13.033333333333333,-2.3333333333333335,-42.166666666666664,-23.233333333333334,66.86666666666666,13.966666666666667,35.06666666666667,-32.800000000000004,-30.766666666666666,26.53333333333333,26.5,-80.5,-39.7,-7.833333333333333,-35.233333333333334,-37,10.266666666666666,-7.5,6.6,-14.466666666666667,48.2,26.5,13.1,10.4,1.1,1.1,27.6,-18.5,84.1,-17.2,-19.7,1.5666666666666667,-2.5,5.6,8.6,23.633333333333333,44.9,22,19,0.6,4.6,8.2,89.1,-18.566666666666666,17.9,-36.5,-17.8,-4.466666666666667,36.93333333333333,-15.366666666666667,37.03333333333333,21.1,21.766666666666666,0.4,4.533333333333333,5.1,-17.433333333333334,-10.7,11.766666666666667,88.3,1.5333333333333332,77.56,146.72833251953125,12.644471366666666,0.09005275752056563,0.3017274,3481.4466145833335,6.1000000000000005,1273.68,0
2024-04-01,104016.2,50645.9,22488.8,24226.5,57463.3,52483.1,0.3,63205.400538117145,101.46666666666667,-18.533333333333335,5.133333333333334,74.13543,1802006,9171.27,93.86666666666667,140.1282,-12.933333333333334,95.36666666666666,-9.566666666666666,96.66,96.90666666666667,96.36666666666667,94.86666666666666,95.32,148.348,3.013533333333333,3.8075050333333333,NA,NA,3.9833333333333334,3.94,3.9833333333333334,133.2,129779.33333333333,3021,2885,NA,43.7,89.5,81.4,-2.2,0.9289777437333333,107.07496666666667,-13.533333333333333,-10.433333333333334,-0.6333333333333333,-37.833333333333336,-19.033333333333335,58.199999999999996,11.5,38.766666666666666,-27.333333333333332,-24.133333333333333,24.733333333333334,27.833333333333336,-79.8,-40.1,-15.166666666666668,-37.63333333333333,-39.46666666666667,10.8,-7.1,9.266666666666667,-12,46.8,27,13.9,8.6,1.9,0.9,19.6,-19.5,83.1,-14.6,-20,0.1333333333333334,3.0666666666666664,8.7,4.2,15.700000000000001,43,24.4,21.5,1.1,3.1,8.2,89.5,0.8333333333333331,15.366666666666667,-28.133333333333333,-14.266666666666667,-5.433333333333334,26.599999999999998,-13,39.8,24.8,24.4,0.26666666666666666,4.433333333333334,3.966666666666667,-21.333333333333332,-4.466666666666667,5.2,90.56666666666666,3.966666666666667,81.71333333333332,135.8540013631185,6.146638776666666,0.08108794674887944,0.3100775,3666.2933756510415,6.2333333333333325,435.4,6.8
2024-07-01,104209,51054.1,22817.3,24270.6,57141,52898.2,0,63816.63391405485,102.26666666666667,-21.733333333333334,5.333333333333333,74.00833,1786608,9183.02,89.6,139.9646,-16.066666666666666,96.7,-23.533333333333335,96.36,96.84333333333333,96.31666666666666,91.69333333333334,96.30333333333334,149.164,2.8099,3.5553771,NA,NA,3.9066666666666667,3.84,3.9066666666666667,132.5,129749,3296,3123,NA,43.4,89.1,81.5,-2.8,0.9099683138666667,106.55053333333333,-13.766666666666667,-7.666666666666667,-1.3,-39.333333333333336,-20.733333333333334,51.06666666666666,13.366666666666667,39.3,-26.8,-25.333333333333332,28.3,28.666666666666664,-81.2,-34.7,-16.3,-42.5,-43.1,14.266666666666666,-8.5,2.6333333333333333,-17.5,49.2,30.9,9.7,8.2,0.8,0.7,28.4,-21.5,81.6,-19.4,-17.4,-2.666666666666667,0.6333333333333335,8.533333333333333,4.066666666666666,13.566666666666666,43.2,27.8,17.3,1,3.6,6.7,88.1,-27.433333333333334,21.3,-41.1,-21.8,-10.9,21.633333333333333,-11.233333333333334,40.93333333333333,31.03333333333333,17.133333333333333,0.16666666666666669,4.6,3.4333333333333336,-23.733333333333334,-8.366666666666667,5.8,87.46666666666667,2.2,76.24,121.24290720621745,7.2810304,0.09157852009781357,0.2950941,3637.25,5.566666666666666,164.76999999999998,48.82
2024-10-01,104249.7,51445.9,22953.4,24512.3,56687.5,52485.7,-0.2,63965.61653889496,100.13333333333333,-20.933333333333334,5.366666666666666,74.12212,1822633,9194.18,92.36666666666666,138.9802,-13.933333333333334,97.63333333333334,-13.7,97.25,98.2,97.4,88.32333333333334,97,151.467,2.7120666666666664,2.9993235333333335,NA,NA,3.6433333333333335,3.5766666666666667,3.6433333333333335,131.1,129775,3235,3071,NA,42.9,88.2,80,-3.2,0.938207141,106.52143333333333,-17.733333333333334,-9.066666666666666,-5.033333333333333,-47.46666666666667,-30.2,46.03333333333333,22.166666666666668,43.733333333333334,-25.033333333333335,-26.533333333333335,29.466666666666665,30.5,-79.7,-37.2,-20.3,-42.7,-43.36666666666667,16.733333333333334,-3.3666666666666667,5.3,-14.533333333333333,47.9,37.4,7.9,6.1,1.2,1.1,30.6,-18.1,82.4,-21.5,-24.8,-1.9,1.2666666666666666,8.299999999999999,6.3,15.666666666666666,42.9,26.5,18.2,1,4.2,6.7,89.3,-11.466666666666667,9.966666666666667,-29.299999999999997,-19.633333333333333,-9.933333333333334,25.2,-10.466666666666667,34,30.766666666666666,19.566666666666666,0.16666666666666669,4.366666666666666,4.966666666666667,-22.166666666666668,-5.7333333333333325,5.833333333333333,87.06666666666666,2.566666666666667,70.68666666666667,133.9857635498047,-20.779446533333335,0.08398735238323649,0.2300614,3688.8899739583335,5.766666666666667,1214.08,0
2025-01-01,104487.2,51076.4,23007.7,24375.3,57925,53482,0.1,63042.56953132055,103.06666666666666,-17.2,5.466666666666667,74.17976,1817138,9198.11,94.5,137.3581,-17.433333333333334,97.13333333333333,-7.633333333333333,99.09,98.89333333333333,98.57333333333334,102.00333333333333,98.56333333333333,151.522,2.9720666666666666,2.5572171,NA,NA,3.4433333333333334,3.3966666666666665,3.4433333333333334,129.7,129281.33333333333,3842,3659,NA,42.4,87.3,82.9,-5.5,0.9500645928333333,107.6064,-18.3,-9.966666666666667,-6.966666666666667,-50.4,-32.43333333333334,50.5,29.7,48.4,-26.533333333333335,-23.833333333333332,29.133333333333336,28.3,-78,-38.8,-15.933333333333334,-40.6,-43.53333333333333,10.033333333333333,-1.0000000000000002,5.9,-17.900000000000002,46.7,38.6,7.2,5.1,1.6,0.6,33.2,-10.2,81.9,-18.8,-21.4,4.833333333333333,3.7333333333333334,5.6,1.1666666666666667,17.46666666666667,45.5,23.2,18.9,0.9,4.4,6.6,89.3,1.5,8.233333333333334,-14.633333333333333,-16.166666666666668,4.033333333333333,30.8,-6.533333333333333,37.266666666666666,26.433333333333334,19.166666666666668,0.3,3.966666666666667,4.833333333333333,-25.133333333333333,-9.733333333333334,3.0666666666666664,90.16666666666667,4.733333333333333,71.83666666666666,142.03828938802084,-47.775712999999996,0.08802361375824383,0.3432592,4107.896728515625,3.1,1419.5900000000001,0
2025-04-01,104744.6,51283,23253.8,24754.3,58268.7,54082.7,0,62538.04817828795,102.86666666666666,-14.6,5.733333333333333,74.40485,1807646,9198.78,94.23333333333333,135.9089,-17.7,97.3,-3.7666666666666666,99.70666666666666,99.72333333333333,99.79,99.23666666666666,99.45333333333333,153.099,2.9687666666666668,2.1067523666666665,NA,NA,3.4033333333333333,3.39,3.4033333333333333,128.4,129520,4480,4255,NA,42.1,86.3,81.9,-2,0.8813586147,108.5847,-19.3,-9.166666666666666,-8.033333333333333,-50.4,-32.3,53.166666666666664,28.233333333333334,44.166666666666664,-23.366666666666667,-27.666666666666668,24.4,30.2,-83.1,-38.5,-1.633333333333333,-37.666666666666664,-39.8,10.066666666666666,3.966666666666667,4.966666666666667,-10.933333333333334,52,31.8,7.9,3.9,2.1,1.4,31.4,-4.7,82.7,-15.7,-20,3.433333333333333,4.733333333333333,5.666666666666667,1.0666666666666667,15.066666666666666,44.2,28.2,16.7,1,4.3,6.9,88.6,1.4666666666666666,8.4,-9.166666666666666,-4.433333333333334,0.1333333333333334,28.233333333333334,-7.233333333333333,38.166666666666664,29.466666666666665,23.7,0.23333333333333334,3.5666666666666664,3.6,-25.333333333333332,-10.066666666666666,2.833333333333333,90.93333333333334,4.6,64.62666666666667,176.84483846028647,-18.1402675,0.1038182210329017,0.6468828,4459.490071614583,4.666666666666666,458.96000000000004,9.34
2025-07-01,105203.2,51043.2,23189.4,25032.2,58748.8,54481.1,0.2,62064.655719321454,103.56666666666666,-16.1,5.733333333333333,74.27264,1809534,9206.12,93.96666666666667,136.7011,-18.166666666666668,97.03333333333333,-2.566666666666667,100.12666666666667,100.06333333333333,100.71333333333334,99.52333333333334,100.61333333333333,153.659,3.0211333333333332,2.0115719,NA,NA,3.36,3.3666666666666667,3.36,127.5,130353,4787,4463,NA,41.9,85.6,83.3,-1.7,0.8557902660333333,109.04123333333334,-16.6,-9.133333333333333,-4.833333333333333,-44.46666666666667,-26.3,58.233333333333334,28.799999999999997,39.6,-23.6,-26.166666666666668,16.96666666666667,26.766666666666666,-74.7,-40.8,-7.1,-38.86666666666667,-42,9.533333333333333,0.1333333333333333,4.233333333333333,-11.9,51.9,28.7,8.6,7.7,1.7,0.8,25.5,-2.1,82.4,-13.3,-17.9,1.7,8.466666666666667,7.666666666666666,6.266666666666667,13.7,48.7,23.3,16.3,1.1,3.8,6.6,89.2,0.10000000000000009,6,-12.766666666666666,-1.9,-6.733333333333333,36.36666666666667,-9.233333333333333,37.36666666666667,31.266666666666666,20.733333333333334,0.5666666666666667,3,3.3333333333333335,-25.5,-10.9,4.866666666666667,91.63333333333333,5.933333333333334,65.73666666666666,132.44864400227866,12.211919933333334,0.0175341279128462,1.064585,4686.176595052083,6.8999999999999995,174.81,16.04
2025-10-01,105411.9,51397.7,23107.8,24821.9,58695.1,54882.3,0.9,63094.010153782576,103.8,-13.466666666666667,5.866666666666667,74.52576,1825195,9214.83,92.86666666666666,136.5423,-15.933333333333334,96.76666666666667,-5.466666666666667,101.08,101.32333333333334,100.92666666666666,99.24,101.37,155.02,3.0010333333333334,2.041504466666667,NA,NA,3.3766666666666665,3.39,3.3766666666666665,125.2,131179,4616,4317,NA,41.5,83.7,81.3,-1.2,0.8592611594333334,109.2988,-17.166666666666668,-12.433333333333334,-6.433333333333334,-47.4,-24.966666666666665,61.666666666666664,29.833333333333332,42.63333333333333,-23,-24.7,15.833333333333334,25.3,-74.5,-39.4,-2.9,-35.333333333333336,-37.4,9.700000000000001,4.7,5.566666666666666,-9.9,50.6,27.5,9.3,9.7,2.9,1.2,25.2,1.7,82.2,-16.1,-21.1,5.466666666666667,6.733333333333333,12.233333333333333,2.3666666666666667,23.133333333333333,47.6,24.8,15.3,1,4.1,6.5,89.4,-4.233333333333333,9.033333333333333,-11.266666666666666,-3.1333333333333333,-5.533333333333333,35.233333333333334,-7.133333333333333,36.43333333333333,31.666666666666664,20.46666666666667,0.7666666666666667,2.8333333333333335,3.7,-24.066666666666666,-7.8,6.733333333333333,93.16666666666667,8.166666666666668,59.64,130.31853739420572,21.328562666666667,0.004845593867758285,0.6812652,5313.666666666667,4.966666666666667,1285.83,0
2026-01-01,105707.4,51497.5,23432.2,24788.8,58691.9,54774,0.4,61339.76848987164,103.7,-13.133333333333333,5.733333333333333,74.60428,1805404,9216.74,93.03333333333333,137.2481,-21.266666666666666,97.33333333333333,-1.2666666666666666,101.58333333333334,101.75333333333333,100.76333333333334,101.16666666666667,102.78999999999999,153.278,3.1271999999999998,2.0494788,NA,NA,3.436666666666667,3.46,3.436666666666667,126.5,131339.33333333334,4251,4038,NA,41.3,85.2,83.3,-4.1,0.8544349091,109.26516666666666,-17.400000000000002,-12.333333333333334,-7.2,-38.300000000000004,-24.666666666666668,52.4,25.633333333333333,37.733333333333334,-23.633333333333333,-25.4,13.433333333333334,25.866666666666667,-79.7,-47.8,2.533333333333333,-33.86666666666667,-35.96666666666667,9.333333333333334,3.9,9.766666666666667,-10,53.3,30.5,7.7,5.2,2.4,0.8,28,0.9,82.8,-13.6,-17.9,8.766666666666667,8.3,9.833333333333334,2.2,20.400000000000002,49.8,23,16.2,1.1,3.3,6.1,89.9,6.133333333333334,11.6,-14.7,1.7333333333333332,-3.1666666666666665,29.2,-7.066666666666666,35.166666666666664,20.866666666666667,19.466666666666665,1.1,3.1666666666666665,7.066666666666666,-26.2,-16.3,3.6666666666666665,93.23333333333333,9,71.97666666666666,206.60311126708984,10.371620466666666,0.017478035454178607,0.8976661,5613.216796875,11.033333333333333,1648.79275703777,0
2026-04-01,105567.5,51460.4,23386.6,24945.7,59583.7,55043,-0.3,NA,103,-12.866666666666667,5.9,74.4635,1808428,9217.55,87.73333333333333,NA,-21.933333333333334,97.5,-9.666666666666666,103.12666666666667,102.92999999999999,101.63333333333333,107.63666666666667,103.98666666666666,155.329,3.2695333333333334,2.2468,NA,NA,3.51,3.5300000000000002,3.51,NA,132278,5679,5443,NA,NA,NA,NA,NA,0.8597848124030303,108.17483333333332,-21.733333333333334,-14.166666666666666,-10.5,-43.96666666666667,-35.53333333333333,56.333333333333336,36.36666666666667,45,-27.366666666666667,-26.633333333333333,13.6,25.633333333333333,-78.6,-51.2,5.2,-33.5,-38.766666666666666,9.2,4.166666666666667,24.633333333333333,-11.466666666666667,48.8,28.7,7.4,11,2.1,1.2,22.6,2.7,84.1,-7.9,-12.8,-1.5333333333333334,-0.2000000000000001,0.6000000000000001,-3.8,27.266666666666666,49.5,24.1,13.2,1.1,4.4,9.3,89.5,-6.566666666666667,11.733333333333333,-16.46666666666667,-10.7,-6.166666666666667,41.53333333333333,-5.7,34.86666666666667,28.366666666666667,17.233333333333334,2.2,5.4,8.966666666666667,-29.433333333333334,-14.466666666666667,24.8,88.76666666666667,-0.4,95.75333333333333,209.45067850748697,43.523723000000004,0.010017092077928799,1.106093,6356.996744791667,4.6,309.79877656603395,33.41127926458229
2026-07-01,NA,NA,NA,NA,NA,NA,NA,NA,103.6,-11.066666666666666,6.45,NA,NA,NA,90.26666666666667,NA,-14.066666666666666,97.65,-5.966666666666667,103.18333333333334,102.95333333333333,100.435,109.7,104.95333333333333,NA,3.3682,2.5245265666666667,NA,NA,3.575,3.615,3.575,NA,133008.5,NA,NA,NA,NA,NA,NA,NA,0.8690299585921325,107.84694999999999,-18.833333333333332,-12.733333333333333,-7.033333333333333,-43.9,-30.233333333333334,53.13333333333333,26.733333333333334,40.833333333333336,-26.6,-25.366666666666667,14.7,27.099999999999998,-83.7,-42,5.633333333333334,-31.333333333333332,-33.06666666666667,7.9,6,15.866666666666667,-7.9,54.5,24,10.3,7.3,3,0.2,21,8.2,83.9,-5.6,-15.9,-0.36666666666666664,2.6333333333333333,5.8999999999999995,-3.0666666666666664,24.966666666666665,47.9,24.7,13,1.1,2.3,10.9,89.3,-5,13.8,-15.333333333333334,0.7666666666666667,-5.633333333333333,33.733333333333334,-1.1666666666666665,35.233333333333334,25.966666666666665,20.7,1.6,5.6,7.6,-24.4,-3.7666666666666666,16.066666666666666,92.2,2.7333333333333334,82.18,146.56607055664063,44.83344,0.005114232437484647,NA,6780.830078125,5.1,44.37247839086178,53.91029152475478
2026-10-01,NA,NA,NA,NA,NA,NA,NA,NA,NA,NA,NA,NA,NA,NA,NA,NA,NA,NA,NA,NA,NA,NA,NA,NA,NA,NA,NA,NA,NA,NA,NA,NA,NA,NA,NA,NA,NA,NA,NA,NA,NA,NA,NA,NA,NA,NA,NA,NA,NA,NA,NA,NA,NA,NA,NA,NA,NA,NA,NA,NA,NA,NA,NA,NA,NA,NA,NA,NA,NA,NA,NA,NA,NA,NA,NA,NA,NA,NA,NA,NA,NA,NA,NA,NA,NA,NA,NA,NA,NA,NA,NA,NA,NA,NA,NA,NA,NA,NA,NA,NA,NA,NA,NA,NA,NA,NA,NA,NA,NA,NA,6718.25,NA,NA,NA
