date,industrial_production,industrial_confidence,unemployment_rate,employment_expectations,construction_confidence,retail_sales_volume,retail_confidence,cpi_index,core_cpi_index,food_price_index,energy_price_index,services_price_index,long_term_rate,short_term_rate,mortgage_rate,household_mortgage_loans,fx_rate_to_usd,real_effective_exchange_rate,consumer_confidence,economic_sentiment_indicator,services_confidence,oil_price,geopolitical_risk,global_activity,financial_stress,share_price_index,construction_weather_constraint
1960-01-01,29.202857092429507,NA,NA,NA,NA,32.321075984487486,NA,NA,NA,NA,NA,NA,6.5,4.36,NA,NA,2.13260354938824,NA,NA,NA,NA,2.97,NA,NA,NA,9.31479,NA
1960-02-01,29.033302204158417,NA,NA,NA,NA,31.86691504801301,NA,NA,NA,NA,NA,NA,6.4,4.47,NA,NA,2.1324245972298206,NA,NA,NA,NA,2.97,NA,NA,NA,9.36569,NA
1960-03-01,29.44525731273893,NA,NA,NA,NA,31.10997408566646,NA,NA,NA,NA,NA,NA,6.4,4.71,NA,NA,2.1323376776100167,NA,NA,NA,NA,2.97,NA,NA,NA,9.202808,NA
1960-04-01,30.108105248103758,NA,NA,NA,NA,34.13771062805175,NA,NA,NA,NA,NA,NA,6.4,4.59,NA,NA,2.1323376776100167,NA,NA,NA,NA,2.97,NA,NA,NA,9.498032,NA
1960-05-01,29.73245603220338,NA,NA,NA,NA,33.6835587939109,NA,NA,NA,NA,NA,NA,6.4,4.64,NA,NA,2.1323376776100167,NA,NA,NA,NA,2.97,NA,NA,NA,10.09866,NA
1960-06-01,29.88771149432238,NA,NA,NA,NA,33.60786378744288,NA,NA,NA,NA,NA,NA,6.6,5.25,NA,NA,2.1321587254515992,NA,NA,NA,NA,2.97,NA,NA,NA,11.52387,NA
1960-07-01,30.98873546075894,NA,NA,NA,NA,33.8349397045133,NA,NA,NA,NA,NA,NA,6.7,5.58,NA,NA,2.132250757990214,NA,NA,NA,NA,2.97,NA,NA,NA,12.36882,NA
1960-08-01,30.39245894439912,NA,NA,NA,NA,33.6835587939109,NA,NA,NA,NA,NA,NA,6.5,5.44,NA,NA,2.1323376776100167,NA,NA,NA,NA,2.97,NA,NA,NA,13.39701,NA
1960-09-01,30.914658700781747,NA,NA,NA,NA,33.98632971744934,NA,NA,NA,NA,NA,NA,6.5,5.61,NA,NA,2.1323376776100167,NA,NA,NA,NA,2.97,NA,NA,NA,13.40719,NA
1960-10-01,31.57652998640196,NA,NA,NA,NA,35.34880342453913,NA,NA,NA,NA,NA,NA,6.3,6.1,NA,NA,2.1332273254832987,NA,NA,NA,NA,2.97,NA,NA,NA,12.62332,NA
1960-11-01,31.32972422648369,NA,NA,NA,NA,34.59187156452622,NA,NA,NA,NA,NA,NA,6.2,5.38,NA,NA,2.1327825015466586,NA,NA,NA,NA,2.97,NA,NA,NA,12.379,NA
1960-12-01,31.76937584793043,NA,NA,NA,NA,34.516176558058206,NA,NA,NA,NA,NA,NA,6.2,5.06,NA,NA,2.1327825015466586,NA,NA,NA,NA,2.97,NA,NA,NA,12.09396,NA
1961-01-01,32.19590639237347,NA,NA,NA,NA,34.062024723917354,NA,NA,NA,NA,NA,NA,6.1,4.66,NA,NA,2.1332273254832987,NA,NA,NA,NA,2.97,NA,NA,NA,11.9718,NA
1961-02-01,32.38643801863753,NA,NA,NA,NA,34.97033749453267,NA,NA,NA,NA,NA,NA,6,4.13,NA,NA,2.1334062776417166,NA,NA,NA,NA,2.97,NA,NA,NA,11.85981,NA
1961-03-01,32.69699140590791,NA,NA,NA,NA,35.19742251393673,NA,NA,NA,NA,NA,NA,5.9,3.73,NA,NA,2.043531390765046,NA,NA,NA,NA,2.97,NA,NA,NA,11.73765,NA
1961-04-01,32.68609963810387,NA,NA,NA,NA,34.13771062805175,NA,NA,NA,NA,NA,NA,5.7,3.34,NA,NA,2.030145769315329,NA,NA,NA,NA,2.97,NA,NA,NA,11.9718,NA
1961-05-01,31.994153909804464,NA,NA,NA,NA,34.743261577462256,NA,NA,NA,NA,NA,NA,5.6,3.23,NA,NA,2.0302275760163204,NA,NA,NA,NA,2.97,NA,NA,NA,12.49098,NA
1961-06-01,31.995884278373726,NA,NA,NA,NA,34.743261577462256,NA,NA,NA,NA,NA,NA,5.6,3.13,NA,NA,2.0316796449589174,NA,NA,NA,NA,2.97,NA,NA,NA,12.56224,NA
1961-07-01,32.592797740219154,NA,NA,NA,NA,34.894642488064655,NA,NA,NA,NA,NA,NA,5.7,3.16,NA,NA,2.0348292029470865,NA,NA,NA,NA,2.97,NA,NA,NA,11.52387,NA
1961-08-01,32.34639537910844,NA,NA,NA,NA,36.03004938041765,NA,NA,NA,NA,NA,NA,5.9,3.09,NA,NA,2.0414095294580816,NA,NA,NA,NA,2.97,NA,NA,NA,10.98433,NA
1961-09-01,32.61340292667885,NA,NA,NA,NA,35.424498431007144,NA,NA,NA,NA,NA,NA,6,3.06,NA,NA,2.043613197466037,NA,NA,NA,NA,2.97,NA,NA,NA,10.47532,NA
1961-10-01,32.36210670108698,NA,NA,NA,NA,35.954354373949634,NA,NA,NA,NA,NA,NA,6,4.05,NA,NA,2.043858617569012,NA,NA,NA,NA,2.97,NA,NA,NA,10.66874,NA
1961-11-01,32.45636401720012,NA,NA,NA,NA,36.3328203039561,NA,NA,NA,NA,NA,NA,6,3.71,NA,NA,2.0462310118977625,NA,NA,NA,NA,2.97,NA,NA,NA,11.37117,NA
1961-12-01,33.18149460530014,NA,NA,NA,NA,36.711286233962554,NA,NA,NA,NA,NA,NA,6,3.83,NA,NA,2.044840297980908,NA,NA,NA,NA,2.97,NA,NA,NA,10.99451,NA
1962-01-01,34.62868782741113,NA,NA,NA,NA,37.92238813278357,NA,NA,NA,NA,NA,NA,5.9,2.93,NA,NA,2.042882050075927,NA,NA,NA,NA,2.97,NA,NA,NA,10.7909,NA
1962-02-01,34.56260473327843,NA,NA,NA,NA,38.75500589693087,NA,NA,NA,NA,NA,NA,5.7,2.94,NA,NA,2.044267651073969,NA,NA,NA,NA,2.97,NA,NA,NA,10.62802,NA
1962-03-01,34.56260473327843,NA,NA,NA,NA,37.84669312631555,NA,NA,NA,NA,NA,NA,5.6,3.02,NA,NA,2.044185844372977,NA,NA,NA,NA,2.97,NA,NA,NA,10.5364,NA
1962-04-01,34.0339187487006,NA,NA,NA,NA,40.11748870635429,NA,NA,NA,NA,NA,NA,5.6,3.08,NA,NA,2.0446766845789246,NA,NA,NA,NA,2.97,NA,NA,NA,10.1801,NA
1962-05-01,35.09128010209815,NA,NA,NA,NA,37.695303113379516,NA,NA,NA,NA,NA,NA,5.8,3.08,NA,NA,2.0444312644759512,NA,NA,NA,NA,2.97,NA,NA,NA,9.39623,NA
1962-06-01,35.09128010209815,NA,NA,NA,NA,40.193183712822304,NA,NA,NA,NA,NA,NA,5.9,3.13,NA,NA,2.0419821763650217,NA,NA,NA,NA,2.97,NA,NA,NA,8.541102,NA
1962-07-01,35.15737381198895,NA,NA,NA,NA,38.60362498632846,NA,NA,NA,NA,NA,NA,5.9,3.29,NA,NA,2.038321326495657,NA,NA,NA,NA,2.97,NA,NA,NA,8.27642,NA
1962-08-01,36.67733805583162,NA,NA,NA,NA,39.20916683340534,NA,NA,NA,NA,NA,NA,6,3.26,NA,NA,2.043531390765046,NA,NA,NA,NA,2.97,NA,NA,NA,7.950656,NA
1962-09-01,35.81822598483218,NA,NA,NA,NA,39.51193775694378,NA,NA,NA,NA,NA,NA,6,3.2,NA,NA,2.04549475158884,NA,NA,NA,NA,2.97,NA,NA,NA,7.828495,NA
1962-10-01,35.223456906121655,NA,NA,NA,NA,39.360556846341375,NA,NA,NA,NA,NA,NA,6.2,4.45,NA,NA,2.048199485640368,NA,NA,NA,NA,2.97,NA,NA,NA,7.176969,NA
1962-11-01,35.95039217309758,NA,NA,NA,NA,39.81471778281585,NA,NA,NA,NA,NA,NA,6.2,4.33,NA,NA,2.0495135057750407,NA,NA,NA,NA,2.97,NA,NA,NA,7.981196,NA
1962-12-01,35.025197007965446,NA,NA,NA,NA,40.420268732226354,NA,NA,NA,NA,NA,NA,6.1,4.35,NA,NA,2.042636629972953,NA,NA,NA,NA,2.97,NA,NA,NA,8.34768,NA
1963-01-01,35.15737381198895,NA,NA,NA,NA,39.96610779575188,NA,NA,NA,NA,NA,NA,6,3.29,NA,NA,2.0479540655373927,NA,NA,NA,NA,2.97,NA,NA,NA,8.042277,NA
1963-02-01,34.760854015676536,NA,NA,NA,NA,38.527929979860446,NA,NA,NA,NA,NA,NA,6,3.31,NA,NA,2.0463946252997447,NA,NA,NA,NA,2.97,NA,NA,NA,7.818315,NA
1963-03-01,35.61996608667597,NA,NA,NA,NA,40.11748870635429,NA,NA,NA,NA,NA,NA,6,3.53,NA,NA,2.043285970662072,NA,NA,NA,NA,2.97,NA,NA,NA,7.808135,NA
1963-04-01,35.95039217309758,NA,NA,NA,NA,39.663327769879814,NA,NA,NA,NA,NA,NA,6,3.56,NA,NA,2.0414913361590727,NA,NA,NA,NA,2.97,NA,NA,NA,8.001556,NA
1963-05-01,36.2147351653865,NA,NA,NA,NA,39.81471778281585,NA,NA,NA,NA,NA,NA,6.1,3.6,NA,NA,2.0378304862897085,NA,NA,NA,NA,2.97,NA,NA,NA,8.703983,NA
1963-06-01,35.88430907896488,NA,NA,NA,NA,39.43625185280939,NA,NA,NA,NA,NA,NA,6.1,3.83,NA,NA,2.0353149302342226,NA,NA,NA,NA,2.97,NA,NA,NA,8.846505,NA
1963-07-01,36.47907815767541,NA,NA,NA,NA,40.11748870635429,NA,NA,NA,NA,NA,NA,6.1,3.98,NA,NA,2.036291497727308,NA,NA,NA,NA,2.97,NA,NA,NA,8.805784,NA
1963-08-01,37.800782503361866,NA,NA,NA,NA,40.57164964282876,NA,NA,NA,NA,NA,NA,6.1,3.81,NA,NA,2.0369408384164274,NA,NA,NA,NA,2.97,NA,NA,NA,9.172268,NA
1963-09-01,36.74342114996432,NA,NA,NA,NA,39.96610779575188,NA,NA,NA,NA,NA,NA,6.1,3.75,NA,NA,2.0353149302342226,NA,NA,NA,NA,2.97,NA,NA,NA,9.42677,NA
1963-10-01,37.33819022867485,NA,NA,NA,NA,40.79873466223281,NA,NA,NA,NA,NA,NA,6.1,5.13,NA,NA,2.0340213617747964,NA,NA,NA,NA,2.97,NA,NA,NA,9.233349,NA
1963-11-01,37.60252260520566,NA,NA,NA,NA,41.02581057930323,NA,NA,NA,NA,NA,NA,6,5,NA,NA,2.0326459866143787,NA,NA,NA,NA,2.97,NA,NA,NA,8.968666,NA
1963-12-01,36.47907815767541,NA,NA,NA,NA,42.08552246518822,NA,NA,NA,NA,NA,NA,6,4.98,NA,NA,2.0317563387410966,NA,NA,NA,NA,2.97,NA,NA,NA,9.050107,NA
1964-01-01,38.19729168391619,NA,NA,NA,NA,41.934132452252186,NA,NA,NA,NA,NA,NA,5.9,3.33,NA,NA,2.0331317139015153,NA,NA,NA,NA,2.97,NA,NA,NA,9.579472,NA
1964-02-01,39.12248684904833,NA,NA,NA,NA,41.55566652224572,NA,NA,NA,NA,NA,NA,5.9,3.33,NA,NA,2.031434224855944,NA,NA,NA,NA,2.97,NA,NA,NA,9.844154,NA
1964-03-01,38.461634676205094,NA,NA,NA,NA,42.38829338872666,NA,NA,NA,NA,NA,NA,6,3.46,NA,NA,2.03191995214308,NA,NA,NA,NA,2.97,NA,NA,NA,10.24118,NA
1964-04-01,38.5277177703378,NA,NA,NA,NA,42.1612083693226,NA,NA,NA,NA,NA,NA,6.2,3.55,NA,NA,2.032160259327242,NA,NA,NA,NA,2.97,NA,NA,NA,10.19028,NA
1964-05-01,38.461634676205094,NA,NA,NA,NA,42.76675931873311,NA,NA,NA,NA,NA,NA,6.3,3.69,NA,NA,2.0322420660282337,NA,NA,NA,NA,2.97,NA,NA,NA,9.976496,NA
1964-06-01,39.12248684904833,NA,NA,NA,NA,42.312598382258635,NA,NA,NA,NA,NA,NA,6.3,3.75,NA,NA,2.0317563387410966,NA,NA,NA,NA,2.97,NA,NA,NA,9.803434,NA
1964-07-01,39.915515825915065,NA,NA,NA,NA,42.69106431226509,NA,NA,NA,NA,NA,NA,6.3,3.69,NA,NA,2.0322420660282337,NA,NA,NA,NA,2.92,NA,NA,NA,10.01722,NA
1964-08-01,39.58508973949344,NA,NA,NA,NA,42.53968340166269,NA,NA,NA,NA,NA,NA,6.3,3.91,NA,NA,2.032809600016362,NA,NA,NA,NA,2.92,NA,NA,NA,10.22082,NA
1964-09-01,39.65117283362615,NA,NA,NA,NA,42.69106431226509,NA,NA,NA,NA,NA,NA,6.4,4.08,NA,NA,2.0326459866143787,NA,NA,NA,NA,2.92,NA,NA,NA,10.29208,NA
1964-10-01,40.179848202445875,NA,NA,NA,NA,44.65908896876539,NA,NA,NA,NA,NA,NA,6.4,5.42,NA,NA,2.0323238727292248,NA,NA,NA,NA,2.92,NA,NA,NA,9.925595,NA
1964-11-01,40.113765108313174,NA,NA,NA,NA,44.96186899463746,NA,NA,NA,NA,NA,NA,6.4,5.5,NA,NA,2.0331317139015153,NA,NA,NA,NA,2.92,NA,NA,NA,9.579472,NA
1964-12-01,40.576367998758286,NA,NA,NA,NA,45.71880085465037,NA,NA,NA,NA,NA,NA,6.4,5.36,NA,NA,2.033049907200524,NA,NA,NA,NA,2.92,NA,NA,NA,9.620193,NA
1965-01-01,41.501563163890424,NA,NA,NA,NA,45.567410841714334,NA,NA,NA,NA,NA,NA,6.4,3.88,NA,NA,2.034184975176779,NA,NA,NA,NA,2.92,NA,NA,NA,9.579472,NA
1965-02-01,41.17113707746881,NA,NA,NA,NA,45.64310584818235,NA,NA,NA,NA,NA,NA,6.5,3.95,NA,NA,2.0340213617747964,NA,NA,NA,NA,2.92,NA,NA,NA,9.42677,NA
1965-03-01,41.10504336757801,NA,NA,NA,NA,44.58340306463101,NA,NA,NA,NA,NA,NA,6.5,4.28,NA,NA,2.0334538277866687,NA,NA,NA,NA,2.92,NA,NA,NA,9.223168,NA
1965-04-01,41.30330326573422,NA,NA,NA,NA,46.854198644669744,NA,NA,NA,NA,NA,NA,6.6,4.52,NA,NA,2.033049907200524,NA,NA,NA,NA,2.92,NA,NA,NA,9.192628,NA
1965-05-01,41.30330326573422,NA,NA,NA,NA,45.567410841714334,NA,NA,NA,NA,NA,NA,6.9,4.69,NA,NA,2.0372629523015804,NA,NA,NA,NA,2.92,NA,NA,NA,8.958486,NA
1965-06-01,40.972877179312604,NA,NA,NA,NA,46.77850363820173,NA,NA,NA,NA,NA,NA,7.1,4.8,NA,NA,2.0449221046819,NA,NA,NA,NA,2.92,NA,NA,NA,8.744704,NA
1965-07-01,41.17113707746881,NA,NA,NA,NA,47.38405458761223,NA,NA,NA,NA,NA,NA,7.2,5.08,NA,NA,2.0484449057433416,NA,NA,NA,NA,2.92,NA,NA,NA,8.632723,NA
1965-08-01,41.56764625802314,NA,NA,NA,NA,46.77850363820173,NA,NA,NA,NA,NA,NA,7.3,5.27,NA,NA,2.051487092436459,NA,NA,NA,NA,2.92,NA,NA,NA,8.765064,NA
1965-09-01,41.89807234444475,NA,NA,NA,NA,47.38405458761223,NA,NA,NA,NA,NA,NA,7.4,5.36,NA,NA,2.050582105806742,NA,NA,NA,NA,2.92,NA,NA,NA,8.775245,NA
1965-10-01,41.69981244628854,NA,NA,NA,NA,47.30835958114422,NA,NA,NA,NA,NA,NA,7.5,6.66,NA,NA,2.0477904521354113,NA,NA,NA,NA,2.92,NA,NA,NA,8.510562,NA
1965-11-01,41.43546945399963,NA,NA,NA,NA,47.081283664073794,NA,NA,NA,NA,NA,NA,7.5,6.58,NA,NA,2.045412944887848,NA,NA,NA,NA,2.92,NA,NA,NA,8.29678,NA
1965-12-01,42.426747713264476,NA,NA,NA,NA,46.24865679759286,NA,NA,NA,NA,NA,NA,7.7,6.55,NA,NA,2.0458219783928056,NA,NA,NA,NA,2.92,NA,NA,NA,8.174619,NA
1966-01-01,42.09632162684286,NA,NA,NA,NA,47.91391053055472,NA,NA,NA,NA,NA,NA,7.6,5.23,NA,NA,2.051241672333485,NA,NA,NA,NA,2.92,NA,NA,NA,8.439301,NA
1966-02-01,42.16241533673366,NA,NA,NA,NA,48.670842390567636,NA,NA,NA,NA,NA,NA,7.6,5.36,NA,NA,2.0530516455929195,NA,NA,NA,NA,2.92,NA,NA,NA,8.541102,NA
1966-03-01,43.021516791975,NA,NA,NA,NA,48.74653739703565,NA,NA,NA,NA,NA,NA,7.7,5.69,NA,NA,2.052228465664194,NA,NA,NA,NA,2.92,NA,NA,NA,8.418941,NA
1966-04-01,42.29458152499907,NA,NA,NA,NA,47.081283664073794,NA,NA,NA,NA,NA,NA,8,6.21,NA,NA,2.053215258994902,NA,NA,NA,NA,2.92,NA,NA,NA,8.194979,NA
1966-05-01,42.09632162684286,NA,NA,NA,NA,48.89791830763806,NA,NA,NA,NA,NA,NA,8.2,6.35,NA,NA,2.0538748255216457,NA,NA,NA,NA,2.92,NA,NA,NA,7.696154,NA
1966-06-01,42.625007611420685,NA,NA,NA,NA,48.06530054349076,NA,NA,NA,NA,NA,NA,8.4,6.81,NA,NA,2.048199485640368,NA,NA,NA,NA,2.92,NA,NA,NA,7.33985,NA
1966-07-01,42.16241533673366,NA,NA,NA,NA,49.200698333510125,NA,NA,NA,NA,NA,NA,8.6,6.89,NA,NA,2.0414095294580816,NA,NA,NA,NA,2.92,NA,NA,NA,6.912286,NA
1966-08-01,41.63372935215584,NA,NA,NA,NA,48.140986447625146,NA,NA,NA,NA,NA,NA,8.6,7,NA,NA,2.04059657536698,NA,NA,NA,NA,2.92,NA,NA,NA,6.953007,NA
1966-09-01,41.89807234444475,NA,NA,NA,NA,48.368071467029196,NA,NA,NA,NA,NA,NA,8.5,6.8,NA,NA,2.0395382011729035,NA,NA,NA,NA,2.97,NA,NA,NA,7.146429,NA
1966-10-01,41.36938635986693,NA,NA,NA,NA,48.140986447625146,NA,NA,NA,NA,NA,NA,8.4,7.88,NA,NA,2.036291497727308,NA,NA,NA,NA,2.97,NA,NA,NA,6.922466,NA
1966-11-01,40.8407109910472,NA,NA,NA,NA,47.2326645746762,NA,NA,NA,NA,NA,NA,8.2,7.73,NA,NA,2.032968100499532,NA,NA,NA,NA,2.97,NA,NA,NA,6.708684,NA
1966-12-01,40.906794085179904,NA,NA,NA,NA,46.70281773406734,NA,NA,NA,NA,NA,NA,7.7,7.57,NA,NA,2.031434224855944,NA,NA,NA,NA,2.97,NA,NA,NA,6.749405,NA
1967-01-01,40.179848202445875,NA,NA,NA,NA,49.95763019352304,NA,NA,NA,NA,NA,NA,7.5,5.69,NA,NA,2.033775941671822,NA,NA,NA,NA,2.97,NA,NA,NA,6.718864,NA
1967-02-01,39.717255927758856,NA,NA,NA,NA,48.59514738409961,NA,NA,NA,NA,NA,NA,7.4,5.56,NA,NA,2.031516031556935,NA,NA,NA,NA,3,NA,NA,NA,7.166789,NA
1967-03-01,39.45291293546994,NA,NA,NA,NA,47.38405458761223,NA,NA,NA,NA,NA,NA,7.2,5.04,NA,NA,2.0317563387410966,NA,NA,NA,NA,3,NA,NA,NA,7.29913,NA
1967-04-01,39.717255927758856,NA,NA,NA,NA,47.2326645746762,NA,NA,NA,NA,NA,NA,6.9,4.48,NA,NA,2.0315978382579263,NA,NA,NA,NA,3,NA,NA,NA,7.21769,NA
1967-05-01,39.12248684904833,NA,NA,NA,NA,47.45974959408025,NA,NA,NA,NA,NA,NA,6.9,3.69,NA,NA,2.0332135206025064,NA,NA,NA,NA,3,NA,NA,NA,7.075168,NA
1967-06-01,39.981598920047766,NA,NA,NA,NA,47.98960553702274,NA,NA,NA,NA,NA,NA,6.9,3.98,NA,NA,2.0352331235332315,NA,NA,NA,NA,3,NA,NA,NA,6.963187,NA
1967-07-01,41.03896027344531,NA,NA,NA,NA,48.44376647349721,NA,NA,NA,NA,NA,NA,6.9,3.51,NA,NA,2.04549475158884,NA,NA,NA,NA,3,NA,NA,NA,7.075168,NA
1967-08-01,40.179848202445875,NA,NA,NA,NA,48.82223240350367,NA,NA,NA,NA,NA,NA,6.8,3.56,NA,NA,2.0463946252997447,NA,NA,NA,NA,3.07,NA,NA,NA,7.950656,NA
1967-09-01,41.237220171601514,NA,NA,NA,NA,48.82223240350367,NA,NA,NA,NA,NA,NA,6.7,3.43,NA,NA,2.0461492051967713,NA,NA,NA,NA,3.07,NA,NA,NA,8.286599,NA
1967-10-01,41.69981244628854,NA,NA,NA,NA,47.68682551115067,NA,NA,NA,NA,NA,NA,6.7,4.2,NA,NA,2.04729449901065,NA,NA,NA,NA,3.07,NA,NA,NA,8.378221,NA
1967-11-01,42.09632162684286,NA,NA,NA,NA,47.45974959408025,NA,NA,NA,NA,NA,NA,6.8,4,NA,NA,2.0392927810699297,NA,NA,NA,NA,3.07,NA,NA,NA,8.765064,NA
1967-12-01,44.54148103581767,NA,NA,NA,NA,52.077044862959376,NA,NA,NA,NA,NA,NA,6.8,4.07,NA,NA,2.037508372404554,NA,NA,NA,NA,3.07,NA,NA,NA,8.938126,NA
1968-01-01,41.03896027344531,NA,NA,NA,NA,47.38405458761223,NA,NA,NA,NA,NA,NA,6.7,3.32,NA,NA,2.04729449901065,NA,NA,NA,NA,3.07,NA,-12.199591,NA,9.467491,NA
1968-02-01,41.96415543857745,NA,NA,NA,NA,47.98960553702274,NA,NA,NA,NA,NA,NA,6.7,3.45,NA,NA,2.0462310118977625,NA,NA,NA,NA,3.07,NA,-8.8787913,NA,9.508211,NA
1968-03-01,42.49284142315528,NA,NA,NA,NA,49.276384237644514,NA,NA,NA,NA,NA,NA,6.7,3.52,NA,NA,2.039701814574886,NA,NA,NA,NA,3.07,NA,-10.715197999999999,NA,9.498032,NA
1968-04-01,42.625007611420685,NA,NA,NA,NA,49.95763019352304,NA,NA,NA,NA,NA,NA,6.6,3.64,NA,NA,2.037590179105546,NA,NA,NA,NA,3.07,NA,-10.841311,NA,9.956136,NA
1968-05-01,43.748462674709025,NA,NA,NA,NA,49.42777425058055,NA,NA,NA,NA,NA,NA,6.4,3.68,NA,NA,2.0354785436362057,NA,NA,NA,NA,3.07,NA,-10.108204,NA,10.01722,NA
1968-06-01,44.47539794168496,NA,NA,NA,NA,50.86595206647198,NA,NA,NA,NA,NA,NA,6.4,3.72,NA,NA,2.0425548232719613,NA,NA,NA,NA,3.07,NA,-7.1595714,NA,10.22082,NA
1968-07-01,43.88062886297443,NA,NA,NA,NA,49.73054517411899,NA,NA,NA,NA,NA,NA,6.4,3.59,NA,NA,2.0496771191770247,NA,NA,NA,NA,3.07,NA,-11.789313,NA,10.35316,NA
1968-08-01,46.85446364076897,NA,NA,NA,NA,52.00134985649135,NA,NA,NA,NA,NA,NA,6.3,3.55,NA,NA,2.051814319240425,NA,NA,NA,NA,3.07,NA,-15.41956,NA,10.47532,NA
1968-09-01,46.127528373793034,NA,NA,NA,NA,51.395798907080845,NA,NA,NA,NA,NA,NA,6.3,3.54,NA,NA,2.0316796449589174,NA,NA,NA,NA,3.07,NA,-14.650964,NA,10.34298,NA
1968-10-01,46.25969456205844,NA,NA,NA,NA,51.093027983542406,NA,NA,NA,NA,NA,NA,6.3,4.75,NA,NA,2.0353967369352146,NA,NA,NA,NA,3.07,NA,-19.579799,NA,10.4855,NA
1968-11-01,47.845741900033815,NA,NA,NA,NA,52.22843487589541,NA,NA,NA,NA,NA,NA,6.3,4.5,NA,NA,2.03272779331537,NA,NA,NA,NA,3.07,NA,-8.3317446,NA,10.27172,NA
1968-12-01,47.581398907744905,NA,NA,NA,NA,52.83397672297228,NA,NA,NA,NA,NA,NA,6.3,4.44,NA,NA,2.0425548232719613,NA,NA,NA,NA,3.07,NA,-16.013851,NA,10.05794,NA
1969-01-01,48.110084892322725,NA,NA,NA,NA,52.606900805901866,NA,NA,NA,NA,NA,NA,6.3,3.87,NA,NA,2.0469672722066847,NA,NA,NA,NA,3.07,NA,-18.376633000000002,NA,10.34298,NA
1969-02-01,48.37442788461164,NA,NA,NA,NA,52.22843487589541,NA,NA,NA,NA,NA,NA,6.3,3.91,NA,NA,2.0549485384721566,NA,NA,NA,NA,3.07,NA,-17.586362,NA,10.49568,NA
1969-03-01,48.90310325343136,NA,NA,NA,NA,53.817993602389244,NA,NA,NA,NA,NA,NA,6.4,4.21,NA,NA,2.05511215187414,NA,NA,NA,NA,3.25,NA,-16.47009,NA,10.50586,NA
1969-04-01,49.23352933985298,NA,NA,NA,NA,52.077044862959376,NA,NA,NA,NA,NA,NA,6.5,4.4,NA,NA,2.0513234790344765,NA,NA,NA,NA,3.35,NA,-22.313468,NA,10.49568,NA
1969-05-01,49.8282984185635,NA,NA,NA,NA,54.57492546240216,NA,NA,NA,NA,NA,NA,6.5,4.38,NA,NA,2.0398654279768693,NA,NA,NA,NA,3.35,NA,-27.209165,NA,10.95378,NA
1969-06-01,50.356984403141325,NA,NA,NA,NA,54.499230455934146,NA,NA,NA,NA,NA,NA,6.7,5.5,NA,NA,2.0458219783928056,NA,NA,NA,NA,3.35,NA,-18.239498,NA,11.03523,NA
1969-07-01,50.22481821487592,NA,NA,NA,NA,55.029086398876636,NA,NA,NA,NA,NA,NA,6.9,5.78,NA,NA,2.045003911382892,NA,NA,NA,NA,3.35,NA,-26.030248,NA,10.54658,NA
1969-08-01,51.612605654695074,NA,NA,NA,NA,56.54295011890246,NA,NA,NA,NA,NA,NA,6.9,6.5,NA,NA,2.038398020277836,NA,NA,NA,NA,3.35,NA,-21.440912,NA,10.93342,NA
1969-09-01,51.15001338000806,NA,NA,NA,NA,55.78601825888954,NA,NA,NA,NA,NA,NA,7.2,6.94,NA,NA,2.026040095509324,NA,NA,NA,NA,3.35,NA,-13.882772,NA,11.00469,NA
1969-10-01,51.81086555285128,NA,NA,NA,NA,56.164484188896,NA,NA,NA,NA,NA,NA,7.4,7.42,NA,NA,1.9077322671193304,NA,NA,NA,NA,3.35,NA,-6.1208353,NA,11.43225,NA
1969-11-01,52.60388391395992,NA,NA,NA,NA,57.37557698538339,NA,NA,NA,NA,NA,NA,7.4,7.69,NA,NA,1.8866159124259267,NA,NA,NA,NA,3.35,NA,-0.42812575,NA,12.00234,NA
1969-12-01,52.20737473340561,NA,NA,NA,NA,57.299891081249,NA,NA,NA,NA,NA,NA,7.6,8.83,NA,NA,1.8845298415506464,NA,NA,NA,NA,3.35,NA,4.2239406,NA,11.62567,NA
1970-01-01,52.33954092167101,NA,NA,NA,NA,54.7263154753382,NA,NA,NA,NA,NA,NA,7.6,9.29,NA,NA,1.8848775200298595,109.25,NA,NA,NA,3.35,NA,25.753739,NA,11.17775,NA
1970-02-01,53.066486804405045,NA,NA,NA,NA,55.33185732241507,NA,NA,NA,NA,NA,NA,7.8,9.51,NA,NA,1.8860023621684912,108.9905,NA,NA,NA,3.35,NA,40.001692,NA,10.85001,NA
1970-03-01,53.264736086803154,NA,NA,NA,NA,56.61864512537048,NA,NA,NA,NA,NA,NA,8.1,9.81,NA,NA,1.87802620882183,109.2656,NA,NA,NA,3.35,NA,54.082589,NA,10.59168,NA
1970-04-01,53.793422071380974,NA,NA,NA,NA,57.67835701125546,NA,NA,NA,NA,NA,NA,8.1,9.86,NA,NA,1.8620227729403884,110.0902,NA,NA,NA,3.35,NA,55.393468,NA,10.67265,NA
1970-05-01,54.18993125193529,NA,NA,NA,NA,58.96513571187724,NA,NA,NA,NA,NA,NA,8.4,9.93,NA,NA,1.8576767919502208,109.9841,NA,NA,NA,3.35,NA,56.938453,NA,9.56027,NA
1970-06-01,53.661255883115565,NA,NA,NA,NA,59.19222073128128,NA,NA,NA,NA,NA,NA,8.7,9.88,NA,NA,1.8573700168215028,109.9161,NA,NA,NA,3.35,NA,52.436691,NA,9.188193,NA
1970-07-01,54.32210805595879,NA,NA,NA,NA,60.25193261716626,NA,NA,NA,NA,NA,NA,8.7,9.59,NA,NA,1.856756466564068,109.3894,NA,NA,NA,3.31,NA,48.014618,NA,9.078305,NA
1970-08-01,53.462995984959356,NA,NA,NA,NA,59.72207667422377,NA,NA,NA,NA,NA,NA,8.4,9.16,NA,NA,1.856756466564068,109.1463,NA,NA,NA,3.31,NA,53.933279,NA,9.519786,NA
1970-09-01,53.198652992670446,NA,NA,NA,NA,59.343610744217315,NA,NA,NA,NA,NA,NA,8.5,9.36,NA,NA,1.856756466564068,108.581,NA,NA,NA,3.31,NA,59.256311,NA,9.215183,NA
1970-10-01,53.59516217322477,NA,NA,NA,NA,60.55470354070471,NA,NA,NA,NA,NA,NA,8.7,9.53,NA,NA,1.8571655000690244,108.4512,NA,NA,NA,3.31,NA,59.69673,NA,9.059027,NA
1970-11-01,53.132569898537746,NA,NA,NA,NA,62.522728197205005,NA,NA,NA,NA,NA,NA,8.6,8.84,NA,NA,1.8562963038709908,108.4208,NA,NA,NA,3.31,NA,54.554486,NA,8.818044,NA
1970-12-01,54.05776506366988,NA,NA,NA,NA,63.43105007015395,NA,NA,NA,NA,NA,NA,8.2,8.12,NA,NA,1.8635055193958567,108.3091,NA,NA,NA,3.56,NA,16.89529,NA,8.629113,NA
1971-01-01,55.04904332293473,NA,NA,NA,NA,60.85747446424314,NA,NA,NA,NA,NA,NA,7.7,7.5,NA,NA,1.8595174427225272,108.9046,NA,NA,NA,3.56,NA,8.108219,NA,9.139997,NA
1971-02-01,54.4542742442242,NA,NA,NA,NA,60.17623761069825,NA,NA,NA,NA,NA,NA,7.7,7.47,NA,NA,1.852921777455096,109.7388,NA,NA,NA,3.56,NA,-15.842979,NA,9.843666,NA
1971-03-01,54.18993125193529,NA,NA,NA,NA,61.16024538778158,NA,NA,NA,NA,NA,NA,7.9,7.46,NA,NA,1.856654208187828,109.3621,NA,NA,NA,3.56,NA,-17.594989,NA,10.11357,NA
1971-04-01,54.58644043248961,NA,NA,NA,NA,61.91717724779449,NA,NA,NA,NA,NA,NA,7.9,6.36,NA,NA,1.8581880838314169,109.3286,NA,NA,NA,3.56,NA,-22.853236,NA,9.911141,NA
1971-05-01,53.793422071380974,NA,NA,NA,NA,62.14426226719855,NA,NA,NA,NA,NA,NA,8,6.16,NA,NA,1.816722312266404,111.1236,NA,NA,NA,3.56,NA,-29.580614,NA,9.471589,NA
1971-06-01,54.388191150091494,NA,NA,NA,NA,62.29565228013458,NA,NA,NA,NA,NA,NA,8.2,6.8,NA,NA,1.7956570867611197,112.4682,NA,NA,NA,3.56,NA,-53.172886,NA,9.521713,NA
1971-07-01,55.247292605332845,NA,NA,NA,NA,62.82550822307707,NA,NA,NA,NA,NA,NA,8.3,7.66,NA,NA,1.780318330325233,113.3077,NA,NA,NA,3.56,NA,-59.391382,NA,9.631601,NA
1971-08-01,52.93431000038154,NA,NA,NA,NA,62.90120322954508,NA,NA,NA,NA,NA,NA,8.3,7.56,NA,NA,1.7465730661662824,114.3263,NA,NA,NA,3.56,NA,-63.343828,NA,9.614251,NA
1971-09-01,54.18993125193529,NA,NA,NA,NA,63.2796600572179,NA,NA,NA,NA,NA,NA,8.1,7.59,NA,NA,1.7184520127004903,114.5223,NA,NA,NA,3.56,NA,-49.906741,NA,9.01083,NA
1971-10-01,54.32210805595879,NA,NA,NA,NA,63.658135089557994,NA,NA,NA,NA,NA,NA,8,7.8,NA,NA,1.7005567968586228,114.7078,NA,NA,NA,3.56,NA,-59.632558,NA,8.777558,NA
1971-11-01,53.52907907909206,NA,NA,NA,NA,63.8095160001604,NA,NA,NA,NA,NA,NA,7.9,6.79,NA,NA,1.703113256264604,114.0772,NA,NA,NA,3.56,NA,-43.396586,NA,8.247396,NA
1971-12-01,52.60388391395992,NA,NA,NA,NA,61.46302541365364,NA,NA,NA,NA,NA,NA,7.9,6.63,NA,NA,1.6719244515116345,114.264,NA,NA,NA,3.56,NA,-47.871496,NA,8.769847,NA
1972-01-01,54.65253414238041,NA,NA,NA,NA,63.50674507662196,NA,NA,NA,NA,NA,NA,7.6,5.19,NA,NA,1.6524953600261785,114.2097,NA,NA,NA,3.56,NA,-59.868353,NA,9.116862,NA
1972-02-01,55.04904332293473,NA,NA,NA,NA,63.052584140147495,NA,NA,NA,NA,NA,NA,7.3,4.88,NA,NA,1.6294872253723482,114.6936,NA,NA,NA,3.56,NA,-66.725883,NA,9.741489,NA
1972-03-01,55.643812401645256,NA,NA,NA,NA,65.32337972018622,NA,NA,NA,NA,NA,NA,7.4,4.8,NA,NA,1.6207952633920126,115.0772,NA,NA,NA,3.56,NA,-69.300773,NA,10.08658,NA
1972-04-01,55.643812401645256,NA,NA,NA,NA,62.67411821014104,NA,NA,NA,NA,NA,NA,7.7,4.78,NA,NA,1.6248855984415824,114.9247,NA,NA,NA,3.56,NA,-60.098846,NA,10.40082,NA
1972-05-01,55.31338631522364,NA,NA,NA,NA,64.86922788604538,NA,NA,NA,NA,NA,NA,7.8,4.71,NA,NA,1.6259081822039747,114.0523,NA,NA,NA,3.56,NA,-64.045963,NA,10.58589,NA
1972-06-01,55.643812401645256,NA,NA,NA,NA,64.64214286664134,NA,NA,NA,NA,NA,NA,7.9,4.65,NA,NA,1.6218178471544051,114.0454,NA,NA,NA,3.56,NA,-66.787876,NA,10.47601,NA
1972-07-01,55.908155393934166,NA,NA,NA,NA,65.62615974605829,NA,NA,NA,NA,NA,NA,8,4.65,NA,NA,1.6161936364612466,114.981,NA,NA,NA,3.56,NA,-56.596974,NA,10.42588,NA
1972-08-01,55.643812401645256,NA,NA,NA,NA,68.880972205514,NA,NA,NA,NA,NA,NA,7.9,4.8,NA,NA,1.628975933491152,113.6517,NA,NA,NA,3.56,NA,-62.962297,NA,10.85194,NA
1972-09-01,55.70989549577796,NA,NA,NA,NA,65.32337972018622,NA,NA,NA,NA,NA,NA,7.9,5.32,NA,NA,1.6325549766595258,113.9239,NA,NA,NA,3.56,NA,-8.6191098,NA,10.54541,NA
1972-10-01,56.43683076275389,NA,NA,NA,NA,65.77754975899433,NA,NA,NA,NA,NA,NA,8,6.88,NA,NA,1.6397130629962726,113.3625,NA,NA,NA,3.56,NA,-5.7281701,NA,10.17911,NA
1972-11-01,57.42810902201874,NA,NA,NA,NA,64.64214286664134,NA,NA,NA,NA,NA,NA,8.4,8.07,NA,NA,1.638179187352684,113.7673,NA,NA,NA,3.56,NA,-4.5866754,NA,10.33142,NA
1972-12-01,58.155044288994674,NA,NA,NA,NA,67.51848939609057,NA,NA,NA,NA,NA,NA,8.6,8.6,NA,NA,1.6351114360655068,113.8867,NA,NA,NA,3.56,NA,9.4127494,NA,10.12513,NA
1973-01-01,58.683730273572486,NA,NA,NA,NA,66.53448161900724,NA,NA,NA,NA,NA,NA,8.6,7.89,NA,NA,1.634395627431832,114.3525,NA,NA,NA,3.56,NA,20.886577,NA,10.60517,NA
1973-02-01,59.21241625815031,NA,NA,NA,NA,67.74557441549463,NA,NA,NA,NA,NA,NA,8.6,7.96,NA,NA,1.5408803423610438,115.925,NA,NA,NA,3.56,NA,29.629638,NA,10.44709,NA
1973-03-01,59.60892543870463,NA,NA,NA,NA,65.70185475252632,NA,NA,NA,NA,NA,NA,8.6,8.77,NA,NA,1.437803899111886,119.1503,NA,NA,NA,3.56,NA,38.744362,NA,10.83844,NA
1973-04-01,59.27849935228301,NA,NA,NA,NA,66.53448161900724,NA,NA,NA,NA,NA,NA,8.8,10.62,NA,NA,1.450228291824954,119.4858,NA,NA,NA,3.56,NA,43.143198,NA,10.85387,NA
1973-05-01,59.67500853283734,NA,NA,NA,NA,65.55046473959028,NA,NA,NA,NA,NA,NA,9.2,12.42,NA,NA,1.426197573408732,119.8833,NA,NA,NA,3.56,NA,50.418217,NA,9.891863,NA
1973-06-01,59.27849935228301,NA,NA,NA,NA,66.83725254254568,NA,NA,NA,NA,NA,NA,9.9,13.62,NA,NA,1.3183149864763295,125.5839,NA,NA,NA,3.56,NA,57.875301,NA,9.581477,NA
1973-07-01,57.16376602972983,NA,NA,NA,NA,64.79353287957737,NA,NA,NA,NA,NA,NA,9.9,14.3,NA,NA,1.1921792793852226,133.6701,NA,NA,NA,3.56,NA,59.340235,NA,8.995407,NA
1973-08-01,60.33586070568056,NA,NA,NA,NA,65.24769381605184,NA,NA,NA,NA,NA,NA,9.8,14.57,NA,NA,1.240138457841428,130.591,NA,NA,NA,4.31,NA,69.858101,NA,8.885519,NA
1973-09-01,60.07151771339165,NA,NA,NA,NA,66.30740570193682,NA,NA,NA,NA,NA,NA,9.6,14.25,NA,NA,1.2396271659602318,129.3099,NA,NA,NA,4.31,NA,81.285305,NA,8.78527,NA
1973-10-01,59.67500853283734,NA,NA,NA,NA,65.39907472665425,NA,NA,NA,NA,NA,NA,9.7,14.49,NA,NA,1.233747309326475,128.4072,NA,NA,NA,4.31,NA,107.20737,NA,8.929859,NA
1973-11-01,60.00543461925895,NA,NA,NA,NA,63.96090601309644,NA,NA,NA,NA,NA,NA,9.4,13.62,NA,NA,1.3178548237832532,125.6292,NA,NA,NA,4.31,NA,104.23624,NA,8.723578,NA
1973-12-01,59.41066554054842,NA,NA,NA,NA,63.8095160001604,NA,NA,NA,NA,NA,NA,9.6,13.2,NA,NA,1.3601386623581806,125.2692,NA,NA,NA,4.31,NA,114.2407,NA,8.131724,NA
1974-01-01,59.60892543870463,NA,NA,NA,NA,64.71783787310935,NA,NA,NA,NA,NA,NA,9.6,12.09,NA,NA,1.4349406645771874,123.8717,NA,NA,NA,10.11,NA,105.77078,NA,8.42476,NA
1974-02-01,59.41066554054842,NA,NA,NA,NA,63.658135089557994,NA,NA,NA,NA,NA,NA,9.9,10.67,NA,NA,1.3873905196259388,125.0572,NA,NA,NA,10.11,NA,88.829192,NA,8.459461,NA
1974-03-01,59.08023945412681,NA,NA,NA,NA,64.79353287957737,NA,NA,NA,NA,NA,NA,10.5,11.2,NA,NA,1.3377440779617862,125.2271,NA,NA,NA,10.11,NA,98.413761,NA,8.216551,NA
1974-04-01,59.21241625815031,NA,NA,NA,NA,64.86922788604538,NA,NA,NA,NA,NA,NA,10.4,10.07,NA,NA,1.2907563540798537,127.4499,NA,NA,NA,10.11,NA,86.437623,NA,8.413193,NA
1974-05-01,59.87326843099354,NA,NA,NA,NA,64.86922788604538,NA,NA,NA,NA,NA,NA,10.6,9.1,NA,NA,1.2588517406932096,128.0409,NA,NA,NA,10.11,NA,104.19358,NA,8.359212,NA
1974-06-01,59.14633316401761,NA,NA,NA,NA,65.17199880958383,NA,NA,NA,NA,NA,NA,10.7,9.46,NA,NA,1.2906540957036146,125.7292,NA,NA,NA,10.11,NA,82.523275,NA,8.064249,NA
1974-07-01,59.08023945412681,NA,NA,NA,NA,65.32337972018622,NA,NA,NA,NA,NA,NA,10.8,9.48,NA,NA,1.305021397565228,122.6619,NA,NA,NA,10.11,NA,62.219697,NA,7.757719,NA
1974-08-01,57.62636892017494,NA,NA,NA,NA,65.02061789898143,NA,NA,NA,NA,NA,NA,10.8,9.65,NA,NA,1.338459886595461,120.0687,NA,NA,NA,10.11,NA,58.853184,NA,7.93701,NA
1974-09-01,57.75853510844035,NA,NA,NA,NA,64.79353287957737,NA,NA,NA,NA,NA,NA,10.8,9.69,NA,NA,1.3605476958631375,117.6637,NA,NA,NA,10.11,NA,60.600561,NA,7.584211,NA
1974-10-01,57.56028582604224,NA,NA,NA,NA,66.00462567606475,NA,NA,NA,NA,NA,NA,10.8,9.78,NA,NA,1.325319685248718,118.7337,NA,NA,NA,11.16,NA,61.753835,NA,7.381786,NA
1974-11-01,57.16376602972983,NA,NA,NA,NA,63.50674507662196,NA,NA,NA,NA,NA,NA,10.5,9.04,NA,NA,1.2855411768916525,120.3473,NA,NA,NA,11.16,NA,59.167554,NA,7.586139,NA
1974-12-01,54.32210805595879,NA,NA,NA,NA,63.582440083089985,NA,NA,NA,NA,NA,NA,9.9,8.6,NA,NA,1.2535854343168884,120.5382,NA,NA,NA,11.16,NA,22.003305,NA,7.989063,NA
1975-01-01,54.65253414238041,NA,NA,NA,NA,65.0963038031158,NA,NA,NA,NA,NA,NA,9.4,7.74,NA,NA,1.2100233660389708,121.9175,NA,NA,NA,11.16,NA,-0.56230564,NA,8.347645,NA
1975-02-01,54.388191150091494,NA,NA,NA,NA,65.92893066959674,NA,NA,NA,NA,NA,NA,8.9,6.43,NA,NA,1.190082982672318,121.6672,NA,NA,NA,11.16,NA,-9.5110476,NA,8.908653,NA
1975-03-01,54.98296022880203,NA,NA,NA,NA,65.39907472665425,NA,NA,NA,NA,NA,NA,8.9,5.71,NA,NA,1.1854302265534324,120.6332,NA,NA,NA,11.16,NA,-26.315214,NA,9.477372,NA
1975-04-01,54.25601434606799,NA,NA,NA,NA,66.83725254254568,NA,NA,NA,NA,NA,NA,8.8,4.89,NA,NA,1.2140625719004208,118.8848,NA,NA,NA,11.16,NA,-41.069979,NA,9.837883,NA
1975-05-01,54.05776506366988,NA,NA,NA,NA,66.68586252960964,NA,NA,NA,NA,NA,NA,8.6,4.99,NA,NA,1.2012802748705154,118.4388,NA,NA,NA,11.16,NA,-43.736798,NA,9.529425,NA
1975-06-01,53.92558825964638,NA,NA,NA,NA,66.9129475490137,NA,NA,NA,NA,NA,NA,8.4,4.88,NA,NA,1.1968831646922278,119.0133,NA,NA,NA,11.16,NA,-36.593095,NA,9.145781,NA
1975-07-01,52.60388391395992,NA,NA,NA,NA,66.30740570193682,NA,NA,NA,NA,NA,NA,8.5,4.66,NA,NA,1.262175137920985,116.6311,NA,NA,NA,11.16,NA,-41.578362,NA,9.475445,NA
1975-08-01,54.65253414238041,NA,NA,NA,NA,67.14003256841775,NA,NA,NA,NA,NA,NA,8.5,3.88,NA,NA,1.3156562686941091,114.44970000000001,NA,NA,NA,11.16,NA,-45.292172,NA,9.589189,NA
1975-09-01,54.58644043248961,NA,NA,NA,NA,67.29141347902015,NA,NA,NA,NA,NA,NA,8.5,3.93,NA,NA,1.3375395612093075,113.8639,NA,NA,NA,11.16,NA,-34.084158,NA,9.342422,NA
1975-10-01,55.643812401645256,NA,NA,NA,NA,68.80527719904599,NA,NA,NA,NA,NA,NA,8.5,4.07,NA,NA,1.3189285367337653,114.1211,NA,NA,NA,11.16,NA,-33.676578,NA,9.593044,NA
1975-11-01,56.43683076275389,NA,NA,NA,NA,68.50250627550754,NA,NA,NA,NA,NA,NA,8.6,4.12,NA,NA,1.3224564507140193,113.4656,NA,NA,NA,11.16,NA,-23.780246000000002,NA,10.09236,NA
1975-12-01,56.37074766862119,NA,NA,NA,NA,67.6698794090266,NA,NA,NA,NA,NA,NA,8.5,4.21,NA,NA,1.3410674751895617,112.6934,NA,NA,NA,11.16,NA,-35.404065,NA,10.26201,NA
1976-01-01,57.09768293559713,NA,NA,NA,NA,68.19972624963548,NA,NA,NA,NA,NA,NA,8.3,3.93,NA,NA,1.3310461543181156,113.4487,NA,NA,NA,11.16,NA,-45.710648,NA,10.47408,NA
1976-02-01,58.22113799888547,NA,NA,NA,NA,69.03236221845003,NA,NA,NA,NA,NA,NA,8.2,3.72,NA,NA,1.308958345050439,116.3226,NA,NA,NA,12.03,NA,-49.97143,NA,10.58975,NA
1976-03-01,58.155044288994674,NA,NA,NA,NA,67.21571847255213,NA,NA,NA,NA,NA,NA,7.9,3.74,NA,NA,1.307884632099927,118.234,NA,NA,NA,12.1,NA,-32.243819,NA,10.77097,NA
1976-04-01,58.485470375416284,NA,NA,NA,NA,68.57820128197557,NA,NA,NA,NA,NA,NA,7.9,3.62,NA,NA,1.2970452442185672,119.6545,NA,NA,NA,12.17,NA,-28.656726,NA,10.56469,NA
1976-05-01,58.81590707759599,NA,NA,NA,NA,67.21571847255213,NA,NA,NA,NA,NA,NA,8.1,3.77,NA,NA,1.3110035125752235,117.8237,NA,NA,NA,12.17,NA,-19.06451,NA,10.04802,NA
1976-06-01,59.47675925043922,NA,NA,NA,NA,68.80527719904599,NA,NA,NA,NA,NA,NA,8.2,4.14,NA,NA,1.3178548237832532,117.506,NA,NA,NA,12.17,NA,-15.937888,NA,10.03838,NA
1976-07-01,57.29594283375333,NA,NA,NA,NA,68.57820128197557,NA,NA,NA,NA,NA,NA,8.4,4.47,NA,NA,1.3162186897634254,116.9147,NA,NA,NA,12.17,NA,-21.249121,NA,9.94006,NA
1976-08-01,59.14633316401761,NA,NA,NA,NA,69.25943813552045,NA,NA,NA,NA,NA,NA,8.3,4.56,NA,NA,1.2928015216046385,118.3347,NA,NA,NA,12.17,NA,-23.734932,NA,9.81282,NA
1976-09-01,59.74109162697004,NA,NA,NA,NA,69.78929407846294,NA,NA,NA,NA,NA,NA,8.1,4.56,NA,NA,1.2738325928122587,118.4056,NA,NA,NA,13.9,NA,-24.469478,NA,9.835955,NA
1976-10-01,59.74109162697004,NA,NA,NA,NA,68.880972205514,NA,NA,NA,NA,NA,NA,8,4.85,NA,NA,1.2441265345147583,120.0716,NA,NA,NA,13.9,NA,-20.560264,NA,9.400258,NA
1976-11-01,59.80718533686084,NA,NA,NA,NA,70.47054003434147,NA,NA,NA,NA,NA,NA,7.6,4.69,NA,NA,1.2331848882571594,120.5637,NA,NA,NA,13.9,NA,-19.132661,NA,9.425321,NA
1976-12-01,59.87326843099354,NA,NA,NA,NA,70.77331095787991,NA,NA,NA,NA,NA,NA,7.4,4.93,NA,NA,1.2188687155836653,121.1978,NA,NA,NA,13.9,NA,-35.536353,NA,9.517858,NA
1977-01-01,60.20369451741516,NA,NA,NA,NA,70.24345501493742,NA,NA,NA,NA,NA,NA,7.2,4.78,NA,NA,1.2226522755045175,121.3954,NA,NA,NA,13.9,NA,-48.91991,NA,9.708716,NA
1977-02-01,60.00543461925895,NA,NA,NA,NA,70.47054003434147,NA,NA,NA,NA,NA,NA,7.2,4.71,NA,NA,1.229196811583829,120.4632,NA,NA,NA,13.9,NA,-44.832584,NA,9.60654,NA
1977-03-01,60.666286792102184,NA,NA,NA,NA,70.77331095787991,NA,NA,NA,NA,NA,NA,7,4.73,NA,NA,1.2227545338807566,120.3192,NA,NA,NA,13.9,NA,-45.172203,NA,9.521713,NA
1977-04-01,60.00543461925895,NA,NA,NA,NA,67.51848939609057,NA,NA,NA,NA,NA,NA,6.6,4.62,NA,NA,1.2132956340786265,120.1395,NA,NA,NA,13.9,NA,-43.295029,NA,9.96705,NA
1977-05-01,59.47675925043922,NA,NA,NA,NA,72.36286968437375,NA,NA,NA,NA,NA,NA,6.5,4.44,NA,NA,1.2058819018012812,120.1597,NA,NA,NA,13.9,NA,-35.549068,NA,10.20418,NA
1977-06-01,60.53412060383677,NA,NA,NA,NA,72.36286968437375,NA,NA,NA,NA,NA,NA,6.6,4.28,NA,NA,1.2039901218408553,120.0279,NA,NA,NA,13.9,NA,-40.326338,NA,9.978617,NA
1977-07-01,57.95679500659655,NA,NA,NA,NA,72.89272562731624,NA,NA,NA,NA,NA,NA,6.4,4.29,NA,NA,1.1680463025927612,121.6697,NA,NA,NA,13.9,NA,-44.124528,NA,9.982472,NA
1977-08-01,60.46803750970407,NA,NA,NA,NA,71.4545478114248,NA,NA,NA,NA,NA,NA,6.2,4.12,NA,NA,1.183896350909844,119.8869,NA,NA,NA,14.85,NA,-46.832792,NA,10.25237,NA
1977-09-01,60.60020369796948,NA,NA,NA,NA,71.90870874789927,NA,NA,NA,NA,NA,NA,6.2,4.15,NA,NA,1.1879866859594137,119.545,NA,NA,NA,14.85,NA,-46.994582,NA,10.25816,NA
1977-10-01,60.33586070568056,NA,NA,NA,NA,70.62192094494387,NA,NA,NA,NA,NA,NA,6.2,4.13,NA,NA,1.1644672594243874,119.7807,NA,NA,NA,14.85,NA,-32.767018,NA,10.40853,NA
1977-11-01,60.401943799813274,NA,NA,NA,NA,72.28717467790572,NA,NA,NA,NA,NA,NA,6.2,4.15,NA,NA,1.145907364136965,120.4037,NA,NA,NA,14.85,NA,-33.249262,NA,10.65337,NA
1977-12-01,61.59148195723432,NA,NA,NA,NA,75.16352120735498,NA,NA,NA,NA,NA,NA,6.1,3.98,NA,NA,1.1002489991461426,122.7746,NA,NA,NA,14.85,NA,-37.822919,NA,10.47408,NA
1978-01-01,61.789741855390524,NA,NA,NA,NA,73.42258157025874,NA,NA,NA,NA,NA,NA,5.9,3.58,NA,NA,1.0818424914230786,122.8874,NA,NA,NA,14.85,NA,-38.297913,NA,10.6418,NA
1978-02-01,60.00543461925895,NA,NA,NA,NA,72.43856469084176,NA,NA,NA,NA,NA,NA,5.8,3.46,NA,NA,1.0610329118583928,124.2254,NA,NA,NA,14.85,NA,-38.610233,NA,10.72663,NA
1978-03-01,58.7498133677052,NA,NA,NA,NA,71.83301374143126,NA,NA,NA,NA,NA,NA,5.7,3.51,NA,NA,1.0393541360956728,125.0139,NA,NA,NA,14.85,NA,-39.078139,NA,10.61867,NA
1978-04-01,59.93935152512625,NA,NA,NA,NA,73.72535249379717,NA,NA,NA,NA,NA,NA,5.7,3.56,NA,NA,1.0437001170858409,123.7106,NA,NA,NA,14.85,NA,-39.698681,NA,10.52806,NA
1978-05-01,59.87326843099354,NA,NA,NA,NA,72.7413356143802,NA,NA,NA,NA,NA,NA,5.9,3.6,NA,NA,1.0773942520566715,121.7201,NA,NA,NA,14.85,NA,-22.59908,NA,10.32178,NA
1978-06-01,59.54284234457192,NA,NA,NA,NA,73.19549655085468,NA,NA,NA,NA,NA,NA,6,3.68,NA,NA,1.0654811512247997,121.1987,NA,NA,NA,14.85,NA,-17.03692,NA,10.6553,NA
1978-07-01,61.128889682547296,NA,NA,NA,NA,73.27119155732271,NA,NA,NA,NA,NA,NA,6.2,3.75,NA,NA,1.0500912656007937,119.5451,NA,NA,NA,14.85,NA,-25.64247,NA,10.86158,NA
1978-08-01,61.72364814549973,NA,NA,NA,NA,74.0281234173356,NA,NA,NA,NA,NA,NA,6.4,3.7,NA,NA,1.0212032743132071,119.4164,NA,NA,NA,14.85,NA,-26.086292,NA,11.12762,NA
1978-09-01,62.71493702052267,NA,NA,NA,NA,74.86075028381654,NA,NA,NA,NA,NA,NA,6.3,3.7,NA,NA,1.0077562978377468,118.9762,NA,NA,NA,14.85,NA,-13.822322,NA,11.41102,NA
1978-10-01,61.65756505136702,NA,NA,NA,NA,74.25520843673966,NA,NA,NA,NA,NA,NA,6.4,3.95,NA,NA,0.9415439992228364,122.3642,NA,NA,NA,14.85,NA,-17.861609,NA,11.58453,NA
1978-11-01,62.12016794181214,NA,NA,NA,NA,73.80103839793156,NA,NA,NA,NA,NA,NA,6.6,3.85,NA,NA,0.9731418374807628,121.8833,NA,NA,NA,14.85,NA,-3.8409143,NA,11.25679,NA
1978-12-01,64.10272446034183,NA,NA,NA,NA,76.45030901031038,NA,NA,NA,NA,NA,NA,6.7,4.06,NA,NA,0.9617911577182066,122.901,NA,NA,NA,14.85,NA,-6.8451617,NA,11.22402,NA
1979-01-01,62.38451093410105,NA,NA,NA,NA,74.10381842380363,NA,NA,NA,NA,NA,NA,6.8,3.89,NA,NA,0.9450719132030904,123.8797,NA,NA,NA,14.85,NA,-16.125469,NA,11.39945,NA
1979-02-01,62.18625103594484,NA,NA,NA,NA,73.64965748732916,NA,NA,NA,NA,NA,NA,7.1,4.15,NA,NA,0.949724669321976,123.2221,NA,NA,NA,15.85,NA,-10.675876,NA,11.064,NA
1979-03-01,62.45059402823376,NA,NA,NA,NA,75.08782620088697,NA,NA,NA,NA,NA,NA,7.2,4.47,NA,NA,0.9508495114606076,123.1172,NA,NA,NA,15.85,NA,7.2224242,NA,10.88086,NA
1979-04-01,63.90446456218562,NA,NA,NA,NA,75.99614807383591,NA,NA,NA,NA,NA,NA,7.3,5.54,NA,NA,0.9689492440549536,121.6515,NA,NA,NA,15.85,NA,9.1992795,NA,10.79603,NA
1979-05-01,63.772298373920215,NA,NA,NA,NA,76.45030901031038,NA,NA,NA,NA,NA,NA,7.8,5.92,NA,NA,0.9754937801342652,121.3834,NA,NA,NA,18.1,NA,29.001452,NA,10.46444,NA
1979-06-01,65.02791962547397,NA,NA,NA,NA,77.7370968132658,NA,NA,NA,NA,NA,NA,8,6.46,NA,NA,0.9618422869063262,122.0192,NA,NA,NA,19.1,NA,46.284398,NA,10.06537,NA
1979-07-01,65.35834571189558,NA,NA,NA,NA,74.33089434087405,NA,NA,NA,NA,NA,NA,7.9,6.84,NA,NA,0.9327497788662614,121.8069,NA,NA,NA,21.75,NA,54.308682,NA,10.13863,NA
1979-08-01,64.43315054676344,NA,NA,NA,NA,75.8447671632335,NA,NA,NA,NA,NA,NA,7.6,7.09,NA,NA,0.9354084966484816,121.0636,NA,NA,NA,26.5,NA,37.211423,NA,10.35069,NA
1979-09-01,64.56531673502884,NA,NA,NA,NA,74.93644529028455,NA,NA,NA,NA,NA,NA,7.5,7.89,NA,NA,0.9177177975590926,121.6623,NA,NA,NA,28.5,NA,43.777832,NA,10.51456,NA
1979-10-01,63.838381468052916,NA,NA,NA,NA,75.16352120735498,NA,NA,NA,NA,NA,NA,7.7,8.76,NA,NA,0.9149056922125134,121.8748,NA,NA,NA,29,NA,43.703191,NA,10.32178,NA
1979-11-01,65.49052251591908,NA,NA,NA,NA,75.239216213823,NA,NA,NA,NA,NA,NA,8,9.65,NA,NA,0.9063159886084168,123.2136,NA,NA,NA,31,NA,49.212174,NA,9.889935,NA
1979-12-01,66.48180077518393,NA,NA,NA,NA,75.31491122029101,NA,NA,NA,NA,NA,NA,7.9,9.58,NA,NA,0.8865801219942429,123.3017,NA,NA,NA,32.5,NA,35.398972,NA,9.91307,NA
1980-01-01,66.08528097887152,NA,NA,NA,NA,78.87250370561878,NA,NA,NA,NA,NA,NA,8,8.86,NA,NA,0.8815694615585199,121.7062,NA,NA,NA,32.5,NA,34.775481,0.12669443445588408,9.764624,NA
1980-02-01,66.01919788473882,NA,NA,NA,NA,75.54199623969507,NA,NA,NA,NA,NA,NA,8.4,8.97,NA,NA,0.8933803040141526,121.3521,NA,NA,NA,37,NA,40.129393,0.07563574966624287,10.23502,NA
1980-03-01,65.42442880602829,NA,NA,NA,NA,76.37461400384237,NA,NA,NA,NA,NA,NA,9.4,9.64,NA,NA,0.9462478845298417,119.0623,NA,NA,NA,38,NA,42.105389,0.15166609912192183,9.741489,NA
1980-04-01,64.76357663318505,NA,NA,NA,NA,73.87673340439957,NA,NA,NA,NA,NA,NA,9.4,10.22,NA,NA,0.9566271097181248,117.9382,NA,NA,NA,39.5,NA,60.435767,0.28783510994347933,9.591116,NA
1980-05-01,64.69749353905236,NA,NA,NA,NA,74.5579793602781,NA,NA,NA,NA,NA,NA,8.3,10.26,NA,NA,0.9152635965293509,118.3953,NA,NA,NA,39.5,NA,63.591419,0.234208461526876,9.824388,NA
1980-06-01,64.10272446034183,NA,NA,NA,NA,74.70936937321414,NA,NA,NA,NA,NA,NA,8.1,10.11,NA,NA,0.9033504956974788,117.7899,NA,NA,NA,39.5,NA,56.829845,0.1361402789245199,10.05959,NA
1980-07-01,64.43315054676344,NA,NA,NA,NA,76.14753808677195,NA,NA,NA,NA,NA,NA,7.9,9.7,NA,NA,0.8934314332022723,117.0581,NA,NA,NA,39.5,NA,44.715652,0.038110595658337264,10.33527,NA
1980-08-01,64.56531673502884,NA,NA,NA,NA,75.16352120735498,NA,NA,NA,NA,NA,NA,7.8,8.98,NA,NA,0.9157237592224272,115.4889,NA,NA,NA,38,NA,53.468007,0.058887644658806644,10.40467,NA
1980-09-01,62.31841722421026,NA,NA,NA,NA,75.46630123322704,NA,NA,NA,NA,NA,NA,8.1,8.97,NA,NA,0.9150079505887526,114.1147,NA,NA,NA,36,NA,54.716271,0.10691704441447156,10.29286,NA
1980-10-01,62.64884331063187,NA,NA,NA,NA,76.07185218263756,NA,NA,NA,NA,NA,NA,8.3,9.08,NA,NA,0.940777061401042,111.7519,NA,NA,NA,36,NA,54.600225,0.13188678936591405,10.38925,NA
1980-11-01,63.70621527978751,NA,NA,NA,NA,76.07185218263756,NA,NA,NA,NA,NA,NA,8.6,9.45,NA,NA,0.9807600865105864,110.4335,NA,NA,NA,36,NA,64.425044,0.1958563610806295,10.09622,NA
1980-12-01,62.78102011465537,NA,NA,NA,NA,74.33089434087405,NA,NA,NA,NA,NA,NA,8.8,10.2,NA,NA,1.0073472643327896,110.0587,NA,NA,NA,37,NA,68.06207,0.22008069488703644,9.995968,NA
1981-01-01,62.51667712236646,NA,NA,NA,NA,74.70936937321414,NA,NA,NA,NA,NA,NA,9,9.47,NA,NA,1.0267252266301266,108.5511,NA,NA,NA,38,NA,63.752515,0.17382932137407023,9.965122,NA
1981-02-01,63.70621527978751,NA,NA,NA,NA,78.03986773680423,NA,NA,NA,NA,NA,NA,9.8,10.67,NA,NA,1.0975391521758024,106.6804,NA,NA,NA,38,NA,61.562623,0.196074971837078,9.841739,NA
1981-03-01,63.441872287498605,NA,NA,NA,NA,75.39060622675903,NA,NA,NA,NA,NA,NA,10.2,13.6,NA,NA,1.077189735304193,108.8074,NA,NA,NA,38,NA,50.039089,0.2885612775118272,9.959338,NA
1981-04-01,62.84710320878807,NA,NA,NA,NA,74.0281234173356,NA,NA,NA,NA,NA,NA,10,13.19,NA,NA,1.1049528844531478,108.0817,NA,NA,NA,38,NA,45.687338,0.14901441560154868,10.39311,NA
1981-05-01,63.243612389342395,NA,NA,NA,NA,74.0281234173356,NA,NA,NA,NA,NA,NA,10.5,13.2,NA,NA,1.171727604137374,106.5007,NA,NA,NA,38,NA,35.617106,0.10873545820519606,10.34877,NA
1981-06-01,62.51667712236646,NA,NA,NA,NA,73.72535249379717,NA,NA,NA,NA,NA,NA,10.5,13.09,NA,NA,1.2151874140390526,105.306,NA,NA,NA,36,NA,40.871405,0.12924954768123356,10.61674,NA
1981-07-01,63.04536310694428,NA,NA,NA,NA,74.93644529028455,NA,NA,NA,NA,NA,NA,10.5,12.96,NA,NA,1.2475010609306536,104.7494,NA,NA,NA,36,NA,32.521055,0.09879581304245022,10.79025,NA
1981-08-01,63.11144620107698,NA,NA,NA,NA,74.70936937321414,NA,NA,NA,NA,NA,NA,10.7,12.9,NA,NA,1.2789455116242208,103.9516,NA,NA,NA,36,NA,14.926407,0.08020089432943302,10.76518,NA
1981-09-01,63.309695483475096,NA,NA,NA,NA,72.89272562731624,NA,NA,NA,NA,NA,NA,10.6,12.5,NA,NA,1.2043991553458122,105.9594,NA,NA,NA,36,NA,12.851064,0.14070637638762673,10.36226,NA
1981-10-01,63.640121569896714,NA,NA,NA,NA,74.10381842380363,NA,NA,NA,NA,NA,NA,10.2,11.78,NA,NA,1.150099957562774,108.8929,NA,NA,NA,35,NA,15.382812,0.2961473919359559,10.14827,NA
1981-11-01,63.11144620107698,NA,NA,NA,NA,74.48228435381009,NA,NA,NA,NA,NA,NA,9.9,11.08,NA,NA,1.132767162790222,108.9745,NA,NA,NA,36,NA,14.413873,0.21661790042369836,10.09622,NA
1981-12-01,62.58276021649917,NA,NA,NA,NA,74.40658934734206,NA,NA,NA,NA,NA,NA,9.7,10.82,NA,NA,1.1547527136816595,107.6512,NA,NA,NA,35,NA,7.4681555,0.1289901072567969,10.09814,NA
1982-01-01,62.84710320878807,NA,NA,NA,NA,73.27119155732271,NA,NA,NA,NA,NA,NA,9.8,10.46,NA,NA,1.1719321208898523,107.6169,NA,NA,NA,33.85,NA,2.8908477,0.06482064439813712,10.00561,NA
1982-02-01,62.38451093410105,NA,NA,NA,NA,73.72535249379717,NA,NA,NA,NA,NA,NA,9.7,10.27,NA,NA,1.2099211076627314,106.778,NA,NA,NA,31.56,NA,-6.4517642,0.059955601809927726,10.28515,NA
1982-03-01,62.979269397053486,NA,NA,NA,NA,74.63367436674612,NA,NA,NA,NA,NA,NA,9.4,9.87,NA,NA,1.2163633853658038,107.7416,NA,NA,NA,28.48,NA,2.7724255,0.032360092852895955,10.49143,NA
1982-04-01,62.84710320878807,NA,NA,NA,NA,72.36286968437375,NA,NA,NA,NA,NA,NA,8.9,9.33,NA,NA,1.2261290602966517,107.9989,NA,NA,NA,33.45,NA,10.717287,0.0415082402928899,10.60324,NA
1982-05-01,62.84710320878807,NA,NA,NA,NA,70.77331095787991,NA,NA,NA,NA,NA,NA,8.7,9.18,NA,NA,1.1808285996226666,109.3004,NA,NA,NA,35.93,NA,7.5690969,0.040739327568393074,10.40467,NA
1982-06-01,61.32713896494541,NA,NA,NA,NA,71.00038687495032,NA,NA,NA,NA,NA,NA,9.1,9.28,NA,NA,1.2411099124157008,109.7165,NA,NA,NA,35.07,NA,-16.774805,0.11504124007739167,10.19454,NA
1982-07-01,59.27849935228301,NA,NA,NA,NA,69.78929407846294,NA,NA,NA,NA,NA,NA,9.3,9.46,NA,NA,1.2603344871486786,109.6447,NA,NA,NA,34.16,NA,-41.075426,0.10620962145626828,10.13285,NA
1982-08-01,60.53412060383677,NA,NA,NA,NA,71.90870874789927,NA,NA,NA,NA,NA,NA,9,9,NA,NA,1.2667256356636314,109.1243,NA,NA,NA,33.95,NA,-43.421641,0.13002176453559325,10.00368,NA
1982-09-01,60.26977761154786,NA,NA,NA,NA,69.71359907199493,NA,NA,NA,NA,NA,NA,8.6,8.18,NA,NA,1.279201157564819,109.0979,NA,NA,NA,35.63,NA,-27.618371,0.08595824921001094,10.31792,NA
1982-10-01,59.60892543870463,NA,NA,NA,NA,70.69761595141189,NA,NA,NA,NA,NA,NA,8.3,7.58,NA,NA,1.2931082967333565,109.7732,NA,NA,NA,35.68,NA,-27.052983,0.04335934236141316,10.66879,NA
1982-11-01,58.881990171728695,NA,NA,NA,NA,70.69761595141189,NA,NA,NA,NA,NA,NA,8.2,7.31,NA,NA,1.306401885644458,109.8077,NA,NA,NA,34.15,NA,-24.460394,0.03691527211047149,10.78832,NA
1982-12-01,59.14633316401761,NA,NA,NA,NA,71.90870874789927,NA,NA,NA,NA,NA,NA,7.9,6.62,NA,NA,1.2368150606136523,111.82470000000001,NA,NA,NA,31.72,NA,-19.710052,0.10698862119283487,11.39945,NA
1983-01-01,60.07151771339165,NA,NA,NA,NA,71.37885280495678,NA,NA,NA,NA,NA,NA,7.8,5.82,NA,NA,1.2213229166134072,112.0644,NA,NA,NA,31.19,NA,-17.681555,0.09045054548698354,11.44186,NA
1983-02-01,59.54284234457192,NA,NA,NA,NA,72.36286968437375,NA,NA,NA,NA,NA,NA,7.8,5.83,NA,NA,1.240138457841428,111.6142,NA,NA,NA,28.95,NA,-12.807882,0.09949228682884388,11.83322,NA
1983-03-01,60.60020369796948,NA,NA,NA,NA,74.86075028381654,NA,NA,NA,NA,NA,NA,7.6,5.45,NA,NA,1.2311397207323749,113.2013,NA,NA,NA,28.82,NA,-9.9195093,0.08509570835523537,12.92054,NA
1983-04-01,61.19497277668,NA,NA,NA,NA,69.71359907199493,NA,NA,NA,NA,NA,NA,7.7,5.2,NA,NA,1.2475010609306536,112.5423,NA,NA,NA,30.61,NA,-7.2322072,0.07909217641003337,13.98472,NA
1983-05-01,60.798463596125686,NA,NA,NA,NA,73.27119155732271,NA,NA,NA,NA,NA,NA,7.8,5.33,NA,NA,1.2619194919803869,111.5825,NA,NA,NA,30,NA,-7.4394915,0.045027180458817595,14.08496,NA
1983-06-01,62.84710320878807,NA,NA,NA,NA,76.90446994678486,NA,NA,NA,NA,NA,NA,8.2,5.57,NA,NA,1.3027717132879648,110.5773,NA,NA,NA,31,NA,-22.377964,0.0674855641997973,14.01942,NA
1983-07-01,60.00543461925895,NA,NA,NA,NA,68.95666721198202,NA,NA,NA,NA,NA,NA,8.2,5.57,NA,NA,1.3230700009714544,109.8807,NA,NA,NA,31.66,NA,-33.634472,0.02162235259659778,14.63633,NA
1983-08-01,60.60020369796948,NA,NA,NA,NA,70.54623504080949,NA,NA,NA,NA,NA,NA,8.4,5.71,NA,NA,1.3672967486949277,108.8662,NA,NA,NA,31.91,NA,-34.679771,0.048197410449630905,14.32402,NA
1983-09-01,62.18625103594484,NA,NA,NA,NA,73.11980154438668,NA,NA,NA,NA,NA,NA,8.5,5.88,NA,NA,1.3639733514671522,108.8832,NA,NA,NA,31.11,NA,-31.663925,0.020022280165387082,14.1081,NA
1983-10-01,61.98799113778863,NA,NA,NA,NA,72.58995470377779,NA,NA,NA,NA,NA,NA,8.3,6.18,NA,NA,1.3298190538032448,109.5238,NA,NA,NA,30.41,NA,-28.696908,0.02049796640695114,14.91009,NA
1983-11-01,62.78102011465537,NA,NA,NA,NA,72.13579376730333,NA,NA,NA,NA,NA,NA,8.3,6.3,NA,NA,1.3722562799425309,108.1205,NA,NA,NA,29.84,NA,-21.321197,0.014398795796125363,15.36506,NA
1983-12-01,64.03664136620912,NA,NA,NA,NA,71.90870874789927,NA,NA,NA,NA,NA,NA,8.4,6.48,NA,NA,1.4049789603390888,107.505,NA,NA,NA,29.24,NA,-31.645389,0.012123610908602108,15.6099,NA
1984-01-01,63.243612389342395,NA,NA,NA,NA,73.87673340439957,NA,NA,NA,NA,NA,NA,8.4,6.12,NA,NA,1.4348895353890676,106.6256,NA,NA,NA,29.69,NA,-29.781145,0.03216829149864046,16.04753,NA
1984-02-01,63.838381468052916,NA,NA,NA,NA,73.9524284108676,NA,NA,NA,NA,NA,NA,8.2,5.95,NA,NA,1.3818174381209,108.0974,NA,NA,NA,30.145,NA,-23.152266,0.041765270097537104,15.93378,NA
1984-03-01,62.84710320878807,NA,NA,NA,NA,71.22747189435438,NA,NA,NA,NA,NA,NA,8.1,5.86,NA,NA,1.327467111149742,108.9845,NA,NA,NA,30.761,NA,-18.905335,0.06474075706463923,15.5887,NA
1984-04-01,62.38451093410105,NA,NA,NA,NA,73.57396248086114,NA,NA,NA,NA,NA,NA,8.1,5.84,NA,NA,1.3499639539223756,107.9133,NA,NA,NA,30.618,NA,-14.935474,0.02046082270788795,15.56942,NA
1984-05-01,62.84710320878807,NA,NA,NA,NA,72.58995470377779,NA,NA,NA,NA,NA,NA,8.2,6.1,NA,NA,1.4057458981608832,106.5111,NA,NA,NA,30.52,NA,-15.571924,0.018288425020446013,15.66003,NA
1984-06-01,56.899433653199004,NA,NA,NA,NA,71.07608188141835,NA,NA,NA,NA,NA,NA,8.2,6.13,NA,NA,1.4004284625964425,107.0524,NA,NA,NA,29.967,NA,-24.426623,0.02032503177491395,15.51544,NA
1984-07-01,63.90446456218562,NA,NA,NA,NA,72.21147967143771,NA,NA,NA,NA,NA,NA,8.2,6.13,NA,NA,1.4572329905973422,105.8286,NA,NA,NA,28.752,NA,-29.317473,0.02217836988135603,14.92358,NA
1984-08-01,63.243612389342395,NA,NA,NA,NA,72.96841153145064,NA,NA,NA,NA,NA,NA,8.1,6.02,NA,NA,1.476201919389722,104.794,NA,NA,NA,29.25,NA,-28.47042,0.04594113349497021,15.26867,NA
1984-09-01,64.56531673502884,NA,NA,NA,NA,74.86075028381654,NA,NA,NA,NA,NA,NA,7.8,5.82,NA,NA,1.5458910027967665,103.172,NA,NA,NA,29.311,NA,-25.328418,0.03423427985378304,16.06488,NA
1984-10-01,64.30097374273994,NA,NA,NA,NA,72.43856469084176,NA,NA,NA,NA,NA,NA,7.6,6.07,NA,NA,1.5688480082624767,103.0875,NA,NA,NA,28.765,NA,-24.058361,0.06806714820687719,16.63745,NA
1984-11-01,64.82965972731776,NA,NA,NA,NA,71.3031669008224,NA,NA,NA,NA,NA,NA,7.4,5.96,NA,NA,1.5296319209747269,103.6941,NA,NA,NA,28.098,NA,-16.514834,0.043508875199030454,16.72035,NA
1984-12-01,65.22617952363018,NA,NA,NA,NA,72.96841153145064,NA,NA,NA,NA,NA,NA,7.2,5.83,NA,NA,1.5861808030350286,102.6996,NA,NA,NA,25.429,NA,-19.674552,0.01404532394483177,16.85723,NA
1985-01-01,65.22617952363018,-4.7,NA,90.5,-60.8,73.42258157025874,-20.5,NA,NA,NA,NA,NA,7.3,5.87,NA,NA,1.620079454758338,102.7104,-8,97.8,NA,25.641,0.26761049032211304,-23.231647,0.023901121229518627,17.62066,NA
1985-02-01,65.29226261776289,-5.3,NA,89.1,-66.6,71.90870874789927,-16.6,NA,NA,NA,NA,NA,7.6,6.16,NA,NA,1.6869564328188031,101.6161,-8.3,97.3,NA,27.271,0.49912190437316895,-27.563124,0.04284765778703023,18.00431,NA
1985-03-01,65.8870316964734,-5.3,NA,93.6,-61.6,72.58995470377779,-24.5,NA,NA,NA,NA,NA,7.7,6.39,NA,NA,1.687927887393076,101.5924,-8.6,96.8,NA,28.238,0.3254413902759552,-25.834789,0.1449088819793706,18.6058,NA
1985-04-01,65.16009642949747,-4.6,NA,98.5,-57.6,72.43856469084176,-18.9,NA,NA,NA,NA,NA,7.4,6.02,NA,NA,1.5759549654111042,102.525,-8.5,97.9,NA,28.805,0.3433208465576172,-20.853376,0.10477032624724508,18.72726,NA
1985-05-01,65.95311479060611,-2.9,NA,98.5,-58.3,73.57396248086114,-14.7,NA,NA,NA,NA,NA,7.2,5.84,NA,NA,1.5913448510351105,101.7887,-8.2,99.4,NA,27.623,0.5270377397537231,-24.877596,0.07188930441241084,19.4772,NA
1985-06-01,66.74613315171474,-4.9,NA,99.9,-53.3,72.81703062084823,-13.7,NA,NA,NA,NA,NA,7.1,5.68,NA,NA,1.5673141326188882,101.8933,-8.9,97.8,NA,27.143,0.40778639912605286,-34.383721,0.03722696956510103,21.0966,NA
1985-07-01,67.40698532455798,-5.5,NA,100.4,-50.9,74.40658934734206,-22.8,NA,NA,NA,NA,NA,6.9,5.34,NA,NA,1.4901090585582593,103.0238,-7.7,97.7,NA,27.329,0.47651463747024536,-50.130129,0.05244790528508368,21.52459,NA
1985-08-01,65.68877179831719,-3.9,NA,100.4,-48.6,74.25520843673966,-15.9,NA,NA,NA,NA,NA,6.7,4.79,NA,NA,1.4265043485374496,104.4571,-7.3,99.6,NA,27.755,0.16777116060256958,-57.590999,0.03511458178842417,21.71159,NA
1985-09-01,66.48180077518393,-3.5,NA,101,-44.5,74.0281234173356,-15.1,NA,NA,NA,NA,NA,6.5,4.71,NA,NA,1.4519666842210213,103.7155,-6.4,100.6,NA,28.289,0.28580501675605774,-50.042868,0.051864195726113727,23.24809,NA
1985-10-01,67.27481913629256,-1.8,NA,101.3,-39.7,74.70936937321414,-19,NA,NA,NA,NA,NA,6.7,4.84,NA,NA,1.35206025063528,105.2333,-5.6,101.8,NA,29.538,0.35820895433425903,-36.97402,0.10204297710806276,25.12776,NA
1985-11-01,68.53044038784633,-1.8,NA,101.1,-38.1,73.9524284108676,-9.2,NA,NA,NA,NA,NA,6.8,4.88,NA,NA,1.325728718753675,105.3725,-6.3,101.9,NA,30.813,0.28917545080184937,-36.155186,0.02812400525048287,26.78765,NA
1985-12-01,65.95311479060611,-2.2,NA,102.6,-41.7,72.66564971024582,-5.2,NA,NA,NA,NA,NA,6.6,4.86,NA,NA,1.2856434352678914,106.8828,-5.8,102.1,NA,27.228,0.30732861161231995,-36.005855,0.02656826015796645,27.65904,NA
1986-01-01,67.27481913629256,-2.3,NA,104.5,-41.8,73.9524284108676,-8.1,NA,NA,NA,NA,NA,6.5,4.72,NA,NA,1.2494950992673188,108.1507,-3.7,102.7,NA,22.945,0.5137128233909607,-37.761065,0.030220548932912983,30.7764,NA
1986-02-01,67.53916212858148,-3.8,NA,105,-39.5,73.87673340439957,-8.3,NA,NA,NA,NA,NA,6.4,4.54,NA,NA,1.1934063799000936,109.071,-2.5,102.7,NA,15.442,0.24381433427333832,-51.715379,0.1139055425090599,29.54064,NA
1986-03-01,67.6713283168469,-5.5,NA,105,-39.4,72.66564971024582,-14.5,NA,NA,NA,NA,NA,6.1,4.56,NA,NA,1.1574625606519993,109.5058,-2.5,101.4,NA,12.618,0.26980623602867126,-55.359048,0.17573542490684535,30.62988,NA
1986-04-01,68.0017544032685,-4.9,NA,105.4,-38,77.88848682620181,-14,NA,NA,NA,NA,NA,5.7,4.53,NA,NA,1.1629845129689185,108.9225,-1.7,102.5,NA,12.847,1.477301001548767,-61.523793,0.1652499470054676,32.73511,NA
1986-05-01,67.34090223042527,-5.9,NA,105.6,-34.6,76.5260040167784,-10,NA,NA,NA,NA,NA,6.1,4.62,NA,NA,1.1392605696814142,109.3581,-2,101.8,NA,15.444,0.6290335655212402,-66.362009,0.10764908425519003,30.36576,NA
1986-06-01,67.6713283168469,-5,NA,104.5,-31,76.5260040167784,-7.5,NA,NA,NA,NA,NA,6.2,4.65,NA,NA,1.143504292295343,109.1454,-0.6,103.6,NA,13.469,0.45000818371772766,-69.324214,0.167780401435891,29.63125,NA
1986-07-01,68.66260657611173,-4.6,NA,104.6,-29.1,75.99614807383591,-7.2,NA,NA,NA,NA,NA,6.1,4.65,NA,NA,1.1009136785916978,110.2868,-0.4,104,NA,11.575,0.39474812150001526,-80.951145,0.20420882302782095,27.81713,NA
1986-08-01,67.47307903444877,-6.4,NA,104.7,-27.7,75.99614807383591,-6.3,NA,NA,NA,NA,NA,5.9,4.61,NA,NA,1.0563801557395072,111.6803,1,103.6,NA,15.092,0.4082992970943451,-78.288837,0.1659853693145655,30.25587,NA
1986-09-01,67.07655923813635,-7.3,NA,101.2,-27.9,76.37461400384237,-7.5,NA,NA,NA,NA,NA,6,4.53,NA,NA,1.0430865668284053,112.3104,0.4,102.7,NA,14.913,0.5908904671669006,-54.250312,0.0907884184532129,30.88629,NA
1986-10-01,67.27481913629256,-9.2,NA,101.1,-26,76.22323309323995,-2,NA,NA,NA,NA,NA,6.3,4.64,NA,NA,1.0249868342340591,112.9742,0.4,101.9,NA,14.852,0.3951968252658844,-48.80396,0.06824342035841352,29.9879,NA
1986-11-01,68.0017544032685,-7.9,NA,100.6,-30,76.22323309323995,-9.8,NA,NA,NA,NA,NA,6.4,4.73,NA,NA,1.036081868056017,112.8212,0,102,NA,15.207,0.389693021774292,-51.125115,0.09657384401069874,30.29443,NA
1986-12-01,67.14265294802716,-8.1,NA,99.6,-30.5,78.26695275620828,-12.5,NA,NA,NA,NA,NA,6.2,4.84,NA,NA,1.018391168966628,113.6198,0.5,102.1,NA,16.076,0.2250080406665802,-60.11716,0.025651988427299422,30.79375,NA
1987-01-01,66.08528097887152,-11.6,NA,99.8,-31.9,74.25520843673966,-2.1,NA,NA,NA,NA,NA,6.1,4.54,NA,NA,0.9500314444506937,116.2404,0.1,100.2,NA,18.656,0.34737858176231384,-46.522163,0.1775607606721563,28.85818,NA
1987-02-01,67.40698532455798,-13,NA,99.7,-33.6,76.45030901031038,-8.6,NA,NA,NA,NA,NA,6.1,4.03,NA,NA,0.933874621004893,116.5606,-2.1,98.1,NA,17.726,0.37834492325782776,-41.79557,0.2832825094373511,26.11483,NA
1987-03-01,67.01047614400366,-11.4,NA,99.3,-34.3,76.07185218263756,-4.8,NA,NA,NA,NA,NA,6,4.04,NA,NA,0.9376581809257452,115.3589,-1.9,99.5,NA,18.305,0.4642355442047119,-35.088418,0.14677417440083185,25.79673,NA
1987-04-01,67.9356713091358,-10.5,NA,98.5,-30.4,80.38636742564461,-4,NA,NA,NA,NA,NA,5.8,3.91,NA,NA,0.9259495968463516,114.5254,-2.3,100.3,NA,18.643,0.6373486518859863,-25.193309,0.11855369148475389,27.00743,NA
1987-05-01,68.92694956840064,-10.9,NA,99,-26.6,78.11556274327225,-4.4,NA,NA,NA,NA,NA,5.7,3.81,NA,NA,0.9133206873808052,114.6623,-2.2,100.3,NA,19.415,0.4309106469154358,-19.446763,0.0656181867012936,26.43871,NA
1987-06-01,67.6713283168469,-11.1,NA,98.4,-28.5,78.26695275620828,-14.2,NA,NA,NA,NA,NA,6,3.73,NA,NA,0.929682027579084,114.3613,-3.3,98.7,NA,20.034,0.6146208643913269,-30.73634,0.07095039406261228,26.88212,NA
1987-07-01,66.87830995573826,-9.7,NA,101,-29,80.31068152151022,-12.6,NA,NA,NA,NA,NA,6.3,3.86,NA,NA,0.9443561045694157,114.0199,-3.5,99.8,NA,21.355,0.33739790320396423,-33.682092,0.06190438826800437,28.626830000000002,NA
1987-08-01,68.33218048969012,-7.8,NA,100.7,-30.1,79.85651148270212,-3.6,NA,NA,NA,NA,NA,6.5,4,NA,NA,0.9500314444506937,113.1736,-5,100.5,NA,20.274,0.4927292466163635,-18.800499,0.016089948941938662,29.97634,NA
1987-09-01,67.47307903444877,-7.4,NA,101.5,-30.1,78.26695275620828,-6.5,NA,NA,NA,NA,NA,6.7,4.04,NA,NA,0.926716534668146,113.0258,-2.4,102.1,NA,19.526,0.530718207359314,-22.34964,0.015470611286164214,29.18398,NA
1987-10-01,68.53044038784633,-6.6,NA,98.9,-29,80.08358739977254,-8.3,NA,NA,NA,NA,NA,6.9,4.74,NA,NA,0.9213990991037052,113.0078,-3.5,101.8,NA,19.848,0.3020152747631073,-17.349789,0.15025064089015996,26.73367,NA
1987-11-01,68.92694956840064,-7.2,NA,98.7,-31.7,81.97592615213844,-3.1,NA,NA,NA,NA,NA,6.4,3.98,NA,NA,0.8595839106670825,115.1271,-5.6,100.7,NA,18.92,0.28498148918151855,-12.33946,0.3564803050067509,20.3216,NA
1987-12-01,68.99303266253335,-9.4,NA,98,-33.9,81.90024024800405,-1.1,NA,NA,NA,NA,NA,6.5,3.71,NA,NA,0.8350419003696641,115.2838,-6.1,99.1,NA,17.241,0.3983610272407532,-5.151453,0.20187846497003717,19.58901,NA
1988-01-01,68.66260657611173,-8.8,NA,98.1,-33.6,78.64541868621474,-2.1,NA,NA,NA,NA,NA,6.5,3.46,NA,NA,0.8449098336767511,115.0071,-6.7,99,NA,17.16,0.32274797558784485,2.8625339,0.2013385425578896,18.7581,NA
1988-02-01,69.19129256068955,-6.6,NA,98.1,-36.4,78.19126685207388,-7.5,NA,NA,NA,NA,NA,6.3,3.37,NA,NA,0.8679690975187005,114.3411,-7,99.8,NA,16.765,0.30350786447525024,14.109333,0.1645332073265035,19.68733,NA
1988-03-01,68.86086647426795,-4.3,NA,101.8,-31.4,81.67315522860001,-2.8,NA,NA,NA,NA,NA,6.2,3.44,NA,NA,0.8582034225878528,113.7709,-6.2,102.4,NA,16.217,0.3630649149417877,19.201659,0.06495454494781176,21.11202,NA
1988-04-01,69.32345874895496,-3.4,NA,103.4,-30.2,78.41834276914432,1.3,NA,NA,NA,NA,NA,6.3,3.43,NA,NA,0.8544709918551203,113.2823,-5.3,103.7,NA,17.875,0.2484830915927887,11.658671,0.07493977282159082,20.99828,NA
1988-05-01,69.32345874895496,-2.9,NA,103.5,-27.9,82.80855301861938,-9,NA,NA,NA,NA,NA,6.6,3.58,NA,NA,0.865872800805796,112.5982,-6.1,102.8,NA,17.438,0.28746750950813293,5.2079084,0.07133781250402928,20.34088,NA
1988-06-01,70.57908000050872,0.2,NA,102.1,-28.5,81.67315522860001,-5.5,NA,NA,NA,NA,NA,6.6,3.93,NA,NA,0.8976751558162008,111.6104,-5.8,105.3,NA,16.53,0.24245841801166534,-5.1051492,0.08730395175456737,21.51687,NA
1988-07-01,68.92694956840064,-0.4,NA,101.3,-25.8,81.21899429212553,-6.7,NA,NA,NA,NA,NA,6.7,4.93,NA,NA,0.942924487302066,110.3158,-6.6,104.3,NA,15.498,0.25804129242897034,-11.464908,0.0909635922590793,22.35164,NA
1988-08-01,71.76861815792977,1.2,NA,101.7,-24.1,81.52176521566398,-7.9,NA,NA,NA,NA,NA,6.8,5.37,NA,NA,0.9650122965697427,109.2076,-4.8,105.9,NA,15.524,0.2286585420370102,-9.3991243,0.04175541628642345,22.28995,NA
1988-09-01,70.90950608693032,1.9,NA,104.8,-21.7,82.50578209508093,-5.2,NA,NA,NA,NA,NA,6.6,5.02,NA,NA,0.9544285546289812,109.6852,-4.2,106.8,NA,14.467,0.23892870545387268,-4.8524822,0.023922692957337916,23.12278,NA
1988-10-01,71.17384907921924,2.3,NA,107,-21.3,81.29468929859355,0.1,NA,NA,NA,NA,NA,6.4,5.1,NA,NA,0.931318161598912,109.766,-2.8,107.7,NA,13.798,0.20327436923980713,-1.9444774,0.005708658889727828,24.17154,NA
1988-11-01,71.50427516564086,2.7,NA,106.9,-22,82.50578209508093,-6.4,NA,NA,NA,NA,NA,6.4,4.95,NA,NA,0.8945051461527843,110.4296,-3.6,107.4,NA,13.977,0.23765359818935394,7.8308642,0.0046238849917679846,24.12913,NA
1988-12-01,73.09032250361622,2.3,NA,107.9,-21.5,82.8842480250874,-4.1,NA,NA,NA,NA,NA,6.5,5.39,NA,NA,0.8975728974399616,110.1111,-2.9,107.3,NA,16.266,0.34457436203956604,11.300686,0.0039245555429111645,24.49735,NA
1989-01-01,72.0329505344606,2.5,NA,105.6,-23,83.18702805095947,-3.1,NA,NA,NA,NA,NA,6.7,5.7,NA,NA,0.9365333387871134,109.2699,-4.3,106.7,NA,17.983,0.43756166100502014,17.76623,0.007162773713674464,25.46514,NA
1989-02-01,71.76861815792977,3.1,NA,106.4,-19.4,83.71687489156834,-2.9,NA,NA,NA,NA,NA,6.9,6.43,NA,NA,0.9468614347872772,108.8656,-4,107.3,NA,17.826,0.3852759599685669,12.201897,0.029733289868537134,25.46321,NA
1989-03-01,72.29730414250758,4.5,NA,107,-21.1,82.20300206920886,0.2,NA,NA,NA,NA,NA,7,6.67,NA,NA,0.9536616168071868,108.6799,-3.6,108.4,NA,19.445,0.2740277945995331,17.521615,0.05642079755392051,25.34946,NA
1989-04-01,74.47810994343538,4,NA,108.9,-18.9,83.86826490450437,-2.7,NA,NA,NA,NA,NA,6.9,6.48,NA,NA,0.9561158178369288,108.7211,-3,108.3,NA,21.04,0.316522479057312,16.952824,0.00964973516251732,26.1129,NA
1989-05-01,70.90950608693032,6.4,NA,108.7,-17.7,83.18702805095947,-2.7,NA,NA,NA,NA,NA,7.1,7.02,NA,NA,0.9971725558969848,107.4632,-3.2,109.9,NA,20.032,0.8357241153717041,21.507686,0.04164353140960405,26.13603,NA
1989-06-01,73.75117467645946,6.8,NA,109.3,-14.5,82.73285801215137,-4.6,NA,NA,NA,NA,NA,6.9,7.02,NA,NA,1.0128180874615893,107.4325,-1.4,111.1,NA,20.005,0.3779289424419403,3.0941928,0.04182030223061515,27.62434,NA
1989-07-01,74.14769447277186,5.9,NA,108.2,-14.1,82.35440118447853,-3.1,NA,NA,NA,NA,NA,6.8,7.09,NA,NA,0.9684379521737574,108.0782,-0.8,111,NA,19.644,0.2537619173526764,1.0149469,0.028259800236086062,28.78492,NA
1989-08-01,73.94943457461567,5.8,NA,108.2,-11.6,85.38212862453018,-1.9,NA,NA,NA,NA,NA,6.8,7.07,NA,NA,0.985412842629472,107.0943,-2,110.3,NA,18.522,0.13410045206546783,2.3946894,0.011454741857171852,30.21732,NA
1989-09-01,74.34594375516998,5.5,NA,109.3,-10.4,82.95994303155541,0.5,NA,NA,NA,NA,NA,7,7.41,NA,NA,0.9969169099563868,106.7975,-0.7,110.5,NA,19.594,0.1702055186033249,3.8694421,0.008072395095375206,31.18125,NA
1989-10-01,74.54420365332619,6.7,NA,112.2,-9.5,84.85227268158769,0.5,NA,NA,NA,NA,NA,7.2,8.13,NA,NA,0.95458194219334,108.425,-0.8,111.3,NA,20.091,0.19389046728610992,10.575259,0.07613245680687541,30.32142,NA
1989-11-01,74.8746297397478,8,NA,112.3,-6.9,85.15505270745976,2.3,NA,NA,NA,NA,NA,7.5,8.29,NA,NA,0.9357664009653192,109.6268,-1,112.5,NA,19.82,0.4071560800075531,18.115671,0.10397803190566816,29.44425,NA
1989-12-01,76.13025099130157,7.3,NA,113.9,-6.6,85.76059455453664,7.9,NA,NA,NA,NA,NA,7.5,8.11,NA,NA,0.890363681915095,112.2945,-0.1,112.7,NA,21.088,0.5432979464530945,14.527549,0.05009146476395218,31.83094,NA
1990-01-01,75.99807418727806,6.9,NA,112.9,-7.6,85.4578236309982,9.9,NA,NA,NA,NA,NA,7.695,8.3,NA,NA,0.8650036046077625,113.1037,0.3,112.5,NA,22.641,0.20074562728405,16.456449,0.07960633004138173,34.07112,NA
1990-02-01,75.66764810085644,6.2,NA,113.8,-2.6,87.88000922397298,6.1,NA,NA,NA,NA,NA,8.575,8.31,NA,NA,0.8569251928848621,113.0119,-0.4,111.7,NA,22.108,0.4375585913658142,13.019915,0.057280179118574366,34.84419,NA
1990-03-01,76.39459398359047,9.2,NA,112.5,-3.1,87.955704230441,6,NA,NA,NA,NA,NA,8.645,8.48,NA,NA,0.871548140687074,112.2976,-1.7,113.3,NA,20.418,0.3029361367225647,12.466012,0.028132349490973287,35.63654,NA
1990-04-01,75.07288963790401,9.7,NA,113.8,-1.6,87.42585738983213,10.6,NA,NA,NA,NA,NA,8.7625,8.27,NA,NA,0.863162953835456,112.2392,-0.5,114.6,NA,18.582,0.4299754202365875,2.6277123,0.022796022207925173,36.11658,NA
1990-05-01,76.98935244654291,8.8,NA,113.5,-2.7,89.2424920333964,9.6,NA,NA,NA,NA,NA,8.715,8.33,NA,NA,0.8498182357362347,111.9336,-0.8,113.8,NA,18.237,0.6786791682243347,-6.278035,0.01112561890318032,35.46111,NA
1990-06-01,76.98935244654291,8.4,NA,114.2,-1.2,86.82030644042162,17.7,NA,NA,NA,NA,NA,8.8325,8.3,NA,NA,0.8610155279344319,111.0144,-0.7,114.1,NA,16.871,0.4937554597854614,-15.108514,0.010602727798449771,35.35893,NA
1990-07-01,77.71629832927694,11.2,NA,113.7,-3.5,94.38965234755165,10.5,NA,NA,NA,NA,NA,8.545,8.26,NA,NA,0.8383652975974394,110.8549,-0.5,115.2,NA,18.638,0.5281392335891724,-25.092113,0.016137153597786558,37.17883,NA
1990-08-01,78.17889060396395,10.7,NA,114.1,-0.9,95.97919286937821,17.8,NA,NA,NA,NA,NA,8.9975,8.45,NA,NA,0.8030861577949003,111.6493,-0.6,115.8,NA,27.174,0.9632875919342041,-16.078707,0.12362648932170761,33.19779,NA
1990-09-01,78.90582587093988,13.1,NA,113.4,0.7,94.23828053928285,18.8,NA,NA,NA,NA,NA,9.105,8.47,NA,NA,0.8026259951018239,110.772,-3.3,116.3,NA,33.687,0.8967492580413818,-18.677803,0.2055171328792673,29.8144,NA
1990-10-01,79.03800267496338,11.7,NA,113.8,-1.3,92.64874001745629,22.2,NA,NA,NA,NA,NA,9.0675,8.6,NA,NA,0.7795667312598743,111.214,-4.3,114.6,NA,35.922,0.5784187316894531,-14.664085,0.16160155894288797,28.73672,NA
1990-11-01,79.03800267496338,11.7,NA,113.8,-1,93.708433698674,20.7,NA,NA,NA,NA,NA,8.9325,8.88,NA,NA,0.760291027338777,112.025,-3.7,115.2,NA,32.3,0.8426060080528259,-9.7030495,0.07078640056778579,28.6731,NA
1990-12-01,79.3684181456269,9.4,NA,111.4,-5.8,91.96743034524235,23.3,NA,NA,NA,NA,NA,8.845,9.21,NA,NA,0.7627963575566383,113.1407,-3.7,113.8,NA,27.337,0.6562756299972534,-0.42899827,0.09474162729804532,28.92565,NA
1991-01-01,81.8,-0.7,5.2,NA,-10.7,98.25004306341874,14.7,NA,NA,NA,NA,NA,8.9275,9.35,NA,NA,0.77205074060629,112.2917,-5.8,106.8,NA,24.959,1.4355813264846802,0.19572948,0.12482661085513445,27.18286,15
1991-02-01,80.9,-2.2,5.2,NA,-10.5,96.50903970998708,8.5,NA,NA,NA,NA,NA,8.35,9.08,NA,NA,0.7566608549822837,112.7959,-6.7,104.6,NA,20.523,1.0719070434570313,9.9492096,0.0905472167567887,29.08181,16.4
1991-03-01,80.2,-5.6,5.3,NA,-14.7,97.5687333912048,11.2,NA,NA,NA,NA,NA,8.4275,9.09,NA,NA,0.8191918520525813,110.6238,-10.3,100.8,NA,19.86,0.5525992512702942,17.886873,0.07458436754310213,29.99176,4.9
1991-04-01,79.5,-6.7,5.3,NA,-17.3,95.97919286937821,10.2,NA,NA,NA,NA,NA,8.3575,9.18,NA,NA,0.8699120066672461,108.2096,-8,101.1,NA,20.823,0.3253534734249115,10.432156,0.07396327083337155,30.7417,7.6
1991-05-01,78.7,-7.4,5.3,NA,-17.9,96.50903970998708,2.6,NA,NA,NA,NA,NA,8.395,9.08,NA,NA,0.8771212221921129,108.1118,-6.9,100.9,NA,21.24,0.2472928911447525,14.264996,0.04088966583613589,31.26993,8.7
1991-06-01,81.6,-7.1,5.4,NA,-17.9,98.47705526415375,4,NA,NA,NA,NA,NA,8.4075,9.06,NA,NA,0.9122981036184128,107.6816,-7.7,100.7,NA,20.195,0.33736851811408997,16.446667,0.021756200134057106,32.09313,36.2
1991-07-01,79,-8.8,5.5,NA,-17.1,97.72019622280988,2.7,NA,NA,NA,NA,NA,8.6325,9.15,NA,NA,0.914547787895676,108.575,-13.8,96.3,NA,21.42,0.4669807553291321,7.9710724,0.029082210166505786,30.84773,5
1991-08-01,78.2,-10.4,5.6,NA,-14.7,93.55697086706893,-4.1,NA,NA,NA,NA,NA,8.52,9.31,NA,NA,0.8924088494398797,108.9634,-14.2,94.9,NA,21.688,0.7230775356292725,2.8074365,0.07945001771967504,30.306,2.6
1991-09-01,77.9,-11.7,5.7,NA,-15.6,93.40559905880015,-7.3,NA,NA,NA,NA,NA,8.455,9.27,NA,NA,0.8678668391424613,109.3475,-12.2,95,NA,21.857,0.5756937861442566,5.9135847,0.07471351758502408,30.41589,7.6
1991-10-01,79.1,-11,5.8,NA,-16.6,95.44934602876936,-3.8,NA,NA,NA,NA,NA,8.3475,9.38,NA,NA,0.8648502170434036,110.571,-11.4,95.9,NA,23.228,0.31374266743659973,10.253589,0.03378277305385331,29.23796,14.8
1991-11-01,80,-11.9,5.9,NA,-15.7,93.25422725053139,-7.7,NA,NA,NA,NA,NA,8.315,9.43,NA,NA,0.8308493069438551,111.9761,-12.2,94.8,NA,22.465,0.3588932156562805,10.849111,0.02623153013816592,29.36713,11.4
1991-12-01,79.8,-12.9,6,NA,-12,92.57300860165374,-8,NA,NA,NA,NA,NA,8.2125,9.58,NA,NA,0.7998650189433643,113.739,-9.9,95.4,NA,19.517,0.5540385246276855,5.4065556,0.02592181693291811,28.29138,16.7
1992-01-01,81.1,-12.7,6,NA,-12.7,96.66041151825586,-8.5,NA,NA,NA,NA,NA,7.9475,9.53,NA,NA,0.806511813398915,113.193,-11.9,94.3,NA,18.82,0.34014904499053955,2.5296956,0.044714850593527596,29.4963,15.8
1992-02-01,81.9,-14.8,6.1,NA,-15.1,94.01117731521155,-12.1,NA,NA,NA,NA,NA,7.92,9.61,NA,NA,0.8280883307853955,112.5474,-10.6,93.4,NA,18.995,0.29237455129623413,-10.82729,0.03954144713476833,30.58554,11.6
1992-03-01,80,-15.1,6.2,NA,-18.4,92.80011182572505,-19.6,NA,NA,NA,NA,NA,8.0275,9.7,NA,NA,0.8493069438550386,112.3282,-13.9,91,NA,18.916,0.32116788625717163,-18.156945,0.009362542076534032,31.04437,12.8
1992-04-01,79.9,-16.8,6.3,NA,-20.9,93.32995866633391,-19.6,NA,NA,NA,NA,NA,8.035,9.75,NA,NA,0.842762407775727,112.4592,-15.9,89.4,NA,20.243,0.294517457485199,-21.975089,0.008418049301957694,31.05208,11.6
1992-05-01,79,-17.6,6.4,NA,-21.3,92.64874001745629,-20.8,NA,NA,NA,NA,NA,8.075,9.79,NA,NA,0.8285996226665917,112.4754,-17.1,88.2,NA,20.94,0.31605562567710876,-14.309995,0.0054851887561638965,31.2815,5.3
1992-06-01,78.2,-17.9,6.5,NA,-20.1,92.19453356931365,-22.1,NA,NA,NA,NA,NA,8.0675,9.75,NA,NA,0.804773421002848,113.3598,-15.2,89.1,NA,22.375,0.5429550409317017,-22.316763,0.012116151602247167,31.13498,3.5
1992-07-01,76.5,-18.6,6.6,NA,-18.5,93.25422725053139,-22.2,NA,NA,NA,NA,NA,8.125,9.78,NA,NA,0.7641768456358681,115.1853,-14,89.4,NA,21.759,0.41627246141433716,-31.745901,0.05176368387212053,29.48088,1.2
1992-08-01,77.2,-24.1,6.8,NA,-21.9,92.19453356931365,-28.9,NA,NA,NA,NA,NA,8.04,9.88,NA,NA,0.7419867779919523,116.5471,-14,85.5,NA,21.35,0.32548046112060547,-31.700423,0.08090726828485789,26.78572,8.9
1992-09-01,76.5,-27.6,6.9,NA,-22.7,93.25422725053139,-22.7,NA,NA,NA,NA,NA,7.6525,9.5,NA,NA,0.7401972564077655,117.4555,-16.1,82.3,NA,21.902,0.37233224511146545,-33.069031,0.250001574969763,26.25363,3.8
1992-10-01,76.4,-34,7,NA,-22.6,92.80011182572505,-24,NA,NA,NA,NA,NA,7.4525,8.94,NA,NA,0.7574789219921977,118.9185,-16.7,78.4,NA,21.688,0.2834385633468628,-32.477283,0.29763963816360195,25.23958,35
1992-11-01,75.2,-37.1,7.1,NA,-21.3,94.23828053928285,-27.9,NA,NA,NA,NA,NA,7.36,8.94,NA,NA,0.8117269905871164,117.1672,-19.9,74.7,NA,20.342,0.31010720133781433,-19.712946,0.09129826191066488,25.87384,23.9
1992-12-01,73.8,-35.7,7.2,NA,-19.9,97.03888655059595,-25,NA,NA,NA,NA,NA,7.32,9.04,NA,NA,0.807738913913786,118.5258,-21.1,75.3,NA,19.407,0.22160442173480988,-7.9102812,0.0500725098428686,25.69648,13
1993-01-01,73.7,-35,7.3,NA,-18,89.09110202046037,-28.7,NA,NA,NA,NA,NA,7.1325,8.59,NA,NA,0.8261454216368498,119.5863,-22.2,75.2,NA,19.075,0.32342690229415894,-12.534515,0.022513730549077036,26.2999,14.8
1993-02-01,72.5,-37,7.4,NA,-21.1,89.69665296987087,-30.5,NA,NA,NA,NA,NA,6.905,8.4,NA,NA,0.839234493795473,120.3379,-20.7,75.2,NA,20.053,0.3500056564807892,-10.373119,0.03897669727440029,27.76122,16.5
1993-03-01,72.4,-36.1,7.5,NA,-22,91.0591084722934,-24,NA,NA,NA,NA,NA,6.6375,7.98,NA,NA,0.8423022450826504,119.9177,-23.6,74.6,NA,20.347,0.26839709281921387,-2.2567219,0.01579504725488935,28.68081,13.9
1993-04-01,71.8,-37,7.5,NA,-23.2,91.13483988809594,-24,NA,NA,NA,NA,NA,6.6775,7.92,NA,NA,0.8160218423891648,120.0126,-20.8,75.5,NA,20.27,0.4091823399066925,1.7725544,0.008002941371733676,28.39356,3.1
1993-05-01,71.6,-36.6,7.6,NA,-24.6,87.19877237042807,-26.8,NA,NA,NA,NA,NA,6.83,7.51,NA,NA,0.8211858903892466,118.8377,-21,75.5,NA,19.94,0.44603031873703003,7.8513168,0.006432177583298697,27.79592,3.9
1993-06-01,71.3,-33.9,7.7,NA,-25.2,89.01541611632598,-27.9,NA,NA,NA,NA,NA,6.8075,7.6,NA,NA,0.8447564461123921,117.4834,-21.7,76.2,NA,19.07,0.44547274708747864,4.5115483,0.0071797971856147735,28.35886,6.1
1993-07-01,69.8,-35.5,7.8,NA,-26.5,89.69665296987087,-20.6,NA,NA,NA,NA,NA,6.6075,7.24,NA,NA,0.8766610594990362,116.9907,-23.4,74.8,NA,17.866,0.4280058443546295,-6.9736169,0.005577394403657158,29.9532,62.8
1993-08-01,72.8,-32.5,7.9,NA,-25.9,91.51331492043603,-18.8,NA,NA,NA,NA,NA,6.3725,6.61,NA,NA,0.8668953845681885,118.1882,-21.4,77.8,NA,18.009,0.2742467522621155,-6.2924139,0.007631137430411818,31.61502,29.5
1993-09-01,72.4,-31.8,8,NA,-26.5,91.21048028056218,-23.8,NA,NA,NA,NA,NA,6.19,6.63,NA,NA,0.8296222064289841,119.9013,-19.7,78.9,NA,17.514,0.2059912085533142,-4.1255502,0.014677382470703918,31.62851,41
1993-10-01,72.4,-29.4,8.1,NA,-25.8,89.09110202046037,-30.1,NA,NA,NA,NA,NA,5.985,6.640000000000001,NA,NA,0.8374961013994059,119.7087,-23,78.2,NA,18.145,0.28040093183517456,-7.6736376,0.01212494908404377,33.36745,19.5
1993-11-01,72.1,-27,8.2,NA,-25.6,89.39388204633244,-24.1,NA,NA,NA,NA,NA,5.9825,6.3100000000000005,NA,NA,0.8691961980335714,117.8207,-21.8,80.7,NA,16.699,0.2537727653980255,-13.254556,0.006060082980196201,34.17908,55.4
1993-12-01,72.7,-26.8,8.3,NA,-23.8,88.86402610338995,-22.2,NA,NA,NA,NA,NA,5.83,6.11,NA,NA,0.8743602460336533,117.087,-21,81.4,NA,14.51,0.23931021988391876,-18.432256,0.00818314875634609,35.73101,27.4
1994-01-01,72.2,-24.4,8.4,NA,-21.2,88.3,-26.4,NA,NA,NA,NA,NA,5.815,5.89,NA,NA,0.8912328781131285,116.6383,-21.9,82.4,NA,15,0.25964266061782837,-18.918186,0.01443408688968668,35.76378,14.9
1994-02-01,73.4,-21.9,8.5,NA,-23.5,87.9,-22.8,NA,NA,NA,NA,NA,6.135,5.91,NA,NA,0.8882162560140708,116.8071,-21,84.4,NA,14.78,0.4244730770587921,-24.996884,0.011999850045994312,35.2394,17.4
1994-03-01,72.9,-19.8,8.5,NA,-22.6,88.7,-18.9,NA,NA,NA,NA,NA,6.345,5.84,NA,NA,0.8652592505483605,118.1611,-18.9,86.9,NA,14.66,0.1690140813589096,-25.625457,0.012311644705921993,35.21241,19.3
1994-04-01,74,-16.6,8.6,NA,-22.7,87.5,-23.2,NA,NA,NA,NA,NA,6.607,5.59,NA,NA,0.8682758726474182,117.6833,-15.9,90.2,NA,16.38,0.2675933837890625,-13.402277,0.005554836353835074,36.24574,22.6
1994-05-01,73.6,-15,8.5,NA,-21.1,86.8,-21.7,NA,NA,NA,NA,NA,6.6635,5.2,NA,NA,0.847619680647091,118.6535,-12.7,92.3,NA,17.88,0.2976190447807312,-0.50332656,0.004494928905879825,36.45588,24
1994-06-01,73.9,-13,8.5,NA,-23.4,87.1,-20.7,NA,NA,NA,NA,NA,7.05238095238095,5.07,NA,NA,0.8330478620329987,119.3154,-9.5,94.8,NA,19.07,0.27558520436286926,-9.8355356,0.023340316427660688,34.20028,7.7
1994-07-01,73.7,-12,8.5,NA,-22.8,86.4,-28.9,NA,NA,NA,NA,NA,6.89619047619048,4.97,NA,NA,0.8031884161711396,120.772,-8.6,95.6,NA,19.65,0.55472731590271,-5.8574461,0.024734692309938012,34.31595,14.6
1994-08-01,73.7,-10.1,8.4,NA,-23.3,87.6,-23.9,NA,NA,NA,NA,NA,7.0895652173913,5,NA,NA,0.7999672773196035,121.1331,-7.6,97.2,NA,18.38,0.5842536687850952,-0.61416099,0.01141014867830887,35.26254,7.2
1994-09-01,74.7,-7,8.4,NA,-23.8,88.4,-22.5,NA,NA,NA,NA,NA,7.51545454545455,5.07,NA,NA,0.7929625785472152,120.2273,-7.7,98.8,NA,17.46,0.47353288531303406,3.0612001,0.006539181609490875,34.63984,11.9
1994-10-01,76.2,-4,8.3,NA,-23.5,88,-24.3,NA,NA,NA,NA,NA,7.5415,5.22,NA,NA,0.7770614010420129,120.5133,-5.6,101.5,NA,17.71,0.21207177639007568,19.398131,0.010201169274897039,33.33274,6.1
1994-11-01,75.9,-2.8,8.3,NA,-25.6,87.7,-25.8,NA,NA,NA,NA,NA,7.49142857142857,5.21,NA,NA,0.7867248175966214,120.2305,-7.1,101,NA,18.1,0.33533602952957153,22.238751,0.0106401057533326,33.71446,7.6
1994-12-01,76.1,-1.5,8.2,NA,-25.6,89.5,-23.3,NA,NA,NA,NA,NA,7.46095238095238,5.4,NA,NA,0.8039042248048144,119.9151,-8.9,100.9,NA,17.16,0.4216718077659607,29.002678,0.00573554289927905,33.52938,10.6
1995-01-01,74.7,-1.9,8.2,NA,-28.8,87.5,-24.3,NA,NA,NA,NA,NA,7.59590909090909,5.16,NA,NA,0.7829412576757694,121.2297,-8.9,100.5,NA,17.99,0.38231077790260315,30.098574,0.01333899751123164,33.31154,17.1
1995-02-01,75.7,-1.4,8.1,NA,-31.4,89.4,-22.1,NA,NA,NA,NA,NA,7.424,5.1000000000000005,NA,NA,0.7676536304280025,122.5846,-10.3,99.8,NA,18.53,0.3077045977115631,28.650491,0.010999364138589951,33.76844,12.6
1995-03-01,75.2,-2.4,8.1,NA,-32.4,89.5,-26.9,NA,NA,NA,NA,NA,7.27739130434783,5.07,NA,NA,0.719183160090601,126.5308,-8.3,100.3,NA,18.55,0.44819310307502747,38.467178,0.05043233667139721,32.29941,15.9
1995-04-01,75.6,-6,8.1,NA,-37.9,88.7,-26.7,NA,NA,NA,NA,NA,7.08833333333333,4.68,NA,NA,0.7058895711794992,126.2412,-8.5,104.4,31.6,19.87,0.3096774220466614,41.02034,0.03879667120419312,31.99095,17.1
1995-05-01,76.1,-5.5,8.1,NA,-38.6,90.1,-24.3,NA,NA,NA,NA,NA,6.86238095238095,4.59,NA,NA,0.7197455811599167,124.3783,-8.6,104.6,31.7,19.74,0.4360940456390381,40.588536,0.012908259211456866,33.19201,26.8
1995-06-01,75.4,-7,8.1,NA,-40,89.9,-25.1,NA,NA,NA,NA,NA,6.783,4.53,NA,NA,0.7159620212390648,123.9551,-8.2,104.3,31.8,18.42,0.3326065242290497,29.122201,0.008932370422406445,33.98629,31
1995-07-01,75,-9.2,8.2,NA,-42,88.2,-25.4,NA,NA,NA,NA,NA,6.86238095238095,4.5600000000000005,NA,NA,0.710388939734026,124.5274,-7.8,104.4,34.2,17.3,0.413335919380188,27.345147,0.0037736793942188267,34.74009,12
1995-08-01,74.3,-9.9,8.3,NA,-44.8,89.5,-24.8,NA,NA,NA,NA,NA,6.74608695652174,4.46,NA,NA,0.7388678975166554,122.2911,-9.3,103.5,34.7,18.03,0.47719627618789673,33.178949,0.00414153863543569,35.52858,11.7
1995-09-01,75.6,-12.3,8.3,NA,-47.5,89,-25.2,NA,NA,NA,NA,NA,6.5852380952381004,4.19,NA,NA,0.7476621178732302,121.6105,-9.8,102.3,34.8,18.23,0.28779157996177673,29.358162,0.016644782168954028,35.6404,16.2
1995-10-01,73.7,-11.5,8.4,NA,-47.5,87.9,-25,NA,NA,NA,NA,NA,6.5652380952381,4.09,NA,NA,0.7231201075758118,123.1511,-10.6,102.4,35,17.44,0.25076353549957275,13.448372,0.02337591508960732,34.21763,9.6
1995-11-01,74.2,-12.2,8.4,NA,-49,89.1,-23.2,NA,NA,NA,NA,NA,6.34181818181818,4.01,NA,NA,0.7242449497144435,122.6895,-11.3,102.2,35.1,17.99,0.2950623631477356,9.8032309,0.013651496012259016,34.09039,22.7
1995-12-01,74.6,-14.6,8.5,NA,-49.7,88.8,-22.9,NA,NA,NA,NA,NA,6.07473684210526,3.94,NA,NA,0.736618213239392,122.1304,-13,100.7,34.9,19.04,0.2546756863594055,7.8845358,0.009507507500046348,35.0177,25.8
1996-01-01,74.5,-17.4,8.5,NA,-49.9,88.6,-23.5,87.9,91.5,93.8,65.7,86.6,5.88727272727273,3.61,NA,NA,0.7473553427445125,121.1856,-16.2,98.4,35.8,18.88,0.23179814219474792,2.8614541,0.023300893187362576,36.38648,20.8
1996-02-01,74.5,-20.4,8.6,NA,-50.4,87.8,-25.7,88.4,92,94.6,66.1,87.4,6.20428571428571,3.35,NA,NA,0.7496050270217759,121.3977,-17.3,96.9,36.4,19.07,0.3104724884033203,-4.7471664,0.011892651315239606,37.05159,21.1
1996-03-01,74.7,-22.6,8.6,NA,-49,87.3,-22.8,88.5,92,95.2,66.3,87.3,6.4452380952381,3.36,NA,NA,0.7555360128436521,120.2009,-15.7,96.6,36.5,21.36,0.2239929437637329,-8.5229191,0.015881389996018853,37.25787,28.9
1996-04-01,74.2,-22.4,8.7,NA,-46.3,89.2,-20.5,88.4,91.7,95.5,67,86.9,6.377,3.33,NA,NA,0.7694431520121892,118.5774,-16.7,95.6,32.8,23.57,0.17574691772460938,-3.7402163,0.025869246227153933,37.60103,24.5
1996-05-01,75.1,-21.6,8.8,NA,-47.5,88.2,-24.3,88.6,92,95.3,66.8,87.4,6.446,3.29,NA,NA,0.7840149706262814,117.4117,-17.3,95.6,33,21.25,0.2159510999917984,-6.5548453,0.028660262090278606,37.48729,31
1996-06-01,75,-21.9,8.8,NA,-49.7,87.8,-25.2,88.7,92.2,95.3,66.2,87.8,6.55894736842105,3.39,NA,NA,0.7809472193391042,117.7303,-17.5,95.4,33,20.45,0.23334378004074097,-17.235376,0.02467464063107313,38.17939,20.6
1996-07-01,74.3,-20,8.9,NA,-50.5,87.9,-15.7,88.9,92.5,95.2,66.3,88.4,6.47869565217391,3.38,NA,NA,0.7694942812003088,118.5565,-17.9,97.2,35.5,21.32,0.18056076765060425,-30.166543,0.04512834390913196,37.85165,15.8
1996-08-01,75.7,-19.1,9,NA,-50.9,88.5,-19.1,88.8,92.6,94.1,66.6,88.5,6.30227272727273,3.29,NA,NA,0.7581436014377527,119.0909,-16.5,98,36,21.96,0.19913943111896515,-33.032857,0.032250767098883526,38.18132,24.8
1996-09-01,75.9,-17.7,9.1,NA,-50.4,88.8,-17.6,88.8,92.4,93.4,67.7,88.2,6.22666666666667,3.12,NA,NA,0.7699033147052659,117.9289,-16.1,98.9,36,23.99,0.29146990180015564,-38.479653,0.028787935436997557,38.74232,17.5
1996-10-01,75,-15.2,9.2,NA,-50.5,87.8,-17.5,88.7,92.2,93.1,68.5,87.8,6.00863636363636,3.12,NA,NA,0.7814073820321807,116.7734,-17.2,99.8,36.5,24.9,0.12675094604492188,-29.188483,0.024890619021087752,39.92025,23.4
1996-11-01,75.9,-15.8,9.3,NA,-52.8,87.9,-18,88.6,92.1,93.1,68.3,87.4,5.85952380952381,3.19,NA,NA,0.7729199368043235,116.7714,-17.5,99.4,36.6,23.71,0.12212911993265152,-4.7193009,0.015003721091977557,40.45234,28.4
1996-12-01,76,-15.3,9.4,NA,-51.9,87.4,-18.8,89,92.4,93.3,68.6,88.1,5.79,3.23,NA,NA,0.7932693536759331,115.9345,-18.7,99.1,36.3,25.39,0.21923193335533142,-2.2828758,0.033948168577075416,41.47411,23.9
1997-01-01,75.5,-12.4,9.5,NA,-48.9,88.4,-16,89.5,92.7,95.1,69.3,88.5,5.80409090909091,3.14,NA,NA,0.8200610482506149,115.2909,-16.9,101.1,35.4,25.17,0.12067274749279022,-3.9356149,0.012687013933957016,43.10701,20.8
1997-02-01,75.9,-11.5,9.5,NA,-46.8,86.5,-22.8,89.9,93.2,95.3,69,89.4,5.5445,3.19,NA,NA,0.8567206761323837,114.0029,-19.1,100.6,36,22.21,0.14687523245811462,-5.6149883,0.006434771144012293,46.11447,14.5
1997-03-01,76.8,-10.5,9.6,NA,-46.9,86.6,-21.5,89.8,93.2,94.9,68.6,89.5,5.71526315789474,3.26,NA,NA,0.8666397386275904,113.6131,-17.9,101.3,35.5,20.99,0.20289285480976105,-3.1740947,0.006726531105548448,48.4896,9.5
1997-04-01,76.4,-9.1,9.7,NA,-48.9,87.4,-21.7,89.5,92.8,95.4,68.4,88.7,5.86681818181818,3.23,NA,NA,0.8748204087267298,112.6347,-17.5,102.2,37.2,19.72,0.22929592430591583,-9.4575396,0.0062131114890337305,48.36814,10.8
1997-05-01,75.9,-9.8,9.7,NA,-50.8,86.5,-21.4,89.9,93.2,96.3,68.4,89.3,5.76111111111111,3.17,NA,NA,0.8702187817959639,112.812,-16.1,102.2,36.8,20.83,0.16984029114246368,-16.893029,0.008198099090209219,51.18475,12.9
1997-06-01,78,-7.3,9.7,NA,-50.2,87.7,-26.2,90,93.3,96.8,68.1,89.7,5.71857142857143,3.14,NA,NA,0.882643174509032,111.9447,-17.1,102.7,37,19.17,0.12291723489761353,-17.385683,0.005907696303249111,53.17816,23.6
1997-07-01,78.9,-5.2,9.7,91.4,-51.1,86.4,-21.6,90.3,93.8,96.3,68.2,90.5,5.55652173913044,3.14,NA,NA,0.916183921915504,111.2166,-16.9,103.3,36,19.63,0.1189383864402771,-12.216112,0.03678003986848326,58.02674,22.2
1997-08-01,76.5,-4.6,9.7,90.3,-51.1,84.4,-28.8,90.4,93.9,95.5,69.6,90.7,5.66,3.26,NA,NA,0.942004161915913,110.6493,-15.7,103.9,36.5,19.93,0.10061409324407578,-15.793311,0.06680251619221858,58.56654,8.7
1997-09-01,77.2,-2.6,9.7,92,-50.2,86.3,-25,90.1,93.6,95.3,69.3,90.1,5.59272727272727,3.31,NA,NA,0.91536585490559,111.454,-14.9,105.1,36.6,19.79,0.08207754790782928,-15.64518,0.07743931639032446,56.49023,0.7
1997-10-01,78.3,-2,9.7,91.9,-51.8,87.8,-21.3,90,93.4,95.3,69.5,89.7,5.57818181818182,3.58,NA,NA,0.8984932228261148,112.0713,-13.4,106.3,37.4,21.26,0.09135200828313828,-13.605748,0.04224787869093385,57.03389,9
1997-11-01,78.7,-2.1,9.7,91.6,-50.3,85.7,-25.3,90,93.5,95.5,69.1,89.7,5.5565,3.74,NA,NA,0.887909480885353,112.5315,-13.8,106,37.6,20.17,0.1321353018283844,-20.361339,0.12319913184847557,53.602290000000004,8.9
1997-12-01,79.4,-0.3,9.7,93.2,-48.1,86,-22.9,90.2,93.7,96,68.8,90.1,5.32736842105263,3.74,NA,NA,0.9088213188262784,113.2196,-13.5,107,37.2,18.32,0.15100781619548798,-20.419967,0.05209011047346455,56.87195,14.4
1998-01-01,79.9,0.2,9.7,95.7,-50.3,86.8,-20.8,90.1,93.6,97,67.6,89.8,5.11238095238095,3.5700000000000003,NA,NA,0.92886396056917,113.1366,-13.3,107.9,39.7,16.71,0.12580932676792145,-26.989012,0.06363619329466635,58.63016,15.3
1998-02-01,79.8,-1.4,9.7,95,-48.5,86.5,-21.5,90.4,94,97,67.4,90.6,4.989,3.51,NA,NA,0.9270744389849832,112.5854,-13.8,107.2,40.3,16.06,0.22824445366859436,-42.831945,0.04943616270208342,62.47817,8.6
1998-03-01,80.8,0.5,9.6,96.6,-48.6,88,-20.3,90.2,93.9,96.7,66.9,90.4,4.89954545454545,3.52,NA,NA,0.933874621004893,111.5418,-11.2,108.8,40.3,15.02,0.23945800960063934,-35.801496,0.020528894539404364,66.73682,8.2
1998-04-01,80.4,-1.4,9.6,97.2,-45,86.4,-21.1,90.3,93.9,97.1,67.4,90.1,4.902,3.63,NA,NA,0.9278413768067776,111.5822,-11.4,109,44.1,15.44,0.1706431657075882,-42.726884,0.03274735541768815,71.17669,8.6
1998-05-01,80.7,-3,9.5,96.4,-44.2,86.3,-21.4,90.6,94.2,97.7,67,90.6,4.96473684210526,3.63,NA,NA,0.9074919599351682,112.9303,-10.9,108.5,44.3,14.86,0.36400291323661804,-43.113525,0.060819978474197116,72.50498,9.8
1998-06-01,79.9,-3.2,9.4,95.8,-43.6,85.5,-22,90.7,94.4,97.9,66.7,90.9,4.7985,3.56,NA,NA,0.915928275974906,113.4104,-9.4,108.9,44.5,13.66,0.29423415660858154,-52.023102,0.03885003577604197,75.49702,14.6
1998-07-01,81.9,-4.4,9.4,97,-40,87.4,-17.5,91,94.8,97.1,66.9,91.8,4.68478260869565,3.54,NA,NA,0.9190982856383224,113.7393,-5.8,110.5,46.5,14.08,0.15581925213336945,-58.66889,0.037202699313017396,78.63173,27.4
1998-08-01,80.4,-5.8,9.3,96.5,-41.2,86.1,-16.6,90.9,94.9,96.3,66.5,91.9,4.42523809523809,3.5,NA,NA,0.914547787895676,114.1744,-6.8,109.6,47,13.36,0.2733004093170166,-63.630451,0.09718749428375018,71.28079,21.8
1998-09-01,79.6,-7.8,9.2,95.1,-40.9,86.5,-18,90.6,94.6,95.8,66.3,91.3,4.06090909090909,3.49,NA,NA,0.8707300736771602,115.887,-6,109.1,47,14.95,0.15746654570102692,-54.783776,0.31158302150996964,63.45752,41.6
1998-10-01,80,-11.4,9.1,93,-39,86.6,-23.3,90.4,94.5,95.3,66.1,90.9,4.06454545454545,3.5700000000000003,NA,NA,0.8372404554588078,116.5664,-4.7,107.8,47.1,14.39,0.26629650592803955,-42.77947,0.35301935055836997,58.25037,100.3
1998-11-01,79,-12.1,9.1,91.4,-38.8,88.1,-21.2,90.4,94.5,95.5,65.8,90.8,4.12047619047619,3.63,NA,NA,0.8586124560928098,115.4028,-4.2,107.9,47.2,12.85,0.1972799301147461,-45.309895,0.22623828929864337,64.17469,64.2
1998-12-01,79.1,-12.6,9,93.2,-35.7,87.5,-18.8,90.4,94.6,95.8,65.1,91,3.8635,3.38,NA,NA,0.853346149716489,115.7904,-5.5,107.2,46.6,11.28,0.2338368147611618,-57.510725,0.15629222384974056,63.8084,29.1
1999-01-01,80.5,-14.7,8.9,93,-33.7,86.8,-20.9,90.3,94.3,96.6,64.9,90.6,3.702,3.1321,NA,NA,0.861525983,115.2061,-5.6,107.3,49.2,12.47,0.1943516582250595,-63.098479,0.14403293394944822,67.82799,16.7
1999-02-01,79,-17.1,8.8,90.6,-31.8,86.9,-23.1,90.5,94.7,96.6,64.6,91.2,3.849,3.0934,NA,NA,0.8923797552,114.4108,-5,106.5,49.6,12.01,0.2926563620567322,-58.906081,0.13296523516735217,66.34932,19.1
1999-03-01,79.6,-17.3,8.8,93.6,-30.7,87.8,-15,90.6,94.7,96.5,65.3,91.2,4.03782608695652,3.0466957,NA,NA,0.9186893681,113.3372,-6.6,106.2,49.5,14.66,0.381419837474823,-44.244783,0.1866994425519745,65.0403,10.2
1999-04-01,80.3,-17.6,8.7,90.5,-31.4,85.2,-22.4,91,94.4,96.8,69.4,90.6,3.85,2.6964545,NA,NA,0.9343411465,112.7782,-7.4,103.9,43.8,17.34,0.6110042929649353,-49.293676,0.11471799285412973,67.76051,6.3
1999-05-01,80.6,-17.9,8.6,90.3,-30.9,85.1,-23.3,91,94.5,96.8,68.6,90.9,4.01210526315789,2.5789524,NA,NA,0.9409123945,112.3067,-8.1,103.5,44,17.75,0.5258386135101318,-35.175096,0.04839687860469915,68.24248,12.4
1999-06-01,80.5,-15.7,8.6,91.8,-29.3,86.2,-19.3,91.1,94.7,96.2,69.4,91.2,4.36047619047619,2.6266818,NA,NA,0.9636387318,111.4462,-8.6,104.6,44.3,17.89,0.5082047581672668,-42.225693,0.05665234245055354,68.60685,13
1999-07-01,81.1,-14.7,8.5,93,-28.8,85.6,-17.8,91.5,95.3,95.3,70.6,92.4,4.67636363636364,2.6764545,NA,NA,0.9662252,111.8195,-7.8,101,27.7,20.07,0.14532127976417542,-43.702253,0.0694496660820224,71.27886,4.8
1999-08-01,81.9,-12.5,8.5,92.2,-30.2,86.5,-17.8,91.5,95.2,94.4,71.4,92.3,4.87909090909091,2.6950455,NA,NA,0.9435675375,112.0504,-8.2,101.9,28,21.26,0.15384112298488617,-36.95271,0.09787680300628898,68.21935,5
1999-09-01,81.4,-11.3,8.4,92.5,-33.6,84.4,-21.6,91.3,94.9,93.9,72,91.5,5.04045454545455,2.7266818,NA,NA,0.9509796476,110.868,-7.8,102.3,27.9,23.88,0.21470068395137787,-28.075313,0.09419314461994921,69.04832,9.1
1999-10-01,82.4,-9.7,8.4,92,-34.7,86.8,-17,91.2,94.7,93.7,71.8,91.2,5.29238095238095,3.3756667,NA,NA,0.9339608478,110.9964,-6.7,109,48.5,22.64,0.27055031061172485,-12.524384,0.1688322980170827,68.88446,7.3
1999-11-01,82.4,-7.9,8.3,92.5,-36.8,86.4,-14.7,91.3,94.9,93.8,71.8,91.5,5.04,3.4676818,NA,NA,0.968291072,109.8545,-6.8,109.8,48.6,24.97,0.19416895508766174,-12.911794,0.10600162116919383,74.05113,34
1999-12-01,82.6,-4.9,8.2,94.4,-35.7,86.7,-13.8,91.6,95.1,94,73,91.8,5.14761904761905,3.4460455,NA,NA,0.9882430935,108.9604,-5.9,111.1,47.7,26.08,0.26677677035331726,-12.311638,0.09785907629975583,80.2627,21.7
2000-01-01,81.9,-5.1,8.2,96.4,-37.9,86.3,-17.5,91.8,94.9,95,74.5,91.6,5.53952380952381,3.3431429,6.96,NA,0.9865996552,109.0254,-5.7,110,45.2,27.18,0.11390204727649689,-10.378952,0.10921147500739435,86.16582,17.4
2000-02-01,83.7,-3.1,8.1,97,-40.6,87.7,-12.2,92,95,95.6,74.9,91.8,5.50857142857143,3.5367619,7.06,NA,1.0158312604,107.9607,-4.6,111.4,45.7,29.35,0.16994932293891907,-9.0346292,0.18336604795698377,95.00121,12.2
2000-03-01,83.6,-1.5,8.1,97.1,-41,86.5,-18.6,91.9,94.7,94.9,76.9,91.5,5.33304347826087,3.7470435,6.96,NA,1.0362688143,106.6713,-4.3,111.8,45.8,29.89,0.15328606963157654,5.6405123,0.18114692826985598,99.83437,10.7
2000-04-01,84.8,-1.2,8,97.1,-39.7,87.8,-14.3,91.9,94.9,95.4,75.6,91.8,5.22555555555556,3.9252778,6.91,NA,1.057506551,105.7086,-5.4,109.7,37.6,25.74,0.12592947483062744,8.7239624,0.12235834904020192,92.57018,4.7
2000-05-01,86.8,0.1,8,98.5,-40.7,87.9,-12.5,91.8,94.5,95.7,76.2,91.3,5.37818181818182,4.3620455,7.21,NA,1.1019083056,104.5921,-2.3,111.3,38.1,28.78,0.2159520387649536,4.7363075,0.23564354625339387,90.46495,10.9
2000-06-01,84.3,-0.5,8,96.3,-40.8,86.8,-20.4,92.3,94.7,95.8,79.1,91.7,5.19136363636364,4.5017273,7.2,NA,1.0529837192,106.3712,-5.7,109.6,38.6,31.83,0.16319285333156586,3.5041066,0.22539980666416878,90.39555,9.6
2000-07-01,86.4,0.4,7.9,97.2,-42.2,86.6,-17,92.7,95.3,95.3,79.5,92.8,5.26619047619048,4.5829048,7.28,NA,1.0654109333,106.339,-3.8,111.9,41.6,29.77,0.15419742465019226,5.1877684,0.1756280485322568,89.34293,46.8
2000-08-01,86.9,1.7,7.9,96.9,-44.6,87.2,-16.1,92.4,95.1,94.5,79.5,92.5,5.2104347826087,4.777087,7.32,NA,1.1059381633,104.6003,-3.8,112.1,41.5,31.22,0.13323070108890533,6.6423245,0.16469447806731538,88.97086,14
2000-09-01,87,0.6,7.9,94.8,-44.1,86.4,-20.5,92.7,94.8,94.1,83.8,91.9,5.26333333333333,4.8528095,7.34,NA,1.1483974476,103.1913,-6,110.7,41.3,33.88,0.1482475996017456,10.645149,0.15984532812508154,87.19337,11.8
2000-10-01,86.7,1.5,7.8,96.4,-42.5,86.7,-21.7,92.5,94.7,94.1,82.8,91.8,5.20714285714286,5.0412727,7.29,NA,1.171642344,102.2968,-7.2,113.6,50.4,33.08,0.17047953605651855,11.914355,0.20920996389603247,82.56457,18.4
2000-11-01,87.1,0.5,7.8,97.2,-42,86.8,-20.9,92.6,94.7,94.5,83.4,91.6,5.15363636363636,5.0919545,7.25,NA,1.1678184071,102.507,-5.4,113.7,50.8,34.4,0.10011401772499084,11.212551,0.19512384118787693,81.7915,8
2000-12-01,87.5,-0.7,7.7,98.1,-40.9,87,-17.4,93.6,96.1,95.2,82.1,94,4.89052631578947,4.9391579,6.96,NA,1.1108472407,105.1252,-5.7,113,49.2,28.46,0.0987989753484726,4.3608476,0.2025370709770009,76.86002,10.3
2001-01-01,87.2,-1.4,7.7,95.3,-41,88.6,-14.1,93,95.1,96.7,81.5,92.5,4.80318181818182,4.7707273,6.66,NA,1.0651099201,106.3646,-4.7,107.5,31.2,29.58,0.08683319389820099,1.2459248,0.14879989158649212,77.22632,14.3
2001-02-01,88.2,-4.7,7.7,99.9,-42,87,-24.2,93.6,95.5,97,83.8,93.1,4.7775,4.7558,6.63,NA,1.0853814393,106.0145,-5.8,103.7,26.2,29.61,0.14532588422298431,-4.53244,0.09078925050305425,76.47831,11.9
2001-03-01,87.1,-7.4,7.6,94.9,-42.6,87.5,-18.5,93.6,95.4,97.9,83.7,92.8,4.66772727272727,4.7086364,6.52,NA,1.1010139483,105.6878,-5.2,99.6,15.6,27.24,0.16975603997707367,-2.8810971,0.13519878821271156,70.57133,14.5
2001-04-01,86,-11.6,7.6,95.7,-43.8,87.4,-22.3,94,95.5,99.5,84.7,93,4.82789473684211,4.682,6.49,NA,1.118874966,105.4898,-6.1,99.3,20.5,27.41,0.1176009401679039,-7.1712144,0.19919873585894188,70.48458,18.2
2001-05-01,86.8,-12.7,7.7,97.3,-44.2,87.2,-24.3,94.4,95.5,101.2,86.7,92.9,5.04681818181818,4.6366818,6.6,NA,1.143491682,104.173,-7.6,98.5,21.7,28.64,0.19362187385559082,-6.8916267,0.11637623732307463,72.59945,10.5
2001-06-01,86.7,-15.6,7.7,100.8,-45,86.8,-23.4,94.5,95.8,101.5,86,93.4,5,4.4535714,6.56,NA,1.1708814672,103.3928,-10.2,95.6,19.5,27.6,0.23222579061985016,-11.979578,0.06624141823941954,70.97619,9.5
2001-07-01,84.5,-13.8,7.8,91.3,-43.3,86.8,-25.2,94.7,96.4,101,84.1,94.4,5.01590909090909,4.4671364,6.57,NA,1.1609328566,104.3135,-10.2,93.9,11,26.45,0.23838649690151215,-24.822532,0.0971363223608854,68.39285,11.7
2001-08-01,86.8,-16.2,7.8,91.9,-44.1,86.7,-25.5,94.4,96.3,99.5,83.8,94.3,4.82391304347826,4.3535217,6.39,NA,1.1085936288,105.6321,-11.8,92.2,10,27.47,0.1714036464691162,-45.491588,0.08264560203458762,64.60268,12.3
2001-09-01,85.6,-20.6,7.9,89.3,-47.8,86.3,-29.8,94.3,96.1,99.3,84.9,93.8,4.813,3.98285,6.26,NA,1.0958313556,105.6184,-11.4,89.2,7,25.88,1.5528137683868408,-49.357157,0.23458468948027916,53.48083,63.9
2001-10-01,84,-23.4,8,87.5,-47,85.1,-32.3,94,96,99.4,82.2,93.6,4.5995652173913,3.5998696,6.02,NA,1.1038487339,105.3727,-11,85.9,-0.8,22.21,1.2134917974472046,-54.012499,0.23050862299657285,55.64197,18.6
2001-11-01,83.2,-23.3,8,87.5,-45.6,87.5,-27.8,93.8,96,98.8,80.9,93.5,4.44772727272727,3.3856818,5.84,NA,1.1257230773,104.2029,-12.4,82.8,-10.2,19.67,0.8492075204849243,-58.698029,0.12844461972148094,59.63264,32.5
2001-12-01,84.1,-19.5,8.1,89.1,-43,86.2,-28.5,94.9,97.5,99.4,80.1,95.8,4.73588235294118,3.3448889,6.09,NA,1.1198899849,105.3944,-13.1,85.5,-6.9,19.33,0.5233764052391052,-56.737492,0.10464058812715102,60.74888,32.8
2002-01-01,83.9,-21.7,8.1,87,-52.2,83.9,-29.9,95,96.7,102.3,81.8,94.4,4.86272727272727,3.3387727,6.2,NA,1.1329108656,104.7181,-14.3,84.2,-5.2,19.67,0.3745204210281372,-49.964844,0.1360309011557926,62.08489,17.5
2002-02-01,84.1,-19,8.2,87.6,-49.1,84.1,-33.4,95.2,97.1,101.7,82.3,95,4.9195,3.3571,6.36,NA,1.1485257019,104.3394,-15.3,86.2,-1.9,20.74,0.364081472158432,-46.901117,0.07006107698813244,59.86592,11.4
2002-03-01,84.6,-16.5,8.2,88.7,-49.3,84.4,-33.5,95.4,97.1,101.5,83.8,95,5.161,3.3908,6.62,NA,1.1407623889,104.2256,-14.8,88.2,0.9,24.42,0.3735881745815277,-36.636935,0.018927223068320103,63.73899,15
2002-04-01,84.8,-16,8.3,87.1,-50.4,85.4,-32.4,95.3,96.8,101.5,85.5,94.5,5.1552380952381,3.4069048,6.7,NA,1.1276855728,103.711,-15.9,87.2,-2.1,26.27,0.38343557715415955,-35.798645,0.00425862987119566,62.64397,17.5
2002-05-01,84.1,-14.6,8.4,87.1,-50.3,85,-32.7,95.4,97.1,101.4,84.5,95.1,5.16772727272727,3.4671364,6.7,NA,1.0891203166,104.7783,-16.2,86.2,-6.5,27.02,0.42558255791664124,-39.91634,0.008685758333668966,59.85628,30.4
2002-06-01,85.8,-14.9,8.5,84.6,-49.6,84.2,-37.5,95.4,97.2,100.5,83.7,95.5,5.0175,3.464,6.58,NA,1.0454304451,106.3538,-17.2,84.6,-10.4,25.52,0.39484238624572754,-43.555,0.04761116439209776,54.31367,21
2002-07-01,84.5,-15.1,8.6,82,-51.2,85.5,-39.1,95.7,97.8,99.9,83.7,96.6,4.86739130434783,3.41,6.42,NA,1.0083493024,107.5286,-15.6,84.2,-12.6,26.94,0.2818150222301483,-44.318466,0.13005690099058115,49.32436,16.7
2002-08-01,86.3,-16.3,8.7,80,-48.3,84.9,-33.8,95.5,97.6,98.9,83.9,96.4,4.58954545454545,3.3519091,6.09,NA,1.0224667614,107.0633,-17.1,82.9,-14.8,28.38,0.32270556688308716,-43.023792,0.20705934077933993,45.62287,53.5
2002-09-01,85.5,-16.8,8.9,84.9,-46.5,85.7,-39.2,95.4,97.3,98.7,84.7,95.8,4.38523809523809,3.3101429000000002,5.87,NA,1.018930549,106.7718,-16.3,83.7,-11.7,29.67,0.5897167921066284,-26.503859,0.1598846042062867,40.29811,25.3
2002-10-01,84.8,-16,9,78.8,-49.1,85.5,-39.1,95.2,97.2,98.4,85.1,95.6,4.46391304347826,3.2612609,5.78,NA,1.0185576368,106.6623,-18.6,81.9,-15.3,28.85,0.41480982303619385,-12.165195,0.1764833407784269,37.23088,16.9
2002-11-01,85.9,-15.4,9.1,82.3,-50.2,84.8,-35.3,94.9,97.1,98,83,95.3,4.47761904761905,3.1241429,5.71,NA,0.998391457,106.4952,-23.7,80.9,-14,26.27,0.4389841556549072,-5.4374124,0.16739379659234951,40.224850000000004,29.1
2002-12-01,84.5,-16.9,9.2,81.2,-51.3,84.9,-39.3,95.9,98.4,98.3,83.5,97.5,4.33555555555556,2.94105,5.57,NA,0.9816505964,107.886,-24.5,79.8,-14.5,29.42,0.4770595133304596,7.7613536,0.14571391026848093,38.59581,15.5
2003-01-01,85.3,-17.8,9.4,82.6,-52.1,83.4,-39,95.9,97.3,99.4,87.5,95.8,4.18,2.8318182,5.32,NA,0.94040941,108.8075,-22.6,80,-15,32.94,0.8275533318519592,9.1539883,0.1393912527177526,36.67373,17.2
2003-02-01,85.6,-16.1,9.5,79.9,-51.2,83.7,-31.9,96.4,97.7,99.8,89.3,96.4,3.955,2.68745,5.13,NA,0.9275953902,109.6708,-23.9,81.1,-13.1,35.87,1.2924844026565552,7.5851829,0.19854216380655326,33.06863,17.9
2003-03-01,85.6,-17.7,9.6,82,-49,83.5,-34.4,96.5,97.7,100.2,89.9,96.3,4.00047619047619,2.5299524,5.02,NA,0.9265309166,109.6911,-22.9,82,-9.5,33.55,1.5936365127563477,17.583892,0.27492093095365794,31.58996,20.2
2003-04-01,85.3,-18.1,9.7,83.8,-46.6,84.2,-32,96.3,97.7,100.4,87.1,96.4,4.147,2.53335,4.98,NA,0.9199372046,109.3616,-21.6,85.1,-0.1,28.25,0.9793634414672852,29.076289,0.2433737368835482,35.17,21.2
2003-05-01,84.8,-18.8,9.7,78.5,-47.7,84.2,-27.6,96,97.6,100.5,85.5,96.2,3.8152380952381,2.4005238,4.9,NA,0.8642839574,110.87,-20.3,83.9,-4.6,28.14,0.511107325553894,37.185594,0.24682778984668174,36.39034,17.1
2003-06-01,84.3,-18.6,9.8,80.1,-47.1,84,-29.7,96.3,97.8,100.8,86,96.7,3.61666666666667,2.1518571,4.76,NA,0.8568760615,111.7287,-18.6,86.9,2.9,30.72,0.4097990095615387,32.889812,0.24506377820238864,39.18766,7.6
2003-07-01,85.9,-19.3,9.8,83.7,-48.4,84.2,-30.6,96.5,98.2,100.2,86.3,97.5,3.97260869565217,2.1300435,4.6,NA,0.8796626356,111.3924,-16.4,87.9,4.7,30.76,0.2300684005022049,35.315611,0.22900532505209495,40.98829,6.8
2003-08-01,84.2,-16,9.8,86,-46.4,83.4,-27.7,96.6,98.3,99.2,87.2,97.8,4.13,2.1404286,4.71,NA,0.8969280973,110.5976,-18.3,90.8,11.8,31.59,0.3325563371181488,39.244992,0.1933514370344441,42.4631,15.7
2003-09-01,83.7,-13.9,9.8,87.6,-45.9,84.1,-25,96.5,98.1,99.6,86.7,97.2,4.17136363636364,2.1473182,4.84,NA,0.8885194569,110.115,-18.5,92.1,12.8,28.29,0.4589585065841675,46.54298,0.23608330540432265,43.39233,7.9
2003-10-01,86,-12.5,9.8,86.4,-47.7,85,-22.1,96.4,97.9,99.7,87,96.8,4.22130434782609,2.1435652,4.81,NA,0.8546855464,110.8226,-18,93.2,13.8,30.33,0.40172553062438965,99.301681,0.22374479569950026,43.40968,10.1
2003-11-01,86.6,-10.5,9.8,89.2,-46.4,84.1,-19.9,96.2,97.7,99.5,86.6,96.5,4.353,2.15905,4.93,NA,0.8534178999,110.5764,-16.1,95.6,16.8,31.09,0.4453672766685486,101.48092,0.1127736061736448,46.01037,3.8
2003-12-01,87,-11.5,9.8,87.6,-46.7,84.4,-25.5,97,99,99.7,86.4,98.6,4.29105263157895,2.1463333000000002,4.98,NA,0.8131120243,112.8596,-17.7,94.6,18.2,32.15,0.37589195370674133,109.48522,0.02264746895332544,47.69532,4.1
2004-01-01,87.1,-9.6,9.8,85.2,-45.2,84.4,-25,97,98.7,100.6,87.3,97.6,4.17095238095238,2.0894762,4.94,NA,0.7927523477,113.0291,-19.7,89.9,2.6,34.27,0.2684483826160431,121.8408,0.0226361385101911,50.06466,10.3
2004-02-01,87.3,-9.1,10.1,86.7,-45.4,84.7,-26.1,97.2,99,100.2,87.1,98.2,4.11,2.07055,4.86,NA,0.791426784,112.9327,-16.7,95.2,15.2,34.74,0.2989306151866913,125.93089,0.033082383308658606,50.18226,14
2004-03-01,86.6,-9.5,10.3,84.5,-46,85.3,-30.1,97.6,99,100,88,98.1,3.91347826086957,2.0288261,4.77,NA,0.8155332247,111.8031,-17.4,92.6,8.1,36.76,0.5919528603553772,119.85037,0.1070817522688604,48.62262,18.6
2004-04-01,87.9,-7.4,10.3,84.7,-45.8,86,-26.4,97.9,99.2,100.1,89.4,98.2,4.097,2.04875,4.66,NA,0.833518721,110.8781,-17.7,92.9,6.4,36.69,0.41125282645225525,106.4881,0.10521770288698645,49.86609,21.9
2004-05-01,88.6,-7.4,10.3,88.8,-48.3,83.8,-28.6,98.1,99.1,100.3,91.7,98.1,4.25333333333333,2.0858571,4.72,NA,0.8324215129,111.2462,-18.1,92.5,6.1,40.28,0.29630932211875916,84.046343,0.08814508448366136,47.48711,13.8
2004-06-01,87.9,-8.2,10.3,85.9,-47.6,85.3,-31.7,98.1,99.3,100.5,90.2,98.5,4.31272727272727,2.1126818,4.75,NA,0.8231777259,111.1194,-17.4,91.8,5.3,38.02,0.534296452999115,62.3979,0.03572132823943935,48.68238,12.4
2004-07-01,89.1,-6.3,10.3,86.9,-49,85.5,-29.1,98.5,99.7,99.9,91.3,99.4,4.23681818181818,2.1160455,4.73,NA,0.815449971,111.548,-18.2,92.9,7.3,40.69,0.21714872121810913,88.836549,0.005558204523085895,47.50061,34.6
2004-08-01,88.2,-5.6,10.4,86.7,-49,84.4,-29.9,98.6,99.9,99,92.7,99.7,4.08045454545455,2.1142727,4.8,NA,0.8202851114,111.4214,-17.5,92.5,3.9,44.94,0.2887801229953766,98.796832,0.013043916016424057,45.9294,9.8
2004-09-01,88,-5.3,10.4,87.9,-49,85,-28.6,98.2,99.5,98.4,92.1,99,4.01636363636364,2.1185909,4.77,NA,0.8178968621,111.0037,-16,94.4,8.2,45.95,0.3858463168144226,97.971328,0.005738544093095641,47.64905,2.2
2004-10-01,89.1,-5.2,10.5,90.7,-49,84.6,-27.8,98.5,99.4,98.3,95.1,98.8,3.8947619047619,2.1473333,4.66,NA,0.8010767148,111.0708,-17.1,94.1,8.5,53.13,0.3148614466190338,106.78779,0.005628243383486971,48.32766,7.2
2004-11-01,87.6,-6,10.6,89.5,-48.2,85.7,-27.3,98.1,99.2,98.2,92.6,98.4,3.78045454545455,2.1703182,4.64,NA,0.7693685486,111.4256,-17,94.4,10.3,48.46,0.5643781423568726,122.15189,0.007615711202768125,49.97405,9
2004-12-01,87.7,-5.5,10.7,88.7,-48.6,84.9,-23.4,99.2,100.5,99.2,90.5,100.7,3.57952380952381,2.1731739,4.53,NA,0.7454376067,113.1097,-16.4,92.6,3.2,43.33,0.3620081841945648,126.19621,0.009036643601498095,51.29464,8.8
2005-01-01,89.6,-5.6,10.7,87.9,-47.4,85.5,-24.1,98.6,99.4,99.6,92,99.1,3.5647619047619,2.1454286,4.47,NA,0.7628096826,111.3282,-14.4,94.8,7.7,46.84,0.2805768549442291,106.04591,0.010292623940833195,51.82673,8.2
2005-02-01,88.6,-7.4,10.9,89.3,-48.3,84.1,-26.5,99,99.7,100.3,92.8,99.6,3.544,2.13835,4.41,NA,0.7676513351,110.852,-14.8,93.7,6.8,47.97,0.5340539813041687,106.45841,0.0021833428615233345,53.03743,14.2
2005-03-01,89.6,-10.1,10.9,87.2,-46.3,84.6,-32.5,99.4,99.8,100.6,95.4,99.5,3.69619047619048,2.1371905,4.4,NA,0.7588134294,111.1189,-14.8,91.6,4.6,54.31,0.2806254029273987,109.43098,0.0016723975495827222,53.24178,25.6
2005-04-01,90.2,-10.5,11.2,85.8,-44.2,83.4,-27.8,99.4,99.5,100.4,97.4,99.1,3.48238095238095,2.1372381,4.41,NA,0.7726796173,110.2895,-15.3,92.2,6.6,53.04,0.2442685216665268,106.11502,0.004442491351566761,52.37231,32.2
2005-05-01,89.2,-10.7,11.2,88.7,-42.2,83.9,-27.5,99.7,100,100.9,97.2,99.8,3.30409090909091,2.1256364,4.32,NA,0.7885121195,109.8393,-14.8,93,9,49.83,0.3767942488193512,85.152721,0.002389559123464187,52.04265,46.1
2005-06-01,91,-11.1,11.2,88.2,-44.6,84.5,-27,99.9,99.8,101.1,99.4,99.7,3.12636363636364,2.1110455,4.2,NA,0.8225777413,108.621,-15,92.3,7.7,56.26,0.2559701204299927,56.452422,0.0047558673347287625,54.81299,17
2005-07-01,92.2,-8.9,11.2,90.8,-43.2,84.2,-27.3,100.3,100.2,100.2,101.9,100.7,3.20571428571429,2.1194286,4.14,NA,0.8299360787,109.1975,-15.5,93.8,10,58.7,0.4090728759765625,34.626825,0.00876490735167624,56.88544,9.7
2005-08-01,89.8,-8,11.2,87.7,-41,84.6,-21.1,100.5,100.3,99.4,103.4,100.9,3.23260869565217,2.1324783,4.12,NA,0.8133932101,109.1725,-13.9,95.2,10.4,64.97,0.4175567924976349,33.590713,0.004678761353675197,58.80945,16.6
2005-09-01,91.9,-6.3,11.1,92.7,-37,84,-19.5,100.8,100.1,99.3,106.7,100.1,3.06772727272727,2.1391364,4.11,NA,0.8166935065,108.4323,-13.9,96.3,11.7,65.57,0.3767853379249573,56.329549,0.009314878370885115,59.70398,13.6
2005-10-01,93.6,-4.2,11,94.1,-34.9,84,-21.2,100.9,100.1,99,107.1,100.1,3.23857142857143,2.196619,4.12,NA,0.8312796932,108.2321,-12.8,97.6,12.1,62.37,0.2413099706172943,68.327912,0.013881964501622638,59.60951,4
2005-11-01,92.7,-5.1,10.9,92.5,-34.9,84.4,-21.3,100.3,99.9,99.2,103.4,99.6,3.44818181818182,2.3608636,4.19,NA,0.8479040994,107.5603,-12.3,97.2,11.2,58.3,0.2531336843967438,60.928884,0.011328687520011345,61.13445,2.5
2005-12-01,92.7,-3.8,10.7,94.6,-36.3,83.8,-19.5,101.3,101.1,100,103.5,101.8,3.33761904761905,2.4728571,4.27,NA,0.8431824679,108.2855,-11.8,98.6,14.7,59.43,0.32926714420318604,49.623755,0.004699180916847032,63.95299,16
2006-01-01,93.7,-1.3,10.6,98.3,-31.6,84.2,-14.1,100.7,99.8,100.9,106.1,99.9,3.32136363636364,2.5116818,4.35,NA,0.8252306086,107.9707,-8.5,101.4,14.5,65.51,0.517082154750824,35.258629,0.007064322334605398,66.11412,17.2
2006-02-01,93.9,0.1,10.5,100.7,-28.1,84.1,-10.2,101.1,100.3,101.3,106.4,100.5,3.4725,2.60035,4.34,NA,0.8375599006,107.5179,-8.8,102.5,15.8,61.63,0.35979241132736206,43.11214,0.0033815101158191354,69.63632,20.5
2006-03-01,93,0.9,10.5,100.2,-26.7,83.7,-9.6,101.2,100.3,101.2,106.7,100.3,3.63739130434783,2.7226087,4.43,NA,0.8311872662,107.7161,-8.7,103.1,16,62.9,0.26685795187950134,49.275882,0.00544231871935514,71.12463,28.9
2006-04-01,94.9,4.1,10.3,101.9,-20.3,83.7,-9.1,101.6,100.3,101.6,109.9,100.3,3.895,2.7937778,4.53,NA,0.8141953955,108.0387,-8.7,104,14.4,69.69,0.2694995403289795,43.647893,0.003990043600257193,72.76139,55.3
2006-05-01,95.8,4,10.2,100.5,-18.8,84.7,-9.7,101.8,100.4,102.4,110.4,100.4,3.96272727272727,2.889,4.61,NA,0.7829057142,108.4564,-6.6,105.8,18,70.94,0.40401017665863037,42.57695,0.020362595597180053,70.18191,30.8
2006-06-01,95.5,5.2,10.1,103.6,-17.4,85.1,-6.6,101.9,100.5,102.5,111.1,100.8,3.96045454545455,2.9856818,4.68,NA,0.7897520166,109.1681,-7.5,105.1,14.7,70.96,0.3717247545719147,53.201775,0.0324252060960292,65.23695,42.2
2006-07-01,97.1,5.9,10,102.1,-16.3,84.1,-12.8,102.4,101,102.3,112.2,101.9,4.01,3.1021905,4.75,NA,0.7878321157,109.6961,-8.3,104.9,15.4,74.41,0.4287892282009125,64.347696,0.013900184497099432,66.27413,4.7
2006-08-01,97.6,6,9.9,99.9,-14.6,84.3,-12.7,102.3,100.9,102,111.6,101.8,3.88391304347826,3.2264783,4.8,NA,0.7806007433,109.067,-8.5,104.9,14.9,73.05,0.45502951741218567,83.03727,0.007161538527761978,68.15572,13.8
2006-09-01,97.3,8.5,9.8,104.7,-14.7,82.8,-8.3,101.8,100.8,102.3,107.5,101.2,3.75380952380952,3.335381,4.78,NA,0.785348419,108.6274,-8.5,105.7,14,63.87,0.4765518307685852,92.812565,0.0024662380486826334,69.94864,22.5
2006-10-01,96.9,10.3,9.7,104.8,-16,83,-6.3,101.9,100.9,101.9,106.9,101.2,3.78772727272727,3.502,4.75,NA,0.7922798054,108.378,-9.4,106.7,16.5,58.88,0.2649203836917877,93.149631,0.0020891670312581188,73.06985,4.5
2006-11-01,98.6,11.6,9.6,107.1,-16.4,83.6,-7.5,101.8,100.8,102.1,106.4,100.8,3.71409090909091,3.5971818,4.76,NA,0.7758053555,108.3907,-8.3,108,17.6,59.37,0.20039471983909607,97.208198,0.0017469362935746047,75.3987,7
2006-12-01,99.5,11.3,9.4,106.3,-16.8,86.1,-6.9,102.7,102,102.5,106.3,102.9,3.77052631578947,3.6842105,4.73,NA,0.7576693085,109.3188,-8,107.9,19.1,62.03,0.24380730092525482,100.25528,0.0013947083158177814,77.1145,3.4
2007-01-01,99.2,10.7,9.2,106.9,-19.2,82.4,-7.9,102.5,101.4,103.5,107.8,101.7,4.01681818181818,3.7518636,4.81,NA,0.7692050272,108.939,-8,107.4,18.3,54.57,0.24088944494724274,103.11898,0.002102931142602259,79.7364,3.6
2007-02-01,100.1,8.9,9.1,106.9,-24.6,83.5,-16.1,103,101.9,103.4,108.7,102.3,4.049,3.8182,4.91,NA,0.7641653326,109.1181,-5.9,105.9,14.7,59.26,0.42574256658554077,101.45218,0.004564556490829039,82.63397,9.6
2007-03-01,100.6,8.8,8.9,107.9,-24.8,83.6,-13.9,103.2,101.9,103.3,110.4,102.2,3.94090909090909,3.8909091,4.91,NA,0.7547579095,109.1404,-4.9,107.3,17.9,60.56,0.2775689661502838,116.35756,0.02014499579244514,80.48441,8.1
2007-04-01,99.8,8.8,8.7,104.7,-25.7,84.4,-7.7,103.6,102.1,104.3,111.9,102.5,4.1521052631579,3.9752632,4.93,NA,0.7401965351,109.5062,-3.2,108.8,20.7,63.97,0.16986089944839478,127.83846,0.003183890239297339,86.42415,7.6
2007-05-01,101.6,9,8.6,104.8,-24.9,81.7,-7.8,103.8,102.3,104.2,112.5,102.9,4.27904761904762,4.0713636,4.98,NA,0.74015873,109.1627,-1.3,108.7,17.3,63.46,0.25957170128822327,138.26253,0.002429366291625109,89.08846,1.4
2007-06-01,101.8,9.9,8.5,107.6,-25.3,82.4,-11.6,103.9,102.4,104.3,112.9,103.1,4.56047619047619,4.1477619,5.13,NA,0.7450341002,108.8413,-1.8,108.9,17.7,67.48,0.3677169978618622,127.83696,0.013315881896345926,91.62746,7.6
2007-07-01,102.5,8.9,8.5,108.2,-25.8,82.1,-9.9,104.4,102.9,104.2,113.9,104.3,4.505,4.2161818,5.27,NA,0.728967982,109.591,-1.8,108.6,18.3,74.18,0.23953646421432495,140.80402,0.030129662351878837,92.03423,66.7
2007-08-01,102.7,8.6,8.4,109.3,-24.1,82.4,-9.9,104.3,102.9,104.5,112.5,104.2,4.29652173913043,4.5436087,5.31,NA,0.734198174,109.2383,-4.1,107.6,17.9,72.39,0.21582505106925964,149.99502,0.09488748799412239,86.60923,38.7
2007-09-01,103.6,7.8,8.4,104.3,-23.9,81.9,-12.8,104.5,102.9,104.9,113.9,103.6,4.226,4.7417,5.27,NA,0.718849564,109.5396,-5.5,105.6,14.6,79.93,0.28465965390205383,167.27197,0.07504507839565518,88.50817,47.5
2007-10-01,103.8,7,8.3,106,-23,81.9,-14,104.7,102.9,106.5,113.6,103.6,4.28260869565217,4.6873913,5.24,NA,0.7027786407,109.4607,-5.5,105.9,16.4,86.2,0.3003518283367157,186.67637,0.020177551799209596,92.34847,22.1
2007-11-01,103.5,7.1,8.2,107.6,-24,81.1,-13,105.2,102.8,107.6,118.1,103.3,4.08909090909091,4.6385455,5.22,NA,0.6807399048,110.1427,-7.8,103.8,12.2,94.62,0.25465112924575806,187.18409,0.07088208364245965,89.10388,16.7
2007-12-01,104.4,6.9,8.1,103.9,-22.8,80,-20.4,105.9,104,108.3,115.4,105.4,4.20588235294118,4.8483684,5.22,NA,0.6867732256,110.3264,-7.7,103.6,12.8,91.73,0.3499789237976074,180.30125,0.13445380742512744,91.16476,19.8
2008-01-01,105.3,5.2,8,102.8,-21.6,82.9,-20.2,105.5,102.9,109.8,118,103.8,4.02772727272727,4.4815455,5.23,NA,0.6796661957,109.7489,-8.1,102.9,12.5,92.95,0.199296236038208,148.3249,0.19993092259864456,83.74442,10.7
2008-02-01,104.9,5.2,7.9,106.2,-25.7,82.9,-11.5,106.1,103.5,110,118.5,104.6,3.95285714285714,4.3620952,5.09,NA,0.6786291452,109.3117,-8.9,103.1,12.9,95.35,0.21614061295986176,144.03247,0.2853748773981698,79.16575,7.5
2008-03-01,104.8,5.2,7.8,105,-23.6,81.2,-9.1,106.6,103.8,110.5,121.2,104.9,3.79947368421053,4.5963684,5.02,NA,0.6440975906,110.4924,-9.2,102.9,12.3,105.56,0.145537868142128,159.79427,0.40410971274250057,74.68154,8.1
2008-04-01,105.4,3,7.7,103.4,-25.4,80.4,-16.1,106.3,103.2,110.9,122.2,103.8,4.04,4.7835,5.07,NA,0.6350929536,110.1363,-8.8,101.2,9.3,112.57,0.1361793726682663,162.46834,0.37012484820995056,77.65237,21.6
2008-05-01,103,2.9,7.5,103.4,-22,81.6,-14,107,103.5,110.9,126.5,104.5,4.20190476190476,4.857381,5.12,NA,0.6425454545,109.7849,-11,100.9,11.1,125.39,0.1862311065196991,188.93573,0.22345388260039958,79.98895,30
2008-06-01,104.1,-0.7,7.4,102.9,-22.9,80.6,-17.5,107.4,103.5,110.9,128.8,104.7,4.52047619047619,4.9405238,5.24,NA,0.6429047619,109.3281,-13.3,98.4,10.6,133.93,0.3392484486103058,182.37615,0.2608241214144545,75.89803,7.5
2008-07-01,102.5,-3.3,7.3,99.6,-22.1,80.9,-28.6,108.1,104.2,111.1,130.6,106.1,4.4904347826087,4.961,5.42,NA,0.6346086957,109.6192,-16.1,94.3,4.9,133.44,0.45245879888534546,168.15938,0.3163855453219927,70.8663,5.2
2008-08-01,104.1,-6.9,7.1,96.8,-25.8,81.4,-25.2,107.7,104.3,110.7,126.6,106,4.20238095238095,4.9651905,5.48,NA,0.669,108.2322,-16.9,91,0,116.61,0.37038272619247437,149.65307,0.36887286636960964,71.6066,7.3
2008-09-01,102.1,-9.4,7,93.9,-26,82.3,-29.1,107.6,104.1,110.5,127.4,105.2,4.09409090909091,5.0191818,5.39,NA,0.6970454545,107.475,-16,90.2,-0.7,103.9,0.33522099256515503,109.98661,0.4770784823337138,68.08054,9.2
2008-10-01,100,-17.2,7,91.7,-25.6,81.4,-26.4,107.3,104.1,110.7,124.5,105,3.88347826086957,5.113087,5.37,NA,0.7533478261,106.4612,-18,85.2,-4.5,76.65,0.17182131111621857,9.7947734,0.7522253054427159,53.88569,14.8
2008-11-01,95.6,-28.8,7,83.8,-26.3,81.5,-34.3,106.7,104.2,109.8,119.5,105,3.5565,4.2383,5.21,NA,0.7861,106.2306,-17.2,79.6,-7.8,57.44,0.18583592772483826,-67.443055,0.8142881468464447,50.31721,15.1
2008-12-01,92.1,-36.9,7.1,80,-28,81.6,-33.7,107.1,105.4,110.4,114.5,107.1,3.04789473684211,3.292619,4.9,NA,0.74475,109.7913,-19.8,74.2,-12.4,41.02,0.10813229531049728,-76.19009,0.8537171732165262,48.95422,18.8
2009-01-01,85.7,-37.5,7.1,80.3,-29.7,79.8,-29.8,106.5,104.1,110.9,117,105.3,3.07095238095238,2.4565238,4.76,NA,0.7583,109.5234,-19.6,75.1,-11.2,41.74,0.14167732000350952,-56.55395,0.8334349835694904,48.43948,19.1
2009-02-01,82.9,-41.3,7.2,79.1,-29.8,78.8,-25.9,107.2,105,111,117.1,106.3,3.1275,1.94305,4.5,NA,0.78065,110.0783,-19.9,73.5,-11.9,39.16,0.18426594138145447,12.893116,0.7896003438233876,45.3067,19.2
2009-03-01,83,-42,7.3,78.2,-28.7,78.8,-26.9,107,105,110.4,115.7,106,3.01954545454545,1.6354545,4.34,NA,0.7668636364,110.4061,-20.6,72.8,-13.9,47.98,0.14572201669216156,20.685627,0.722256588447857,42.06982,23.9
2009-04-01,80.5,-39.7,7.4,78.6,-29.5,80.3,-22.3,107.1,105.1,110.1,115.9,106.1,3.133,1.4223,4.25,NA,0.7574090909,109.4793,-19.3,75.1,-10.8,49.79,0.22411799430847168,4.1791242,0.6803094944721915,47.93052,26.4
2009-05-01,84,-37.9,7.5,80.7,-30.5,79.2,-21.3,107,105,109.5,116.5,106,3.371,1.2817,4.21,NA,0.731952381,109.3449,-18.7,77.3,-7.4,59.16,0.11867088824510574,46.791998,0.5717188408089738,50.52928,15.8
2009-06-01,85.4,-34.7,7.5,84.4,-30.1,77.6,-17.4,107.4,105,109.9,118.8,106.2,3.47363636363636,1.2279091,4.23,NA,0.7135681818,110.1163,-17.8,80.3,-4.4,69.68,0.22184620797634125,87.017607,0.5356681787117581,50.80304,8.6
2009-07-01,84.4,-31.2,7.6,86.1,-29.3,78.5,-18.9,107.3,105.6,108.7,115.7,107.7,3.33782608695652,0.9749565,4.22,NA,0.709826087,110.0804,-15.7,82.6,-3.9,64.09,0.14519333839416504,74.362474,0.4689490430287072,51.02667,27.1
2009-08-01,85.6,-25.3,7.5,89.1,-27.1,78,-16.8,107.6,105.8,107.7,117.9,107.6,3.3052380952381,0.8604762,4.18,NA,0.701,109.9408,-13.1,88.4,3.6,71.06,0.13604353368282318,51.707666,0.4155793463124286,55.71909,10.3
2009-09-01,89,-23.6,7.5,87.2,-29.1,78.5,-14.8,107.1,105.4,107.4,116.1,106.6,3.26318181818182,0.7720909,4.14,NA,0.6864545455,110.0207,-11.5,90.4,6,69.46,0.6297659277915955,38.395775,0.3183431023072432,58.02095,6.5
2009-10-01,87.3,-19.6,7.4,89.4,-26.9,78.9,-17.4,107.2,105.6,107.3,115.9,106.6,3.20909090909091,0.7375,4.08,NA,0.675,110.2122,-10,92.6,6.3,75.82,0.252471387386322,53.791494,0.34471389353348375,59.17189,10.3
2009-11-01,87.8,-19.3,7.2,88.3,-26.2,78.5,-15.8,107,105.2,107.6,116.6,106.3,3.21714285714286,0.7161905,4.06,NA,0.6702333333,109.8931,-11.4,93.1,8.9,78.08,0.23634353280067444,89.751121,0.4023083138254954,58.65136,24.8
2009-12-01,88.2,-17.5,7.2,91.6,-27.2,79.6,-15.7,108,106.6,108.3,115.6,108.3,3.1385,0.7120455,4.05,959096,0.6863478261,110.1035,-9.5,94.2,8.2,74.3,0.22527958452701569,80.033241,0.3550772962015643,60.76237,13.9
2010-01-01,89.4,-14.9,7.1,90.4,-27.3,78.2,-16.2,107.3,105,109.5,118.2,106.3,3.2575,0.67975,3.99,956598,0.7001428571,108.0718,-11.4,94.5,8.7,78.22,0.19594070315361023,68.130878,0.22097293221435735,61.14987,23
2010-02-01,88.5,-12.5,7,91.6,-26.6,79.4,-21,107.7,105.7,109.7,117.2,107,3.17,0.6617,3.97,955511,0.73085,106.6628,-10.4,95.5,6.8,76.42,0.2657928168773651,51.588087,0.32173079548131867,58.19446,22.6
2010-03-01,90.6,-9.2,6.9,95.8,-24.3,80.1,-18.2,108.3,105.9,110.6,120.3,107.2,3.10217391304348,0.6449565,3.88,955899,0.737,106.0787,-9.1,98.2,9.7,81.24,0.19685038924217224,69.746531,0.23884665466641036,62.05019,30.7
2010-04-01,92.4,-4.3,6.8,98.7,-22.2,78.3,-3.6,108.2,105.3,111.4,121.8,106.3,3.0645,0.6447,3.88,956415,0.7465454545,105.0057,-5.9,103.8,16.5,84.48,0.27406036853790283,64.639332,0.19099009550913038,64.68172,37.7
2010-05-01,95.4,-1.6,6.7,98.8,-22.2,80.1,-7.5,108.3,105.6,110.7,122.2,106.7,2.73428571428571,0.6865238,3.8,956941,0.7954285714,103.4211,-8.4,103.2,15,73.84,0.2729630172252655,88.067084,0.5167941271430158,60.69875,40.4
2010-06-01,94.4,1.3,6.6,99,-21.2,80.5,-9.3,108.3,105.6,110.9,122.1,106.9,2.54318181818182,0.7275909,3.68,957093,0.8189545455,102.5253,-7.2,104.6,14.8,75.35,0.25799793004989624,66.531203,0.5317004129176125,61.53352,57.8
2010-07-01,94.4,4.5,6.5,103.1,-18.7,81,-2.4,108.6,106.1,111.1,121,108.3,2.61590909090909,0.8488182,3.56,959001,0.7820454545,103.7478,-4.1,108.1,18.5,76.37,0.23563340306282043,18.467422,0.37508042826073823,61.42941,14.3
2010-08-01,95.6,5.8,6.4,106.6,-19.1,80.4,0.3,108.7,106.4,110.3,120.8,108.4,2.35,0.8955,3.62,960712,0.7754090909,103.3826,-2.3,109.3,19.6,76.82,0.18773701786994934,42.647472,0.35492389109471234,62.0232,23
2010-09-01,96.8,6.7,6.4,106.1,-16.8,80,3,108.5,106.1,110.2,121.3,107.4,2.30045454545455,0.8805,3.52,962061,0.7639090909,103.1608,-0.4,111,21.7,75.31,0.2074834704399109,53.806106,0.2758487812320882,63.14136,77.6
2010-10-01,98.9,7.7,6.3,108.9,-15,80.3,2.7,108.6,106.2,110.1,121.7,107.4,2.34571428571429,0.9976667,3.45,963621,0.72,104.557,-0.6,111.7,23.4,81.9,0.3452357351779938,52.662699,0.17930701234103627,65.5589,41.3
2010-11-01,98.3,8,6.2,109.5,-14.5,80,5.8,108.7,106.1,111,122.4,107,2.53272727272727,1.0420455,3.53,965311,0.7334545455,103.8892,1.2,112.8,24.2,84.14,0.3878271281719208,37.708874,0.1526547059491665,68.64348,22.2
2010-12-01,100.2,9.4,6.1,109,-15.5,79.9,10.4,110,107.3,112.1,125,109,2.9147619047619,1.0216957,3.61,965090,0.7567826087,103.0354,0.7,113,23,89.04,0.35499829053878784,24.126045,0.2115176893665841,71.57575,45.8
2011-01-01,99.5,8.5,6,109.9,-13.9,80.6,3.9,109.4,105.9,112.6,128.3,107.4,3.01666666666667,1.0172381,3.69,963171,0.7484095238,102.3012,0.4,111.3,19.9,89.42,0.25704148411750793,-13.166928,0.1452496341055215,72.21966,34.3
2011-02-01,100.5,10.5,5.9,110.7,-11.1,81.9,6.1,110.1,106.5,113.4,129.1,108.2,3.199,1.08675,3.9,963440,0.73225,102.9874,0.9,112.9,21.4,89.58,0.30944183468818665,-30.405325,0.09232975719757529,74.39622,20.7
2011-03-01,100.9,10.5,5.7,112.5,-11.4,79.8,6.1,110.8,106.9,113.8,132.8,108.1,3.21173913043478,1.1755217,3.97,963812,0.7135652174,103.8404,0.1,112.5,20.7,102.94,0.5290300846099854,-7.3137402,0.1361729466092542,71.13428,21
2011-04-01,101.1,10.9,5.6,113.5,-8.7,80.2,4.9,111.1,107,113.9,134.5,108.4,3.34052631578947,1.3212105,4.07,964231,0.6917142857,104.0547,-1,112.1,20.5,110.04,0.24330030381679535,-18.205204,0.15072472576810633,73.68677,11.3
2011-05-01,102.1,10.7,5.6,110.9,-7.6,79,5.1,110.9,106.8,114.4,133.7,108,3.06090909090909,1.4250909,4.15,965989,0.6984545455,103.2752,-1.4,111.6,19.1,101.33,0.2356385439634323,-17.660375,0.15840436992767717,73.44771,2.3
2011-06-01,100.5,9.5,5.5,111.1,-6.7,81,1.8,110.9,107,113.8,133.1,108.7,2.89090909090909,1.4885909,4.1,967269,0.6941818182,103.5558,-0.5,111.3,19.4,96.29,0.2592445909976959,-11.690382,0.22123866963435632,71.42152,7.5
2011-07-01,103.7,8,5.5,110.8,-7.1,81,-1.5,111.4,107.5,113.7,133.9,110,2.74380952380952,1.597619,4,969051,0.700047619,103.2383,-0.9,110.4,19.2,97.19,0.17330382764339447,-16.626568,0.3259318008137689,72.65536,14.6
2011-08-01,102.9,4.8,5.4,106.7,-6.2,81.3,-5,111.4,107.7,113.4,132.8,109.9,2.21347826086957,1.552087,3.97,970525,0.6976521739,103.3347,-3.8,106.7,15.1,86.33,0.23606999218463898,-15.219332,0.5728256071664887,59.23936,30.5
2011-09-01,101.3,2.3,5.4,107.3,-7.4,80.8,-6.9,111.6,107.5,113.8,134.9,108.9,1.82909090909091,1.5364545,3.73,972471,0.727,103.1587,-3,104.9,12.1,85.61,0.18465909361839294,13.016885,0.6280923925942603,54.41392,31.3
2011-10-01,102.5,0.6,5.3,107.3,-9.8,81.3,-10.6,111.7,107.6,114.1,135.3,108.7,2.00238095238095,1.5758571,3.56,973702,0.7288571429,103.3244,-5.1,103.6,13.6,86.41,0.14398595690727234,24.990154,0.6480563509228148,58.46436,16.2
2011-11-01,101.8,-1.5,5.2,106.8,-8.5,80.6,-6.4,111.7,107.4,114.4,136,108.4,1.87409090909091,1.4846818,3.53,975843,0.7371363636,103.2942,-4.9,103.1,12.6,97.21,0.26685643196105957,12.817837,0.6703120558649283,58.11156,4.3
2011-12-01,100.7,-1,5.2,105.4,-10.8,80.9,-8,112.5,108.5,115,134.9,110.6,1.92761904761905,1.4260952,3.49,976375,0.7606363636,102.3911,-4,103.7,13.4,98.57,0.28525787591934204,14.767913,0.4929959913292992,58.37954,4.8
2012-01-01,101.1,0,5.1,107,-10.4,79.8,-8.5,111.9,107.3,116.2,137.4,108.9,1.82090909090909,1.2222273,3.46,974998,0.775,100.9029,-4.3,103.6,12.4,100.24,0.24517087638378143,-44.00732,0.33400911842375663,62.40877,12.5
2012-02-01,101.5,0,5.1,106.4,-9.2,80.5,-8.6,112.9,108,117.5,139.2,109.8,1.85190476190476,1.0482857,3.39,975015,0.7554761905,101.0722,-4.8,104,14.3,102.25,0.29327747225761414,-83.212401,0.3678059795892241,67.23806,21.4
2012-03-01,102.3,-2.4,5.1,107.7,-9.5,81.1,-5.7,113.4,108.3,117.9,141.3,109.5,1.83045454545455,0.8584545,3.27,976164,0.7571363636,101.1402,-4.8,103.7,15.3,106.19,0.17587420344352722,-63.166406,0.3104418208648702,68.83047,24.5
2012-04-01,100.8,-1.5,5.1,105.5,-9.5,80.1,-4.3,113.5,108.5,117.7,142,109.7,1.62421052631579,0.7443158,3.3,975053,0.759952381,100.5683,-4.7,104.7,17.4,103.33,0.3566685616970062,-45.931562,0.3151644051861218,66.66934,12.9
2012-05-01,102.5,-4.3,5.1,106.3,-8.2,80.9,-12.2,113.3,108.4,117.3,140.1,109.7,1.33681818181818,0.6849091,3.18,976941,0.7817826087,100.2355,-5.4,102.8,16.3,94.7,0.28901734948158264,-37.944718,0.3123739482437782,62.91772,12.6
2012-06-01,101.4,-5.4,5.1,103.8,-9.6,81.4,-13.4,113.1,108.4,117.7,138.4,109.8,1.30047619047619,0.6588571,3.03,979230,0.7977142857,99.95985,-4.6,101.9,13.4,82.41,0.27307072281837463,-53.805966,0.4061639618007268,59.9411,13.9
2012-07-01,102.2,-8.7,5.1,102.9,-8.2,80.4,-12.7,113.5,108.8,117,139.7,111.3,1.24227272727273,0.4970455,2.99,981122,0.8140909091,99.22162,-5.6,98.9,9.3,87.93,0.22334322333335876,-41.715708,0.38841724111603904,63.28787,22.3
2012-08-01,102.4,-9.6,5,101.9,-8.9,80.7,-15.1,113.9,109,117,142.5,111.3,1.34173913043478,0.3323913,2.92,984128,0.806173913,99.1213,-6.1,98.5,9.7,94.16,0.16068759560585022,-74.957912,0.3020060007166874,66.81779,15.2
2012-09-01,101.1,-11.9,5,101.4,-8.8,81,-18.1,113.9,108.8,116.9,144,110.3,1.4905,0.2463,2.86,986936,0.77715,99.98592,-7.1,97,9.6,94.72,0.1869090348482132,-82.598199,0.14886734758783424,69.60355,6
2012-10-01,99.7,-14.6,5,100.4,-10.8,80.6,-15.3,114,108.9,117.6,142.6,110.1,1.46695652173913,0.207913,2.83,990343,0.7706086957,99.97711,-7.2,95.9,9.1,89.57,0.2407536655664444,-52.910482,0.0780046048039499,69.99876,17.1
2012-11-01,99,-11.8,5,102,-9.4,80.4,-14.5,113.8,108.7,118.9,141.1,109.8,1.33590909090909,0.192,2.8,994413,0.7792272727,99.96131,-6.5,97.5,8.8,86.66,0.19870135188102722,-45.270256,0.09023762451817673,69.72694,19
2012-12-01,99.5,-10.3,5,103.9,-11.9,80.3,-15.7,114.8,110.1,119.9,139.9,112.3,1.29941176470588,0.1854737,2.79,995393,0.7617619048,100.777,-6.7,98.2,10.1,88.25,0.2407580018043518,-63.111921,0.05466916912323373,72.98695,19.5
2013-01-01,98.6,-8.8,5.1,103.1,-7.4,81,-14.3,114,108.5,120.8,143.2,110.4,1.51227272727273,0.2049091,2.75,994761,0.752,100.924,-5.4,100.1,11.3,94.69,0.2605409026145935,-73.619557,0.036452205312897314,74.69118,23.2
2013-02-01,99.3,-6.8,5.1,102.9,-6.3,80.3,-15.3,114.9,109.3,120.8,144.9,111.4,1.5435,0.22335,2.77,995524,0.74955,101.4725,-5.4,100.7,11,95.32,0.3276100158691406,-77.380126,0.06527337964614698,74.36344,22.7
2013-03-01,101.1,-7.8,5,103,-6.1,80.5,-17.8,115.4,110.2,121.8,142.8,112.1,1.3545,0.20605,2.78,996851,0.772047619,100.9768,-5.2,101.2,13.7,93.05,0.1950216293334961,-60.717216,0.11303750340472743,76.44746,31.2
2013-04-01,101,-7.4,5,101,-4.2,80.6,-20.4,114.8,109.2,121.9,143.5,110.4,1.19619047619048,0.2089048,2.78,997892,0.7677727273,100.5487,-4.8,99.9,8.5,92.07,0.23210541903972626,-60.583178,0.06819577363394683,74.61021,71.5
2013-05-01,100.2,-8,5,102,-4.2,81.4,-13.5,115.1,109.6,122.9,142.8,111.1,1.29409090909091,0.2012273,2.68,999981,0.7707142857,101.004,-4.7,100.8,11.8,94.8,0.19481925666332245,-63.081646,0.04348724907545684,78.491,53.4
2013-06-01,102,-5.8,4.9,100.3,-5.3,80.9,-15.3,115.2,109.7,123.2,142.8,111.6,1.5305,0.21025,2.62,1002326,0.758586,102.0223,-4.6,101.3,11.3,95.8,0.3234521746635437,-53.1992,0.03310328170631085,76.11973,116.7
2013-07-01,100.4,-6.4,4.9,101.8,-5.3,81,-13.9,115.7,110.1,122.9,144.2,112.9,1.56565217391304,0.2214348,2.67,1005412,0.7646421739,102.5065,-3.8,101.9,12.5,104.61,0.2002827525138855,-35.483401,0.06959438488489575,76.90051,45
2013-08-01,102.4,-2.1,4.9,103.6,-4.2,81.1,-10.8,115.7,110.3,121.8,144,113.1,1.735,0.2258636,2.76,1008922,0.7510654545,103.0086,-3.9,104,13.7,106.57,0.28697147965431213,-38.725951,0.024745787381436273,78.8091,5.7
2013-09-01,102.1,-1.7,4.9,104.1,-2.9,81.3,-8.9,115.7,110.2,121.5,144.5,112.1,1.88809523809524,0.2232381,2.83,1010890,0.7491161905,102.7995,-3,105.2,15.7,106.29,0.338643878698349,4.8690552,0.03346218552867227,80.3456,5.3
2013-10-01,101.4,1,4.8,103.9,-3.6,80.7,-8.7,115.4,110,121.6,142.5,111.6,1.76217391304348,0.2258261,2.84,1013588,0.7330056522,102.9408,-2.6,105.3,12.2,100.54,0.318275511264801,16.365861,0.015405725635980243,83.1757,16.4
2013-11-01,103.1,0.9,4.8,105.3,-4.7,81.8,-8.1,115.6,110.5,122,141.2,112.3,1.67714285714286,0.223381,2.87,1016300,0.7413595238,103.3151,-1.8,106.2,14.2,93.86,0.4847566783428192,-2.553975,0.014069500178827847,86.68056,21.7
2013-12-01,103.3,0.3,4.8,105.1,-6.2,80.5,-6.2,116.2,110.9,123.7,141.8,113.4,1.79777777777778,0.2735,2.8,1015480,0.7297122727,104.3672,-1.3,106.1,14.8,97.63,0.24146544933319092,30.795073,0.0053784251104034946,87.57316,13.4
2014-01-01,102.6,0.5,4.8,103.8,-8.6,81.3,-7.3,115.4,109.8,124.6,140.8,112,1.75590909090909,0.2920455,2.81,1013731,0.7340834783,103.8659,-0.4,106.8,15.1,94.62,0.2985074520111084,-8.4354566,0.009902037779969518,89.84804,8.2
2014-02-01,102.6,0.8,4.8,107.2,-6.4,81.9,-3.3,116,110.6,124.5,141.2,113.1,1.5585,0.2881,2.83,1015515,0.731746,104.3051,-0.1,107.3,15.4,100.82,0.4479469060897827,-33.980788,0.020262889440757548,89.74779,11.6
2014-03-01,102.9,1.2,4.8,107.9,-7.9,82.3,-2.1,116.4,111.2,123.9,140.7,113.3,1.50857142857143,0.3053333,2.72,1016307,0.7231647619,104.7515,-0.6,107.2,15.5,100.8,0.9860464930534363,-7.6257044,0.022721238580161108,88.25562,6.2
2014-04-01,102.5,0.5,4.8,107.4,-9.3,81.7,0.1,116.1,110.7,123.5,141.7,112.6,1.4565,0.32975,2.71,1018017,0.7240890909,104.0371,-0.4,107.3,16.2,102.07,0.5126789212226868,-42.695506,0.009116920921568992,89.13858,3.4
2014-05-01,102,0.8,4.7,104.9,-10.9,81,-3,115.8,110.4,123.2,141.7,112.3,1.32714285714286,0.3245714,2.63,1020860,0.7281081818,103.4207,0,107,15,102.18,0.5079962611198425,-48.01447,0.003090206977254007,89.8037,11.4
2014-06-01,102.1,-1.1,4.7,103.4,-8.5,82.5,-4.9,116.3,110.9,123.1,142.4,113.3,1.26428571428571,0.2414286,2.55,1022512,0.7355752381,103.3084,-0.5,105.4,13,105.79,0.41640228033065796,-56.381344,0.00176672559777951,91.3672,8.7
2014-07-01,103.8,-0.8,4.7,103.2,-11.3,81,-10.4,116.6,111.4,123.1,142.1,114.5,1.11434782608696,0.2050435,2.46,1025897,0.7388569565,103.4149,-0.1,105.1,12.9,103.59,0.8747156262397766,-69.940534,0.002639108464108449,89.57235,7.9
2014-08-01,100.1,-3,4.7,104.5,-11,82.4,-10.3,116.6,111.6,122.4,141.3,114.7,0.956190476190476,0.1915714,2.41,1030295,0.75092,103.2098,-1.5,103.8,12.4,96.54,0.8069187998771667,-53.385807,0.011187001919659897,85.20767,16.8
2014-09-01,102.6,-5.3,4.7,103.2,-10.1,81.4,-11,116.6,111.5,122.7,141.5,113.8,0.921363636363636,0.0970909,2.3,1032897,0.7751895455,102.4026,-2.1,102.5,12.6,93.21,0.6061335802078247,-35.155351,0.007526603622568526,88.18429,29.2
2014-10-01,102.9,-6.4,4.7,102.8,-9.2,82.4,-13.9,116.2,111.2,122.6,139.5,113.4,0.790909090909091,0.0826087,2.25,1036713,0.7890443478,101.944,-1.3,102.4,12.5,84.4,0.3763972222805023,-36.928692,0.02554490976724268,82.40456,16.2
2014-11-01,102.8,-4.6,4.6,99.8,-12.7,82.3,-13.3,116.2,111.5,122.3,137.9,113.8,0.719,0.0809,2.17,1040072,0.801368,102.4208,-1.9,102.3,11.4,75.79,0.40236592292785645,-17.51376,0.007670854334803412,87.26277,8.3
2014-12-01,104.5,-4.4,4.6,102.1,-11.4,82.4,-11.2,116.3,112.2,122.7,132.6,115,0.588947368421053,0.0809048,2.13,1044888,0.812196087,103.2757,-1.4,103,12.3,59.29,0.26126715540885925,-55.193044,0.015048898872172931,90.31265,7
2015-01-01,102,-3,4.5,102.9,-11.7,84,-10.1,114.8,110.8,123.2,128.3,113.4,0.39,0.0626667,1.96,1044208,0.8599027273,100.8984,-0.5,104.1,12.9,47.22,0.5653976798057556,-77.047248,0.03953933512174044,93.31048,9.1
2015-02-01,103.1,-2.1,4.5,103.9,-11.7,84,-8.2,115.9,111.7,124.2,130.9,114.6,0.302,0.0482,1.96,1046039,0.880563,100.061,-0.1,104.6,12.2,50.58,0.8620689511299133,-106.73308,0.06689948064320829,100.9564,15.3
2015-03-01,103.1,-0.1,4.5,106.2,-12.1,83.9,-5.9,116.6,112.4,124.1,132.8,114.9,0.227272727272727,0.0271818,1.88,1047136,0.9244727273,98.55064,0.5,106.3,15,47.82,0.6261070370674133,-100.27997,0.05557765348192714,107.9198,18.9
2015-04-01,103.9,-0.3,4.4,106.3,-9.4,83.9,-4.1,117.3,113,125,133.4,115.8,0.122,0.0047,1.87,1049913,0.9246854545,98.11572,0.7,106.6,15.3,54.45,0.4591251015663147,-97.581223,0.04963262157241169,109.3831,28.2
2015-05-01,104.1,-0.8,4.4,106.2,-11.5,85.8,-3.8,117.7,113.4,125,134.7,116.5,0.55578947368421,-0.0103684,1.77,1053803,0.8961171429,98.8755,0.1,106.6,17,59.27,0.25225532054901123,-96.794541,0.11316176796257237,105.1591,31.5
2015-06-01,104,-1.2,4.4,106.5,-11.4,85.2,-5.1,117.6,113.4,124.2,134.1,116.9,0.792727272727273,-0.0139091,1.85,1057052,0.8915577273,99.7082,-0.2,107,18.4,59.82,0.4503724277019501,-81.126077,0.14072519854901155,101.2552,12.7
2015-07-01,105.5,-0.7,4.3,106.8,-10.4,86.2,-1.8,118,114.2,123.4,133.5,118.6,0.71,-0.0187391,1.99,1062392,0.9087826087,99.58206,-0.6,107,17.8,50.9,0.6060868501663208,-47.811737,0.16367851971731098,101.8991,11.7
2015-08-01,102.9,-2,4.3,106.7,-8.6,86.4,1.5,118,114.5,123.1,130.7,118.8,0.608571428571429,-0.0276667,2.06,1066248,0.8983647619,101.1469,-1,107.1,20.1,42.87,0.2968617379665375,-38.801087,0.11044363451650509,98.31521,7.3
2015-09-01,103.1,-1.7,4.3,106.4,-8.6,86.1,0.3,117.6,114.3,123.7,128.4,117.6,0.654090909090909,-0.0370455,2.03,1070706,0.8914286364,101.7745,-2.1,107.5,21.5,45.48,0.5263615846633911,-56.561778,0.2039844982414224,91.18983,14.3
2015-10-01,104,-3.4,4.2,108,-7.6,86.1,-0.1,117.6,114.3,124.3,127.3,117.3,0.518181818181818,-0.0535909,2.05,1075419,0.8903236364,101.3623,-3.2,106.1,20.4,46.22,0.3487287759780884,-67.887274,0.17074969201262158,93.41651,10.1
2015-11-01,102.7,-2.6,4.2,109,-5.4,86.4,-0.7,116.5,112.7,124.4,127.5,114.9,0.516190476190476,-0.087619,2.02,1078683,0.93277,99.36266,-3.2,106.9,21.5,42.44,0.7214611768722534,-98.736032,0.08337191924601826,99.70134,6.8
2015-12-01,103.2,-3,4.2,109.8,-5.3,87.5,-2.6,116.6,113.4,123.9,123.9,116.5,0.5455,-0.1263182,1.95,1081022,0.9184513043,100.5694,-1.8,106.4,19.6,37.19,0.5361007452011108,-109.92886,0.10307255862805581,97.49394,6.5
2016-01-01,104.8,-3.8,4.1,109.9,-5.3,87.2,-2.7,115.3,112,124.2,120.9,114.7,0.4305,-0.14615,1.97,1080749,0.9217671429,100.9079,-2.2,105.8,19.8,31.68,0.47738227248191833,-139.27907,0.1307540222230135,90.35313,8.6
2016-02-01,104.6,-4.3,4.1,106.7,-3.6,87.1,-5.1,115.7,112.7,125,119.8,115.7,0.172857142857143,-0.1835714,1.96,1082533,0.901702381,101.5288,-2.2,105.2,17.5,30.32,0.6605343222618103,-161.98868,0.29372758290132167,85.18068,13.1
2016-03-01,103.8,-3.8,4,105.8,-3.1,86.3,-3.2,116.8,113.9,125.6,120.9,116.8,0.17142857142857101,-0.2285238,1.82,1085234,0.8985226087,101.3148,-2.6,105.4,17.5,37.55,0.4753066897392273,-139.89992,0.2697535645854989,90.18927,19
2016-04-01,104.5,-2.8,4,107.5,-4.5,85.6,-3.4,116.9,113.8,125.9,122.1,116.3,0.134285714285714,-0.2491905,1.88,1089431,0.881817619,101.3198,-1.7,106.4,18.2,40.75,0.30673420429229736,-94.076438,0.20454160555572248,91.52528,25
2016-05-01,102.8,-2.3,4,106.8,-0.1,86.6,-0.4,117.6,114.5,125.2,124,117.6,0.132857142857143,-0.2571818,1.79,1092132,0.8846081818,101.8817,-2,106.1,16.3,46.71,0.4006009101867676,-92.123041,0.15439913575202222,90.31651,37.6
2016-06-01,104.7,-1.4,4,106.1,1.1,86.4,-3.7,117.7,114.6,124.6,125.5,118.1,-0.016818181818182,-0.2679091,1.76,1096695,0.8902813636,101.6424,-1.1,107.1,17.8,48.76,0.35871052742004395,-94.196004,0.2316223091554383,88.58336,49.5
2016-07-01,103.4,-0.9,3.9,107.9,1.3,87.3,-3,118.4,115.6,125,124.1,120.3,-0.154285714285714,-0.2945238,1.73,1101961,0.9043114286,101.8316,-1.5,106.8,17,44.65,0.6482345461845398,-78.812005,0.3278647748243166,89.41234,48.7
2016-08-01,105,-2.8,3.9,108.5,1.9,87.8,-6.5,118.3,115.6,124.4,123,120.2,-0.131739130434783,-0.2982174,1.68,1106080,0.89225,101.8554,-1.2,106,17.1,44.72,0.3462890088558197,-83.83439,0.1187985674848438,94.28597,24.6
2016-09-01,104.7,-0.7,3.8,110.2,4,87,-4.1,118.2,115.4,124.6,123.8,119,-0.084090909090909,-0.3016364,1.64,1110984,0.8919186364,101.8677,-1.5,106.9,17.5,45.18,0.2722322940826416,-63.218521,0.08739509067661469,94.27055,16.6
2016-10-01,105.4,0.5,3.7,111.3,2,89.3,-4.8,118.4,115.4,124.6,125.6,118.7,0.002,-0.309,1.62,1114732,0.9076771429,101.524,-1.7,107.7,19,49.78,0.3484833538532257,-58.487354,0.1377494773872529,95.15737,7.5
2016-11-01,105.2,0.3,3.7,111.7,2.2,87.4,-2.9,117.3,113.9,126,124.2,116.2,0.189090909090909,-0.3126818,1.62,1118626,0.9276704545,100.6628,-0.9,107.9,18.8,45.66,0.41023537516593933,-37.403016,0.1336507319137864,94.19344,12.9
2016-12-01,102.8,2.5,3.7,112.1,5.5,88.9,-4,118.4,114.8,127.1,126.9,118,0.251904761904762,-0.3157619,1.66,1121118,0.9488513636,100.7527,-0.3,109.4,20.3,51.97,0.6870269775390625,-39.591598,0.16536550365057595,99.25215,12
2017-01-01,104.6,2.5,3.7,111,5.1,87.9,-6.4,117.3,113.1,128.1,128.1,115.8,0.250909090909091,-0.3255455,1.77,1121138,0.9407472727,100.0647,-0.1,109.1,19.3,52.5,0.45583468675613403,-54.409804,0.10466431747457196,102.892,13.2
2017-02-01,105.4,3.8,3.6,111.3,4.7,88.9,-6.9,118.2,113.9,130.4,128.4,116.9,0.258,-0.3286,1.81,1123183,0.939364,99.85933,-1.4,109.1,19.8,53.47,0.6223152279853821,-72.174481,0.056175503838335805,104.0024,19
2017-03-01,104.9,5.5,3.6,109.9,8.7,90.2,-4.7,118.5,114.8,128.3,127.2,117.3,0.348260869565217,-0.3293478,1.82,1127089,0.9353173913,100.1311,-0.4,110.4,19.8,49.33,0.3316669762134552,-31.221867,0.019101061615932443,106.4354,22.8
2017-04-01,106.9,7.9,3.6,113.5,11,89.7,3.3,119.2,115.6,127.9,128.3,118.4,0.225555555555556,-0.3303889,1.85,1132021,0.9333455,99.97704,0.4,112.1,20.4,51.06,0.4570768177509308,-24.369748,0.015793280890843364,108.0953,26.8
2017-05-01,107.2,8.2,3.6,111.6,10.3,90.3,-5.7,119.2,115.7,127.9,126.5,118.6,0.336363636363636,-0.3294545,1.83,1136283,0.9044721739,100.9998,1.3,111.2,17.6,48.48,0.4874086081981659,-46.884997,0.02294604648677009,110.7981,49.3
2017-06-01,107,10.2,3.5,113.2,13,90.6,-0.5,119.7,116.5,127.7,125.4,120.4,0.25047619047619,-0.33,1.82,1142665,0.8900081818,101.721,2,112.7,18.2,45.18,0.495356023311615,-59.118557,0.015555462588990827,110.8772,18.1
2017-07-01,107.5,11.9,3.5,114.7,12.3,90.3,-2.3,120.4,117.5,128.1,125.1,122.4,0.455714285714286,-0.3304286,1.82,1147632,0.8681657143,102.9594,2,113.3,18.3,46.63,0.7206061482429504,-53.796785,0.011283242053270777,108.4056,16.1
2017-08-01,110,10.7,3.5,112.8,12.3,90.1,-6.6,120.5,117.6,127.9,125.7,122.3,0.346086956521739,-0.329087,1.87,1152576,0.8466469565,103.6339,1.4,112.3,18.2,48.04,0.4539628326892853,-30.891351,0.003574848835843927,106.8961,30.4
2017-09-01,108.9,11.9,3.4,113.9,11.7,91.6,-4.8,120.5,117.2,128.5,127.2,121,0.347142857142857,-0.329381,1.86,1158160,0.8394861905,103.5352,1.3,112.6,17.8,49.82,0.4943326413631439,-13.486652,0.009723877200274948,109.8785,37.8
2017-10-01,107.3,13.3,3.4,114.7,10.9,89.7,-2.5,120.2,116.7,129.4,127,119.9,0.3725,-0.3295455,1.85,1162060,0.8506872727,103.0277,1.6,113.6,19.5,51.58,0.568135678768158,-4.9169299,0.016155699287844515,114.4746,33.6
2017-11-01,111.1,13.3,3.4,114,12.1,91,-2.2,119.4,115.4,129.6,128.8,117.8,0.308181818181818,-0.329,1.84,1166148,0.8517459091,102.6448,1.5,114.1,20.8,56.64,0.2987712621688843,-7.0853365,0.013846148341348423,115.9012,20.7
2017-12-01,110.3,14.5,3.4,116.9,12.3,91.7,0.1,120.2,116.3,130.6,128.5,119.5,0.296842105263158,-0.3278947,1.79,1169587,0.8452995238,103.0748,1.4,114.9,21.5,57.88,0.24673306941986084,3.6083088,0.010359686511903264,115.7334,15.1
2018-01-01,109.6,14.8,3.3,118.8,13.5,90.4,-2,119,114.4,131.7,129,117.3,0.474545454545455,-0.3284545,1.82,1170118,0.8199269565,102.6253,2.3,115.5,23,63.7,0.4251627027988434,-23.140381,0.002777051276138756,117.9698,13.3
2018-02-01,107.8,12.5,3.3,117.8,14.7,90.4,-2.4,119.6,115.4,131.6,128.6,118.5,0.659,-0.3285,1.84,1173416,0.810291,102.6317,2.3,114.5,21.5,62.23,0.3022412359714508,-33.173796,0.03298784731449461,111.1663,14.9
2018-03-01,109.5,10.8,3.3,115.9,15.6,89.9,-6.9,120.5,116.6,131.9,127.7,119.8,0.52952380952381,-0.3279048,1.89,1179670,0.8110340909,103.2938,1.6,113,20.3,62.73,0.7012903690338135,-30.447348,0.03336047106316972,108.9667,31.1
2018-04-01,108.8,12.2,3.2,114.9,17.2,93.8,-4.6,120.8,116.6,131.9,129.9,119.6,0.48,-0.32845,1.89,1183053,0.8149528571,103.2882,1.4,113,17.8,66.25,0.5528441071510315,-32.73263,0.012565208810953873,110.4106,56.6
2018-05-01,110.4,11.6,3.2,116.1,17.4,91.9,-1.4,122,117.8,132.1,133,121.7,0.45,-0.3252273,1.91,1188834,0.8471369565,103.2827,1.1,112.6,17.7,69.98,0.9244474172592163,-19.229881,0.008457388147622013,113.3236,51.9
2018-06-01,110.1,12,3.2,115.6,16.5,92.1,-6.3,122.1,117.8,131.8,133.6,122.1,0.327142857142857,-0.3220476,1.9,1195951,0.8563633333,103.3437,1.4,112.5,16.2,67.87,0.5575977563858032,-14.692959,0.025206974249509517,110.7576,20.2
2018-07-01,108.2,10.4,3.2,116.3,20.4,91.8,-7,123,119.2,131.3,133.5,124.9,0.274545454545455,-0.3207273,1.88,1200194,0.8557927273,104.2388,0.2,113.4,22.8,70.98,0.6745506525039673,5.3130282,0.01598030784165481,109.9421,5.8
2018-08-01,109.7,9.5,3.2,118,18.8,92,-5.5,123.1,119.1,130.9,134.6,124.4,0.290869565217391,-0.319,1.87,1206829,0.8658630435,104.3695,0.6,112.8,21.7,68.06,0.4523670971393585,8.871272,0.016043230695397384,109.6395,36.4
2018-09-01,108.4,9.1,3.1,117.3,18.9,91.9,-1.7,123.2,118.8,132,137.2,122.9,0.3705,-0.31885,1.86,1213031,0.857064,104.9844,0.2,112.7,22.4,70.23,0.23939521610736847,-7.8698281,0.004681123851790639,107.3357,7.6
2018-10-01,108.1,6.8,3.1,117.1,20.9,92.3,-5.8,123.3,118.8,131.9,138.4,122.7,0.399090909090909,-0.3176957,1.86,1217624,0.8707708696,104.2338,-0.1,111.2,20.6,70.75,0.49431538581848145,-1.3853586,0.02463776045006391,101.9068,3.8
2018-11-01,106.1,6.7,3.1,114.1,20.9,92.4,-4.6,121.9,116.6,131.7,140.9,119.2,0.314090909090909,-0.3163636,1.88,1223210,0.8799522727,103.2719,0,112.3,24.2,56.96,0.36451488733291626,-27.089041,0.04393502330965706,99.33119,2.5
2018-12-01,107.3,3.9,3.1,115.6,18.9,92.1,-5,122.1,117.6,131.9,135.1,121,0.187058823529412,-0.3118947,1.85,1226006,0.8787457143,103.3328,-0.8,110.2,21.6,49.52,0.3754987120628357,-15.662626,0.14867610942290846,93.78859,11.6
2019-01-01,107,2.4,3,113,17.6,94.3,-10.3,121,116.4,132.5,132.4,119.7,0.132727272727273,-0.308,1.86,1227246,0.8757265217,102.2479,0,109.2,19.9,51.38,0.3654908537864685,-38.199706,0.13018141176445233,95.57957,18.9
2019-02-01,106.4,0.5,3,113.1,17.3,95.2,-7.5,121.6,117.1,133.3,132.7,120.5,0.0555,-0.30845,1.78,1230919,0.881373,101.8657,-0.3,108.7,20.8,54.95,0.5759606957435608,-90.806287,0.04791373776700749,98.1282,17.9
2019-03-01,107.5,-2.4,3,110.2,18.3,93.6,-3.5,122.2,117.7,132.6,133.6,121.1,0.010952380952381,-0.3091905,1.74,1236651,0.8852166667,101.6834,-0.2,107.2,19.6,58.15,0.31283891201019287,-83.22259,0.03127628911013788,100.2103,13.6
2019-04-01,106,-5.3,2.9,110.7,19.6,94.9,-4.2,123.3,118.9,132.6,136.3,122.5,-0.0395,-0.31045,1.67,1244979,0.8899981818,102.1514,-0.5,106.2,20,63.86,0.26412391662597656,-70.61422,0.017844777011097598,104.3918,4.9
2019-05-01,106.4,-5,2.9,107.5,18.4,93.1,-2.7,123.6,118.9,133.1,138.5,122.5,-0.134545454545455,-0.3118636,1.63,1251244,0.8938965217,102.6051,-0.9,106.1,18.7,60.83,0.5458608865737915,-41.189555,0.02537914059350882,102.5912,11.1
2019-06-01,105.1,-8.8,2.9,107,16.9,96,-2.6,124,119.6,133.3,136.9,124,-0.315263157894737,-0.3289,1.57,1257225,0.8853465,102.9478,-2.9,103.2,16.5,54.66,0.6255932450294495,-28.487073,0.025981616054275583,101.2147,10.3
2019-07-01,104.7,-12,2.9,106.8,18,94.6,-7.3,124.5,120.2,133.7,136.7,125.5,-0.388260869565217,-0.3648696,1.49,1263433,0.8917004348,102.8036,-2.6,100.5,12.5,57.35,0.5176532864570618,17.999584,0.006628205641605601,103.1985,10.1
2019-08-01,105.1,-10.8,2.9,102.1,15.6,95.3,-5.9,124.3,120.1,133.9,135.4,125.4,-0.649090909090909,-0.4076818,1.38,1271141,0.8988809091,103.0159,-3.3,100.6,11.2,54.81,0.5795947313308716,23.889958,0.04489719132874141,97.97976,11.4
2019-09-01,104.1,-15.1,2.9,103.4,13.2,95.4,-7.9,124.3,120.1,133.7,135.5,124.4,-0.594761904761905,-0.4175714,1.28,1277416,0.9084157143,102.711,-2.1,99.9,13.7,56.95,0.41188713908195496,36.805553,0.019198916705297848,102.518,6.9
2019-10-01,103.5,-14.5,2.9,104.6,14,94.1,-7.7,124.4,120.2,133.2,135.4,124.4,-0.469545454545455,-0.4128696,1.27,1284681,0.9046469565,102.4855,-3.9,99.9,15.1,53.96,0.3615572154521942,15.586013,0.010281873949976759,104.2781,30.3
2019-11-01,103.8,-14.7,3,105.9,12.7,94.9,-4,123.4,118.8,133.9,135.3,122,-0.352380952380952,-0.4012857,1.26,1292442,0.9050190476,101.3452,-2.2,101.4,17.1,57.03,0.3125,-9.7476641999999991,0.004019706693516694,109.7474,28.3
2019-12-01,101.4,-14.6,3.1,104.9,13.5,95.1,-4.5,124,119.7,134.4,135.1,123.5,-0.299444444444444,-0.3947,1.29,1296270,0.89996,101.5729,-3.6,102.4,21.9,59.88,0.27181828022003174,-12.587907,0.006642475156667576,110.4704,14.3
2020-01-01,104.5,-10.6,3.2,105.7,13.9,96.5,-7.9,123,117.9,135.8,136.9,121.3,-0.313636363636364,-0.3911364,1.34,1299073,0.9007326087,100.4493,-2.5,104.7,22,57.52,1.0236046314239502,-80.420408,0.0036899202242785937,112.0107,11.7
2020-02-01,105.1,-10.6,3.3,102.7,13,98,-8.2,123.7,118.7,137.5,135.5,122.4,-0.466,-0.40885,1.28,1305712,0.916945,100.304,-2.4,104.6,22.8,50.54,0.4904146194458008,-122.21384,0.01462462800759449,111.1702,9.9
2020-03-01,94.4,-17.2,3.4,91.3,8.9,94.7,-24,123.8,119.2,137.3,132.6,122.7,-0.541363636363636,-0.4166364,1.22,1311841,0.9058504545,102.9252,-8.4,91.7,-1.1,29.21,0.3206772804260254,-95.07527,0.4455490522358374,83.88902,13.3
2020-04-01,74.2,-35.7,3.5,73.7,0.9,91,-46,124.3,120.2,138.7,128.6,124.1,-0.4495,-0.25405,1.25,1318687,0.91977,103.4967,-18.1,67.1,-39.7,16.55,0.255327045917511,-84.146372,0.5407369951501294,86.97938,4.1
2020-05-01,82.5,-29.1,3.7,78.1,-0.8,101.5,-31.5,124.2,120.2,138.8,127.1,124.1,-0.5165,-0.27195,1.33,1326562,0.9169185714,103.488,-15.5,72.3,-39.8,28.56,0.3154289722442627,-114.48346,0.35949624902382843,92.12677,1
2020-06-01,92.1,-22.1,3.8,88.6,0.6,100.5,-16.8,125.1,121,138.7,128.8,125.8,-0.434285714285714,-0.376,1.34,1330816,0.8881263636,103.6247,-11.4,81.5,-27.6,38.31,0.26762643456459045,-29.634987,0.18081588301009957,101.4557,3.7
2020-07-01,94.1,-15.3,3.8,91.1,0.4,100,-8.6,124.5,120.9,134.9,127.9,127.3,-0.52304347826087,-0.4441304,1.27,1339596,0.8716091304,103.1261,-10.4,90.1,-11.8,40.71,0.2070300132036209,5.4357901,0.07577690154601324,104.3706,9.2
2020-08-01,94,-9.9,3.9,95.8,-0.5,102.4,-5.1,124.2,120.7,134.7,127.3,126.8,-0.523333333333333,-0.4797143,1.23,1342681,0.8453547619,103.7987,-8.1,97.2,2,42.34,0.43635067343711853,-2.2059945,0.0326786857736528,105.5042,4.3
2020-09-01,96.4,-7.5,3.8,98.6,2.9,100.9,-4.2,123.9,120.4,134.4,126.4,125.6,-0.524090909090909,-0.4913636,1.21,1356271,0.8485795455,104.0182,-8.5,98.7,4.4,39.63,0.6318336725234985,-9.4809176,0.023253136731363314,105.9361,4.6
2020-10-01,100.1,-3.1,3.8,99.7,1.6,103.3,-1,123.8,120.3,134.9,126.6,125.2,-0.607272727272727,-0.5091364,1.19,1364471,0.8495963636,104.1908,-9.1,100.5,5.2,39.4,0.3965073525905609,5.0497845,0.0388095148731963,103.7749,20.3
2020-11-01,101.3,-3.7,3.8,99.5,0.3,103.7,-6.7,122.5,118.7,135.4,125.2,122.7,-0.614761904761905,-0.5208571,1.17,1372528,0.8451195238,103.563,-9.7,98.5,1.9,40.94,0.33038130402565,-27.380251,0.032504431130670516,105.5023,13
2020-12-01,101.2,-0.9,3.8,96.8,1.8,100,-4.5,123.3,119.5,134.9,127.1,124.4,-0.6185,-0.5380909,1.16,1380600,0.8218965217,103.8206,-8.7,99,-1.7,47.02,0.3966005742549896,-22.367177,0.01491500796982535,110.64,14.5
2021-01-01,101.5,1.1,3.9,94.2,1.6,90.3,-29.1,125,120.3,138.4,133.9,124.3,-0.5835,-0.54715,1.19,1384424,0.8217238095,104.3625,-11.3,96.7,-4.6,52,0.29191914200782776,6.2811411,0.012647800972670362,114.4572,21.5
2021-02-01,99.5,6.5,3.9,93.2,-0.1,94.3,-30.5,125.7,120.7,139.4,135.8,124.8,-0.4455,-0.5411,1.17,1390396,0.826744,104.1415,-9.5,99.8,-4.2,59.04,0.40112119913101196,-3.9075381,0.008786437280329453,116.173,21
2021-03-01,100.9,12.4,3.9,99.9,2.1,102.2,-17.8,126.2,121,139.4,138.6,125.2,-0.364782608695652,-0.539087,1.18,1399267,0.840463913,104.4189,-6.8,105.2,-0.2,62.33,0.3711790442466736,25.3987,0.0035106642900951846,119.032,14.1
2021-04-01,101,15.1,3.8,101.2,2.9,97.1,-13.3,126.8,121.6,141.1,138.4,126,-0.325,-0.53815,1.23,1407741,0.8360318182,104.4885,-8.2,105.1,-2,61.72,0.47488245368003845,45.355128,0.0017843066774808577,124.11,27.7
2021-05-01,99.9,16.1,3.7,105,4.2,101,-6.2,127.2,122.1,140.7,139.2,126.4,-0.2235,-0.5400952,1.27,1416196,0.8229414286,104.4188,-4.9,108.7,4.4,65.17,0.5270331501960754,62.922485,0.005500979378089628,122.9012,37.4
2021-06-01,98.4,19.9,3.6,113.9,5.4,105.4,4.4,127.6,122.4,140.3,140.4,126.9,-0.288636363636364,-0.5429091,1.29,1425673,0.8300122727,104.066,-1.7,116,18.9,71.38,0.38989973068237305,61.12565,0.003892543708245517,125.7776,26.9
2021-07-01,100.2,22.1,3.5,112,5.9,100,6.9,128.4,123.2,140.8,142.2,128.3,-0.451363636363636,-0.5448182,1.31,1436265,0.8456845455,104.0574,-2.6,117.5,20.7,72.49,0.21511158347129822,69.201142,0.016079001876506495,125.7044,60.2
2021-08-01,95.2,23.1,3.4,115.4,6.4,102.3,3.5,128.5,123.2,140.7,142.7,128.3,-0.538636363636364,-0.5475909,1.27,1445044,0.8498136364,103.5131,-3.9,117.8,22.1,67.73,0.4441226124763489,84.515252,0.006527065445038466,127.7151,32.6
2021-09-01,95.8,24.1,3.4,117.1,9.4,99.9,4.4,128.8,123.5,140.8,143.7,127.9,-0.362727272727273,-0.5450455,1.26,1453384,0.8496259091,103.5172,-0.8,118.9,20.5,71.65,0.2340824007987976,98.438404,0.010952065268227546,125.9049,31.2
2021-10-01,99.2,21.5,3.4,115.2,10.3,102,3,129.6,123.7,140.8,149.5,128,-0.204285714285714,-0.5498095,1.28,1463229,0.8620080952,102.7711,-2.6,117.9,22.6,81.48,0.29573866724967957,109.33956,0.007307719813623115,123.8729,19.2
2021-11-01,99.6,20.6,3.4,114.9,12,102,4.4,129.8,123.6,141.5,152.2,127.4,-0.313636363636364,-0.5673636,1.32,1471458,0.8767495455,102.0909,-4.4,116,19.8,79.15,0.720208466053009,53.619288,0.008362234488148542,127.6534,30.4
2021-12-01,101,23.5,3.3,113.5,11.2,101.5,-5.5,130.2,124.2,142.8,150.1,128.4,-0.384285714285714,-0.5819565,1.32,1479025,0.8848417391,101.8461,-6.4,112.7,8.4,71.71,0.863984227180481,54.949371,0.017462481833976178,124.2719,26.9
2022-01-01,100.7,22.6,3.3,112.2,9.4,103.6,-2,131.4,123.7,144.9,161.4,127.7,-0.114761904761905,-0.5601429,1.35,1485648,0.8833866667,100.955,-4.9,113.1,8.5,83.22,1.2410316467285156,7.0014604,0.008812384217185738,125.1337,17.1
2022-02-01,101.1,22.2,3.2,116.3,12.4,103.6,-0.5,132.5,124.3,146.3,166.2,128.2,0.15,-0.5315,1.45,1492581,0.881508,101.0755,-6.3,115.1,16.1,91.64,2.5722339153289795,10.592483,0.043830126300037575,119.8321,13.3
2022-03-01,95.8,15.1,3.2,110.5,8.2,101.9,-10.3,135.8,125.1,147.6,190.6,128.6,0.281739130434783,-0.4954348,1.65,1502407,0.9073147826,101.7758,-15.4,106.7,10.8,108.5,2.662493944168091,39.122184,0.21334178701380438,110.2892,8.6
2022-04-01,97.8,15.6,3.1,111.8,5.3,100,-10.5,136.8,126.3,152.3,186.1,129.9,0.746315789473684,-0.4478947,1.94,1511659,0.9258666667,100.0188,-18.6,106.5,13.9,101.78,1.6738598346710205,28.551446,0.11250086882754624,110.3547,15.9
2022-05-01,98.6,14.2,3.1,113.8,6.7,99.3,-11.7,138.3,126.9,155.3,191.5,130.3,0.952727272727273,-0.3857273,2.25,1520736,0.9453386364,100.388,-18.8,107,16.3,109.55,1.0469130277633667,55.964652,0.2541099067669511,105.5775,2.5
2022-06-01,99.6,15.1,3.1,112.9,5.5,99,-14.2,138.2,126.4,157,192.8,129.2,1.445,-0.2392273,2.57,1528770,0.9465077273,99.51418,-20.4,105.7,14.8,114.84,1.2832587957382202,34.025921,0.3472597092137365,101.9878,10.4
2022-07-01,99.6,11.1,3.1,107.9,1.1,99.5,-18.4,139.2,127.1,160.2,192.8,130.4,1.08190476190476,0.036619,2.8,1537817,0.9822438095,98.51878,-24.6,100.5,10.1,101.62,0.8946206569671631,20.210815,0.4991366864434647,96.62447,9
2022-08-01,98.6,8.1,3.1,107.6,1.8,98.2,-19.6,139.8,127.5,162.5,193.9,130.6,1.03434782608696,0.3947391,2.84,1544661,0.9870730435,98.00036,-23.5,98.5,7.3,93.67,0.6099005341529846,-18.278289,0.39027723368595185,99.82472,21.7
2022-09-01,100.6,4.5,3.1,104.9,-2.6,99.5,-23.7,142.9,129.3,165.2,207.2,132.5,1.79545454545455,1.0108636,3.01,1551594,1.01043,99.12029,-28,94.2,5.8,84.26,0.9896907210350037,-13.361298,0.5206394044394714,93.47434,17.5
2022-10-01,99.3,3.4,3.1,101.3,-3.2,97.4,-23.6,144.6,130.1,167.3,214.6,132.9,2.18666666666667,1.4276667,3.25,1557201,1.0162709524,99.69328,-26.6,92.8,1.7,87.55,0.8406225442886353,6.1231622,0.6714350821389652,92.2463,14.6
2022-11-01,99.9,3.6,3.1,105.4,-2.1,97.7,-23.6,144.5,129.9,169.4,213.3,132.2,2.06636363636364,1.8252273,3.6,1561990,0.9800927273,100.425,-24.3,94.1,2.4,84.37,0.7012942433357239,-27.366853,0.4757138264503084,102.1054,10.5
2022-12-01,97.8,3.2,3.1,104.6,-3.1,96.7,-16.8,142.7,130.8,170.7,187.8,133.5,2.0852380952381,2.0634762,3.52,1564186,0.9445572727,100.5621,-22,96.1,6.1,76.44,0.5207364559173584,-16.013675,0.34027469056435783,103.0385,22.8
2023-01-01,99,4.2,3.1,107,-2,96.1,-15.6,143.5,130,173.3,201.9,132.4,2.19272727272727,2.3448636,3.66,1562546,0.9285231818,101.0469,-19.9,98.3,8.3,78.12,0.8971443176269531,-63.282719,0.26881438742466535,109.9074,15.3
2023-02-01,101.5,1.9,3,105.7,-4.4,96.4,-14.7,144.9,131.1,177.4,202.1,133.7,2.3705,2.64035,3.79,1563950,0.934222,101.3856,-16.8,98.6,9,76.83,0.8005337119102478,-95.773995,0.18611338519952045,113.6938,15.1
2023-03-01,99.1,-0.4,3,105.7,-5.1,94.7,-14.9,146.3,132.5,179.7,202.2,135.1,2.38347826086957,2.9105652,3.88,1567780,0.933656087,102.1758,-17.8,98.1,11.1,73.28,0.6368675827980042,-19.517977,0.30320542101244574,111.5346,19.9
2023-04-01,98.2,-1.4,3,106,-6.1,95.8,-12.2,147.2,133.4,178.9,203.6,136.2,2.35944444444444,3.1794444,3.93,1570013,0.9120525,102.9114,-14.4,99.1,10.9,79.45,0.60959792137146,-14.846431,0.2638320201582671,114.3974,23.7
2023-05-01,99.1,-5.4,3,100.6,-7.3,97.1,-18.3,147,133.4,178.7,200.9,136,2.34227272727273,3.3717273,3.94,1571234,0.9211295652,102.4244,-14,95.8,7.1,71.58,0.6179571151733398,-19.263371,0.17984469891052132,113.4489,37.9
2023-06-01,97.4,-8.7,3,103.1,-12.7,97.7,-16.9,147.5,134.1,178.6,200.5,137.1,2.37636363636364,3.5358636,4.06,1572825,0.9224318182,103.0675,-14.2,94.1,6.1,70.25,0.6972903609275818,-46.224768,0.13510136878438497,113.0402,9.8
2023-07-01,96.5,-13.6,3,100.1,-15.4,97,-17.6,148.3,135.1,178.2,200.4,139.1,2.45666666666667,3.6718095,4.02,1574857,0.9045490476,103.6761,-14,91.9,5.7,76.07,0.7078986763954163,-50.214331,0.1284304467624468,113.2426,12.5
2023-08-01,96.5,-15.8,3.1,100,-17,95.7,-20.1,148.8,135.4,177.7,204.2,139.3,2.54565217391304,3.7803043,4.14,1576956,0.9166943478,103.7084,-14.8,89.9,2.4,81.39,0.4793107509613037,-40.477605,0.13294919553556103,111.5635,51
2023-09-01,95.5,-13.8,3.1,98,-18.1,95.2,-19.8,149,135.4,178.5,205.7,138.8,2.66142857142857,3.8800476,4.12,1579543,0.9367652381,103.6993,-15.3,90.2,2.1,89.43,0.45374795794487,-21.532154,0.12214038501124048,109.9017,17.9
2023-10-01,95.3,-15,3.1,98.3,-18,96.5,-21.8,148.8,135.5,178.7,201.9,138.5,2.82318181818182,3.9676364,4.18,1580166,0.947035,103.2704,-15.2,90.6,4.2,85.64,0.7941721081733704,7.8371266,0.1471369761390136,105.3037,11.9
2023-11-01,95,-15.5,3.2,97.8,-17.7,96,-19.1,147.8,134.5,179.7,197.7,136.8,2.60136363636364,3.9716364,4.22,1581717,0.9246481818,103.1852,-16.3,90.3,4.8,77.69,0.3254271149635315,5.8547367,0.1202465475692325,109.1999,43.5
2023-12-01,93.5,-14.3,3.2,100.1,-17.1,95.5,-19.3,148.1,135.2,179.9,193.7,138.1,2.10210526315789,3.9348947,4.05,1581358,0.9163171429,102.831,-13.8,92.9,7.3,71.9,0.5149330496788025,38.4789,0.13842954374676852,116.1075,41.5
2024-01-01,94,-16.3,3.2,96.9,-18.3,95.5,-25.6,147.9,134.4,181.5,196,137.4,2.17454545454545,3.9252727,3.85,1579194,0.9170204348,102.729,-16.5,90.4,5.9,74.15,0.5386446118354797,-6.7459599,0.1167618799428028,115.7026,24.6
2024-02-01,95.1,-18.3,3.2,95.7,-18.4,95.6,-25.2,148.8,135.6,181.1,196.8,138.8,2.3319047619,3.9231905,3.88,1579624,0.9270433333,102.5142,-13.7,90,4,77.25,0.7066675424575806,19.66905,0.059630402448989636,118.3303,13.8
2024-03-01,94,-16.9,3.3,98.6,-19.5,96.8,-20,149.8,136.8,180.8,196.4,140.4,2.3495,3.9231,3.83,1581849,0.9198809524,103.1688,-13.1,90.8,3.4,81.28,0.6577329635620117,25.010324,0.014253354976879684,123.4314,10.9
2024-04-01,94.3,-18.3,3.4,97.6,-17.5,96.8,-17.5,150.7,137.3,181.7,200.9,141.1,2.4457142857,3.8853333,3.86,1582559,0.9327668182,103.1459,-10.3,92.6,6.4,85.35,0.7214733362197876,-0.50617047,0.014596046950939379,123.603,15.8
2024-05-01,91.2,-17.8,3.4,97.1,-18.4,96.8,-16.4,151,138,181.5,198.4,142.4,2.5195454545,3.8126818,3.91,1584275,0.924853913,103.155,-10.5,93.2,8.3,80.02,0.47712257504463196,8.6622468,0.015908800220811183,125.0604,29.3
2024-06-01,93.8,-17,3.4,97.9,-17.3,95.9,-20.4,151.3,138.5,182,196.1,143.4,2.4845,3.7245,3.95,1586892,0.9293125,103.0481,-10.4,93.1,7.5,79.77,0.4501648545265198,10.28384,0.0184880667473538,122.8164,51
2024-07-01,91.4,-18.9,3.4,96.3,-16.8,96.9,-24.2,152.1,139.4,182.1,196.6,145.3,2.4582608696,3.6848261,3.92,1589336,0.9220765217,103.26220000000001,-8.5,93,7.8,81.8,0.43108758330345154,10.437247,0.017256051854850227,123.5586,53.1
2024-08-01,93.5,-20.2,3.4,94.6,-16.4,98.5,-22.3,151.9,139.5,181.9,193.8,145.5,2.2077272727,3.5475909,3.83,1592379,0.9073031818,103.1225,-10,91.4,5.3,76.68,0.4241043031215668,-1.0478408,0.0911420623748299,121.2086,11.8
2024-09-01,91.7,-22.8,3.4,93.2,-15.2,99.8,-23.9,151.8,139.6,182.8,190.2,145,2.1671428571,3.4337143,3.73,1594536,0.9005252381,103.0895,-10.8,90.3,6.4,70.24,0.494437575340271,12.453685,0.021538480579640803,125.552,26.8
2024-10-01,91.3,-23.4,3.4,92.9,-15.7,98.9,-23.6,152.3,139.9,184.2,191,145.1,2.2295652174,3.1666087,3.65,1595705,0.9177386957,102.945,-8.9,90.8,6.1,71.99,0.5502658486366272,-4.1132036,0.008456310336135303,129.535,41.1
2024-11-01,92.3,-22.7,3.4,92.5,-17.2,99.4,-19.9,151.4,138.7,184.5,190.6,143,2.3057142857,3.0067619,3.59,1599020,0.94116,102.4143,-10.7,89.3,3.1,69.95,0.6989484429359436,-12.156304,0.01021534495104545,128.2125,22.7
2024-12-01,90.8,-28.6,3.5,90.2,-14.6,98.1,-20.5,152.3,139.8,184.8,190.8,144.5,2.1788888889,2.8246000000000002,3.56,1599839,0.9557227273,102.374,-10.2,86.8,2.6,70.12,0.5355031490325928,-46.068832,0.006439773973251951,133.0495,20.3
2025-01-01,92.8,-25.3,3.5,92.5,-15.4,99.9,-24,152,139.3,184.3,193.4,144.4,2.4836363636,2.7042727,3.52,1599946,0.9654678261,101.4807,-11.3,88.3,4,75.74,0.5316487550735474,-63.027312,0.0066352498329483025,136.8108,19.3
2025-02-01,91.9,-23.1,3.6,91.3,-15.8,100,-22,152.7,139.8,186.5,194.3,145.3,2.4055,2.52495,3.58,1602246,0.959775,101.2641,-11.2,89.8,5.6,71.53,1.1450124979019165,-67.259002,0.007167590307405662,146.5735,15
2025-03-01,94.9,-20.9,3.6,89.9,-14.2,100.4,-24.2,153.3,140.7,187.2,191.2,146.2,2.7414285714,2.4424286,3.6,1605194,0.9249509524,102.5357,-10.3,89.8,1.3,68.24,0.9425014853477478,-13.040825,0.046068064411210426,150.6605,10.8
2025-04-01,92,-19.4,3.7,92.1,-16.2,101.2,-25.2,154,141.6,187.7,190.3,147.5,2.5105,2.2494,3.69,1608872,0.8904890909,104.1719,-10.5,91.1,3.5,63.54,0.6127525568008423,-24.72595,0.13239557994692033,141.1967,6.4
2025-05-01,92.4,-17.2,3.7,94.4,-16,99.8,-19.5,154.2,141.8,187.5,189.5,147.8,2.5628571429,2.0872381,3.66,1612629,0.8860881818,103.8558,-9.1,92.4,2.3,62.17,0.6730656623840332,-26.212885,0.030598889164452043,154.1076,10.2
2025-06-01,92.4,-20.4,3.7,91.9,-13.6,101.2,-21.2,154.3,142.1,186.5,189.3,148.5,2.519047619,1.983619,3.68,1615082,0.8674985714,104.2111,-9.8,91.5,4.5,68.17,0.91999751329422,-3.4819675,0.04102776819921272,153.508,14.4
2025-07-01,92.5,-18.1,3.8,92.5,-12.8,100.8,-23.2,154.9,142.7,187,190,149.6,2.6313043478,1.9863478,3.68,1620139,0.8567643478,104.5012,-8.9,92.4,3.9,68.39,0.6579344272613525,4.0477538,0.009170929793801253,155.5515,12.8
2025-08-01,90.2,-19.6,3.8,93,-12.5,100.3,-22.2,155,142.8,187.6,189.3,149.9,2.6733333333,2.0210952,3.71,1624349,0.8586119048,104.5098,-10.5,91.3,4.3,64.86,0.9143222570419312,13.351131,0.011640527712433036,155.1833,16.4
2025-09-01,91.3,-20.3,3.8,89.4,-14.8,100.4,-23,155.4,143.2,188,188.9,149.9,2.6931818182,2.0272727,3.74,1628348,0.8519945455,104.8023,-9.2,90.7,1.3,63.96,0.7054212689399719,19.236875,0.01830687703379797,151.4297,23
2025-10-01,91.6,-18.2,3.8,91.3,-13.6,100.9,-21.4,155.8,143.7,188,189.3,150.4,2.617826087,2.0344348,3.71,1632546,0.8593186957,104.6554,-10.8,91.6,3.3,60.89,0.5441581010818481,13.060231,0.012938937747869904,154.4256,26.3
2025-11-01,92.6,-18.9,3.9,89.3,-12.4,100.7,-23.8,155.2,142.8,188.1,190.4,149,2.6575,2.04165,3.7,1636381,0.86494,104.2912,-11.5,91.3,4.2,60.06,0.5467915534973145,22.100626,0.012731980405931664,150.3501,24.7
2025-12-01,91.7,-20.8,3.9,88.4,-12.1,101.2,-25.3,155.4,143.2,188,188.3,150.1,2.8142105263,2.0484286,3.71,1638337,0.8535247826,104.4764,-12,89.9,2.8,57.97,0.7016393542289734,28.824831,0.005420092205572737,154.2791,16.2
2026-01-01,91.2,-17.4,3.9,91.5,-11.2,101.3,-25.2,NA,NA,NA,NA,NA,2.8066666667,2.0277273,3.77,1638376,0.8519195455,104.1003,-9.9,92.9,5.4,60.04,0.6656712889671326,1.3394484,0.022527731385609654,159.3243,21.9
2026-02-01,91.4,-15.3,3.9,90.7,-9.9,101.1,-25.2,NA,NA,NA,NA,NA,2.745,2.0113,3.77,1641268,0.845867,103.6467,-11,92.7,3.5,64.51,0.4485783874988556,15.089143,0.02777181634625319,160.134,20.9
2026-03-01,90.6,-14.6,3.9,90.4,-10.6,101.2,-25.4,NA,NA,NA,NA,NA,2.91,2.1094091,3.72,1643607,0.8655181818,104.0683,-13.5,92.7,5.9,91.38,1.4279134273529053,14.68627,0.051402498154436205,149.5385,11.3
2026-04-01,90.7,-14.4,3.9,84.9,-12.5,100.8,-31.2,NA,NA,NA,NA,NA,3.001,2.1753,3.84,1646985,0.8548127273,104.347,-17.5,88.9,-1,100.32,0.9786917567253113,31.898428,0.02077121197398776,153.3461,11.4
2026-05-01,91.6,-15.4,3.9,90.6,-13.4,101.9,-31.2,NA,NA,NA,NA,NA,3.0465,2.2261,3.93,1651246,0.856177619,103.5417,-15.9,90,2,102.13,0.7958219051361084,53.750324,0.0063667088626140015,156.074,25.4
2026-06-01,91.9,-13.3,4,87.5,-14.3,101.9,-29.6,NA,NA,NA,NA,NA,2.96409090909091,2.339,3.95,1653371,0.868364090909091,102.716,-14.5,91.7,2.5,84.81,0.6301472187042236,44.922417,0.005083863656364399,156.0489,26.8
2026-07-01,90.5,-12.9,4,90.4,-14.3,98.4,-25.8,NA,NA,NA,NA,NA,3.0704347826087,2.4253913,3.93,1658425,0.875590869565217,103.2662,-13.8,92.8,4.3,80.46,0.49355635046958923,44.83344,0.00860900436063635,157.4312,29.4
2026-08-01,NA,-11,NA,93.9,-14.3,NA,-25.8,NA,NA,NA,NA,NA,3.18,2.5131429,NA,NA,0.862469047619048,103.5365,-12.7,94.1,5.5,83.9,NA,NA,0.01189156823628375,163.2341,36.6
2026-09-01,NA,NA,NA,NA,NA,NA,NA,NA,NA,NA,NA,NA,NA,NA,NA,NA,NA,NA,NA,NA,NA,NA,NA,NA,0.022708580497550035,NA,NA
