date,real_gdp,real_household_consumption,real_govt_consumption,real_gfcf_total,real_exports,real_imports,real_household_disposable_income,industrial_production,industrial_confidence,unemployment_rate,employment_rate,hours_worked,employment_expectations,house_price_real,construction_confidence,retail_sales_volume,retail_confidence,cpi_index,core_cpi_index,food_price_index,energy_price_index,services_price_index,unit_labor_cost,long_term_rate,short_term_rate,mortgage_rate,credit_to_private_nonfin_sector,household_mortgage_loans,euro_area_household_net_worth_growth,household_credit_to_gdp,corporate_credit_to_gdp,government_debt_to_gdp,government_primary_balance_to_gdp,fx_rate_to_usd,real_effective_exchange_rate,consumer_confidence,economic_sentiment_indicator,services_confidence,oil_price,geopolitical_risk,global_activity,financial_stress,world_uncertainty_index,share_price_index,construction_weather_constraint,heating_degree_days,cooling_degree_days
1952-04-01,NA,NA,NA,NA,NA,NA,NA,NA,NA,NA,NA,NA,NA,NA,NA,NA,NA,NA,NA,NA,NA,NA,NA,NA,NA,NA,NA,NA,NA,NA,NA,NA,NA,NA,NA,NA,NA,NA,NA,NA,NA,NA,0,NA,NA,NA,NA
1952-07-01,NA,NA,NA,NA,NA,NA,NA,NA,NA,NA,NA,NA,NA,NA,NA,NA,NA,NA,NA,NA,NA,NA,NA,NA,NA,NA,NA,NA,NA,NA,NA,NA,NA,NA,NA,NA,NA,NA,NA,NA,NA,NA,0.2499063,NA,NA,NA,NA
1952-10-01,NA,NA,NA,NA,NA,NA,NA,NA,NA,NA,NA,NA,NA,NA,NA,NA,NA,NA,NA,NA,NA,NA,NA,NA,NA,NA,NA,NA,NA,NA,NA,NA,NA,NA,NA,NA,NA,NA,NA,NA,NA,NA,0.2499063,NA,NA,NA,NA
1953-01-01,NA,NA,NA,NA,NA,NA,NA,NA,NA,NA,NA,NA,NA,NA,NA,NA,NA,NA,NA,NA,NA,NA,NA,NA,NA,NA,NA,NA,NA,NA,NA,NA,NA,NA,NA,NA,NA,NA,NA,NA,NA,NA,0.1448855,NA,NA,NA,NA
1953-04-01,NA,NA,NA,NA,NA,NA,NA,NA,NA,NA,NA,NA,NA,NA,NA,NA,NA,NA,NA,NA,NA,NA,NA,NA,NA,NA,NA,NA,NA,NA,NA,NA,NA,NA,NA,NA,NA,NA,NA,NA,NA,NA,0,NA,NA,NA,NA
1953-07-01,NA,NA,NA,NA,NA,NA,NA,NA,NA,NA,NA,NA,NA,NA,NA,NA,NA,NA,NA,NA,NA,NA,NA,NA,NA,NA,NA,NA,NA,NA,NA,NA,NA,NA,NA,NA,NA,NA,NA,NA,NA,NA,0.6753107,NA,NA,NA,NA
1953-10-01,NA,NA,NA,NA,NA,NA,NA,NA,NA,NA,NA,NA,NA,NA,NA,NA,NA,NA,NA,NA,NA,NA,NA,NA,NA,NA,NA,NA,NA,NA,NA,NA,NA,NA,NA,NA,NA,NA,NA,NA,NA,NA,0.1365001,NA,NA,NA,NA
1954-01-01,NA,NA,NA,NA,NA,NA,NA,NA,NA,NA,NA,NA,NA,NA,NA,NA,NA,NA,NA,NA,NA,NA,NA,NA,NA,NA,NA,NA,NA,NA,NA,NA,NA,NA,NA,NA,NA,NA,NA,NA,NA,NA,0,NA,NA,NA,NA
1954-04-01,NA,NA,NA,NA,NA,NA,NA,NA,NA,NA,NA,NA,NA,NA,NA,NA,NA,NA,NA,NA,NA,NA,NA,NA,NA,NA,NA,NA,NA,NA,NA,NA,NA,NA,NA,NA,NA,NA,NA,NA,NA,NA,0,NA,NA,NA,NA
1954-07-01,NA,NA,NA,NA,NA,NA,NA,NA,NA,NA,NA,NA,NA,NA,NA,NA,NA,NA,NA,NA,NA,NA,NA,NA,NA,NA,NA,NA,NA,NA,NA,NA,NA,NA,NA,NA,NA,NA,NA,NA,NA,NA,0,NA,NA,NA,NA
1954-10-01,NA,NA,NA,NA,NA,NA,NA,NA,NA,NA,NA,NA,NA,NA,NA,NA,NA,NA,NA,NA,NA,NA,NA,NA,NA,NA,NA,NA,NA,NA,NA,NA,NA,NA,NA,NA,NA,NA,NA,NA,NA,NA,0,NA,NA,NA,NA
1955-01-01,NA,NA,NA,NA,NA,NA,NA,NA,NA,NA,NA,NA,NA,NA,NA,22.036827484197417,NA,NA,NA,NA,NA,NA,NA,NA,NA,NA,NA,NA,NA,NA,NA,NA,NA,NA,NA,NA,NA,NA,NA,NA,NA,NA,0,NA,NA,NA,NA
1955-04-01,NA,NA,NA,NA,NA,NA,NA,NA,NA,NA,NA,NA,NA,NA,NA,22.76552277161288,NA,NA,NA,NA,NA,NA,NA,NA,NA,NA,NA,NA,NA,NA,NA,NA,NA,NA,NA,NA,NA,NA,NA,NA,NA,NA,0,NA,NA,NA,NA
1955-07-01,NA,NA,NA,NA,NA,NA,NA,NA,NA,NA,NA,NA,NA,NA,NA,23.217818586376577,NA,NA,NA,NA,NA,NA,NA,NA,NA,NA,NA,NA,NA,NA,NA,NA,NA,NA,NA,NA,NA,NA,NA,NA,NA,NA,0,NA,NA,NA,NA
1955-10-01,NA,NA,NA,NA,NA,NA,NA,NA,NA,NA,NA,NA,NA,NA,NA,23.871129727172644,NA,NA,NA,NA,NA,NA,NA,NA,NA,NA,NA,NA,NA,NA,NA,NA,NA,NA,NA,NA,NA,NA,NA,NA,NA,NA,0,NA,NA,NA,NA
1956-01-01,NA,NA,NA,NA,NA,NA,NA,NA,NA,NA,NA,NA,NA,NA,NA,24.95161769881197,NA,NA,NA,NA,NA,NA,NA,NA,NA,NA,NA,NA,NA,NA,NA,NA,NA,NA,NA,NA,NA,NA,NA,NA,NA,NA,0.0847458,NA,NA,NA,NA
1956-04-01,NA,NA,NA,NA,NA,NA,NA,NA,NA,NA,NA,NA,NA,NA,NA,24.524449932921403,NA,NA,NA,NA,NA,NA,NA,NA,NA,NA,NA,NA,NA,NA,NA,NA,NA,NA,NA,NA,NA,NA,NA,NA,NA,NA,0.0847458,NA,NA,NA,NA
1956-07-01,NA,NA,NA,NA,NA,NA,NA,NA,NA,NA,NA,NA,NA,NA,NA,25.529544692988633,NA,NA,NA,NA,NA,NA,NA,6.8666666667,NA,NA,NA,NA,NA,NA,NA,NA,NA,NA,NA,NA,NA,NA,NA,NA,NA,NA,0.2181025,NA,NA,NA,NA
1956-10-01,NA,NA,NA,NA,NA,NA,NA,NA,NA,NA,NA,NA,NA,NA,NA,26.15773684986426,NA,NA,NA,NA,NA,NA,NA,7.1666666667,NA,NA,NA,NA,NA,NA,NA,NA,NA,NA,NA,NA,NA,NA,NA,NA,NA,NA,0.2181025,NA,NA,NA,NA
1957-01-01,NA,NA,NA,NA,NA,NA,NA,NA,NA,NA,NA,NA,NA,NA,NA,26.283377094229927,NA,NA,NA,NA,NA,NA,NA,7.4,NA,NA,NA,NA,NA,NA,NA,NA,NA,2.1483462264,NA,NA,NA,NA,NA,NA,NA,NA,0.1180916,NA,NA,NA,NA
1957-04-01,NA,NA,NA,NA,NA,NA,NA,NA,NA,NA,NA,NA,NA,NA,NA,27.61512742469519,NA,NA,NA,NA,NA,NA,NA,7.4,NA,NA,NA,NA,NA,NA,NA,NA,NA,2.1487671901,NA,NA,NA,NA,NA,NA,NA,NA,0,NA,NA,NA,NA
1957-07-01,NA,NA,NA,NA,NA,NA,NA,NA,NA,NA,NA,NA,NA,NA,NA,27.665383522441456,NA,NA,NA,NA,NA,NA,NA,7.5666666667,NA,NA,NA,NA,NA,NA,NA,NA,NA,2.1482848714,NA,NA,NA,NA,NA,NA,NA,NA,0,NA,NA,NA,NA
1957-10-01,NA,NA,NA,NA,NA,NA,NA,NA,NA,NA,NA,NA,NA,NA,NA,27.38898404978969,NA,NA,NA,NA,NA,NA,NA,7.7,NA,NA,NA,NA,NA,NA,NA,NA,NA,2.1483155489,NA,NA,NA,NA,NA,NA,NA,NA,0.3512469,NA,NA,NA,NA
1958-01-01,NA,NA,NA,NA,NA,NA,NA,25.482578395613857,NA,NA,NA,NA,NA,NA,NA,28.142807386078285,NA,NA,NA,NA,NA,NA,NA,7.4666666667,NA,NA,NA,NA,NA,NA,NA,NA,NA,2.1487961633,NA,NA,NA,NA,NA,NA,NA,NA,0,NA,NA,NA,NA
1958-04-01,NA,NA,NA,NA,NA,NA,NA,25.288833369755203,NA,NA,NA,NA,NA,NA,NA,27.916664011172784,NA,NA,NA,NA,NA,NA,NA,7.2666666667,NA,NA,NA,NA,NA,NA,NA,NA,NA,2.144743323,NA,NA,NA,NA,NA,NA,NA,NA,0,NA,NA,NA,NA
1958-07-01,NA,NA,NA,NA,NA,NA,NA,25.55219323664911,NA,NA,NA,NA,NA,NA,NA,28.394087874809617,NA,NA,NA,NA,NA,NA,NA,6.4666666667,NA,NA,NA,NA,NA,NA,NA,NA,NA,2.1427646234,NA,NA,NA,NA,NA,NA,NA,NA,0,NA,NA,NA,NA
1958-10-01,NA,NA,NA,NA,NA,NA,NA,25.79816001177735,NA,NA,NA,NA,NA,NA,NA,28.31870372819022,NA,NA,NA,NA,NA,NA,NA,5.9333333333,NA,NA,NA,NA,NA,NA,NA,NA,NA,2.1394173659,NA,NA,NA,NA,NA,NA,NA,NA,0.2224942,NA,NA,NA,NA
1959-01-01,NA,NA,NA,NA,NA,NA,NA,25.974044732172107,NA,NA,NA,NA,NA,NA,NA,29.776094303021146,NA,NA,NA,NA,NA,NA,NA,5.6666666667,NA,NA,NA,NA,NA,NA,NA,NA,NA,2.1371489342,NA,NA,NA,NA,NA,NA,NA,NA,0,NA,NA,NA,NA
1959-04-01,NA,NA,NA,NA,NA,NA,NA,26.792380143103202,NA,NA,NA,NA,NA,NA,NA,29.87660649851368,NA,NA,NA,NA,NA,NA,NA,5.6666666667,NA,NA,NA,NA,NA,NA,NA,NA,NA,2.1376585218,NA,NA,NA,NA,NA,NA,NA,NA,0,NA,NA,NA,NA
1959-07-01,NA,NA,NA,NA,NA,NA,NA,27.590094440353628,NA,NA,NA,NA,NA,NA,NA,30.12788698724501,NA,NA,NA,NA,NA,NA,NA,5.6333333333,NA,NA,NA,NA,NA,NA,NA,NA,NA,2.1387015572,NA,NA,NA,NA,NA,NA,NA,NA,0,NA,NA,NA,NA
1959-10-01,NA,NA,NA,NA,NA,NA,NA,28.753488404408852,NA,NA,NA,NA,NA,NA,NA,30.303774264404243,NA,NA,NA,NA,NA,NA,NA,6.1,NA,NA,NA,NA,NA,NA,NA,NA,NA,2.1340300537,NA,NA,NA,NA,NA,NA,NA,NA,0.1173433,NA,NA,NA,NA
1960-01-01,216495.3911396237,109280.55868111852,39977.75983606941,59480.22212692284,17023.650124910208,14210.657054514857,NA,29.234676039606192,NA,NA,NA,NA,NA,NA,NA,31.6355336598222,NA,NA,NA,NA,NA,NA,NA,6.4333333333,4.5133333333,NA,NA,NA,NA,NA,NA,NA,NA,2.1324552747,NA,NA,NA,NA,2.97,NA,NA,NA,0,9.294429,NA,1514.348961321295,0
1960-04-01,220348.24098194044,110841.63844342268,39476.40971271796,59299.97205986897,17023.650124910208,14309.90710378499,NA,29.917126593806326,NA,NA,NA,NA,NA,NA,NA,33.67086029378249,NA,NA,NA,NA,NA,NA,NA,6.4666666667,4.8266666667,NA,NA,NA,NA,NA,NA,NA,NA,2.1322780269,NA,NA,NA,NA,2.97,NA,NA,NA,0.1091822,10.37352,NA,482.4468395995421,0
1960-07-01,227964.99067021432,112402.69381690417,39059.55961015677,60651.59756268002,17491.41345050527,14458.932177764651,NA,30.773210747855227,NA,NA,NA,NA,NA,NA,NA,33.695988342655625,NA,NA,NA,NA,NA,NA,NA,6.5666666667,5.5433333333,NA,NA,NA,NA,NA,NA,NA,NA,2.1323087044,NA,NA,NA,NA,2.97,NA,NA,NA,0,13.05767,NA,184.8544116824578,0.7942217931091153
1960-10-01,230294.96557485685,115616.87236949606,39727.08477439368,61552.797897930795,18239.569778071073,15253.857572384899,NA,31.56666702935594,NA,NA,NA,NA,NA,NA,NA,34.67596411880242,NA,NA,NA,NA,NA,NA,NA,6.2333333333,5.5133333333,NA,63,NA,NA,NA,NA,NA,NA,2.1329307762,NA,NA,NA,NA,2.97,NA,NA,NA,0.1244555,12.36543,NA,1152.2466743556665,0
1961-01-01,232624.91547950037,117362.01457659008,41563.4602262128,66239.12464126642,18333.367437075547,15005.557449122694,NA,32.43480317312037,NA,NA,NA,NA,NA,NA,NA,34.60057997218302,NA,NA,NA,NA,NA,NA,NA,6,4.1733333333,NA,63.5,NA,NA,NA,NA,NA,NA,2.1033883313,NA,NA,NA,NA,2.97,NA,NA,NA,0,11.85642,NA,1344.97465980514,0
1961-04-01,231370.29053084765,116260.249511878,40978.81008236635,63264.89853484029,18660.68426792458,15800.207843606428,NA,32.233678294528424,NA,NA,NA,NA,NA,NA,NA,34.39955558119795,NA,NA,NA,NA,NA,NA,NA,5.6333333333,3.2333333333,NA,64.6,NA,NA,NA,NA,NA,NA,2.0306843301,NA,NA,NA,NA,2.97,NA,NA,NA,0,12.34167,NA,466.74515747941297,0
1961-07-01,236119.19033649232,119749.63153962677,42147.26036985014,63084.64846778642,18099.37327708571,16197.783040972397,NA,32.5259098442739,NA,NA,NA,NA,NA,NA,NA,35.30414721072535,NA,NA,NA,NA,NA,NA,NA,5.8666666667,3.1033333333,NA,65.7,NA,NA,NA,NA,NA,NA,2.0399506433,NA,NA,NA,NA,2.97,NA,NA,NA,0.1163061,10.99451,NA,135.711670695624,1.2008295268294327
1961-10-01,237194.96529246474,121953.6250566819,43148.73561625164,63895.97376960325,17772.056446236675,16545.608213641248,NA,32.6750784359248,NA,NA,NA,NA,NA,NA,NA,36.18361079137961,NA,NA,NA,NA,NA,NA,NA,6,3.8633333333,NA,66.6,NA,NA,NA,NA,NA,NA,2.0449766425,NA,NA,NA,NA,2.97,NA,NA,NA,0.2294631,11.01147,NA,1194.9216244998493,0
1962-01-01,240689.69014943825,122596.09981262457,44400.88592432887,66870.19987602938,18286.71860133398,16843.93336173709,NA,34.59354282877444,NA,NA,NA,NA,NA,NA,NA,38.01792209930753,NA,NA,NA,NA,NA,NA,NA,5.7333333333,2.9633333333,NA,67,NA,NA,NA,NA,NA,NA,2.0437785152,NA,NA,NA,NA,2.97,NA,NA,NA,0,10.65178,NA,1554.7945714867606,0
1962-04-01,243198.49004676208,125351.42705525538,45652.636232307676,66072.09957913231,18473.56393806091,17092.208484986884,NA,34.747776441653805,NA,NA,NA,NA,NA,NA,NA,39.17378515261356,NA,NA,NA,NA,NA,NA,NA,5.7666666667,3.0966666667,NA,67.8,NA,NA,NA,NA,NA,NA,2.0436967085,NA,NA,NA,NA,2.97,NA,NA,NA,0.111371,9.372477,NA,630.8200525553245,0
1962-07-01,249023.61480836073,126177.9886448106,46821.511519896034,67140.34997652649,18941.327263655978,17688.608781054456,NA,35.89355432558738,NA,NA,NA,NA,NA,NA,NA,38.947641777708064,NA,NA,NA,NA,NA,NA,NA,5.9666666667,3.25,NA,68.3,NA,NA,NA,NA,NA,NA,2.0424491563,NA,NA,NA,NA,2.97,NA,NA,NA,0.0554109,8.018523,NA,227.08698526774518,0.3893052769662616
1962-10-01,248485.2898303924,128198.33432706149,46821.511519896034,66509.27474176353,18941.327263655978,18135.68400299344,NA,35.408809495187654,NA,NA,NA,NA,NA,NA,NA,39.70146511399666,NA,NA,NA,NA,NA,NA,NA,6.1666666667,4.3766666667,NA,69.4,NA,NA,NA,NA,NA,NA,2.0467832071,NA,NA,NA,NA,2.97,NA,NA,NA,0,7.835282,NA,1364.6711595585884,0
1963-01-01,239793.21518612772,126269.5686739859,47905.86178668799,55064.04548408433,18333.367437075547,17539.558707062384,NA,35.188465144009704,NA,NA,NA,NA,NA,NA,NA,39.37480954359862,NA,NA,NA,NA,NA,NA,NA,6,3.3766666667,NA,70.3,NA,NA,NA,NA,NA,NA,2.0458782205,NA,NA,NA,NA,2.97,NA,NA,NA,0.1083776,7.889576,NA,2020.7973190429625,0
1963-04-01,250546.5147460339,128565.60560784728,48907.7370331879,70294.82615000648,19970.151586329244,18781.559323621615,NA,36.02575456519827,NA,NA,NA,NA,NA,NA,NA,39.47531267413846,NA,NA,NA,NA,NA,NA,NA,6.0666666667,3.6633333333,NA,71.6,NA,NA,NA,NA,NA,NA,2.0382122509,NA,NA,NA,NA,2.97,NA,NA,NA,0,8.517348,NA,495.7862385686582,0
1963-07-01,259238.5893902986,130218.70439813504,48991.012053676764,72186.70185379316,20671.659078153476,18831.05934819463,NA,37.01729883625248,NA,NA,NA,NA,NA,NA,NA,40.05324873326782,NA,NA,NA,NA,NA,NA,NA,6.1,3.8466666667,NA,72.1,NA,NA,NA,NA,NA,NA,2.0361824221,NA,NA,NA,NA,2.97,NA,NA,NA,0.2659928,9.134941,NA,129.9401529321187,9.743234557430643
1963-10-01,260493.21433895134,131412.51287965337,49241.287115254076,71916.55175329605,21092.52357424631,17787.85883032459,NA,37.14949907586337,NA,NA,NA,NA,NA,NA,NA,41.13372763995445,NA,NA,NA,NA,NA,NA,NA,6.0333333333,5.0366666667,NA,73.3,NA,NA,NA,NA,NA,NA,2.0328078957,NA,NA,NA,NA,2.97,NA,NA,NA,0.3847634,9.084041,NA,1235.5737473997688,0
1964-01-01,264077.36419226497,134258.9811526512,49491.962176929796,70925.45138460204,21373.16656997771,19079.609471580938,NA,38.60375480404882,NA,NA,NA,NA,NA,NA,NA,41.78704784570321,NA,NA,NA,NA,NA,NA,NA,5.9333333333,3.3733333333,NA,72.4,NA,NA,NA,NA,NA,NA,2.0321619636,NA,NA,NA,NA,2.97,NA,NA,NA,0,9.888268,NA,1688.7237869365151,0
1964-04-01,267303.81406021805,134351.02456945746,48740.76199210561,75521.42809432703,21700.733394587416,19626.23474293898,NA,38.71392167039122,NA,NA,NA,NA,NA,NA,NA,42.23934366046691,NA,NA,NA,NA,NA,NA,NA,6.2666666667,3.6633333333,NA,73.4,NA,NA,NA,NA,NA,NA,2.032052888,NA,NA,NA,NA,2.97,NA,NA,NA,0,9.990069,NA,420.6974217887356,2.5031321083067137
1964-07-01,270081.3389465439,136004.1233597452,48991.012053676764,75882.35322859288,21186.071239490106,19874.784866325295,NA,39.727488696220775,NA,NA,NA,NA,NA,NA,NA,42.46548703537241,NA,NA,NA,NA,NA,NA,NA,6.3333333333,3.8933333333,NA,74.1,NA,NA,NA,NA,NA,NA,2.0325658842,NA,NA,NA,NA,2.92,NA,NA,NA,0,10.1767,NA,166.4107046947791,10.027554250934323
1964-10-01,273755.36379617936,139401.92535831867,51411.63764924394,77414.2037984485,21981.15139593421,21017.510433601983,NA,40.30037763818756,NA,NA,NA,NA,NA,NA,NA,44.927981435223266,NA,NA,NA,NA,NA,NA,NA,6.4,5.4266666667,NA,74.9,NA,NA,NA,NA,NA,NA,2.0328351646,NA,NA,NA,NA,2.92,NA,NA,NA,0,9.70842,NA,1239.3444991957986,0
1965-01-01,278235.5386128219,141422.29542939222,50326.462382249,74620.20275906696,22589.33621689925,21712.88577880317,NA,41.26987791748015,NA,NA,NA,NA,NA,NA,NA,45.078749728462064,NA,NA,NA,NA,NA,NA,NA,6.4666666667,4.0366666667,NA,75,NA,NA,NA,NA,NA,NA,2.0338867216,NA,NA,NA,NA,2.92,NA,NA,NA,0,9.409803,NA,1599.1600868630615,0
1965-04-01,282626.28843312437,145003.72087394728,50911.087526089315,79486.77956945646,22121.59789068025,23104.43646960269,NA,41.203777797674704,NA,NA,NA,NA,NA,NA,NA,46.20948473289496,NA,NA,NA,NA,NA,NA,NA,6.8666666667,4.67,NA,75.9,NA,NA,NA,NA,NA,NA,2.0384116547,NA,NA,NA,NA,2.92,NA,NA,NA,0,8.965273,NA,577.6479632410684,0
1965-07-01,284508.23835610296,146197.52935546564,53497.8631625358,79937.60473716554,22682.883882143047,22657.08624752719,NA,41.55632238846355,NA,NA,NA,NA,NA,NA,NA,46.98844518300938,NA,NA,NA,NA,NA,NA,NA,7.3,5.2366666667,NA,76.1,NA,NA,NA,NA,NA,NA,2.050171368,NA,NA,NA,NA,2.92,NA,NA,NA,0.3897623,8.724343,NA,241.89269179450037,0.13933030965108303
1965-10-01,286210.86328642064,148676.75073650028,53665.263203722665,79847.70470372231,24085.923865167584,23203.711518885233,NA,41.864800232715424,NA,NA,NA,NA,NA,NA,NA,46.686908596531794,NA,NA,NA,NA,NA,NA,NA,7.5666666667,6.5966666667,NA,76.8,NA,NA,NA,NA,NA,NA,2.0463417918,NA,NA,NA,NA,2.92,NA,NA,NA,0.1228049,8.32732,NA,1257.3774827608431,0
1966-01-01,291408.2380737108,149595.33135403908,52997.33803938734,80838.8050724163,23945.477370421544,23402.511617574422,NA,42.43767855618907,NA,NA,NA,NA,NA,NA,NA,48.244820431807945,NA,NA,NA,NA,NA,NA,NA,7.6333333333,5.4266666667,NA,76.9,NA,NA,NA,NA,NA,NA,2.0521739279,NA,NA,NA,NA,2.92,NA,NA,NA,0.0525624,8.466448,NA,1544.9451705868996,0
1966-04-01,292304.2630370398,149686.93577203705,53915.51326529383,80207.75483766267,24226.120366152943,23203.711518885233,NA,42.349545063115144,NA,NA,NA,NA,NA,NA,NA,47.817652665917386,NA,NA,NA,NA,NA,NA,NA,8.2,6.4566666667,NA,77.8,NA,NA,NA,NA,NA,NA,2.0517631901,NA,NA,NA,NA,2.92,NA,NA,NA,0,7.743661,NA,449.58839027722814,1.3998077795010777
1966-07-01,292662.8630223635,150788.70083674914,53330.888121453514,78495.65420075315,25722.95800818195,23104.43646960269,NA,41.90886697925238,NA,NA,NA,NA,NA,NA,NA,48.370451611220915,NA,NA,NA,NA,NA,NA,NA,8.5666666667,6.8966666667,NA,77.8,NA,NA,NA,NA,NA,NA,2.0405147687,NA,NA,NA,NA,2.9366666666666665,NA,NA,NA,0.2354049,7.003907,NA,180.20600474464732,1.9576493927446297
1966-10-01,288092.81320939923,149503.31232605551,54749.61347051461,77954.92899960083,26564.412007230876,23551.536691554087,NA,41.0495335663022,NA,NA,NA,NA,NA,NA,NA,47.164332460168616,NA,NA,NA,NA,NA,NA,NA,8.1,7.7266666667,NA,78.1,NA,NA,NA,NA,NA,NA,2.0335646077,NA,NA,NA,NA,2.97,NA,NA,NA,0.1163738,6.793519,NA,1173.2659874490382,0
1967-01-01,286658.8882680846,151523.65800830637,54332.76336795343,73899.22749086077,26284.019005260147,22110.73597630566,NA,39.79358881602622,NA,NA,NA,NA,NA,NA,NA,48.445835757840314,NA,NA,NA,NA,NA,NA,NA,7.3666666667,5.43,NA,78.2,NA,NA,NA,NA,NA,NA,2.0323494373,NA,NA,NA,NA,2.99,NA,NA,NA,0.1874239,7.061594,NA,1342.4862437020568,0
1967-04-01,285762.86330475565,150237.80610998176,55501.21365543722,71285.9265187005,27079.074162328183,23253.48654359476,NA,39.61731121138523,NA,NA,NA,NA,NA,NA,NA,47.365356851153685,NA,NA,NA,NA,NA,NA,NA,6.9,4.05,NA,79.7,NA,NA,NA,NA,NA,NA,2.0333481608,NA,NA,NA,NA,3,NA,NA,NA,0,7.085348,NA,553.0860886885298,0.42527617390232547
1967-07-01,292662.8630223635,151064.367699537,56836.663984009465,71826.65171985282,26564.412007230876,22756.636296946246,NA,40.829189215124245,NA,NA,NA,NA,NA,NA,NA,48.49609185558658,NA,NA,NA,NA,NA,NA,NA,6.8,3.5,NA,80.8,NA,NA,NA,NA,NA,NA,2.0460128607,NA,NA,NA,NA,3.0466666666666664,NA,NA,NA,0,7.770808,NA,96.1086094662678,1.610299321065459
1967-10-01,296426.3128683391,153544.02807937993,56252.013840162996,78225.07910009795,28294.993815489048,24246.912036755275,NA,42.79023376547105,NA,NA,NA,NA,NA,NA,NA,48.87300352373088,NA,NA,NA,NA,NA,NA,NA,6.7666666667,4.09,NA,82.1,NA,NA,NA,NA,NA,NA,2.0413652175,NA,NA,NA,NA,3.07,NA,NA,NA,0.29406,8.693804,NA,1130.841001162722,0
1968-01-01,299895.3877263624,154444.29269108368,55275.08859980174,75528.05309679155,30115.52337883733,24165.336996259444,NA,41.84276685944694,NA,NA,NA,NA,NA,NA,NA,48.01866799194975,NA,NA,NA,NA,NA,NA,NA,6.7,3.43,NA,82.2,NA,NA,NA,NA,NA,NA,2.0444091085,NA,NA,NA,NA,3.07,NA,-10.5978601,NA,0.1059547,9.491244,NA,1542.1959518247454,0
1968-04-01,302226.4126309619,157107.11312927722,55108.088558713294,73725.47742622491,28873.129386421202,24709.58726643848,NA,43.62752318665961,NA,NA,NA,NA,NA,NA,NA,49.8781073487508,NA,NA,NA,NA,NA,NA,NA,6.4666666667,3.68,NA,83.1,NA,NA,NA,NA,NA,NA,2.038541182,NA,NA,NA,NA,3.07,NA,-9.369695466666666,NA,0,10.06472,NA,504.27599338821994,0.3850772330226012
1968-07-01,308860.8623594378,159953.6057910977,56360.538866864335,75528.05309679155,30463.389696813676,26342.388077000407,NA,45.63262386505023,NA,NA,NA,NA,NA,NA,NA,50.83294601107177,NA,NA,NA,NA,NA,NA,NA,6.3333333333,3.56,NA,83.1,NA,NA,NA,NA,NA,NA,2.0443903611,NA,NA,NA,NA,3.07,NA,-13.953279,NA,0,10.39049,NA,158.9812340213639,0.939276223791615
1968-10-01,313522.91216863686,162524.60231188915,57362.51411338886,79583.85460556883,32401.51632518249,27594.188698424598,NA,47.24112382460819,NA,NA,NA,NA,NA,NA,NA,51.8380498360917,NA,NA,NA,NA,NA,NA,NA,6.3,4.5633333333,NA,85.1,NA,NA,NA,NA,NA,NA,2.0368931178,NA,NA,NA,NA,3.07,NA,-14.6417982,NA,0.2674512,10.27172,NA,1259.2360014523335,0
1969-01-01,321412.53684574296,166932.05279190038,57946.98925719226,81656.83037672559,32202.7212866954,28247.31402265185,NA,48.47502458312255,NA,NA,NA,NA,NA,NA,NA,52.667257318999695,NA,NA,NA,NA,NA,NA,NA,6.3333333333,3.9966666667,NA,85.1,NA,NA,NA,NA,NA,NA,2.0523426542,NA,NA,NA,NA,3.13,NA,-17.477695,NA,0,10.44817,NA,1698.057241715323,0
1969-04-01,325536.5616769615,169594.8976189166,58197.31431878188,82648.0807454754,33643.93531697468,29553.489671069125,NA,49.81910282647245,NA,NA,NA,NA,NA,NA,NA,53.496464801907685,NA,NA,NA,NA,NA,NA,NA,6.5666666667,4.76,NA,85.2,NA,NA,NA,NA,NA,NA,2.0456702951,NA,NA,NA,NA,3.35,NA,-22.587377,NA,0.1283862,10.82823,NA,549.3318348907933,0
1969-07-01,332529.9363907479,172900.48547892502,58781.76446257913,84991.55661725946,33942.07787595319,30370.015076412143,NA,51.008947456943,NA,NA,NA,NA,NA,NA,NA,55.55691948474111,NA,NA,NA,NA,NA,NA,NA,7,6.4066666667,NA,85.2,NA,NA,NA,NA,NA,NA,2.0364806757,NA,NA,NA,NA,3.35,NA,-20.451310666666668,NA,0.2361554,10.82823,NA,151.8493987473962,11.255963633642402
1969-10-01,337640.0611816089,175379.65808231433,59115.73954474987,84811.10655013118,33643.93531697468,31948.365859943755,NA,52.220825460682015,NA,NA,NA,NA,NA,NA,NA,56.71278253804714,NA,NA,NA,NA,NA,NA,NA,7.4666666667,7.98,NA,87.6,NA,NA,NA,NA,NA,NA,1.8929593404,NA,NA,NA,NA,3.35,NA,-0.7750068166666669,NA,0.2455193,11.68675,NA,1341.1422323526986,0
1970-01-01,332252.4614021039,178385.8243662415,58181.76431495597,83122.2809218801,34724.933337500384,36027.31788483448,NA,52.90388126899121,NA,NA,NA,NA,NA,118.9348,NA,55.33077610983561,NA,NA,NA,NA,NA,NA,NA,7.8333333333,9.5366666667,NA,86.6,NA,NA,NA,NA,NA,NA,1.882968697,109.1687,NA,NA,NA,3.35,NA,39.94600666666666,NA,0.109075,10.87315,NA,1792.782609126988,0
1970-04-01,345462.21086147643,182814.85895432733,60180.43980670717,89950.30846193849,35040.700456606326,36169.76795555015,NA,53.89541492155228,NA,NA,NA,NA,NA,123.2036,NA,58.37119750386312,NA,NA,NA,NA,NA,NA,NA,8.4,9.89,NA,86.4,NA,NA,NA,NA,NA,NA,1.8590231939,109.9968,NA,NA,NA,3.35,NA,54.92287066666667,NA,0,9.807037,NA,599.0292731109513,0.7220198119173775
1970-07-01,351914.88559739175,186790.70043931453,61331.515089916036,94774.9352567224,35650.485237639674,36444.49309193037,NA,53.675081188867466,NA,NA,NA,NA,NA,124.272,NA,59.52706962212186,NA,NA,NA,NA,NA,NA,NA,8.5333333333,9.37,NA,85.6,NA,NA,NA,NA,NA,NA,1.8567564666,109.0389,NA,NA,NA,3.31,NA,53.734736,NA,0.1242854,9.271091,NA,159.96228940826342,0.12293850851566156
1970-10-01,354897.73547531443,189072.07969074335,64376.66583914046,94747.66024657596,35857.38007397257,37726.44372832177,NA,53.60897045056888,NA,NA,NA,NA,NA,124.6461,NA,61.91417987535331,NA,NA,NA,NA,NA,NA,NA,8.5,8.83,NA,86.5,NA,NA,35.4,53,NA,NA,1.8589891078,108.3937,NA,NA,NA,3.3933333333333335,NA,43.715502,NA,0,8.835394,NA,1161.6458333718645,0
1971-01-01,348079.78575434856,189463.2032401133,62825.39045746694,93333.58472053321,35998.95154064163,38995.89435850785,NA,54.57847072986147,NA,NA,NA,NA,NA,125.6578,NA,60.481908284442824,NA,NA,NA,NA,NA,NA,NA,7.7666666667,7.4766666667,NA,85.2,NA,NA,34.7,52.4,NA,NA,1.8563644761,109.3352,NA,NA,NA,3.56,NA,-8.443249666666667,NA,0,9.699077,NA,1602.521170340999,0
1971-04-01,355384.7354553833,193451.45863584624,64824.01594920583,96618.23594243893,35988.05181267629,38649.99418679461,NA,54.26999288560959,NA,NA,NA,NA,NA,129.7677,NA,61.86392377760704,NA,NA,NA,NA,NA,NA,NA,8.0333333333,6.44,NA,85.6,NA,NA,34.9,52.7,NA,NA,1.8235224943,110.9734,NA,NA,NA,3.56,NA,-35.20224533333333,NA,0.1212562,9.634814,NA,484.21922339296503,0
1971-07-01,361533.03520375554,195677.8898697699,65587.89113714856,96550.0859170868,37164.047462257695,39219.71946962006,NA,54.13779264599871,NA,NA,NA,NA,NA,130.4602,NA,62.74338735826131,NA,NA,NA,NA,NA,NA,NA,8.2333333333,7.6033333333,NA,86.5,NA,NA,35.2,53.2,NA,NA,1.7484478031,114.0521,NA,NA,NA,3.56,NA,-57.547317,NA,0.1231679,9.418894,NA,161.09518393062072,9.36999584745029
1971-10-01,361228.6852162115,198164.64739701367,66414.51634053022,96727.28598300606,34822.93089168416,39799.59475748422,NA,53.49880358422647,NA,NA,NA,NA,NA,129.6777,NA,62.71825930938817,NA,NA,NA,NA,NA,NA,NA,7.9333333333,7.0733333333,NA,88.4,NA,NA,36.1,54.3,NA,NA,1.6918648349,114.3496,NA,NA,NA,3.56,NA,-50.30021333333333,NA,0,8.598268,NA,1112.6837070989077,0
1972-01-01,361593.88520126516,201639.66440820205,67118.31651369217,96870.36103623065,36540.78801752408,40903.69530558652,NA,55.129326298559775,NA,NA,NA,NA,NA,129.6411,NA,63.69823508553497,NA,NA,NA,NA,NA,NA,NA,7.4333333333,4.9566666667,NA,88.2,NA,NA,36,54.2,NA,NA,1.6342592829,114.6602,NA,NA,NA,3.56,NA,-65.29833633333334,NA,0.3099814,9.64831,NA,1499.254731661592,0
1972-04-01,367498.7099596019,202351.4278093876,67296.19155745629,97047.5611021499,37596.9366582389,41534.54561875592,NA,55.54797100915406,NA,NA,NA,NA,NA,131.3815,NA,63.798747281027495,NA,NA,NA,NA,NA,NA,NA,7.8,4.7133333333,NA,89.7,NA,NA,36.7,54.9,NA,NA,1.6242038759,114.3408,NA,NA,NA,3.56,NA,-63.64422833333333,NA,0.1987281,10.48757,NA,583.8130349987513,0
1972-07-01,376082.0346083174,206285.34490818245,68175.21677373037,99159.96188797297,38555.112744146,41402.270553091366,NA,55.76831536033201,NA,NA,NA,NA,NA,130.9691,NA,66.33662582749776,NA,NA,NA,NA,NA,NA,NA,7.9333333333,4.9233333333,NA,89.9,NA,NA,36.8,55.1,NA,NA,1.6259081822,114.1855,NA,NA,NA,3.56,NA,-42.72612693333333,NA,0.2070822,10.60774,NA,255.52771187257463,6.622417752370107
1972-10-01,381925.9593691466,208144.40730602955,69797.16717279266,100209.36227835485,40395.21681895496,43121.846406730525,NA,57.35477132812835,NA,NA,NA,NA,NA,129.7638,NA,65.70843367062211,NA,NA,NA,NA,NA,NA,NA,8.3333333333,7.85,NA,92,NA,NA,37.9,56.1,NA,NA,1.6376678955,113.6722,NA,NA,NA,3.56,NA,-0.30069870000000015,NA,0.2507732,10.21189,NA,1247.6867312166655,0
1973-01-01,387206.9341530154,209238.78255746863,71586.59261306027,101470.13774736927,40768.30750738321,42531.69611376561,NA,59.183605020371125,NA,NA,NA,NA,NA,128.7788,NA,66.38687286029132,NA,NA,NA,NA,NA,NA,NA,8.6,8.2066666667,NA,92.2,NA,NA,38.1,56,NA,NA,1.5376932896,116.4759,NA,NA,NA,3.56,NA,29.75352566666667,NA,0.0976086,10.63023,NA,1475.1235315993913,0
1973-04-01,390067.9090359259,211974.11096549922,72067.94273149096,99889.1621592389,42292.76945996657,42857.29627540143,NA,59.42597212632441,NA,NA,NA,NA,NA,132.117,NA,66.03509830597285,NA,NA,NA,NA,NA,NA,NA,9.3,12.22,NA,92.6,NA,NA,38.5,56.1,NA,NA,1.3982469506,121.651,NA,NA,NA,3.56,NA,50.47890533333333,NA,0.0910996,10.109069999999999,NA,579.8303031083677,1.909839972766317
1973-07-01,391346.20898360974,211340.00157573688,71576.11761048302,98676.16170799702,43316.31891428964,42786.071240043595,NA,59.2056383936396,NA,NA,NA,NA,NA,132.1275,NA,65.18076277419172,NA,NA,NA,NA,NA,NA,NA,9.7666666667,14.3733333333,NA,92.5,NA,NA,38.5,55.9,NA,NA,1.2239816344,131.1903,NA,NA,NA,4.06,NA,70.16121366666667,NA,0.1503307,8.888732,NA,113.3200502674488,3.200824405840569
1973-10-01,392320.1589437495,210425.0061151325,74003.84320779706,95882.13566860618,43969.67760780827,45624.922649318294,NA,59.71241659730781,NA,NA,NA,NA,NA,129.6601,NA,64.12540285142553,NA,NA,NA,NA,NA,NA,NA,9.5666666667,13.77,NA,93.2,NA,NA,38.9,56.2,NA,NA,1.3039135985,126.4352,NA,NA,NA,4.31,NA,108.56143666666667,NA,0,8.595054,NA,1309.2244566889026,0
1974-01-01,395637.98380796285,208795.54009402473,75186.2934987254,95906.08567751569,48349.79328918213,42763.221228700284,NA,59.38190537978745,NA,NA,NA,NA,NA,129.3671,NA,64.12540285142553,NA,NA,NA,NA,NA,NA,NA,10,11.32,NA,92.8,NA,NA,38.5,56.3,NA,NA,1.3866917541,124.7187,NA,NA,NA,10.11,NA,97.67124433333333,NA,0,8.366923,NA,1257.1584046904795,0
1974-04-01,395333.58382042084,209783.4825232745,76316.46877679207,90509.08366980552,47729.083780807385,43994.346839860904,NA,59.42597212632441,NA,NA,NA,NA,NA,132.5272,NA,64.7033298456022,NA,NA,NA,NA,NA,NA,NA,10.5666666667,9.5433333333,NA,93.3,NA,NA,38.6,56.8,NA,NA,1.2800873968,127.0733,NA,NA,NA,10.11,NA,91.05149266666666,NA,0.0923446,8.278885,NA,564.9836393416628,0
1974-07-01,395333.58382042084,211837.77744670032,76515.29382571069,89037.15812224227,48099.32454036395,45011.79734494802,NA,58.17002737604843,NA,NA,NA,NA,NA,132.5333,NA,64.7787139922216,NA,NA,NA,NA,NA,NA,NA,10.8,9.6066666667,NA,93.4,NA,NA,38.4,57,NA,NA,1.3346763267,120.1314,NA,NA,NA,10.11,NA,60.557814,NA,0.1028807,7.759647,NA,161.2419393805578,2.118705343583137
1974-10-01,390341.6840247213,211409.0463327529,77341.96902910464,87769.68265073543,46607.46177417234,43170.196430732656,NA,56.363237675567284,NA,NA,NA,NA,NA,130.0095,NA,64.10027480255239,NA,NA,NA,NA,NA,NA,NA,10.4,9.14,NA,94,NA,NA,38.5,57.6,NA,NA,1.2881487655,119.8731,NA,NA,NA,11.16,NA,47.64156466666667,NA,0,7.652329,NA,1179.5114389891048,0
1975-01-01,388089.38411689986,215873.68860195618,77684.74411344054,90454.55864952195,44688.33467161466,43419.37155442923,NA,54.688637596203876,NA,NA,NA,NA,NA,127.9296,NA,65.20588175811216,NA,NA,NA,NA,NA,NA,NA,9.0666666667,6.6266666667,NA,93.3,NA,NA,38.1,57.3,NA,NA,1.1951788584,121.406,NA,NA,NA,11.16,NA,-12.129522413333333,NA,0.4443654,8.911223,NA,1330.4650539803167,0
1975-04-01,386141.3591966255,216682.4463509527,79495.01955883804,82767.93079006017,44198.34690069577,44813.44724648222,NA,54.093725899461745,NA,NA,NA,NA,NA,127.334,NA,66.53764115353012,NA,NA,NA,NA,NA,NA,NA,8.6,4.92,NA,93.9,NA,NA,38.3,57.6,NA,NA,1.2040753372,118.7789,NA,NA,NA,11.16,NA,-40.466623999999996,NA,0,9.504363,NA,596.071431405259,0
1975-07-01,390341.8340247152,218874.90395487868,81096.01995274583,85439.15678376882,44405.2167376526,44905.02229194229,NA,53.96151504135772,NA,NA,NA,NA,NA,126.4136,NA,66.63815334902264,NA,NA,NA,NA,NA,NA,NA,8.5,4.1566666667,NA,94.1,NA,NA,38.4,57.9,NA,NA,1.3051236559,114.9816,NA,NA,NA,11.16,NA,-40.318230666666665,NA,0.3598093,9.469018,NA,51.44939135290341,14.021169419626151
1975-10-01,398012.2837107913,221636.8649572793,80729.7698626342,88328.45785860244,45690.10966938312,46645.04815573333,NA,56.16492669765781,NA,NA,NA,NA,NA,125.1653,NA,68.04529689106,NA,NA,NA,NA,NA,NA,NA,8.5333333333,4.1333333333,NA,96,NA,NA,39.3,58.8,NA,NA,1.3274841542,113.4267,NA,NA,NA,11.16,NA,-30.953629666666668,NA,0,9.982472,NA,1266.6328598035407,0
1976-01-01,401588.43356443243,223733.47448806043,80661.74484589742,87480.13254302143,47522.11394634629,47677.798668415744,NA,57.83951615852808,NA,NA,NA,NA,NA,123.3973,NA,67.86940054894808,NA,NA,NA,NA,NA,NA,NA,8.1333333333,3.7966666667,NA,94.7,NA,NA,38.8,58,NA,NA,1.3159630438,116.0017,NA,NA,NA,11.763333333333334,NA,-42.641965666666664,NA,0.3312629,10.6116,NA,1554.8301572854057,0
1976-04-01,407554.08332027984,225611.90161111797,81300.09500295615,88856.5830550675,48033.926172571926,48959.799304831955,NA,58.94122729592469,NA,NA,NA,NA,NA,124.0868,NA,67.91964758174164,NA,NA,NA,NA,NA,NA,NA,8.0666666667,3.8433333333,NA,95,NA,NA,39.1,58,NA,NA,1.3086345269,118.3281,NA,NA,NA,12.17,NA,-21.219707999999997,NA,0,10.21703,NA,531.6039683755855,8.61363130934441
1976-07-01,407675.8083152981,226853.6829068541,81750.07011366737,87616.40759371639,49710.93431791789,49865.324754356756,NA,58.74291631801522,NA,NA,NA,NA,NA,124.4031,NA,68.92475140676157,NA,NA,NA,NA,NA,NA,NA,8.2666666667,4.53,NA,94.9,NA,NA,39.2,57.7,NA,NA,1.2942842681,117.885,NA,NA,NA,12.746666666666666,NA,-23.151177,NA,0.0696282,9.862945,NA,147.20166323974885,16.86885458592623
1976-10-01,415224.25800636725,229764.02550645912,82074.49519348844,90982.60884595911,49634.686220912656,50791.200213983786,NA,59.822594082143354,NA,NA,NA,NA,NA,125.4301,NA,69.75396795462227,NA,NA,NA,NA,NA,NA,NA,7.6666666667,4.8233333333,NA,96,NA,NA,39.9,58.1,NA,NA,1.2320600461,120.611,NA,NA,NA,13.9,NA,-25.076425999999998,NA,0,9.447812,NA,1218.1689347116117,0
1977-01-01,418770.03286125144,232725.5358560534,82427.64528037698,94475.08514517675,49694.58472596988,50330.94998550441,NA,60.307338912543074,NA,NA,NA,NA,NA,124.2546,NA,70.20625470443326,NA,NA,NA,NA,NA,NA,NA,7.1333333333,4.74,NA,94.8,NA,NA,39.4,57.4,NA,NA,1.2248678737,120.7259,NA,NA,NA,13.9,NA,-46.308232333333336,NA,0.0590284,9.612323,NA,1351.6480041962977,0
1977-04-01,421144.257764083,236580.70144640433,82061.3701902592,91735.68412610666,50859.65564820988,50310.59997540217,NA,60.02089444155968,NA,NA,NA,NA,NA,125.8292,NA,70.4575261282119,NA,NA,NA,NA,NA,NA,NA,6.5666666667,4.4466666667,NA,95.8,NA,NA,40,57.7,NA,NA,1.2077225526,120.109,NA,NA,NA,13.9,NA,-39.72347833333333,NA,0.2392201,10.04995,NA,617.7984318905493,0
1977-07-01,421022.5077690658,238546.90394229858,83254.32048377093,92321.7343441201,50946.77847380439,52559.076091600255,NA,59.69038322403933,NA,NA,NA,NA,NA,127.2739,NA,71.78929458858255,NA,NA,NA,NA,NA,NA,NA,6.2666666667,4.1866666667,NA,96,NA,NA,40.2,57.8,NA,NA,1.1799764465,120.3672,NA,NA,NA,14.533333333333333,NA,-45.98396733333333,NA,0.3430532,10.16433,NA,211.38818070545796,0
1977-10-01,428266.7824725837,239277.227237546,84918.1458931361,93725.4848663219,51719.834179933205,51806.20071785466,NA,60.79209436143594,NA,NA,NA,NA,NA,128.196,NA,72.39234963163236,NA,NA,NA,NA,NA,NA,NA,6.1666666667,4.0866666667,NA,97.6,NA,NA,41.1,58.4,NA,NA,1.1368745409,120.9863,NA,NA,NA,14.85,NA,-34.613066333333336,NA,0.0561136,10.51199,NA,1087.9550301101333,0
1978-01-01,430031.7324003507,241861.63761081317,85386.47100836212,96372.83585114895,51461.26563326923,52228.50092749472,NA,60.19717204620067,NA,NA,NA,NA,NA,128.8973,NA,72.2667184522194,NA,NA,NA,NA,NA,NA,NA,5.8,3.5166666667,NA,95.9,NA,NA,40.5,57.3,NA,NA,1.0607431798,124.0422,NA,NA,NA,14.85,NA,-38.662095,NA,0.2301761,10.66236,NA,1516.106477732535,0
1978-04-01,431736.3073305886,242716.83167819842,85763.17110104485,95432.41050130628,51199.94715523783,53083.22635180115,NA,59.80055009038173,NA,NA,NA,NA,NA,130.8149,NA,72.92002959301546,NA,NA,NA,NA,NA,NA,NA,5.8666666667,3.6133333333,NA,96.9,NA,NA,41.3,57.5,NA,NA,1.0621918401,122.2098,NA,NA,NA,14.85,NA,-26.444893666666665,NA,0.2071108,10.50171,NA,596.6566307517073,0
1978-07-01,437397.8320988827,248174.83069528706,87113.0464331662,99316.76194630333,53268.84551981465,54996.12730141159,NA,61.871761507070936,NA,NA,NA,NA,NA,133.4302,NA,73.74923707592345,NA,NA,NA,NA,NA,NA,NA,6.3,3.7166666667,NA,96.9,NA,NA,41.5,57.1,NA,NA,1.0263502793,119.3126,NA,NA,NA,14.85,NA,-21.850361333333332,NA,0.0833125,11.13341,NA,279.3506295713125,4.000900413640905
1978-10-01,442511.48188959947,250510.47507718595,88253.62171379168,99821.06213390536,53726.18410558966,56491.85304392612,NA,62.642961426947195,NA,NA,NA,NA,NA,135.028,NA,74.52818846108518,NA,NA,NA,NA,NA,NA,NA,6.5666666667,3.9533333333,NA,98.8,NA,NA,42.8,57.8,NA,NA,0.9588256648,122.3828,NA,NA,NA,14.85,NA,-9.515895,NA,0,11.35511,NA,1215.1091315397214,0
1979-01-01,443058.68186720455,248753.7725681401,88944.34688373668,97425.28624266545,53560.21324787892,56797.103195459706,NA,62.3565169559638,NA,NA,NA,NA,NA,135.4804,NA,73.97538951578164,NA,NA,NA,NA,NA,NA,NA,7.0333333333,4.17,NA,98.4,NA,NA,42.8,57.3,NA,NA,0.948548698,123.4063,NA,NA,NA,15.516666666666666,NA,-6.526306933333333,NA,0.1240003,11.11477,NA,1763.2465880889354,0
1979-04-01,456816.7563041362,257980.82024268538,89927.9721257464,105385.03920373105,54594.61243141518,59625.77959968329,NA,64.25144014951887,NA,NA,NA,NA,NA,138.9936,NA,76.41275586675935,NA,NA,NA,NA,NA,NA,NA,7.7,5.9733333333,NA,99.4,NA,NA,43.6,57.4,NA,NA,0.9687617704,121.6847,NA,NA,NA,17.683333333333334,NA,28.161709833333333,NA,0.1562988,10.44195,NA,545.5634810596316,0
1979-07-01,456816.80630413414,251959.7076986651,90388.37223902257,106012.03943697808,56630.76161334385,60551.705059335145,NA,64.80229571821718,NA,NA,NA,NA,NA,139.8806,NA,74.72921285207025,NA,NA,NA,NA,NA,NA,NA,7.6666666667,7.2733333333,NA,99.2,NA,NA,43.8,57,NA,NA,0.9286253577,121.511,NA,NA,NA,25.583333333333332,NA,45.09931233333333,NA,0,10.33463,NA,201.99899722311193,0
1979-10-01,459617.05618953,255945.86565564727,90995.29738834953,107320.46492371854,56510.96460322939,61823.58069072506,NA,65.28705116711005,NA,NA,NA,NA,NA,139.383,NA,74.93022817810261,NA,NA,NA,NA,NA,NA,NA,7.8666666667,9.33,NA,100.7,NA,NA,44.8,57.5,NA,NA,0.9026006009,122.7967,NA,NA,NA,30.833333333333332,NA,42.771445666666665,NA,0.2304679,10.04159,NA,1139.5109870217818,0
1980-01-01,463299.68103881343,257305.10352142554,92033.89764388523,109156.84060685894,60316.8446163376,63024.23128675714,NA,65.8599294905837,NA,NA,NA,NA,NA,139.295,NA,76.61377119279173,NA,NA,NA,NA,NA,NA,NA,8.6,9.1566666667,NA,99.4,NA,NA,44.1,56.8,NA,NA,0.9070658834,120.7069,NA,NA,NA,35.833333333333336,NA,39.003421,0.11785850828498613,0.1712036,9.913713,NA,1530.45,0
1980-04-01,460316.9311608866,255865.602040197,93687.27305067929,107275.98990717361,58400.26745013879,61793.055675571704,NA,64.53788462050227,NA,NA,NA,NA,NA,140.4303,NA,74.07589264632149,NA,NA,NA,NA,NA,NA,NA,8.6,10.1966666667,NA,100.7,NA,NA,44.8,57.5,NA,NA,0.9250804006,118.0412,NA,NA,NA,39.5,NA,60.285677,0.22067545276558054,0,9.82503,NA,657.14,0.3
1980-07-01,458490.75623562536,257629.79191780655,93697.74805325654,105558.68926832969,56995.52750954167,59961.554766370224,NA,63.78872869238763,NA,NA,NA,NA,NA,141.3255,NA,75.28201179737377,NA,NA,NA,NA,NA,NA,NA,7.9333333333,9.2166666667,NA,101.3,NA,NA,44.9,57.9,NA,NA,0.908054381,115.5539,NA,NA,NA,37.833333333333336,NA,50.96664333333333,0.06765695780447077,0.0703383,10.34427,NA,198.76,1.16
1980-10-01,457882.0562605373,257148.67361273573,93352.42296829325,103473.41349259728,56919.32941128858,60734.85515025529,NA,63.061606137541474,NA,NA,NA,NA,NA,142.5041,NA,75.18149960188124,NA,NA,NA,NA,NA,NA,NA,8.5666666667,9.5766666667,NA,104.6,NA,NA,46.6,59.6,NA,NA,0.9762948041,110.748,NA,NA,NA,36.333333333333336,NA,62.36244633333334,0.18200574787015836,0.2236136,10.16048,NA,1276.03,0
1981-01-01,463330.2560375621,258021.45202127556,99738.34953947726,103432.66347743808,58931.10420155163,60841.5802032362,NA,63.237873123689326,NA,NA,NA,NA,NA,141.4196,NA,75.73430761213747,NA,NA,NA,NA,NA,NA,NA,9.6666666667,11.2466666667,NA,105.6,NA,NA,47,60.1,NA,NA,1.0671513714,108.013,NA,NA,NA,38,NA,58.451409,0.22022019706611412,0.0810373,9.922066,NA,1446.69,0
1981-04-01,462173.6310848986,255596.91038069653,96305.9486949744,105245.41415178987,61185.122945906725,59407.02949109043,NA,62.88532853290048,NA,NA,NA,NA,NA,143.3298,NA,73.62359683155778,NA,NA,NA,NA,NA,NA,NA,10.3333333333,13.16,NA,107,NA,NA,47.8,60.9,NA,NA,1.1639559675,106.6295,NA,NA,NA,37.333333333333336,NA,40.725283,0.12931156637738964,0.1443314,10.45287,NA,503.78999999999996,0.08
1981-07-01,463391.15603506967,255553.08366633486,97027.99887262657,101606.36279804562,63940.02918914605,59468.054521384736,NA,63.171773003883885,NA,NA,NA,NA,NA,142.5402,NA,73.87487732028912,NA,NA,NA,NA,NA,NA,NA,10.6,12.7866666667,NA,107.6,NA,NA,48,61.2,NA,NA,1.2436152426,104.8868,NA,NA,NA,36,NA,20.099508666666665,0.1068494357791248,0.144113,10.63923,NA,176.75,1.01
1981-10-01,463025.8560500201,256572.14623332836,96787.32381341123,95991.0857091361,65301.14521850574,58623.62910219147,NA,63.127706257346915,NA,NA,NA,NA,NA,140.0098,NA,74.02563654857522,NA,NA,NA,NA,NA,NA,NA,9.9333333333,11.2266666667,NA,108.8,NA,NA,48.7,61.8,NA,NA,1.145873278,108.5062,NA,NA,NA,35.333333333333336,NA,12.4216135,0.21259077270295493,0.175454,10.11421,NA,1318.04,0
1982-01-01,464760.68097901996,256464.42080353675,98027.32411849909,97320.08620353055,65635.93686279889,60633.1050997441,NA,62.7531282932896,NA,NA,NA,NA,NA,138.4887,NA,73.5733407338115,NA,NA,NA,NA,NA,NA,NA,9.6333333333,10.2,NA,107.8,NA,NA,48.2,61.2,NA,NA,1.199405538,107.3788,NA,NA,NA,31.296666666666667,NA,-0.26283033333333333,0.05163480787775064,0.073779,10.26073,NA,1532.2,0
1982-04-01,461899.6310961124,254094.75401399488,96583.27376320705,97347.33621366767,64851.95642932866,59768.229670398956,NA,62.3565169559638,NA,NA,NA,NA,NA,136.7914,NA,71.08571828508752,NA,NA,NA,NA,NA,NA,NA,8.9,9.2633333333,NA,108.8,NA,NA,48.8,61.6,NA,NA,1.2160225241,109.0053,NA,NA,NA,34.81666666666667,NA,0.5038596333333333,0.06614791457049922,0.3023203,10.40082,NA,550.6,2.52
1982-07-01,457334.20628295874,250488.98852440206,95871.72358813828,95630.16057487024,63501.79012668645,58272.478927872005,NA,60.04292781482816,NA,NA,NA,NA,NA,135.3009,NA,70.18113572051283,NA,NA,NA,NA,NA,NA,NA,8.9666666667,8.88,NA,109.9,NA,NA,49.4,62,NA,NA,1.2687537601,109.289,NA,NA,NA,34.58,NA,-37.37181266666667,0.10739654506729082,0,10.15148,NA,71.66,4.63
1982-10-01,458429.9312381147,253331.01803167153,95327.59845426254,96229.81079794295,63654.23632194479,57122.703357095525,NA,59.22767176690808,NA,NA,NA,NA,NA,133.4894,NA,70.80931881243576,NA,NA,NA,NA,NA,NA,NA,8.1333333333,7.17,NA,111.8,NA,NA,50.4,63,NA,NA,1.278775081,110.4685,NA,NA,NA,33.85,NA,-23.741143,0.06338515853720077,0.1416832,10.95219,NA,1076.6299999999999,0
1983-01-01,462584.5310680819,255473.47854909702,96167.3236608673,96270.78581318585,63275.82076641422,57786.52868663452,NA,60.086994561365124,NA,NA,NA,NA,NA,132.6041,NA,72.56823690879159,NA,NA,NA,NA,NA,NA,NA,7.7333333333,5.7,NA,110.2,NA,NA,49.9,61.8,NA,NA,1.2308670317,112.2933,NA,NA,NA,29.653333333333332,NA,-13.469648766666666,0.0913516950620929,0,12.06521,NA,1380.9,0
1983-04-01,467454.5308687704,259054.5137724891,95863.87358620689,99568.86204008575,63504.490059301716,60727.23014647005,NA,61.6293837826245,NA,NA,NA,NA,NA,133.0407,NA,72.99540467468216,NA,NA,NA,NA,NA,NA,NA,7.9,5.3666666667,NA,111.3,NA,NA,50.8,62,NA,NA,1.2707307554,111.5674,NA,NA,NA,30.536666666666665,NA,-12.349887566666666,0.06363409364769583,0,14.0297,NA,507.9,0.02
1983-07-01,466480.5059086337,255088.9643706742,95549.92350896307,99691.51208571215,63940.02918914605,61174.95536873172,NA,60.94632797431531,NA,NA,NA,NA,NA,131.98,NA,70.58317543753026,NA,NA,NA,NA,NA,NA,NA,8.3666666667,5.72,NA,111.7,NA,NA,51.3,61.9,NA,NA,1.3514467004,109.21,NA,NA,NA,31.56,NA,-33.326056,0.03035000012891788,0.0474586,14.35615,NA,123.21,18.52
1983-10-01,472933.20564454794,258814.77164551357,96418.47372265988,101763.03785632948,65192.27293573269,61938.10574757807,NA,62.95142865270592,NA,NA,NA,NA,NA,130.2099,NA,71.91492576799553,NA,NA,NA,NA,NA,NA,NA,8.3333333333,6.32,NA,112.8,NA,NA,52.2,62,NA,NA,1.369018098,108.3831,NA,NA,NA,29.83,NA,-27.221164666666667,0.015599234493076588,0,15.29502,NA,1219.81,0
1984-01-01,479188.08038855845,260839.5804823155,96627.74877414962,98209.38653435446,68173.19853799637,62749.50615037692,NA,63.326006616763244,NA,NA,NA,NA,NA,127.8209,NA,72.71901426698308,NA,NA,NA,NA,NA,NA,NA,8.2333333333,5.9766666667,NA,111.3,NA,NA,51.6,61.1,NA,NA,1.3813913616,107.9025,NA,NA,NA,30.198666666666668,NA,-23.946248666666666,0.0462933806221605,0.0555108,15.85667,NA,1520.56,0
1984-04-01,471639.8806974791,261943.78442929592,97171.89890803152,95974.26070287712,66365.69364957916,63197.20637262617,NA,60.725994241630495,NA,NA,NA,NA,NA,126.7251,NA,72.11595015898058,NA,NA,NA,NA,NA,NA,NA,8.1666666667,6.0233333333,NA,112.2,NA,NA,52.1,61.4,NA,NA,1.3853794382,107.159,NA,NA,NA,30.368333333333332,NA,-18.311340333333334,0.019648257224755356,0,15.58163,NA,646.12,0
1984-07-01,484484.00517181534,263267.19511455257,96857.97383079385,101453.03774100798,71428.8672832396,65222.057377811325,NA,63.92092893199852,NA,NA,NA,NA,NA,125.9502,NA,73.04566983738111,NA,NA,NA,NA,NA,NA,NA,8.0333333333,5.99,NA,112.4,NA,NA,52.4,61.3,NA,NA,1.4931086376,104.5982,NA,NA,NA,29.104333333333333,NA,-27.705437,0.03429624315153551,0,15.41905,NA,236.56,6.99
1984-10-01,488562.45500489906,263213.125094664,98009.04911400272,103074.86334433475,74738.98466955738,64703.13212020423,NA,64.80229571821718,NA,NA,NA,NA,NA,124.5522,NA,71.94006288182135,NA,NA,NA,NA,NA,NA,NA,7.4,5.9533333333,NA,113.6,NA,NA,53.1,61.7,NA,NA,1.5615535774,103.1604,NA,NA,NA,27.430666666666667,NA,-20.082582333333335,0.042692294939065345,0.0360477,16.73835,NA,1121.08,0
1985-01-01,485899.4301138871,264256.5520955179,97362.87395501875,96618.06094237384,75743.65959494964,67569.90854334159,NA,65.48535152652637,-5.1,NA,NA,NA,91.06666666666666,122.8752,-63,72.34209353388609,-20.533333333333335,NA,NA,NA,NA,NA,NA,7.5333333333,6.14,NA,113.5,NA,NA,53.4,61.3,NA,NA,1.664987925,101.973,-8.3,97.3,NA,27.05,0.3640579283237457,-25.543186666666667,0.06952758539978618,0,18.07693,NA,1770.63,0
1985-04-01,490769.3549145786,266125.6382994878,97498.92398849229,100965.81255975792,75417.01774725442,66074.23280085187,NA,65.97010697541924,-4.133333333333333,NA,NA,NA,98.96666666666667,121.7517,-56.4,72.64363012036368,-15.766666666666666,NA,NA,NA,NA,NA,NA,7.2333333333,5.8466666667,NA,113.4,NA,NA,53.7,60.8,NA,NA,1.5782046497,102.069,-8.533333333333333,98.36666666666667,NA,27.857,0.42604832847913104,-26.704897666666668,0.07235293184964403,0,19.76702,NA,541.5600000000001,0
1985-07-01,497161.17965298425,268790.7512870136,98189.57415841885,101797.18786903344,76636.58730932111,67356.2584372805,NA,66.54299591738602,-4.3,NA,NA,NA,100.60000000000001,122.3859,-48,73.92512435308268,-17.933333333333334,NA,NA,NA,NA,NA,NA,6.7,4.9466666667,NA,112.5,NA,NA,53.5,60,NA,NA,1.4561933638,103.7321,-7.133333333333334,99.3,NA,27.791,0.3100302716096242,-52.587998666666664,0.046484405017434005,0.0716127,22.16142,NA,158.69,2.04
1985-10-01,500144.02953090693,271260.1927501523,98754.67429745525,104727.51395912857,75449.69193177437,66481.20800288423,NA,67.27011847223218,-1.9333333333333333,NA,NA,NA,101.66666666666666,122.1211,-39.833333333333336,73.47283760327169,-11.133333333333333,NA,NA,NA,NA,NA,NA,6.7,4.86,NA,113.9,NA,NA,54.6,60.3,NA,NA,1.3211441349,105.8295,-5.8999999999999995,101.93333333333334,NA,29.193,0.31823767224947613,-36.37835366666667,0.053365065260921905,0,26.52482,NA,1211.93,0.01
1986-01-01,497282.9546480004,273550.93730949145,98090.1741339626,102093.5879792957,75757.33425365845,67872.70869365893,NA,67.51248557818548,-3.8666666666666667,NA,NA,NA,104.83333333333333,121.7679,-40.233333333333334,73.19642906566722,-10.3,NA,NA,NA,NA,NA,NA,6.3333333333,4.6066666667,NA,112.5,NA,NA,54,59.5,NA,NA,1.2001213466,108.9092,-2.9,102.26666666666667,NA,17.001666666666665,0.3424444645643234,-48.278497333333334,0.10411917810440545,0.0612332,30.31564,NA,1688.23,0
1986-04-01,503005.1044138135,277656.74683055724,99450.52446866121,103224.78840010757,74548.61442080497,69297.10940076598,NA,67.68876318282646,-5.266666666666667,NA,NA,NA,105.16666666666667,122.8449,-34.53333333333333,76.664027290538,-10.5,NA,NA,NA,NA,NA,NA,6,4.6,NA,112.4,NA,NA,54.1,59.2,NA,NA,1.148583125,109.142,-1.4333333333333333,102.63333333333333,NA,13.92,0.8521142502625784,-65.736672,0.1465718018136643,0.0402885,30.91071,NA,518.6,0.86
1986-07-01,506718.50426183746,279257.94620617526,100078.34962313039,104137.9387398038,74668.38643154335,68910.50920884828,NA,67.7548633026319,-6.1,NA,NA,NA,103.5,123.2364,-28.233333333333334,75.80969175875687,-7,NA,NA,NA,NA,NA,NA,6,4.5966666667,NA,111.5,NA,NA,53.7,58.6,NA,NA,1.0667934671,111.4258,0.3333333333333333,103.43333333333334,NA,13.86,0.46464596192042035,-71.16343133333334,0.1542400135032794,0,29.6531,NA,283.6,5.99
1986-10-01,511771.02905505575,280639.7681217581,99837.69956392121,107749.5650833458,74004.15300943544,69398.85945127718,NA,67.49046282341013,-8.4,NA,NA,NA,100.43333333333332,123.0557,-28.833333333333332,76.5886431439186,-8.1,NA,NA,NA,NA,NA,NA,6.3,4.7366666667,NA,111.4,NA,NA,53.8,58.4,NA,NA,1.0264866238,113.1384,0.3,102,NA,15.378333333333334,0.3366326292355855,-53.348745,0.06198592851947535,0,30.35869,NA,1083.9099999999999,0
1987-01-01,498926.5795807328,279279.8717577674,99717.34953431046,99504.11201599843,72686.51089505677,70289.20989326874,NA,66.85146314314476,-12,NA,NA,NA,99.6,121.7648,-33.266666666666666,75.28201179737377,-5.166666666666666,NA,NA,NA,NA,NA,NA,6.0666666667,4.2033333333,NA,110.2,NA,NA,53.3,57.9,NA,NA,0.9405214155,116.0533,-1.3,99.26666666666667,NA,18.229,0.3966530164082845,-41.13538366666666,0.2000159181305119,0.1091902,26.92324,NA,1810.6299999999999,0
1987-04-01,510127.45412232133,287625.92199052864,99706.89953173936,107313.4399211052,75289.07094054203,71825.63565598776,NA,68.19555200498782,-10.833333333333334,NA,NA,NA,98.63333333333334,121.3406,-28.5,78.59885079395845,-7.533333333333333,NA,NA,NA,NA,NA,NA,5.8333333333,3.8166666667,NA,110.1,NA,NA,53.2,57.8,NA,NA,0.9229841039,114.5163,-2.6,99.76666666666667,NA,19.364,0.560960054397583,-25.125470666666665,0.08533956619644956,0,26.77608,NA,612.59,2.3
1987-07-01,513658.1539778225,288868.4105621226,99842.8995652006,107940.36515432435,75572.18887450409,72029.16075702255,NA,67.57859631648405,-8.3,NA,NA,NA,101.06666666666666,121.4214,-29.733333333333334,79.15164973926198,-7.566666666666666,NA,NA,NA,NA,NA,NA,6.5,3.9666666667,NA,111,NA,NA,53.7,58.2,NA,NA,0.9403680279,113.4064,-3.6333333333333333,100.8,NA,20.385,0.45361511905988056,-24.944077,0.031849141003642806,0.0307626,29.26238,NA,172.79,0.85
1987-10-01,521876.15364148945,293549.9426314472,100638.24976088741,109412.26570187829,76476.0163168409,73260.336368208,NA,68.83454106676004,-7.733333333333333,NA,NA,NA,98.53333333333333,121.7521,-31.53333333333333,80.98596104718992,-4.166666666666667,NA,NA,NA,NA,NA,NA,6.6,4.1433333333,NA,111.5,NA,NA,53.9,58.4,NA,NA,0.8720083034,114.4729,-5.066666666666666,100.53333333333333,NA,18.669666666666668,0.32845259706179303,-11.613567333333334,0.23386068483388095,0,22.21476,NA,1125.83,0
1988-01-01,517142.87883520534,287441.1034922356,100915.52482910774,107824.71511130198,72278.49607826253,71449.18546910875,NA,68.92267455983396,-6.566666666666666,NA,NA,NA,99.33333333333333,121.1222,-33.8,79.17677778813511,-4.133333333333333,NA,NA,NA,NA,NA,NA,6.3333333333,3.4233333333,NA,110.2,NA,NA,53.1,58,NA,NA,0.8570274513,114.373,-6.633333333333334,100.4,NA,16.714,0.3297735850016276,12.057841966666667,0.14118863509802962,0.1815651,19.85249,NA,1353.69,0
1988-04-01,526517.8284515224,294037.304475125,100789.9747982176,110195.99099342778,79018.52786101254,74745.88710567141,NA,69.75997459951567,-2.033333333333333,NA,NA,NA,103,121.9064,-28.866666666666667,80.63417742791874,-4.4,NA,NA,NA,NA,NA,NA,6.5,3.6466666667,NA,110.6,NA,NA,53.2,58.3,NA,NA,0.8726729828,112.497,-5.733333333333333,103.93333333333334,NA,17.281,0.259469673037529,3.9204767333333335,0.07790544681450053,0.3924207,20.95201,NA,458.57,0
1988-07-01,532483.6532073627,297654.60587784695,101375.97494239622,112103.89170317583,80542.93981484376,76516.33798456617,NA,70.55319727416727,0.8999999999999999,NA,NA,NA,102.6,122.6417,-23.866666666666667,81.41312881308046,-6.6000000000000005,NA,NA,NA,NA,NA,NA,6.7,5.1066666667,NA,110.2,NA,NA,52.9,58.3,NA,NA,0.9541217795,109.7362,-5.2,105.66666666666667,NA,15.163,0.2418761799732844,-8.5721715,0.05146832207711877,0.2421014,22.58812,NA,157.55,3.4299999999999997
1988-10-01,538753.902950744,298189.16009341663,102673.50026163745,113235.01712395983,83123.52540876587,78490.31396449573,NA,71.94134226405413,2.433333333333333,NA,NA,NA,107.26666666666667,122.2853,-21.6,81.8905526767173,-3.466666666666667,NA,NA,NA,NA,NA,NA,6.4333333333,5.1466666667,NA,111,NA,NA,53.2,58.8,NA,NA,0.9077987351,110.1022,-3.1,107.46666666666667,NA,14.680333333333333,0.26183410982290906,5.729024266666666,0.004737654283803472,0.1645639,24.26601,NA,1138.18,0
1989-01-01,544384.6527202977,300285.57451361633,98791.24930645412,118761.64417989113,86020.17811430672,79462.16444694588,NA,72.05150913039654,3.3666666666666667,NA,NA,NA,106.33333333333333,121.3797,-21.166666666666668,82.69463211075217,-1.9333333333333333,NA,NA,NA,NA,NA,NA,6.8666666667,6.2666666667,NA,109.9,NA,NA,52.5,58.3,NA,NA,0.9456854635,108.9384,-3.966666666666667,107.46666666666667,NA,18.418,0.36562180519104004,15.829914,0.03153731019710389,0.1164687,25.42594,NA,1200.45,0
1989-04-01,546576.0776306106,300601.7999885262,99848.1495664923,115845.09309492038,87272.37186214124,81303.76536116125,NA,73.06508677471923,5.733333333333333,NA,NA,NA,108.96666666666667,121.3958,-17.03333333333333,82.92077548565767,-3.3333333333333335,NA,NA,NA,NA,NA,NA,6.9666666667,6.84,NA,110.2,NA,NA,52.6,58.6,NA,NA,0.9887021537,107.8723,-2.533333333333333,109.76666666666667,NA,20.358999999999998,0.5100585122903188,13.8515676,0.031859116534534965,0.239521,26.62443,NA,509.65999999999997,0.09
1989-07-01,551567.6524263234,305581.99758042896,99544.67449182573,119661.16951451878,88742.3351748979,82473.81594200272,NA,74.16679791211584,5.733333333333333,NA,NA,NA,108.56666666666666,122.9781,-12.033333333333333,83.22230300718256,-1.5,NA,NA,NA,NA,NA,NA,6.8666666667,7.19,NA,110.2,NA,NA,52.5,58.7,NA,NA,0.9835892349,107.3233,-1.1666666666666667,110.6,NA,19.253333333333334,0.18602262934048971,2.426359466666667,0.015791310225779065,0,30.06116,NA,150.98,7.23
1989-10-01,557959.2521647383,310295.62534040463,98937.77434250493,122005.32038655394,86727.9354501478,85139.51726532154,NA,75.20239831121388,7.333333333333333,NA,NA,NA,112.8,124.1551,-7.666666666666667,84.9058460218717,3.566666666666667,NA,NA,NA,NA,NA,NA,7.4,8.1766666667,NA,111.5,NA,NA,53.1,59.4,NA,NA,0.9269040084,110.1154,-0.6333333333333333,112.16666666666667,NA,20.333000000000002,0.3814481645822525,14.406159666666667,0.07714386941106084,0.0560758,30.5322,NA,1137.1100000000001,0
1990-01-01,569540.8266907461,312584.19929452497,100570.19974414447,128121.2976617263,93059.70242234286,86485.4929334965,NA,76.03968773240244,7.433333333333334,NA,NA,NA,113.06666666666666,126.2463,-4.433333333333334,86.74016639475231,7.333333333333333,NA,NA,NA,NA,NA,NA,8.305,8.3633333333,NA,111.4,NA,NA,53,59.5,NA,NA,0.8644923127,112.8044,-0.6,112.5,NA,21.72233333333333,0.31374678512414295,13.980792,0.05531478249422584,0.2222346,34.85062,NA,1130.3,0
1990-04-01,572341.0515761429,316124.9929604899,101627.10000418266,127521.6474386536,90152.29998509308,87421.56839818705,NA,76.3701989499228,8.966666666666667,NA,NA,NA,113.83333333333333,129.1848,-1.8333333333333335,87.46885261721508,12.633333333333333,NA,NA,NA,NA,NA,NA,8.77,8.3,NA,109.8,NA,NA,52.2,58.7,NA,NA,0.8579989058,111.729,-0.6666666666666666,114.16666666666666,NA,17.896666666666665,0.5341366827487946,-6.252945566666667,0.014727122844723403,0.1076079,35.64554,NA,488.34999999999997,0.02
1990-07-01,584394.176082852,319175.35179111897,101229.44990634541,129484.17316872241,101792.93445893793,94147.09673690247,NA,78.28717675373262,11.666666666666666,NA,NA,NA,113.73333333333333,130.2448,-1.2333333333333334,94.47946947338681,15.700000000000001,NA,NA,NA,NA,NA,NA,8.8825,8.3933333333,NA,109.4,NA,NA,51.9,58.5,NA,NA,0.8146924835,111.0921,-1.4666666666666666,115.76666666666667,NA,26.499666666666666,0.7960586945215861,-19.949541,0.11244260447901423,0.3772873,33.39701,NA,215.66,8.040000000000001
1990-10-01,594681.9756618094,321374.02854482917,101721.27502735335,132182.59917254958,107063.32792082014,99081.84918663329,NA,79.16853292145815,10.933333333333334,NA,NA,NA,113,129.4247,-2.7,92.393805157106,22.066666666666666,NA,NA,NA,NA,NA,NA,8.9483333333,8.8966666667,NA,109.9,NA,NA,52.2,58.8,NA,NA,0.7675513721,112.1266,-3.9,114.53333333333333,NA,31.852999999999998,0.6924334565798441,-8.26537759,0.11005622487025246,0.2495757,28.77849,NA,1142.89,0
1991-01-01,610852.7,332871.7,101610.1,134406.9,111187.1,100720.3,NA,81,-2.833333333333333,5.233333,NA,15321155,NA,129.7501,-11.966666666666667,97.04240354910864,11.466666666666667,NA,NA,NA,NA,NA,77.169,8.5683333333,9.1733333333,NA,108.6,NA,NA,50.4,59.5,NA,NA,0.7826344825,111.9038,-7.6000000000000005,104.06666666666666,NA,21.780666666666665,1.0200292070706685,9.34393736,0.0976285641126408,0.1681614,28.75214,12.1,1413.73,0
1991-04-01,607983.7,331875.7,103455.8,135787.8,104666.6,101279.5,NA,79.9,-7.066666666666666,5.333333,NA,15167000,NA,131.4477,-17.7,96.59015305910842,5.6,NA,NA,NA,NA,NA,81.294,8.3866666667,9.1066666667,NA,108.8,NA,NA,50.1,60,NA,NA,0.8864437775,108.001,-7.533333333333333,100.9,NA,20.752666666666666,0.30333829422791797,13.714606333333334,0.04619658884994526,0.2220249,31.36825,17.5,690.62,0
1991-07-01,606940.4,326203,106185.9,135732.5,109734.3,102604,NA,78.4,-10.3,5.6,NA,15036969,NA,130.3459,-15.8,94.50457939235457,-2.9,NA,NA,NA,NA,NA,81.893,8.5358333333,9.2433333333,NA,110.3,NA,NA,50.4,61.4,NA,NA,0.8916078255,108.962,-13.4,95.4,NA,21.655,0.5885840257008871,5.5640312000000005,0.06039053171133318,0.0541155,30.52321,5.066666666666666,82.63000000000001,11.350000000000001
1991-10-01,615895.4,331962.3,107301,139212.4,109970.8,102397.9,NA,79.6,-11.933333333333334,5.9,NA,15107029,NA,129.0533,-14.766666666666667,93.37381719306359,-6.5,NA,NA,NA,NA,NA,81.855,8.2916666667,9.4633333333,NA,111,NA,NA,51,61.3,NA,NA,0.8318548476,112.0953,-11.166666666666666,95.36666666666667,NA,21.736666666666668,0.4088914692401886,8.836418533333333,0.028759786146428924,0.2162396,28.96549,14.3,1232.55,0
1992-01-01,624154.8,337786.7,109161.2,143543.9,111272.2,105988.6,NA,81,-14.2,6.1,NA,15113130,NA,129.2736,-15.399999999999999,94.10254874028983,-13.4,NA,NA,NA,NA,NA,83.057,7.965,9.6133333333,NA,110.9,NA,NA,50.7,61.6,NA,NA,0.8279690293,112.6896,-12.133333333333333,92.9,NA,18.910333333333334,0.31789716084798175,-8.8181798,0.03115763741585,0.268875,30.3754,13.4,1349.73,0
1992-04-01,620416.3,337353.7,110545.4,141997.2,105967,102957,NA,79,-17.433333333333334,6.4,NA,15121874,NA,130.0583,-20.766666666666666,92.34358531917051,-20.833333333333336,NA,NA,NA,NA,NA,85.448,8.0591666667,9.7633333333,NA,111.6,NA,NA,50.9,62.1,NA,NA,0.8253784838,112.7648,-16.066666666666666,88.9,NA,21.186,0.3845093746980031,-19.533949,0.008722175134953058,0.1526174,31.15619,6.8,428.13,0.38
1992-07-01,618851.4,338696,112006.6,137909.7,108873,102486.1,NA,76.7,-23.433333333333334,6.766667,NA,14930696,NA,130.7718,-21.03333333333333,92.51944540147166,-24.599999999999998,NA,NA,NA,NA,NA,88.466,7.9391666667,9.72,NA,111.7,NA,NA,51.1,62.1,NA,NA,0.74878696,116.396,-14.700000000000001,85.73333333333333,NA,21.670333333333335,0.3713617225488027,-32.171785,0.1271159395814481,0.0524549,27.50674,4.633333333333334,117.03,24.080000000000002
1992-10-01,617025.6,341597.1,112237.3,138406.8,103872,103928.3,NA,75.1,-35.6,7.1,NA,14759942,NA,130.7086,-21.266666666666666,94.30351874155872,-25.633333333333333,NA,NA,NA,NA,NA,88.272,7.3775,8.9733333333,NA,111.5,NA,NA,51.6,61.2,NA,NA,0.7923149422,118.2038,-19.233333333333334,76.13333333333334,NA,20.479,0.27171672880649567,-20.0335034,0.145712170698624,0,25.6033,23.966666666666665,1229.08,0
1993-01-01,612135.2,339042.4,112722.8,135249.2,100308.3,94061.6,NA,72.9,-36.03333333333333,7.4,NA,14647185,NA,129.3562,-20.366666666666667,89.57956339779477,-27.733333333333334,NA,NA,NA,NA,NA,88.571,6.8916666667,8.3233333333,NA,113.3,NA,NA,52,62.8,NA,NA,0.8358940535,119.9473,-22.166666666666668,75,NA,19.825,0.313943217198054,-8.388118633333335,0.025243880841891855,0,27.58064,15.066666666666666,1426.88,0
1993-04-01,612396,337440.1,112319,134236.6,98044.7,94738.5,NA,71.6,-35.833333333333336,7.6,NA,14561716,NA,129.6901,-24.333333333333332,88.75036497983946,-26.233333333333334,NA,NA,NA,NA,NA,90.131,6.7716666667,7.6766666667,NA,115.1,NA,NA,52.7,63.9,NA,NA,0.827321393,118.7779,-21.166666666666668,75.73333333333333,NA,19.76,0.4335618019104004,4.7118065,0.007216861192475978,0,28.18278,4.366666666666666,363.82,0.05
1993-07-01,615786.6,339778.6,111934.5,134844.1,98348.7,96151.2,NA,71.7,-33.266666666666666,7.9,NA,14509223,NA,129.9942,-26.3,90.43389892957589,-21.066666666666666,NA,NA,NA,NA,NA,90.22,6.39,6.8266666667,NA,116.9,NA,NA,53.6,64.8,NA,NA,0.8577262168,118.36,-21.5,77.16666666666667,NA,17.796333333333333,0.3027479350566864,-5.797193666666667,0.009295304768257632,0.0973283,31.06558,44.43333333333333,249.35,0.38
1993-10-01,615091.1,341684.1,111646.1,133076.7,100173.1,96357.2,NA,72.4,-27.733333333333334,8.2,NA,14409974,NA,130.7803,-25.066666666666666,88.75036497983946,-25.46666666666667,NA,NA,NA,NA,NA,91.103,5.9325,6.3533333333,NA,119.6,NA,NA,55.2,65.8,NA,NA,0.8603508485,118.2055,-21.933333333333334,80.10000000000001,NA,16.451333333333334,0.2578279723723729,-13.120149866666665,0.00872966935947266,0.1819588,34.42584,34.1,1276.49,0
1994-01-01,623980.9,342365.9,115294.3,137113.4,103416.5,98306.7,NA,72.8,-22.03333333333333,8.466666,NA,14508098,NA,130.4561,-22.433333333333334,88.3,-22.7,NA,NA,NA,NA,NA,90.705,6.0983333333,5.88,NA,117.4,NA,NA,55.4,63.1,NA,NA,0.8815694616,117.2022,-20.599999999999998,84.56666666666668,NA,14.813333333333333,0.2843766063451767,-23.180175666666667,0.012910635216242382,0,35.4052,17.2,1314.19,0
1994-04-01,627719.5,343751.6,115986.4,138678.4,108281.6,102515.6,NA,73.8,-14.866666666666667,8.533334,NA,14472516,NA,131.4258,-22.4,87.1,-21.866666666666667,NA,NA,NA,NA,NA,90.079,6.77429365079365,5.2866666667,NA,118,NA,NA,56,63.2,NA,NA,0.8496478051,118.5507,-12.7,92.43333333333334,NA,17.776666666666667,0.280265877644221,-7.913713053333333,0.011215799396437352,0.1521221,35.63397,18.1,508,4.58
1994-07-01,631197.1,344747.6,116044.1,139157.1,107842.4,104605.3,NA,74,-9.7,8.433333,NA,14519366,NA,131.845,-23.3,87.5,-25.099999999999998,NA,NA,NA,NA,NA,90.418,7.16707007967878,5.0133333333,NA,119.1,NA,NA,56.7,63.5,NA,NA,0.7987060907,120.7108,-7.966666666666667,97.2,NA,18.496666666666666,0.537504623333613,-1.1368023299999999,0.014026120507857598,0.2397507,34.73944,11.233333333333334,138.61,44.45
1994-10-01,638065.5,346263.3,117255.3,142397.6,108416.7,106577.4,NA,76.1,-2.7666666666666666,8.266666,NA,14591626,NA,131.707,-24.900000000000002,88.4,-24.46666666666667,NA,NA,NA,NA,NA,90.666,7.49796031746032,5.2766666667,NA,120.3,NA,NA,57.9,63.4,NA,NA,0.7892301478,120.2197,-7.2,101.13333333333334,NA,17.656666666666666,0.32302653789520264,23.54652,0.008838289617389139,0.0906413,33.52553,8.1,1062.06,0
1995-01-01,635544.2,345462.2,116361.2,138678.4,112673.6,107018.4,NA,75.2,-1.9,8.133333,NA,14558950,NA,130.7782,-30.866666666666667,88.8,-24.433333333333334,NA,NA,NA,NA,NA,91.926,7.43243346508564,5.11,NA,116.6,NA,NA,57.7,59.5,NA,NA,0.7565926827,123.4484,-9.166666666666668,100.2,NA,18.356666666666666,0.37940282622973126,32.40541433333333,0.02574444571478509,0,33.12646,15.200000000000001,1357.03,0
1995-04-01,641021.5,348320.1,118072.4,140261.9,113721,109961.7,NA,75.7,-6.166666666666667,8.1,NA,14536542,NA,130.8824,-38.833333333333336,89.6,-25.366666666666667,NA,NA,NA,NA,NA,92.286,6.91123809523809,4.6,NA,117.9,NA,NA,58.2,60.5,NA,NA,0.7138657245,124.8582,-8.433333333333334,104.43333333333334,31.7,19.343333333333334,0.3594593306382497,36.910359,0.019528239003697108,0,33.05642,24.96666666666667,553.84,0.01
1995-07-01,642064.8,349532.6,119937.4,139746.3,114531.8,110785.8,NA,75,-10.466666666666667,8.266666,NA,14598252,NA,130.0103,-44.766666666666666,88.9,-25.133333333333333,NA,NA,NA,NA,NA,92.859,6.7312353347136,4.4033333333,NA,118.3,NA,NA,58.6,60.3,NA,NA,0.7323063184,122.8097,-8.966666666666667,103.4,34.56666666666667,17.853333333333335,0.39277459184328717,29.960752666666668,0.008062201252948474,0.061546,35.30302,13.299999999999999,156.24,15.709999999999999
1995-10-01,642412.6,351091.5,121552.5,138715.3,116221.1,112022,NA,74.2,-12.766666666666666,8.433333,NA,14536046,NA,129.8385,-48.733333333333334,88.6,-23.7,NA,NA,NA,NA,NA,93.564,6.32726437305385,4.0133333333,NA,119.3,NA,NA,59.9,60,NA,NA,0.7279944235,122.657,-11.633333333333333,101.76666666666667,35,18.156666666666666,0.2668338616689046,10.3787129,0.015604010796031272,0.2531485,34.44191,19.366666666666667,1216.1599999999999,0
1996-01-01,637717.7,353224.2,120740.1,131387.3,117868.4,112419.3,NA,74.6,-20.133333333333333,8.566667,NA,14379552,NA,128.1854,-49.766666666666666,87.9,-24,88.26666666666667,91.83333333333333,94.53333333333333,66.03333333333333,87.1,93.914,6.17893217893218,3.44,NA,120.1,NA,NA,60.1,60.6,NA,NA,0.7508321275,120.9281,-16.4,97.3,36.233333333333334,19.77,0.2554211914539337,-3.4695438,0.01721808324378103,0.0631512,36.89865,23.6,1733.97,0
1996-04-01,646759.7,354826.4,121624.5,141679.6,118375.1,113155,NA,74.8,-21.966666666666665,8.766666,NA,14481063,NA,127.2073,-47.833333333333336,88.4,-23.333333333333332,88.56666666666666,91.96666666666667,95.36666666666666,66.66666666666667,87.36666666666667,92.289,6.46064912280702,3.3366666667,NA,121.6,NA,NA,60.8,61.4,NA,NA,0.778135114,117.9065,-17.166666666666668,95.53333333333333,32.93333333333333,21.756666666666668,0.2083472659190496,-9.176812533333333,0.026489265503003952,0.1241773,37.75591,25.366666666666667,569.82,3.02
1996-07-01,649020.1,355389.3,123451,141329.7,121314.2,113920.2,NA,75.3,-18.933333333333334,9,NA,14467472,NA,126.4526,-50.6,88.4,-17.46666666666667,88.83333333333333,92.5,94.23333333333333,66.86666666666666,88.36666666666667,92.783,6.33587834870444,3.2633333333,NA,122.7,NA,NA,61.6,61.6,NA,NA,0.7658470658,118.5255,-16.833333333333332,98.03333333333333,35.833333333333336,22.423333333333332,0.223723366856575,-33.893017666666665,0.0356365974282185,0.2059167,38.25843,19.366666666666667,264.83,0.19
1996-10-01,655106.1,356645.2,123393.3,141587.5,126719.4,118334.6,NA,75.6,-15.433333333333334,9.3,NA,14402243,NA,125.531,-51.733333333333334,87.7,-18.1,88.76666666666667,92.23333333333333,93.16666666666666,68.46666666666667,87.76666666666667,92.263,5.88605339105339,3.18,NA,124.3,NA,NA,63,61.7,NA,NA,0.7825322242,116.4931,-17.8,99.43333333333334,36.46666666666667,24.666666666666668,0.15603733311096826,-12.063553233333334,0.024763971047154637,0.2148074,40.61557,25.23333333333333,1272.71,0
1997-01-01,651693.9,357576.1,123989.3,137021.4,129085.2,121815,NA,76.1,-11.466666666666667,9.533334,NA,14280805,NA,123.7082,-47.53333333333333,87.2,-20.1,89.73333333333333,93.03333333333333,95.1,68.96666666666667,89.13333333333334,92.781,5.68795135566188,3.1966666667,NA,124.8,NA,NA,63,62.3,NA,NA,0.8478071543,114.3023,-17.966666666666665,101,35.63333333333333,22.79,0.15681361158688864,-4.241565966666666,0.008777404634027729,0.2944294,45.90369,14.933333333333334,1378.59,0
1997-04-01,659257.6,358355.6,124469.9,139985.7,132835.2,122962.8,NA,76.8,-8.733333333333334,9.7,NA,14386513,NA,122.9023,-49.96666666666667,87.2,-23.099999999999998,89.8,93.1,96.16666666666667,68.3,89.23333333333333,91.564,5.78216690716691,3.18,NA,125.8,NA,NA,63.7,62.6,NA,NA,0.8758941217,112.4638,-16.900000000000002,102.36666666666667,37,19.906666666666666,0.17401781678199768,-14.578750533333332,0.006786280847870404,0.0618697,50.91035,15.766666666666667,560.03,0.5
1997-07-01,661431,357576.1,124450.7,140225,139929.6,127053.7,NA,77.5,-4.133333333333333,9.7,NA,14396355,91.23333333333333,121.3856,-50.800000000000004,85.7,-25.133333333333333,90.26666666666667,93.76666666666667,95.7,69.03333333333333,90.43333333333334,91.4,5.60308300395257,3.2366666667,NA,126.3,NA,NA,64.2,62.6,NA,NA,0.9245179796,111.1067,-15.833333333333332,104.1,36.36666666666667,19.78333333333333,0.10054334253072739,-14.551534333333333,0.05988573814543702,0.1613077,57.6945,10.533333333333333,114.86999999999999,7.18
1997-10-01,666299.6,360131.2,122508.9,141771.6,141821.5,128701.9,NA,78.8,-1.4666666666666668,9.7,NA,14358961,92.23333333333333,121.0479,-50.06666666666666,86.5,-23.166666666666668,90.06666666666666,93.53333333333333,95.6,69.13333333333333,89.83333333333333,91.454,5.48735007974482,3.6866666667,NA,127.5,NA,NA,64.9,63,NA,NA,0.8984080075,112.6074,-13.566666666666666,106.43333333333334,37.4,19.916666666666668,0.12483170876900355,-18.129018000000002,0.07020843011743447,0.129828,55.83604,10.766666666666667,1190.51,0
1998-01-01,672603.2,362090.6,127065.5,145454,144870.9,133580.2,NA,80.2,-0.2333333333333333,9.666667,NA,14359786,95.76666666666667,120.2755,-49.13333333333333,87.1,-20.866666666666667,90.23333333333333,93.83333333333333,96.9,67.3,90.26666666666667,90.853,5.0003088023088,3.5333333333,NA,127.5,NA,NA,64.6,63.4,NA,NA,0.9299376735,112.4212,-12.766666666666667,107.96666666666667,40.1,15.93,0.19783726334571838,-35.20748433333333,0.044074904652326316,0.1182942,62.61505,10.7,1244.23,0
1998-04-01,670081.7,360618.3,127507.7,143815.4,147337.3,136699.7,NA,80.3,-2.533333333333333,9.5,NA,14418013,96.46666666666667,120.2632,-44.266666666666666,86.1,-21.5,90.53333333333333,94.16666666666667,97.56666666666666,67.03333333333333,90.53333333333333,92.057,4.88841228070175,3.6066666667,NA,128.1,NA,NA,65.1,63.5,NA,NA,0.9170872042,112.641,-10.566666666666666,108.8,44.3,14.653333333333332,0.27629341185092926,-45.95450366666667,0.0438824946803108,0.1439125,73.05956,11,422,2.3099999999999996
1998-07-01,672864,363346.3,127526.9,145288.3,145749.3,137523.8,NA,80.6,-6,9.3,NA,14495638,96.2,119.7382,-40.7,86.7,-17.366666666666667,90.83333333333333,94.76666666666667,96.39999999999999,66.56666666666666,91.66666666666667,92.285,4.39030993161428,3.51,NA,129.4,NA,NA,65.5,64.4,NA,NA,0.9014587157,114.6002,-6.2,109.73333333333333,46.833333333333336,14.129999999999999,0.19552873571713766,-59.02770566666667,0.1477488778390528,0.0547016,71.12335,30.266666666666666,195.31,11.11
1998-10-01,672516.2,366334.2,127353.8,144017.9,143215.5,136935.2,NA,79.4,-12.033333333333333,9.066667,NA,14496541,92.53333333333333,120.2751,-37.833333333333336,87.4,-21.1,90.4,94.53333333333333,95.53333333333333,65.66666666666666,90.9,93.167,4.01617388167388,3.5266666667,NA,131.9,NA,NA,67,65.3,NA,NA,0.8497330204,115.9199,-4.8,107.63333333333334,46.96666666666667,12.84,0.23247108360131583,-48.533363333333334,0.24412349903181338,0.1479436,62.07782,64.53333333333333,1293.25,0
1999-01-01,680319.2,371920.4,131271.2,148676.1,144060.1,142571,NA,79.7,-16.366666666666667,8.833333,NA,14497996,92.39999999999999,120.0224,-32.06666666666667,87.2,-19.666666666666668,90.46666666666667,94.56666666666666,96.56666666666666,64.93333333333334,91,92.141,3.86294202898551,3.0907319,NA,129.4,NA,NA,67.9,61.4,NA,NA,0.8908650354,114.318,-5.733333333333333,106.66666666666667,49.43333333333334,13.046666666666667,0.2894759525855382,-55.41644766666666,0.15590755460907607,0.1132439,66.40587,15.333333333333334,1341.21,0
1999-04-01,679971.4,373392.7,130406,149670.3,151560.4,147044.7,NA,80.5,-17.066666666666666,8.633333,NA,14500971,90.86666666666666,119.3726,-30.53333333333333,85.5,-21.666666666666668,91.03333333333333,94.53333333333333,96.6,69.13333333333334,90.9,93.581,4.07419381787803,2.6340295667,NA,131.5,NA,NA,69.2,62.4,NA,NA,0.9462974243,112.177,-8.033333333333333,104,44.03333333333333,17.66,0.5483492215474447,-42.23148833333333,0.07363818196002637,0.1481994,68.20328,10.566666666666666,456.61,0.06
1999-07-01,688839.5,373306.1,131444.2,152119.1,154905.1,150635.5,NA,81.5,-12.833333333333334,8.466666,NA,14528467,92.56666666666666,118.9959,-30.866666666666667,85.5,-19.066666666666666,91.43333333333334,95.13333333333334,94.53333333333333,71.33333333333333,92.06666666666666,92.854,4.86530303030303,2.6993939333,NA,132.9,NA,NA,69.6,63.3,NA,NA,0.953590795,111.5793,-7.933333333333333,101.73333333333333,27.866666666666667,21.736666666666668,0.17128769556681314,-36.243425333333334,0.0871732045694202,0.0537346,69.51551,6.3,46.46,5.11
1999-10-01,692143.3,377679.6,130406,151069.7,158047.2,150782.7,NA,82.5,-7.5,8.3,NA,14563396,92.96666666666667,119.1512,-35.733333333333334,86.6,-15.166666666666666,91.36666666666666,94.9,93.83333333333333,72.2,91.5,93.049,5.16,3.429798,NA,136.4,NA,NA,70.1,66.3,NA,NA,0.9634983378,109.9371,-6.466666666666667,109.96666666666667,48.266666666666666,24.563333333333333,0.24383201201756796,-12.582605333333333,0.12315564665114219,0.1046956,74.39943,21,1179.54,0
2000-01-01,702902.4,380169.6,134044.5,154162.8,165386.6,155903.1,NA,83.1,-3.2333333333333334,8.133333,NA,14648024,96.83333333333333,118.7667,-39.833333333333336,86.8,-16.1,91.9,94.86666666666667,95.16666666666667,75.43333333333334,91.63333333333333,93.001,5.4603795721187,3.5423161,6.993333333333333,138.8,NA,9.31606898769708,69.8,69,60.6,NA,1.01289991,107.8858,-4.866666666666666,111.06666666666666,45.56666666666667,28.80666666666667,0.1457124799489975,-4.591022966666666,0.15862318973013276,0,93.66713,13.433333333333332,1312.5900000000001,0
2000-04-01,708814.3,383504,133352.4,154144.4,171637.2,160465.1,NA,85.3,-0.5333333333333333,8,NA,14660738,97.3,118.8579,-40.4,87.5,-15.733333333333333,92,94.7,95.63333333333334,76.96666666666667,91.6,92.934,5.26503367003367,4.2630168667,7.1066666666666665,141.5,NA,9.117819151389872,70.1,71.4,60,NA,1.0707995253,105.5573,-4.466666666666667,110.2,38.1,28.78333333333333,0.16835812230904898,5.654792166666667,0.19731945063452017,0,91.14356,8.4,375.71,6.36
2000-07-01,708988.1,383547.3,133179.4,155617.4,174644.2,165763,NA,86.8,0.9,7.9,NA,14652615,96.3,118.0871,-43.63333333333333,86.7,-17.866666666666667,92.60000000000001,95.06666666666666,94.63333333333333,80.93333333333334,92.4,93.69,5.24665286404417,4.7376004333,7.3133333333333335,141.9,NA,9.413398450174792,70.2,71.7,60.1,NA,1.1065821814,104.7102,-4.533333333333333,111.56666666666666,41.46666666666667,31.623333333333335,0.14522524178028107,7.4917473,0.16666021392849784,0.0601757,88.50239,24.2,155.85,0.81
2000-10-01,706032.2,383157.6,133679.3,153776.2,183665.3,174298.3,NA,87.1,0.43333333333333335,7.766667,NA,14641498,97.23333333333333,117.7555,-41.8,86.8,-20,92.89999999999999,95.16666666666667,94.6,82.76666666666667,92.46666666666667,94.471,5.08376851218956,5.0241283667,7.166666666666667,147.7,NA,5.755102634599107,70.5,77.3,59.2,NA,1.1501026639,103.3097,-6.1000000000000005,113.43333333333334,50.13333333333333,31.98,0.12313084304332733,9.162584533333334,0.20228649542096963,0.0667156,80.40536,12.233333333333333,1017.15,0
2001-01-01,720899.2,387953.4,134275.3,154862.5,183090.4,167617.1,NA,87.5,-4.5,7.666667,NA,14606195,96.7,117.0161,-41.86666666666667,87.7,-18.933333333333334,93.39999999999999,95.33333333333333,97.2,83,92.8,92.745,4.7494696969697,4.7450545667,6.6033333333333335,148.2,NA,3.707458870719482,69.9,78.4,58.1,NA,1.0838351026,106.0223,-5.233333333333333,103.6,24.333333333333332,28.81,0.133971706032753,-2.0558707666666667,0.12634701318815475,0.1257466,74.75866,13.566666666666666,1381.74,0
2001-04-01,719421.2,384792.2,133717.7,151732.5,183901.3,168117.5,NA,86.5,-13.299999999999999,7.666667,NA,14579226,97.93333333333334,116.0348,-44.333333333333336,87.1,-23.333333333333332,94.3,95.6,100.73333333333333,85.8,93.10000000000001,93.069,4.95823763955343,4.5907510667,6.55,148.7,NA,4.214784799446081,69.6,79,57.6,NA,1.1444160384,104.3519,-7.966666666666666,97.8,20.566666666666666,27.883333333333333,0.18114953488111496,-8.680806366666667,0.1269368722230201,0.0638162,71.35341,12.733333333333333,525.09,0.01
2001-07-01,719160.4,386524.4,133467.8,149357.3,183597.2,164850.5,NA,85.6,-16.866666666666667,7.833333,NA,14539333,90.83333333333333,115.7494,-45.06666666666666,86.6,-26.833333333333332,94.46666666666667,96.26666666666667,99.93333333333334,84.26666666666667,94.16666666666667,93.149,4.88427404479578,4.2678360333,6.406666666666666,149.4,NA,2.5460625542442106,69.6,79.8,57.9,NA,1.121785947,105.188,-11.133333333333333,91.76666666666667,9.333333333333334,26.599999999999998,0.6542013039191564,-39.890425666666665,0.13430064197447042,0.2694837,62.15879,29.3,192.23999999999998,11.94
2001-10-01,717073.9,387823.5,134698.2,147460.9,185793.3,162760.8,NA,83.8,-22.066666666666666,8.033334,NA,14505423,88.03333333333333,115.3014,-45.2,86.3,-29.53333333333333,94.23333333333333,96.5,99.2,81.06666666666666,94.3,94.202,4.59439161435325,3.4434801,5.983333333333333,149.1,NA,4.803214955473534,69.2,79.8,58,NA,1.1164872654,104.99,-12.166666666666666,84.73333333333333,-5.966666666666667,20.403333333333332,0.862025241057078,-56.48267333333333,0.1564383683858171,0.1302083,58.6745,27.966666666666665,1138.92,0
2002-01-01,713704.8,384824.7,135063.5,144041,184813.2,157095.6,NA,84.2,-19.066666666666666,8.166667,NA,14473392,87.76666666666667,114.1562,-50.2,84.1,-32.266666666666666,95.2,96.96666666666667,101.83333333333333,82.63333333333333,94.8,94.301,4.98107575757576,3.3622242333,6.3933333333333335,148.4,NA,6.765775091710746,68.9,79.6,58.9,-2.9,1.1407329855,104.4277,-14.8,86.2,-2.066666666666667,21.61,0.37073002258936566,-44.50096533333333,0.07699068673094689,0.1183362,61.8966,14.633333333333333,1264.6599999999999,0
2002-04-01,716660.9,381836.9,135371.2,141905.1,190489.3,160421.2,NA,84.9,-15.166666666666666,8.4,NA,14444926,86.26666666666667,113.8046,-50.1,84.9,-34.2,95.36666666666667,97.03333333333333,101.13333333333334,84.56666666666666,95.03333333333333,93.947,5.11348845598846,3.4460137333,6.66,150.4,NA,5.573437085432409,68.9,81.5,58.9,0.6,1.0874121115,104.9477,-16.433333333333334,86,-6.333333333333334,26.27,0.4012868404388428,-39.756661666666666,0.019164393641271475,0.4455335,58.93797,22.966666666666665,447.38,6.32
2002-07-01,721268.7,384694.8,135967.2,140929.3,193597.7,160744.9,NA,85.4,-16.066666666666666,8.733334,NA,14381752,82.3,113.3968,-48.666666666666664,85.4,-37.36666666666667,95.53333333333333,97.56666666666666,99.16666666666667,84.10000000000001,96.26666666666667,94.018,4.61405828471046,3.3573506667,6.126666666666667,150.7,NA,6.011420193450268,68.9,81.8,59.5,-1.7,1.0165822043,107.1213,-16.333333333333336,83.60000000000001,-13.033333333333333,28.330000000000002,0.39807912707328796,-37.94870566666667,0.16521501376152825,0,45.08178,31.833333333333332,145.32,6.83
2002-10-01,719529.9,386556.8,137140,140027,197044,164600.2,NA,85.1,-16.1,9.1,NA,14297957,80.76666666666667,112.9731,-50.2,85.1,-37.9,95.33333333333334,97.56666666666666,98.23333333333333,83.86666666666666,96.13333333333333,94.406,4.42569588221762,3.1088179333,5.6866666666666665,151.6,NA,4.970395531898841,69.1,82.5,59.7,-0.5,0.9995332301,107.0145,-22.266666666666666,80.86666666666667,-14.6,28.18,0.4436178306738536,-3.2804179333333336,0.16333473624620817,0.1026905,38.68385,20.5,1215.6100000000001,0
2003-01-01,709596.9,385842.5,135991.2,139750.9,190979.4,168065.8,NA,85.5,-17.2,9.5,NA,14237093,81.5,111.6944,-50.766666666666666,83.5,-35.1,96.26666666666667,97.56666666666666,99.8,88.9,96.16666666666667,95.644,4.04515873015873,2.6830735333,5.156666666666666,152.1,NA,3.287479614989497,68.8,83.3,61,-2.6,0.9315119056,109.3898,-23.133333333333333,81.03333333333333,-12.533333333333333,34.12,1.237891415754954,11.441021066666666,0.19619622006606616,0.1085482,33.77744,18.433333333333334,1500.83,0
2003-04-01,710727.1,386058.9,135952.7,139143.3,190303.8,166152.6,NA,84.8,-18.5,9.733334,NA,14181744,80.8,111.3735,-47.13333333333333,84.1,-29.766666666666666,96.2,97.7,100.56666666666666,86.2,96.43333333333334,95.461,3.85963492063492,2.3619103,4.88,153.2,NA,5.968105904139054,69,84.3,61.7,0.4,0.8803657412,110.6535,-20.166666666666668,85.3,-0.5999999999999999,29.036666666666665,0.633423258860906,33.050565,0.24508881431254184,0.3159724,36.916,15.3,404.07,4.68
2003-07-01,716986.8,388656.9,137337,139290.6,195945.7,167477.1,NA,84.6,-16.4,9.8,NA,14193655,85.76666666666667,110.5217,-46.9,83.9,-27.766666666666666,96.53333333333333,98.2,99.66666666666667,86.73333333333333,97.5,95.486,4.09132411067194,2.1392634333,4.716666666666667,153.3,NA,7.587391255696363,69.2,84.1,62.7,-2.6,0.8883700633,110.7017,-17.733333333333334,90.26666666666667,9.766666666666667,30.213333333333335,0.3405277480681737,40.367861,0.22002023292146378,0.1071984,42.28124,10.133333333333333,115.82,45.91
2003-10-01,717943.1,388656.9,137779.3,139364.3,200607.8,172598.6,NA,86.5,-11.5,9.8,NA,14124420,87.73333333333333,109.7931,-46.93333333333334,84.5,-22.5,96.53333333333333,98.2,99.63333333333334,86.66666666666667,97.3,95.266,4.28845232646835,2.1496495,4.906666666666666,152.5,NA,8.165774181814767,69.3,83.3,63.2,1,0.8404051569,111.4196,-17.266666666666666,94.46666666666667,16.266666666666666,31.189999999999998,0.4076615869998932,103.422607,0.12003779106799829,0.0527176,45.70512,6,1217.4,0
2004-01-01,716813.1,388841.1,136332.5,136763.6,208598.1,174106.8,NA,87,-9.4,10.06667,NA,14187240,85.46666666666667,108.3843,-45.53333333333333,84.8,-27.066666666666666,97.26666666666667,98.9,100.26666666666667,87.46666666666667,97.96666666666667,95.756,4.06481021394065,2.0629507667,4.8566666666666665,149.3,NA,9.402714350850694,68.4,80.9,64.9,-2.8,0.7999041188,112.5883,-17.933333333333334,92.56666666666666,8.633333333333333,35.25666666666667,0.38644395271937054,122.54068666666667,0.05573112331663331,0.333381,49.62318,14.3,1415.44,0
2004-04-01,721073.1,388451.4,135871,138070.9,217855.6,177579.5,NA,88.1,-7.666666666666667,10.3,NA,14122840,86.46666666666667,108.0694,-47.233333333333334,85,-28.9,98.03333333333333,99.2,100.3,90.43333333333334,98.26666666666667,95.203,4.2210202020202,2.0824296333,4.71,147.7,NA,8.270098351818467,68.1,79.5,64.8,0.2,0.8297059866,111.0812,-17.733333333333334,92.4,5.933333333333334,38.33,0.41395286719004315,84.31078099999999,0.07618008398366548,0.0523642,48.67853,16.03333333333333,497.58,0.3
2004-07-01,718725.7,387065.7,136813.1,137573.7,214037.7,181022.8,NA,88.4,-5.733333333333333,10.36667,NA,14124350,87.16666666666667,107.4243,-49,85,-29.2,98.43333333333334,99.7,99.10000000000001,92.03333333333333,99.36666666666667,95.585,4.11121212121212,2.1163030333,4.766666666666667,146.2,NA,8.568792148448946,68.3,77.9,65.4,-1.8,0.8178773148,111.3244,-17.233333333333334,93.26666666666667,6.466666666666667,43.86,0.2972583870093028,95.20156966666667,0.008113554877535198,0,47.02635,15.533333333333335,137.94,4.88
2004-10-01,718291,389274.1,134986.6,136874.1,214848.6,181582,NA,88.1,-5.566666666666666,10.6,NA,14081064,89.63333333333334,106.7541,-48.6,85.1,-26.166666666666668,98.6,99.7,98.56666666666666,92.73333333333333,99.3,95.604,3.75158008658009,2.1636084667,4.61,144.8,NA,8.907846043461,68.1,76.6,65.2,1.7,0.7719609567,111.8687,-16.833333333333332,93.7,7.333333333333334,48.306666666666665,0.4137492577234904,118.37863,0.00747850849013002,0.3167965,49.86545,8.333333333333334,1142.42,0
2005-01-01,719703.8,391948.1,135640.3,134862.7,220347.1,178816,NA,89.3,-7.7,10.83333,65.19444,13943851,88.13333333333334,106.2822,-47.33333333333333,84.7,-27.7,99,99.63333333333334,100.16666666666666,93.4,99.39999999999999,95.682,3.60165079365079,2.1403230333,4.426666666666667,143.8,NA,9.504751402589328,67.3,76.4,66.2,-2.1,0.7630914824,111.0997,-14.666666666666668,93.36666666666666,6.366666666666666,49.70666666666667,0.3650854130585988,107.31176666666667,0.004660579744193225,0.1088376,52.70198,16,1440.5700000000002,0
2005-04-01,723790.1,393074,137351.4,137495.5,224097.2,187674.4,NA,90.1,-10.766666666666666,11.2,65.19944,14016804,87.56666666666666,105.3522,-43.66666666666667,83.9,-27.433333333333334,99.66666666666667,99.76666666666667,100.8,98,99.53333333333333,94.821,3.3042784992785,2.12464,4.3100000000000005,145,NA,10.189075350967135,67.5,77.5,66.7,0.1,0.794589826,109.5833,-15.033333333333333,92.5,7.766666666666667,53.04333333333333,0.2923442969719569,82.57338766666666,0.0038537184686637978,0.1131734,53.07598,31.76666666666667,480.65,5.25
2005-07-01,729615.2,392987.4,136986.1,139594.4,233117.9,192618.6,NA,91.3,-7.733333333333333,11.16667,65.5234,14086351,90.4,104.374,-40.4,84.3,-22.633333333333333,100.53333333333333,100.2,99.63333333333334,104,100.56666666666666,94.054,3.16868341803124,2.1303477667,4.123333333333333,145.5,NA,10.91908578167411,67.3,78.2,67.3,-1.3,0.8200075984,108.9341,-14.433333333333334,95.1,10.7,63.08,0.4011383354663849,41.515695666666666,0.007524271055745502,0.205381,58.46629,13.3,128.7,5.33
2005-10-01,732223.4,392511.1,137120.7,143700.1,236564,199887.8,NA,93,-4.366666666666666,10.86667,65.89368,14172946,93.73333333333333,104.1981,-35.36666666666667,84.1,-20.666666666666668,100.83333333333333,100.36666666666666,99.4,104.66666666666667,100.5,94.041,3.34145743145743,2.3434465667,4.193333333333333,145.7,NA,10.372373254386911,66.9,78.7,67.2,0.7,0.8407887535,108.026,-12.3,97.8,12.666666666666666,60.03333333333333,0.2745702664057414,59.62685033333333,0.009909759386845534,0.1142139,61.56565,7.5,1116.1,0
2006-01-01,740569.8,396365,137952.2,141624.3,244123.8,204744.5,NA,93.5,-0.1,10.53333,66.40794,14232340,99.73333333333333,102.6332,-28.8,84,-11.299999999999999,101,100.13333333333333,101.13333333333334,106.4,100.23333333333333,93.32,3.47708498023716,2.6115468333,4.373333333333333,146.7,NA,10.25066136343582,66.4,80.3,67.5,-0.9,0.8313259251,107.7349,-8.666666666666666,102.33333333333333,15.433333333333334,63.34666666666667,0.38124417265256244,42.54888366666667,0.005357209603428764,0,68.95836,22.2,1633.3600000000001,0
2006-04-01,753263.4,398270.3,137663.8,151529.9,251860.4,207922.9,NA,95.4,4.433333333333334,10.2,66.9909,14363820,102,103.5386,-18.833333333333332,84.5,-8.466666666666667,101.76666666666667,100.4,102.16666666666667,110.46666666666667,100.5,92.233,3.93939393939394,2.8894865333,4.6066666666666665,147.4,NA,9.402361558780758,65.8,81.7,67.3,2,0.7956177088,108.5544,-7.6,104.96666666666667,15.7,70.53,0.3484114905198415,46.47553933333333,0.019407616997737347,0,69.39342,42.766666666666666,472.2,1.7
2006-07-01,759001.5,398227,138817.5,151806.1,258819.9,211719.4,NA,97.3,6.8,9.9,67.47513,14433609,102.23333333333333,104.4304,-15.2,83.7,-11.266666666666667,102.16666666666667,100.9,102.2,110.43333333333334,101.63333333333334,92.486,3.88257418909593,3.2213499333,4.776666666666666,147.3,NA,9.276608626637174,65.3,82.1,67.3,0.4,0.7845937593,109.1302,-8.433333333333334,105.16666666666667,14.766666666666667,70.44333333333333,0.45345685879389447,80.06584366666667,0.007821696301537675,0.1518065,68.12617,13.666666666666668,53.169999999999995,34.1
2006-10-01,770130,402470.9,139432.7,155967.2,273516,218400,NA,98.3,11.066666666666666,9.566667,67.7817,14563524,106.06666666666666,103.0161,-16.4,84.2,-6.9,102.13333333333334,101.23333333333333,102.16666666666667,106.53333333333333,101.63333333333334,91.333,3.75744816586922,3.5944641,4.746666666666667,146,NA,9.3675021047686,64.1,81.8,66.4,2.1,0.7752514898,108.6958,-8.566666666666666,107.53333333333333,17.733333333333334,60.093333333333334,0.23637413481871286,96.87103633333334,0.0017489715042845126,0.0572836,75.19435,4.966666666666667,881.9200000000001,0
2007-01-01,771064.9,396516.6,140278.6,156027.1,271539.9,220548.9,NA,100,9.466666666666667,9.066667,68.48769,14599271,107.23333333333333,101.7374,-22.866666666666667,83.2,-12.633333333333335,102.9,101.73333333333333,103.4,108.96666666666667,102.06666666666666,91.855,4.00224242424242,3.8203242333,4.876666666666667,143.6,NA,8.968460609056095,62.8,80.8,65.5,1.7,0.7627094231,109.0658,-6.266666666666667,106.86666666666667,16.966666666666665,58.13,0.3147336592276891,106.97624,0.008966899285080397,0.073524,80.95159,7.1,1138.23,0
2007-04-01,776107.4,399331.3,140759.3,154609.3,278432.2,221726.1,NA,101.1,9.233333333333334,8.6,68.81258,14667772,105.7,100.7472,-25.3,82.8,-9.033333333333333,103.76666666666667,102.26666666666667,104.26666666666667,112.43333333333334,102.83333333333333,91.882,4.33054302422724,4.0647962333,5.013333333333334,143,NA,8.822941027492192,62,81,65.5,4.5,0.7417964551,109.1701,-2.1,108.8,18.566666666666666,64.97,0.2657165328661601,131.31265,0.006190317531629017,0.1401738,89.04668,5.533333333333333,315.51,0.83
2007-07-01,780280.4,398941.5,140913.1,155253.7,283838,226552.6,NA,102.9,8.433333333333334,8.433333,69.18359,14670706,107.26666666666667,100.7906,-24.6,82.1,-10.866666666666667,104.4,102.9,104.53333333333333,113.43333333333334,104.03333333333333,91.978,4.34250724637681,4.5004968333,5.283333333333333,141.7,NA,6.724866999532231,61.2,80.5,64,1.8,0.7273385733,109.4563,-3.8,107.26666666666667,16.933333333333334,75.5,0.24667372306187949,152.69033666666667,0.0668640979002962,0.214148,89.05054,50.96666666666667,184.36999999999998,9.15
2007-10-01,786279.2,398465.2,142258.9,158236.5,286236.9,226640.9,NA,103.9,7,8.2,69.36181,14759898,105.83333333333333,100.1115,-23.266666666666666,81,-15.799999999999999,105.26666666666667,103.23333333333333,107.46666666666667,115.7,104.1,92.035,4.19252731922809,4.7247684,5.226666666666667,141.9,NA,5.509996307521758,60.4,81.6,63.6,3.2,0.690097257,109.9766,-7,104.43333333333334,13.799999999999999,90.85000000000001,0.3016606271266937,184.72057,0.07343968920369105,0,90.87238,19.533333333333335,1202.15,0
2008-01-01,790583.3,399428.7,144277.6,160238.8,288829.7,228296.5,NA,105,5.2,7.9,69.81321,14834417,104.66666666666667,101.6117,-23.633333333333333,82.3,-13.6,106.06666666666666,103.4,110.1,119.23333333333333,104.43333333333334,92.629,3.92668603326498,4.4800030333,5.113333333333333,141.1,NA,3.0941286058225215,59.4,81.7,63.8,1.8,0.6674643105,109.851,-8.733333333333333,102.96666666666667,12.566666666666666,97.95333333333333,0.18699157238006592,150.71721333333335,0.29350134788804466,0,79.19724,8.766666666666666,1247.51,0
2008-04-01,787540.2,397913.1,147084.7,157256,287376.9,225677.1,NA,104.2,1.7333333333333334,7.533333,69.80685,14783861,103.23333333333333,101.9611,-23.433333333333334,80.9,-15.866666666666667,106.9,103.4,110.9,125.83333333333334,104.33333333333333,93.953,4.25412698412698,4.8604682667,5.1433333333333335,141.1,NA,1.3701109149240498,59.1,82,64.8,4,0.6401810567,109.7498,-11.033333333333333,100.16666666666667,10.333333333333334,123.96333333333334,0.22055297593275705,177.92674,0.2851698250389423,0.2314279,77.84645,19.7,437.52000000000004,0.74
2008-07-01,783280,398086.3,146450.2,157440.2,284843,229974,NA,102.9,-6.533333333333333,7.133333,70.35694,14752639,96.76666666666667,100.6432,-24.633333333333333,81.5,-27.633333333333333,107.8,104.2,110.76666666666667,128.2,105.76666666666667,95.065,4.26230221469352,4.9817907667,5.43,141.5,NA,0.4647212347436369,58.9,82.7,64.4,1.8,0.6668847167,108.4421,-16.333333333333332,91.83333333333333,1.4000000000000001,117.98333333333333,0.38602083921432495,142.59968666666668,0.38665036890165666,0,70.18448,7.233333333333333,174.48000000000002,8.58
2008-10-01,771281.7,395747.9,147815.3,155157.1,268727.5,222292.5,NA,95.9,-27.633333333333333,7.033333,70.43853,14670258,85.16666666666667,101.9472,-26.633333333333333,81.5,-31.466666666666665,107.03333333333333,104.56666666666666,110.3,119.5,105.7,97.582,3.49595766590389,4.2146686667,5.16,143.3,NA,-2.184377713071428,58.8,84.5,65.3,2,0.7613992754,107.4943,-18.333333333333332,79.66666666666667,-8.233333333333334,58.370000000000005,0.15526317805051804,-44.61279053333333,0.80640060524381,0.199005,51.05237,16.233333333333334,1148.93,0
2009-01-01,735005.6,398779.2,149367.8,142402.2,237577.5,208658.4,NA,83.9,-40.266666666666666,7.2,69.247559999999993,14519597,79.2,101.7013,-29.4,79.1,-27.53333333333333,106.9,104.7,110.76666666666667,116.6,105.86666666666666,101.577,3.07266594516594,2.0116761,4.533333333333333,144.8,NA,-3.4102810288563212,59.3,85.5,67.3,0.9,0.7686045455,110.0026,-20.033333333333335,73.8,-12.333333333333334,42.96,0.15722175935904184,-7.658402333333334,0.7815190853257717,0.3290556,45.272,20.733333333333334,1508.32,0
2009-04-01,736831.3,400381.4,150482.9,142715.2,235685.6,198063.7,NA,83.3,-37.43333333333334,7.466667,69.34782,14337578,81.23333333333333,100.1994,-30.033333333333335,79,-20.333333333333332,107.16666666666667,105.03333333333333,109.83333333333333,117.06666666666666,106.1,101.272,3.32587878787879,1.3106363667,4.23,146.2,NA,-3.3717940496948873,60.2,86,70.7,1.2,0.7343098846,109.6469,-18.6,77.56666666666666,-7.533333333333334,59.54333333333334,0.18821169684330621,45.996243066666665,0.5962708379543898,0.4146796,49.75428,16.933333333333334,365.49,0.09999999999999999
2009-07-01,741526.2,398995.7,151732.6,142825.7,242983.2,204862,NA,86.3,-26.7,7.533333,69.17874,14319125,87.46666666666667,99.9698,-28.5,78.3,-16.833333333333332,107.33333333333333,105.6,107.93333333333334,116.56666666666666,107.3,101.267,3.30208200012548,0.8691745333,4.18,146.2,NA,-2.005556747553394,60.9,85.4,71.7,-2.4,0.6990935442,110.014,-13.433333333333334,87.13333333333334,1.9000000000000001,68.20333333333333,0.3036675999561946,54.82197166666667,0.4017657956512215,0.194723,54.92223,14.633333333333335,84,4.31
2009-10-01,747177.4,399212.2,151636.5,141426.4,249807.8,203066.7,NA,87.8,-18.8,7.266667,69.81402,14281526,89.76666666666667,100.2548,-26.766666666666666,79,-16.3,107.4,105.8,107.73333333333333,116.03333333333333,107.06666666666666,101.039,3.18824458874459,0.721912,4.0633333333333335,146.6,959096,0.38193583695012023,60.9,85.7,72.4,-1.8,0.6771937198,110.0696,-10.3,93.3,7.8,76.06666666666666,0.23803150157133737,74.52528533333333,0.36665087970769733,0.2721829,59.52854,16.333333333333336,1140.58,0
2010-01-01,752567.8,396722.5,153083.2,142559,257578.4,216487.7,NA,89.5,-12.2,7,69.9057,14437761,92.6,99.1917,-26.066666666666666,79.2,-18.466666666666665,107.76666666666667,105.53333333333333,109.93333333333334,118.56666666666666,106.83333333333333,101.054,3.17655797101449,0.6621355,3.9466666666666668,145,956002.6666666666,2.5779340559767716,60.2,84.8,72.6,-2.6,0.7226642857,106.9378,-10.3,96.06666666666666,8.399999999999999,78.62666666666667,0.21952796975771585,63.155165333333336,0.25888313349148934,0,60.46484,25.433333333333334,1588.94,0
2010-04-01,768825.9,400662.9,151891.2,151967.2,275788.6,232056.2,NA,94.1,-1.5333333333333332,6.7,70.25774,14558994,98.83333333333333,99.7786,-21.866666666666667,79.6,-6.800000000000001,108.26666666666667,105.5,111,122.03333333333333,106.63333333333334,99.596,2.78065584415584,0.6862715667,3.7866666666666666,144.7,956816.3333333334,3.034151431329457,59.7,85,73.4,0.5,0.7869761905,103.6507,-7.166666666666667,103.86666666666666,15.433333333333334,77.89,0.26834043860435486,73.07920633333333,0.4115671977752565,0.0978282,62.30466,45.3,540.72,0.61
2010-07-01,776302.9,402611.4,153736.9,153458.5,280011.7,231438.1,NA,95.6,5.666666666666667,6.433333,70.4456,14637048,105.26666666666667,100.5221,-18.2,80.5,0.30000000000000004,108.6,106.2,110.53333333333333,121.03333333333333,108.03333333333333,99.549,2.42212121212121,0.8749394,3.566666666666667,143.7,960591.3333333334,2.8181366272510333,59.1,84.6,73.4,-6.5,0.7737878788,103.4304,-2.2666666666666666,109.46666666666667,19.933333333333334,76.16666666666667,0.2102846304575602,38.307,0.33528436686251295,0,62.19799,38.3,173.49,31.400000000000002
2010-10-01,781258.6,404733.2,154256,151783,285316,234263.4,NA,99.1,8.366666666666667,6.2,70.65317,14743225,109.13333333333334,100.5002,-15,80.1,6.3,109.1,106.53333333333333,111.06666666666666,123.03333333333333,107.8,99.801,2.59773448773449,1.0204693,3.53,141.7,964674,2.76166129141846,58.4,83.4,81.2,0.6,0.7367457181,103.8272,0.4333333333333333,112.5,23.53333333333333,85.02666666666667,0.36268705129623413,38.16587266666667,0.18164784311325544,0.0754091,68.5927,36.43333333333333,1349.44,0
2011-01-01,795430.1,403607.6,153823.4,159322.7,292715,240311.6,NA,100.3,9.833333333333334,5.866667,71.222,14797360,111.03333333333333,100.2425,-12.133333333333333,80.8,5.366666666666666,110.1,106.43333333333334,113.26666666666667,130.06666666666666,107.9,99.267,3.14246859903382,1.0931699333,3.8533333333333335,138,963474.3333333334,2.175907508438124,57.3,80.7,80.1,0.6,0.7314082471,103.043,0.4666666666666667,112.23333333333333,20.666666666666664,93.98,0.3651711344718933,-16.961997733333334,0.12545023800281724,0,72.58338,25.333333333333332,1383.47,0
2011-04-01,797864.4,405469.6,154630.9,160869.4,296803,246256.8,NA,101.2,10.366666666666667,5.566667,71.75186,14790531,111.83333333333333,99.9615,-7.666666666666666,80.1,3.9333333333333336,110.96666666666667,106.93333333333334,114.03333333333333,133.76666666666665,108.36666666666667,100.09,3.09744816586922,1.4116307667,4.1066666666666665,137.1,965829.6666666666,2.240872822888673,56.7,80.3,79.5,3.4,0.6947835498,103.6285,-0.9666666666666667,111.66666666666666,19.666666666666668,102.55333333333334,0.24606114625930786,-15.851987,0.17719024786915338,0.0956023,72.852,7.033333333333333,324.08,2.0700000000000003
2011-07-01,802124.6,407288.2,154765.5,163078.9,299809.9,246315.7,NA,102.6,5.033333333333333,5.433333,71.83895,14818968,108.26666666666667,100.7799,-6.9,81,-4.466666666666667,111.46666666666667,107.56666666666666,113.63333333333334,133.86666666666667,109.60000000000001,100.087,2.26212623125667,1.5620535,3.9,137.9,970682.3333333334,0.820671172450127,56.5,81.4,79.2,0.4,0.7082332643,103.2439,-2.5666666666666664,107.33333333333334,15.466666666666667,89.71,0.1980109711488088,-6.2763383333333325,0.5126907487726078,0,62.10288,25.46666666666667,123.03,6.3
2011-10-01,801863.8,408587.2,155803.7,162397.6,298188.2,243931.7,NA,101.7,-0.6333333333333333,5.233333,72.24863,14822134,106.5,100.4089,-9.700000000000001,80.9,-8.333333333333334,111.96666666666667,107.83333333333333,114.5,135.4,109.23333333333333,100.897,1.93469696969697,1.4955447,3.526666666666667,138,975306.6666666666,-0.09729322852252142,56.1,81.9,78.6,2,0.7422099567,103.0032,-4.666666666666667,103.46666666666667,13.2,94.06333333333333,0.23203342159589133,17.525301333333335,0.6031070831946479,0.0897022,58.31849,8.433333333333334,1058.36,0
2012-01-01,804124.3,410503.5,155746.1,162172,304303.3,243784.5,NA,101.6,-0.7999999999999999,5.1,71.77951,14815140,107.03333333333333,100.75,-9.7,80.5,-7.6,112.73333333333333,107.86666666666666,117.2,139.3,109.4,101.864,1.8344227994228,1.0429891667,3.3733333333333335,137.4,975392.3333333334,0.3411427675882983,55.7,81.7,79.3,1.5,0.762537518,101.0384,-4.633333333333333,103.76666666666667,14,102.89333333333333,0.23810751736164093,-63.462042333333336,0.3369514805495923,0.0894774,66.1591,19.466666666666665,1403.6399999999999,0
2012-04-01,805254.5,411716,156534.3,162613.9,306837.2,244638.1,NA,101.6,-3.7333333333333334,5.1,71.97988,14790611,105.2,101.5903,-9.1,80.8,-9.966666666666667,113.3,108.43333333333334,117.56666666666666,140.16666666666666,109.73333333333333,103.031,1.42050163287005,0.6960273333,3.17,137.6,977074.6666666666,-0.532105762289814,55.6,82,80.5,3.8,0.7798164251,100.2545,-4.9,103.13333333333334,15.7,93.48,0.30625221133232117,-45.894082,0.34357686948201105,0.6603566,63.17606,13.133333333333333,459.70000000000005,2.24
2012-07-01,806384.7,413145,157111.1,162208.8,310283.3,245432.7,NA,101.9,-10.066666666666666,5.033333,72.06709,14793857,102.06666666666668,101.2097,-8.633333333333333,80.7,-15.3,113.76666666666667,108.86666666666666,116.96666666666667,142.06666666666666,110.96666666666667,103.441,1.35817061923584,0.3585789333,2.9233333333333333,137.2,984062,-0.16371661807473847,55.6,81.7,79.9,1.6,0.799138274,99.44295,-6.266666666666667,98.13333333333334,9.533333333333333,92.27,0.1903132845958074,-66.42393966666666,0.28413329650451313,0.3448474,66.56974,14.5,133.62,13.419999999999998
2012-10-01,804124.2,411542.8,157553.3,161067.3,304979,243490.2,NA,99.4,-12.233333333333334,5,72.14186,14810890,102.10000000000001,101.7357,-10.700000000000001,80.4,-15.166666666666666,114.2,109.23333333333333,118.8,141.2,110.73333333333333,104.447,1.36742579245137,0.1951289,2.8066666666666666,137,993383,0.499317108317765,55.5,81.5,79.8,2,0.7705326244,100.2385,-6.8,97.2,9.333333333333334,88.16,0.22673767308394113,-53.76421966666667,0.07465736668907036,0.3195782,70.90421,18.533333333333335,1147.19,0
2013-01-01,799885.6,410211.2,158807.8,154917.7,304083.9,244049.3,NA,99.7,-7.8,5.066667,72.18896,14692977,103,102.2951,-6.6,80.6,-15.8,114.76666666666667,109.33333333333333,121.13333333333333,143.63333333333333,111.3,105.436,1.47009090909091,0.2114363667,2.7666666666666666,138.1,995712,-0.6286522492538138,55.1,83,79.1,0.9,0.757865873,101.1244,-5.333333333333334,100.66666666666667,12,94.35333333333332,0.2610575159390767,-70.57229966666667,0.07058837322841958,0.3521333,75.16737,25.7,1605.72,0
2013-04-01,810145,414151.8,158654,161012.1,304996.1,248140.3,NA,101.1,-7.066666666666666,4.966667,72.47352,14794721,101.1,103.1172,-4.566666666666666,81,-16.4,115.03333333333333,109.5,122.66666666666667,143.03333333333333,111.03333333333333,104.93,1.34026046176046,0.2067940333,2.6933333333333334,138.7,1000066.3333333334,-0.21114319864651288,55,83.7,78.6,3.9,0.7656910043,101.1917,-4.7,100.66666666666667,10.533333333333333,94.22333333333333,0.25012561678886414,-58.95467466666666,0.04865506742782392,0.2114016,76.40697,80.53333333333333,523.15,8.32
2013-07-01,813448.9,415840.6,159769.1,161269.8,310164.9,251966.5,NA,101.6,-3.4000000000000004,4.9,72.3993,14892919,103.16666666666666,103.2994,-4.133333333333333,81.1,-11.200000000000001,115.7,110.2,122.06666666666666,144.23333333333332,112.7,105.306,1.72958247066943,0.2235121667,2.7533333333333334,138.9,1008408,0.6244120295183286,54.9,84,77.4,1.1,0.754941273,102.7715,-3.5666666666666664,103.7,13.966666666666667,105.82333333333334,0.2752993702888489,-23.113432266666667,0.04314824349767148,0.1805543,78.68507,18.666666666666668,136.53,19.75
2013-10-01,814839.9,413415.7,159826.8,164363,315333.8,252054.8,NA,102.6,0.7333333333333334,4.8,72.46169,14906623,104.76666666666667,102.7198,-4.833333333333334,81,-7.666666666666666,115.73333333333333,110.46666666666667,122.43333333333334,141.83333333333334,112.43333333333334,105.861,1.74569818265471,0.2409023667,2.8366666666666664,138.7,1015122.6666666666,0.8947549421722822,54.5,84.2,77.3,2,0.7346924829,103.541,-1.9000000000000001,105.86666666666666,13.733333333333333,97.34333333333333,0.34816587964693707,14.868986333333332,0.01163812948199708,0.3017957,85.80981,17.166666666666664,1035.96,0
2014-01-01,823599.2,414238.4,160552.6,167166.3,315215.9,252459.3,NA,102.7,0.8333333333333334,4.8,72.45535,14999718,106.3,103.4158,-7.633333333333334,81.8,-4.233333333333333,115.93333333333334,110.53333333333333,124.33333333333333,140.9,112.8,106.174,1.60766017316017,0.2951596,2.7866666666666666,137.9,1015184.3333333334,2.3078395891738657,53.9,84,76.1,1.9,0.7296647467,104.3075,-0.3666666666666667,107.1,15.333333333333334,98.74666666666667,0.5775002837181091,-16.680649666666667,0.017346104186528644,0.4171384,89.28381,8.666666666666666,1180.59,0
2014-04-01,824120.8,416187,161552.3,165453.9,318087.7,256697.4,NA,102.2,0.06666666666666665,4.733333,72.56762,14982687,105.23333333333333,105.3804,-9.566666666666666,81.7,-2.6,116.06666666666666,110.66666666666667,123.26666666666667,141.93333333333334,112.73333333333333,106.855,1.34930952380952,0.2985833333,2.63,137.9,1020463,3.440612811223165,53.6,84.3,75.6,3.8,0.7292575036,103.5887,-0.3,106.56666666666666,14.733333333333333,103.34666666666666,0.47902582089106244,-49.03044,0.004702431558884241,0.3018412,90.10316,7.833333333333333,408.37,4.02
2014-07-01,827946.3,419694.6,162667.4,165251.4,323696,258316.1,NA,102.2,-3.033333333333333,4.7,72.71908,14974369,103.63333333333334,105.4355,-10.8,81.6,-10.566666666666666,116.6,111.5,122.73333333333333,141.63333333333333,114.33333333333333,107.229,0.997300646213691,0.1645686,2.39,136.5,1029696.3333333334,3.2832194288242356,53.4,83.1,75,1.4,0.754988834,103.0091,-1.2333333333333334,103.8,12.633333333333333,97.78,0.7625893354415894,-52.827230666666665,0.006988057798240299,0.2255173,87.65477,17.96666666666667,118.74000000000001,6.61
2014-10-01,834901.6,421989.7,163667.2,166632.3,329743.6,262966.2,NA,103.4,-5.133333333333334,4.633333,72.56705,15013281,101.56666666666666,105.6971,-11.1,82.4,-12.8,116.23333333333333,111.63333333333334,122.53333333333333,136.66666666666666,114.06666666666666,107.102,0.699618819776715,0.0814711667,2.183333333333333,132.5,1040557.6666666666,2.9302353066192444,53.1,79.4,74.4,2.4,0.8008694783,102.5468,-1.5333333333333332,102.56666666666666,12.066666666666666,73.16,0.346676766872406,-36.54516533333333,0.016470828566706473,0.3369954,86.66,10.5,963.92,0
2015-01-01,833141.2,423775.8,164570.9,166130.6,331677.7,267653,NA,102.7,-1.7333333333333334,4.5,72.70393,15052683,104.33333333333334,107.7566,-11.833333333333332,84,-8.066666666666666,115.76666666666667,111.63333333333334,123.83333333333333,130.66666666666669,114.3,108.174,0.306424242424242,0.0460161667,1.9333333333333333,133.1,1045794.3333333334,4.218195215442622,52.8,80.3,74.1,1.8,0.8883128182,99.83669,-0.03333333333333333,105,13.366666666666667,48.54,0.6845245560010275,-94.686766,0.05360255253351332,0.2985966,100.7289,14.433333333333334,1341.01,0
2015-04-01,838357.6,426114.3,165570.6,166756.6,337590.2,268241.7,NA,104,-0.7666666666666666,4.4,72.51228,15123598,106.33333333333333,109.003,-10.766666666666667,85,-4.333333333333333,117.53333333333333,113.26666666666667,124.73333333333333,134.06666666666666,116.4,108.971,0.490172248803828,-0.0065258333,1.83,133,1053589.3333333333,3.058667348553268,52.7,80.3,72.3,3.6,0.9041201082,98.8998,0.19999999999999998,106.73333333333333,16.9,57.84666666666667,0.387250949939092,-91.833947,0.10098875645977433,0.1058649,105.2658,24.133333333333333,497.86,0.35
2015-07-01,842530.7,429275.5,167204.8,167732.4,337488.9,271008.3,NA,103.8,-1.4666666666666666,4.3,72.63486,15087966,106.63333333333334,109.3101,-9.2,86.2,-1.8476612022773804e-17,117.86666666666666,114.33333333333333,123.4,130.86666666666667,118.33333333333333,109.301,0.657554112554113,-0.0278171,2.0266666666666664,133,1066448.6666666667,2.542877506148433,52.7,80.3,71.8,2.1,0.8995253357,100.8345,-1.2333333333333334,107.2,19.8,46.416666666666664,0.47643672426541644,-47.724867333333336,0.160175473328122,0.0673945,97.13471,11.1,146.92,54.45
2015-10-01,846964.6,432566.6,169704.1,171525.3,335529.3,274069.2,NA,103.3,-3,4.2,72.76367,15106226,108.93333333333334,111.3915,-6.1,86.7,-1.1333333333333333,116.89999999999999,113.46666666666667,124.2,126.23333333333333,116.23333333333333,109.731,0.526624098124098,-0.0891760333,2.006666666666667,132.8,1078374.6666666667,3.5637680815757022,52.6,80.2,71.2,1.8,0.9138483136,100.4315,-2.7333333333333334,106.46666666666667,20.5,41.949999999999996,0.5354302326838175,-92.18405533333333,0.1193632178316567,0.2837282,96.8706,7.8,933.72,0
2016-01-01,854268,435619.4,171823.9,174337.7,338823.4,279072.3,NA,104.4,-3.9666666666666663,4.066667,72.93497,15167838,107.46666666666667,114.1666,-4,86.9,-3.6666666666666665,115.93333333333334,112.86666666666667,124.93333333333334,120.53333333333333,115.73333333333333,109.618,0.258261904761905,-0.1860817333,1.9166666666666667,133.4,1082838.6666666667,2.0960166103300537,52.3,81.1,70.9,1.9,0.9073307109,101.2505,-2.3333333333333335,105.46666666666667,18.266666666666666,33.18333333333333,0.537741094827652,-147.05589,0.2325914722011925,0.4385965,88.57436,13.566666666666666,1354.96,0
2016-04-01,856702.3,435359.6,173188.9,172533.4,342708.6,277424.1,NA,104,-2.1666666666666665,4,72.99041,15203731,106.8,116.3282,-1.1666666666666667,86.2,-2.5,117.4,114.3,125.23333333333333,123.86666666666666,117.33333333333333,110.045,0.083441558441558,-0.2580938,1.81,133.8,1092752.6666666667,2.720004509820684,52.4,81.4,70.4,3.5,0.8855690548,101.6146,-1.6,106.53333333333333,17.433333333333334,45.406666666666666,0.35534854729970294,-93.465161,0.1967360846866816,0.2682943,90.14172,37.36666666666667,424.95,3.88
2016-07-01,860179.9,437827.8,173919.5,174392.9,341999.2,279425.5,NA,104.4,-1.4666666666666666,3.866667,73.40694,15264761,108.86666666666667,117.7027,2.4,87.4,-4.533333333333333,118.3,115.53333333333333,124.66666666666667,123.63333333333333,119.83333333333333,110.628,-0.123371917937135,-0.2981258667,1.6833333333333333,134.7,1106341.6666666667,3.843310267323053,52.5,82.2,69.6,1,0.8961600217,101.8516,-1.4,106.56666666666666,17.2,44.85,0.42225194970766705,-75.28830533333334,0.1748518078537512,0.0946342,92.65629,29.96666666666667,62.97,11.85
2016-10-01,864092.2,441378.6,174861.6,175221.4,343181.6,285723.9,NA,104.5,1.1,3.7,73.49893,15256647,111.7,119.6046,3.2333333333333334,88.5,-3.9,118.03333333333333,114.7,125.89999999999999,125.56666666666666,117.63333333333334,111.358,0.147665223665224,-0.3124812333,1.6333333333333333,134.8,1118158.6666666667,3.2342806254175738,52.4,82.4,68.4,2.8,0.9280663203,100.9799,-0.9666666666666667,108.33333333333334,19.366666666666667,49.13666666666666,0.4819152355194092,-45.160656,0.14570917242381973,0.2058037,96.20099,10.8,1175.8,0
2017-01-01,875177.1,442602,174837.6,175944.1,349406.5,286651,NA,105,3.933333333333333,3.633333,73.40896,15293023,110.73333333333333,120.1404,6.166666666666666,89,-6,118,113.93333333333334,128.93333333333334,127.9,116.66666666666667,111.016,0.285723320158103,-0.3278311,1.8,135.2,1123803.3333333333,3.9442234784591967,52.2,83,67.1,2.4,0.9384762213,100.0184,-0.6333333333333333,109.53333333333333,19.633333333333333,51.766666666666666,0.4699389636516571,-52.60205066666667,0.05946845351344224,0.180538,104.4432,18.333333333333332,1350.71,0
2017-04-01,881784.8,446369.4,175587.4,180142,356501.5,294332.3,NA,107,8.766666666666666,3.566667,73.59332,15383807,112.76666666666667,121.4367,11.433333333333334,90.2,-0.9666666666666668,119.36666666666667,115.93333333333334,127.83333333333334,126.73333333333333,119.13333333333334,111.29,0.270798460798461,-0.3299478,1.8333333333333335,134.6,1136989.6666666667,4.20827666192809,52.2,82.4,66.2,2.9,0.9092752852,100.8993,1.2333333333333334,112,18.733333333333334,48.24,0.47994714975357056,-43.45776733333334,0.01824376713800581,0.0636699,109.9235,31.4,437.78000000000003,4.09
2017-07-01,889262,446975.6,176337.2,181394.1,359778.6,294950.4,NA,108.8,11.5,3.466667,73.71531,15456190,113.8,122.5549,12.1,90.7,-4.566666666666666,120.46666666666667,117.43333333333334,128.16666666666666,126,121.9,111.178,0.382981366459627,-0.3296322,1.85,134.2,1152789.3333333333,4.141023989288484,52.1,82,65.2,2,0.8514329538,103.3762,1.5666666666666667,112.73333333333333,18.1,48.163333333333334,0.5563005407651266,-32.724929333333336,0.008051861962290316,0.1719099,108.3934,28.099999999999998,150.63,4.92
2017-10-01,898565,450872.9,178048.3,182222.6,363022,299659.2,NA,109.6,13.700000000000001,3.4,73.96857,15492712,115.2,125.2546,11.766666666666667,90.8,-1.5333333333333334,119.93333333333334,116.13333333333334,129.86666666666667,128.1,119.06666666666666,111.332,0.325841307814992,-0.3288134,1.8266666666666667,134.1,1165931.6666666667,4.294293058308618,51.8,82.3,63.9,2.2,0.8492442352,102.9158,1.5,114.2,20.6,55.36666666666667,0.37121333678563434,-2.797985866666667,0.01350144714757251,0.928103,115.3697,23.133333333333333,1036.07,0
2018-01-01,894022,451684.9,176957.3,183239.8,367245.1,303875.3,NA,109,12.700000000000001,3.3,74.03748,15378723,117.5,126.3962,14.6,90.2,-3.7666666666666666,119.7,115.46666666666667,131.73333333333332,128.43333333333334,118.53333333333333,113.259,0.554356421356422,-0.3282864333,1.85,133.4,1174401.3333333333,3.6822717540178296,51.1,82.3,62.7,3.1,0.8137506825,102.8502,2.0666666666666664,114.33333333333333,21.6,62.88666666666666,0.4762314359347026,-28.920508333333334,0.022423992138935655,0.3521333,112.7009,19.766666666666666,1451.5,0
2018-04-01,900108,453460.3,178053.1,185872.7,369441.2,305758.9,NA,109.8,11.933333333333334,3.2,74.02491,15563236,115.53333333333333,127.2211,17.03333333333333,92.6,-4.1,121.63333333333333,117.39999999999999,131.93333333333334,132.16666666666666,121.13333333333333,113.668,0.419047619047619,-0.3252416333,1.9,134.6,1189279.3333333333,3.872808480897461,51.1,83.5,61.7,4.8,0.8394843823,103.3049,1.3,112.7,17.233333333333334,68.03333333333333,0.678296426932017,-22.21849,0.015195934948692884,0.2529084,111.4973,42.9,237.70000000000002,2.76
2018-07-01,896195.5,454413,177841.7,187879.7,365116.6,312999,NA,108.8,9.666666666666666,3.166667,74.28925,15553825,117.2,128.7033,19.366666666666667,91.9,-4.733333333333333,123.1,119.03333333333333,131.4,135.1,124.06666666666668,115.479,0.311971673254282,-0.3195257667,1.87,135.4,1206684.6666666667,3.658839939604941,51.4,84,61.4,2.1,0.8595732569,104.5309,0.3333333333333333,112.96666666666667,22.3,69.75666666666667,0.45543765525023144,2.104824033333333,0.01252590085455936,0.2376708,108.9724,16.599999999999998,89.09,49.18
2018-10-01,899673.2,458483.4,179245.2,189315.8,366028.9,315206.3,NA,107.2,5.8,3.1,74.40601,15625036,115.6,130.4761,20.23333333333333,92.3,-5.133333333333333,122.43333333333334,117.66666666666666,131.83333333333334,138.13333333333333,120.96666666666667,115.778,0.300080213903743,-0.315318,1.8633333333333333,135,1222280,2.4956172744552862,51.5,83.4,60.7,1.3,0.8764896189,103.6128,-0.30000000000000004,111.23333333333333,22.133333333333333,59.07666666666667,0.41144299507141113,-14.712341866666668,0.070536928803712165,0.3320494,98.3422,5.966666666666667,1006.5799999999999,0
2019-01-01,906106.9,460659.4,181187,190305.4,376510.8,319650.4,NA,107,0.16666666666666666,3,74.73274,15591920,112.1,131.2742,17.733333333333334,94.4,-7.1000000000000005,121.6,117.06666666666666,132.8,132.9,120.43333333333334,116.345,0.066393217893218,-0.3085468333,1.7933333333333334,136,1231605.3333333333,3.941172241195212,51.6,84.4,60.5,2.6,0.8807720628,101.9323,-0.16666666666666666,108.36666666666667,20.1,54.82666666666667,0.4180968205134074,-70.742861,0.07201952026930389,0.6953224,97.97269,16.799999999999997,1246.52,0
2019-04-01,906106.9,462088.5,181936.8,191023.5,372388.9,316913.3,NA,105.8,-6.366666666666667,2.9,74.90123,15512419,108.4,132.5803,18.3,94.7,-3.166666666666667,123.63333333333333,119.13333333333334,133,137.23333333333335,123,117.956,-0.163102870813397,-0.3170712,1.6233333333333333,137.2,1251149.3333333333,4.549304691530254,52,85.2,59.9,4.1,0.8897470678,102.5681,-1.4333333333333333,105.16666666666667,18.4,59.78333333333333,0.4785260160764058,-46.763616,0.02301442536892864,0.7411329,102.7326,8.766666666666667,447.32,17.22
2019-07-01,911062.5,466029,184666.9,190784.1,375868.8,321710.6,NA,104.6,-12.633333333333333,2.9,74.87363,15660026,104.1,133.676,15.6,95.1,-7.033333333333333,124.36666666666666,120.13333333333333,133.76666666666665,135.86666666666667,125.10000000000001,118.365,-0.544037894472677,-0.3967076,1.3833333333333333,137.4,1270663.3333333333,5.267980162243835,52.3,85.2,59.8,0.9,0.8996656861,102.8435,-2.6666666666666665,100.33333333333333,12.466666666666667,56.370000000000005,0.5030450522899628,26.231698333333334,0.0233843059060681,0.4285408,101.2321,9.466666666666667,109.28,28.31
2019-10-01,906802.4,465509.4,185128.4,189937.2,374010.6,324094.4,NA,102.9,-14.6,3,74.74213,15526695,105.13333333333334,137.2816,13.4,94.7,-5.4,123.93333333333334,119.56666666666666,133.83333333333334,135.26666666666668,123.3,118.851,-0.373790283790284,-0.4029517667,1.2733333333333334,137.8,1291131,6.619395651753757,52.4,85.3,58.6,1.1,0.903208668,101.8012,-3.2333333333333334,101.23333333333333,18.03333333333333,56.95666666666667,0.315291831890742,-2.249852733333333,0.007076233255454586,0.6203474,108.1653,24.3,1009.86,0
2020-01-01,889784.2,444669.4,187993.1,186042.9,363350.7,317156.7,NA,101.3,-12.799999999999999,3.3,73.89009,15245747,99.9,138.157,11.933333333333334,96.4,-13.366666666666667,123.5,118.60000000000001,136.86666666666667,135,122.13333333333334,121.079,-0.4403333333,-0.4055409333,1.28,139,1305542,3.6881606206564888,52.5,86.5,59.8,1,0.9078426877,101.2262,-4.433333333333334,100.33333333333333,14.566666666666666,45.75666666666667,0.6115655104319254,-99.236506,0.1566067672999803,0.6124199,102.3567,11.633333333333333,1187.91,0
2020-04-01,810230.4,400847.7,188319.9,176193,288518.4,262855.1,NA,82.9,-28.96666666666667,3.666667,73.38974,14291285,80.13333333333333,140.1668,0.2333333333333333,97.7,-31.433333333333334,124.53333333333333,120.46666666666667,138.73333333333332,128.16666666666666,124.66666666666666,126.467,-0.466761904761905,-0.3006666667,1.3066666666666666,144.5,1325355,4.734265511170421,54,90.5,65.9,-6.3,0.908271645,103.5365,-15,73.63333333333333,-35.7,27.80666666666667,0.2794608175754547,-76.088273,0.36036283921577594,0.4483026,93.52061,2.933333333333333,439.28,0.6
2020-07-01,881437.6,446185,196452.6,182986.7,338755.7,290697.5,NA,94.8,-10.9,3.833333,73.25167,14544038,95.16666666666666,145.4717,0.9333333333333333,101.1,-5.966666666666667,124.2,120.66666666666667,134.66666666666666,127.2,126.56666666666666,120.574,-0.523489240228371,-0.4717361,1.2366666666666666,147,1346182.6666666667,4.11353117571549,55.2,91.9,68.5,-5.5,0.8551811459,103.6476,-9,95.33333333333333,-1.8,40.89333333333334,0.425071453054746,-2.0837073333333334,0.044555911286287976,0.4817188,105.2703,6.033333333333333,102.83,24.7
2020-10-01,888827.8,437524.6,196279.5,188197,354397.9,302087.6,NA,100.9,-2.566666666666667,3.8,73.37981,14814893,98.66666666666667,149.4374,1.2333333333333334,102.3,-4.066666666666666,123.2,119.5,135.06666666666666,126.3,124.10000000000001,120.636,-0.613511544011544,-0.5226948,1.1733333333333333,148.9,1372533,5.489821737123246,56.1,92.8,68.2,-4.4,0.838870803,103.8581,-9.166666666666666,99.33333333333333,1.8,42.45333333333333,0.3744964102904002,-14.899214500000001,0.028536596946135123,0.1338688,106.6391,15.933333333333334,1024.52,0
2021-01-01,884611,422249.5,194063.8,183930.3,364347.9,311968.9,NA,100.6,6.666666666666667,3.9,74.91333,14884612,95.76666666666667,148.8581,1.2,95.6,-25.8,125.63333333333334,120.66666666666667,139.06666666666666,136.1,124.76666666666667,120.349,-0.464594202898551,-0.5424456667,1.18,151.1,1391362.3333333333,8.048065083340084,56.5,94.7,68.9,-3.4,0.8296439075,104.3076,-9.2,100.56666666666666,-3,57.79,0.35473979512850445,9.257434333333334,0.008096590095080009,0.1080497,116.5541,18.866666666666667,1372.0900000000001,0
2021-04-01,904607.1,433551.7,200273.7,188257,368165.8,314588.2,NA,99.8,17.03333333333333,3.7,75.50627,15205938,106.7,153.0005,4.166666666666667,101.2,-5.033333333333333,127.2,122.03333333333333,140.7,139.33333333333334,126.43333333333334,119.405,-0.279045454545455,-0.5403847667,1.2633333333333334,148.5,1416536.6666666667,7.510694613023117,55.7,92.8,68.3,-3.3,0.8296618398,104.3244,-4.933333333333334,109.93333333333334,7.1,66.09,0.463938444852829,56.46775433333333,0.003701573017183454,0.1402197,124.263,30.666666666666664,569.35,10.19
2021-07-01,906172.1,454900.1,199466.2,182181.2,365260.1,316707.3,NA,97.1,23.1,3.433333,76.38141,14947396,114.83333333333333,157.8694,7.233333333333333,100.7,4.933333333333334,128.56666666666666,123.3,140.76666666666668,142.86666666666665,128.16666666666669,122.518,-0.450909090909091,-0.5458182,1.28,147.8,1444897.6666666667,8.341696468466054,55.6,92.2,68.1,-2.1,0.848374697,103.6959,-2.4333333333333336,118.06666666666666,21.1,70.62333333333333,0.29777219891548157,84.05159933333334,0.011186044196590837,0.1740038,126.4414,41.333333333333336,86.44,1.1400000000000001
2021-10-01,910432.1,456588.9,199274,183396.4,381680.1,336867.5,NA,99.9,21.866666666666667,3.366667,76.48544,15139934,114.53333333333333,160.839,11.166666666666666,101.8,0.6333333333333334,129.86666666666667,123.83333333333333,141.70000000000002,150.6,127.93333333333334,123.213,-0.300735930735931,-0.5663765333,1.3066666666666666,147.6,1471237.3333333333,7.980737430468543,55.3,92.3,68.1,-1.6,0.8745331266,102.2361,-4.466666666666667,115.53333333333333,16.933333333333334,77.44666666666667,0.6266437868277231,72.636073,0.011198005409194023,0.0577301,125.2661,25.5,1100.48,0
2022-01-01,917474.6,469547.4,200759.2,186314.6,383563.4,338640.6,NA,99.2,19.96666666666667,3.233333,76.89297,15304109,113,159.4002,10,103,-4.266666666666667,133.23333333333335,124.36666666666666,146.26666666666668,172.73333333333332,128.16666666666666,123.96,0.105659075224293,-0.5290259,1.4833333333333334,146.9,1493545.3333333333,6.420296302121242,54.7,92.2,66.7,0.5,0.8907364831,101.2687,-8.866666666666667,111.63333333333333,11.8,94.45333333333333,2.1585865020751953,18.905375799999998,0.09325818274811176,0.2220002,118.4183,13,1223,0
2022-04-01,918604.8,471149.7,201182.2,185136.3,381570,342908.2,NA,98.7,14.966666666666667,3.1,77.0446,15337485,112.83333333333333,158.0108,5.833333333333333,99.4,-12.133333333333333,137.76666666666668,126.53333333333333,154.86666666666667,190.13333333333333,129.8,124.522,1.04801435406699,-0.3576164333,2.2533333333333334,146.5,1520388.3333333333,4.011456974188743,54.3,92.2,66.3,1.1,0.9392376768,99.97367,-19.266666666666666,106.4,15,108.72333333333333,1.3346772193908691,39.514006333333334,0.23988691995313227,0.3779766,105.9733,9.6,420.99,6.7
2022-07-01,921560.8,474224.3,196587.1,186056.9,388529.8,351590.5,NA,99.6,7.8999999999999995,3.1,76.86849,15366800,106.8,154.508,0.10000000000000002,99.1,-20.566666666666666,140.63333333333333,127.96666666666667,162.63333333333333,197.96666666666667,131.16666666666666,125.676,1.30390237781542,0.4807405667,2.8833333333333333,147.8,1544690.6666666667,2.6220561729065173,54,93.8,65.4,-2.5,0.993248951,98.54647,-25.366666666666667,97.73333333333333,7.733333333333333,93.18333333333334,0.8314039707183838,-3.809590666666667,0.4683683892084549,0.2990252,96.64118,16.066666666666666,124.71000000000001,26.52
2022-10-01,918517.9,465909.9,197260,183571.2,387077,350648.7,NA,99,3.4,3.1,76.99464,15377055,103.76666666666667,144.3734,-2.8000000000000003,97.3,-21.333333333333336,143.93333333333334,130.26666666666668,169.13333333333333,205.23333333333335,132.86666666666667,129.086,2.11275613275614,1.7721234,3.4566666666666666,146.3,1561125.6666666667,1.2327155303992976,53.2,93.1,64.5,-3.9,0.9803069841,100.2268,-24.3,94.33333333333333,3.4,82.78666666666666,0.6875510811805725,-12.419121933333333,0.4955079553407492,0.3126628,99.13005,15.966666666666667,979.76,0
2023-01-01,912279.8,468443.2,195572.9,183285.8,387642.9,347175.8,NA,99.9,1.9,3.033333,77.29436,15385661,106.13333333333334,137.9542,-3.8333333333333335,95.7,-15.066666666666666,144.9,131.2,176.8,202.06666666666666,133.73333333333332,132.631,2.31556851119895,2.6319262667,3.776666666666667,144.2,1564758.6666666667,NA,52.4,91.8,64.1,-1.7,0.9321337563,101.5361,-18.166666666666668,98.33333333333333,9.466666666666667,76.07666666666667,0.7781818707784017,-59.524896999999996,0.25553706016337385,0.2087138,111.7119,16.766666666666666,1207.06,0
2023-04-01,911323.4,472903.4,195669,183746.1,380683.3,346440,NA,98.2,-5.166666666666666,3,77.42627,15475294,103.23333333333333,134.3645,-8.7,96.9,-15.799999999999999,147.23333333333332,133.63333333333333,178.73333333333332,201.66666666666666,136.43333333333334,134.281,2.35936026936027,3.3623451,3.9766666666666666,142.7,1571357.3333333333,NA,51.7,90.9,63.1,-0.3,0.9185379611,102.8011,-14.2,96.33333333333333,8.033333333333333,73.76,0.6416151324907938,-26.77819,0.18970302969921496,0.1907426,113.6289,23.8,456.34000000000003,2.67
2023-07-01,912714.5,470391.8,196976.5,183175.4,382203.5,342761,NA,96.2,-14.4,3.066667,77.21247,15454690,99.36666666666666,131.396,-16.833333333333336,96,-19.166666666666668,148.70000000000002,135.3,178.13333333333333,203.43333333333334,139.06666666666666,135.649,2.55458247066943,3.7773871333,4.093333333333333,140.8,1577118.6666666667,NA,51.2,89.6,63.2,-2.1,0.9193362112,103.6946,-14.700000000000001,90.66666666666667,3.4,82.29666666666667,0.54698579510053,-37.40803,0.12799721483946672,0.0634921,111.5693,27.133333333333333,47.589999999999996,16.46
2023-10-01,909932.3,469049.5,198226.2,180027,383859,338876.1,NA,94.6,-14.933333333333334,3.166667,77.09928,15371791,98.73333333333333,128.8068,-17.6,96,-20.066666666666666,148.23333333333335,135.06666666666666,179.43333333333334,197.76666666666665,137.8,138.839,2.50888357256778,3.9580558333,4.1499999999999995,139.6,1581080.3333333333,NA,50.6,89,62.3,-2.5,0.9293334416,103.0955,-15.1,91.26666666666667,5.433333333333334,78.41,0.5448440909385681,17.390254433333336,0.13522242985020852,0.0587372,110.2037,32.3,964.89,0
2024-01-01,911866.8,474310.7,200528.5,181168.4,379298,337338.4,NA,94.4,-17.166666666666668,3.233333,77.16428,15411408,97.06666666666666,127.6179,-18.733333333333334,96,-23.6,148.83333333333334,135.6,181.13333333333333,196.4,138.86666666666667,140.178,2.28531673881674,3.9238544,3.8533333333333335,138.9,1580222.3333333333,NA,50.1,88.7,62,-1.8,0.9213149068,102.804,-14.433333333333334,90.4,4.433333333333334,77.56,0.6343483726183573,12.644471366666666,0.06441417423643332,0.066024,119.1548,16.433333333333334,1138.32,0
2024-04-01,910649.6,475220.1,203989.2,178333.1,381460.2,341900.2,NA,93.1,-17.7,3.4,77.30707,15482451,97.53333333333333,128.054,-17.733333333333334,96.5,-18.099999999999998,151,137.93333333333334,181.73333333333332,198.46666666666667,142.3,141.5,2.4832532467,3.8075050333,3.9066666666666667,138.5,1584575.3333333333,NA,49.9,88.6,61.5,-0.6,0.9289777437,103.1163,-10.4,92.96666666666667,7.4,81.71333333333332,0.5495869219303131,6.146638776666666,0.016258104199175376,0.1320742,123.8266,32.03333333333333,326.65999999999997,2.72
2024-07-01,911606,476562.6,206257.9,177725.5,376122.2,344637.3,NA,92.2,-20.633333333333333,3.4,77.19332,15470259,94.7,128.645,-16.133333333333333,98.4,-23.466666666666665,151.93333333333334,139.5,182.26666666666668,193.53333333333333,145.26666666666668,142.727,2.2777103331,3.5553771,3.8266666666666667,138.5,1592083.6666666667,NA,49.8,88.7,62,-2.2,0.9099683139,103.1581,-9.766666666666667,91.56666666666666,6.5,76.24,0.44987648725509644,7.2810304,0.0432473129860647,0.3269042,123.4398,30.566666666666666,85.85,16.3
2024-10-01,913605.7,480286.7,206604,178590.8,373858.7,345461.4,NA,91.5,-24.9,3.433333,77.26013,15518737,91.86666666666667,128.2768,-15.833333333333332,98.8,-21.333333333333332,152,139.46666666666667,184.5,190.8,144.2,144.297,2.2380561307,2.9993235333,3.6,137.7,1598188,NA,49.6,88.1,62.2,-1.8,0.938207141,102.5778,-9.933333333333334,88.96666666666667,3.933333333333333,70.68666666666667,0.5949058135350546,-20.779446533333335,0.008343824380524384,0.6240034,130.2657,28.033333333333335,1032.55,0
2025-01-01,914692.4,483123,205162,179051.1,379585.3,350876.7,NA,93.2,-23.1,3.566667,77.25883,15423602,91.23333333333333,129.5044,-15.133333333333333,100.1,-23.4,152.66666666666666,139.93333333333334,186,192.96666666666667,145.3,145.803,2.543521645,2.5572171,3.566666666666667,138.3,1602462,NA,49.3,89,61.9,-0.7,0.9500645928,101.7601,-10.933333333333334,89.3,3.6333333333333333,71.83666666666666,0.8730542461077372,-47.775712999999996,0.019740498514708486,0.6493506,144.6816,15.033333333333333,1294.3,0
2025-04-01,914518.6,482690,206892.3,177007.5,374889,352966.3,NA,92.3,-19,3.7,77.08231,15339534,92.8,129.6074,-15.266666666666666,100.7,-21.966666666666665,154.16666666666666,141.83333333333334,187.23333333333332,189.70000000000002,147.93333333333334,147.421,2.5308015873,2.1067523667,3.6766666666666667,137.8,1612194.3333333333,NA,49.2,88.7,62.1,0.2,0.8813586147,104.0796,-9.8,91.66666666666667,3.433333333333333,64.62666666666667,0.7352719108263651,-18.1402675,0.06842248388667169,0.873744,149.6041,10.333333333333334,390.52,4.27
2025-07-01,914257.8,482127,208488.1,177357.3,372253.7,352112.8,NA,91.3,-19.333333333333336,3.8,77.02869,15330863,91.63333333333334,129.8747,-13.366666666666667,100.5,-22.8,155.1,142.9,187.53333333333333,189.4,149.8,149.088,2.6659398331,2.0115719,3.71,137.6,1624278.6666666667,NA,49.1,88.5,62.8,-2.3,0.855790266,104.6044,-9.533333333333333,91.46666666666667,3.1666666666666665,65.73666666666666,0.7592259844144186,12.211919933333334,0.01300202669639512,1.07362,154.0549,17.4,100.24,14.9
2025-10-01,916692.1,486673.8,210929.8,179511.4,371746.9,353878.7,NA,92,-19.3,3.866667,77.32418,15337240,89.66666666666667,128.7738,-12.7,100.9,-23.5,155.46666666666667,143.23333333333332,188.03333333333333,189.33333333333334,149.83333333333334,149.98,2.6965122044,2.0415044667,3.7066666666666666,136.7,1635754.6666666667,NA,48.9,87.8,63.4,-3.7,0.8592611594,104.4744,-11.433333333333334,90.93333333333334,3.433333333333333,59.64,0.597529669602712,21.328562666666667,0.010256019652239606,0.6961634,153.0183,22.4,1072.57,0
2026-01-01,920778.2,483772.5,212871.7,177099.5,380565.1,355821.1,NA,91.1,-15.766666666666666,3.9,77.28336,15385497,90.86666666666667,128.46190000000001,-10.566666666666666,101.2,-25.266666666666666,NA,NA,NA,NA,NA,149.905,2.8205555556,2.0494788,3.7533333333333334,NA,1641083.6666666667,NA,NA,NA,NA,-2.1,0.8544349091,103.9384,-11.466666666666667,92.76666666666667,4.933333333333334,71.97666666666666,0.8473877012729645,10.371620466666666,0.03409220901259489,0.6403871,156.3323,18.03333333333333,1382.796224974574,0
2026-04-01,923821.1,484378.8,213179.3,176749.7,387998,361295.3,NA,91.4,-14.366666666666667,3.933333,77.32463,15274588,87.66666666666667,NA,-13.4,101.5,-30.666666666666668,NA,NA,NA,NA,NA,151.155,3.00386363636364,2.2468,3.9066666666666667,NA,1650534,NA,NA,NA,NA,NA,0.859784812409812,103.5349,-15.966666666666667,90.2,1.1666666666666667,95.75333333333333,0.8015536268552145,43.523723000000004,0.01080788538434833,0.5212405,155.1563,21.2,369.57607202980915,43.22674071802427
2026-07-01,NA,NA,NA,NA,NA,NA,NA,NA,-11.95,NA,NA,NA,92.15,NA,-14.3,NA,-25.8,NA,NA,NA,NA,NA,NA,NA,NA,3.93,NA,1658425,NA,NA,NA,NA,NA,NA,NA,-13.25,93.44999999999999,4.9,82.18,0.49355635046958923,44.83344,0.013668457405163039,NA,NA,33,NA,NA
