date,real_gdp,real_household_consumption,real_govt_consumption,real_gfcf_total,real_exports,real_imports,inventory_change_to_gdp,real_household_disposable_income,industrial_production,industrial_confidence,unemployment_rate,employment_rate,hours_worked,population,employment_expectations,house_price_real,construction_confidence,retail_sales_volume,retail_confidence,cpi_index,core_cpi_index,food_price_index,energy_price_index,services_price_index,unit_labor_cost,long_term_rate,short_term_rate,mortgage_rate,mortgage_rate_pure_new_loans,credit_to_private_nonfin_sector,household_mortgage_loans,mortgage_new_lending,euro_area_household_net_worth_growth,household_credit_to_gdp,corporate_credit_to_gdp,government_debt_to_gdp,government_primary_balance_to_gdp,fx_rate_to_usd,real_effective_exchange_rate,consumer_confidence,consumer_financial_situation_past,consumer_financial_situation_expected,consumer_economic_situation_past,consumer_economic_situation_expected,consumer_price_trends_past,consumer_price_expectations,consumer_unemployment_expectations,consumer_major_purchases_now,consumer_major_purchases_expected,consumer_savings_expected,consumer_household_finances_now,consumer_home_purchase_intentions,consumer_home_improvement_intentions,industry_production_past,industry_order_books,industry_export_order_books,industry_stocks_finished_products,industry_production_expectations,industry_selling_price_expectations,industry_employment_expectations,industry_limits_none,industry_limits_demand,industry_limits_labour,industry_limits_material_equipment,industry_limits_other,industry_limits_financial,industry_production_capacity,industry_new_orders_past,industry_capacity_utilization,industry_competitive_position_eu,industry_competitive_position_outside_eu,services_business_situation_past,services_demand_past,services_demand_expected,services_employment_expectations,services_price_expectations,services_limits_none,services_limits_demand,services_limits_labour,services_limits_equipment_space,services_limits_financial,services_limits_other,services_capacity_utilization,retail_business_activity_past,retail_stocks,retail_orders_expected,retail_business_activity_expected,retail_employment_expectations,retail_price_expectations,construction_activity_past,construction_limits_none,construction_limits_demand,construction_limits_labour,construction_limits_material_equipment,construction_limits_other,construction_limits_financial,construction_order_books,construction_employment_expectations,construction_price_expectations,economic_sentiment_indicator,services_confidence,oil_price,geopolitical_risk,global_activity,financial_stress,world_uncertainty_index,share_price_index,construction_weather_constraint,heating_degree_days,cooling_degree_days
1952-04-01,NA,NA,NA,NA,NA,NA,NA,NA,NA,NA,NA,NA,NA,NA,NA,NA,NA,NA,NA,NA,NA,NA,NA,NA,NA,NA,NA,NA,NA,NA,NA,NA,NA,NA,NA,NA,NA,NA,NA,NA,NA,NA,NA,NA,NA,NA,NA,NA,NA,NA,NA,NA,NA,NA,NA,NA,NA,NA,NA,NA,NA,NA,NA,NA,NA,NA,NA,NA,NA,NA,NA,NA,NA,NA,NA,NA,NA,NA,NA,NA,NA,NA,NA,NA,NA,NA,NA,NA,NA,NA,NA,NA,NA,NA,NA,NA,NA,NA,NA,NA,NA,NA,NA,NA,NA,0,NA,NA,NA,NA
1952-07-01,NA,NA,NA,NA,NA,NA,NA,NA,NA,NA,NA,NA,NA,NA,NA,NA,NA,NA,NA,NA,NA,NA,NA,NA,NA,NA,NA,NA,NA,NA,NA,NA,NA,NA,NA,NA,NA,NA,NA,NA,NA,NA,NA,NA,NA,NA,NA,NA,NA,NA,NA,NA,NA,NA,NA,NA,NA,NA,NA,NA,NA,NA,NA,NA,NA,NA,NA,NA,NA,NA,NA,NA,NA,NA,NA,NA,NA,NA,NA,NA,NA,NA,NA,NA,NA,NA,NA,NA,NA,NA,NA,NA,NA,NA,NA,NA,NA,NA,NA,NA,NA,NA,NA,NA,NA,0.2499063,NA,NA,NA,NA
1952-10-01,NA,NA,NA,NA,NA,NA,NA,NA,NA,NA,NA,NA,NA,NA,NA,NA,NA,NA,NA,NA,NA,NA,NA,NA,NA,NA,NA,NA,NA,NA,NA,NA,NA,NA,NA,NA,NA,NA,NA,NA,NA,NA,NA,NA,NA,NA,NA,NA,NA,NA,NA,NA,NA,NA,NA,NA,NA,NA,NA,NA,NA,NA,NA,NA,NA,NA,NA,NA,NA,NA,NA,NA,NA,NA,NA,NA,NA,NA,NA,NA,NA,NA,NA,NA,NA,NA,NA,NA,NA,NA,NA,NA,NA,NA,NA,NA,NA,NA,NA,NA,NA,NA,NA,NA,NA,0.2499063,NA,NA,NA,NA
1953-01-01,NA,NA,NA,NA,NA,NA,NA,NA,NA,NA,NA,NA,NA,NA,NA,NA,NA,NA,NA,NA,NA,NA,NA,NA,NA,NA,NA,NA,NA,NA,NA,NA,NA,NA,NA,NA,NA,NA,NA,NA,NA,NA,NA,NA,NA,NA,NA,NA,NA,NA,NA,NA,NA,NA,NA,NA,NA,NA,NA,NA,NA,NA,NA,NA,NA,NA,NA,NA,NA,NA,NA,NA,NA,NA,NA,NA,NA,NA,NA,NA,NA,NA,NA,NA,NA,NA,NA,NA,NA,NA,NA,NA,NA,NA,NA,NA,NA,NA,NA,NA,NA,NA,NA,NA,NA,0.1448855,NA,NA,NA,NA
1953-04-01,NA,NA,NA,NA,NA,NA,NA,NA,NA,NA,NA,NA,NA,NA,NA,NA,NA,NA,NA,NA,NA,NA,NA,NA,NA,NA,NA,NA,NA,NA,NA,NA,NA,NA,NA,NA,NA,NA,NA,NA,NA,NA,NA,NA,NA,NA,NA,NA,NA,NA,NA,NA,NA,NA,NA,NA,NA,NA,NA,NA,NA,NA,NA,NA,NA,NA,NA,NA,NA,NA,NA,NA,NA,NA,NA,NA,NA,NA,NA,NA,NA,NA,NA,NA,NA,NA,NA,NA,NA,NA,NA,NA,NA,NA,NA,NA,NA,NA,NA,NA,NA,NA,NA,NA,NA,0,NA,NA,NA,NA
1953-07-01,NA,NA,NA,NA,NA,NA,NA,NA,NA,NA,NA,NA,NA,NA,NA,NA,NA,NA,NA,NA,NA,NA,NA,NA,NA,NA,NA,NA,NA,NA,NA,NA,NA,NA,NA,NA,NA,NA,NA,NA,NA,NA,NA,NA,NA,NA,NA,NA,NA,NA,NA,NA,NA,NA,NA,NA,NA,NA,NA,NA,NA,NA,NA,NA,NA,NA,NA,NA,NA,NA,NA,NA,NA,NA,NA,NA,NA,NA,NA,NA,NA,NA,NA,NA,NA,NA,NA,NA,NA,NA,NA,NA,NA,NA,NA,NA,NA,NA,NA,NA,NA,NA,NA,NA,NA,0.6753107,NA,NA,NA,NA
1953-10-01,NA,NA,NA,NA,NA,NA,NA,NA,NA,NA,NA,NA,NA,NA,NA,NA,NA,NA,NA,NA,NA,NA,NA,NA,NA,NA,NA,NA,NA,NA,NA,NA,NA,NA,NA,NA,NA,NA,NA,NA,NA,NA,NA,NA,NA,NA,NA,NA,NA,NA,NA,NA,NA,NA,NA,NA,NA,NA,NA,NA,NA,NA,NA,NA,NA,NA,NA,NA,NA,NA,NA,NA,NA,NA,NA,NA,NA,NA,NA,NA,NA,NA,NA,NA,NA,NA,NA,NA,NA,NA,NA,NA,NA,NA,NA,NA,NA,NA,NA,NA,NA,NA,NA,NA,NA,0.1365001,NA,NA,NA,NA
1954-01-01,NA,NA,NA,NA,NA,NA,NA,NA,NA,NA,NA,NA,NA,NA,NA,NA,NA,NA,NA,NA,NA,NA,NA,NA,NA,NA,NA,NA,NA,NA,NA,NA,NA,NA,NA,NA,NA,NA,NA,NA,NA,NA,NA,NA,NA,NA,NA,NA,NA,NA,NA,NA,NA,NA,NA,NA,NA,NA,NA,NA,NA,NA,NA,NA,NA,NA,NA,NA,NA,NA,NA,NA,NA,NA,NA,NA,NA,NA,NA,NA,NA,NA,NA,NA,NA,NA,NA,NA,NA,NA,NA,NA,NA,NA,NA,NA,NA,NA,NA,NA,NA,NA,NA,NA,NA,0,NA,NA,NA,NA
1954-04-01,NA,NA,NA,NA,NA,NA,NA,NA,NA,NA,NA,NA,NA,NA,NA,NA,NA,NA,NA,NA,NA,NA,NA,NA,NA,NA,NA,NA,NA,NA,NA,NA,NA,NA,NA,NA,NA,NA,NA,NA,NA,NA,NA,NA,NA,NA,NA,NA,NA,NA,NA,NA,NA,NA,NA,NA,NA,NA,NA,NA,NA,NA,NA,NA,NA,NA,NA,NA,NA,NA,NA,NA,NA,NA,NA,NA,NA,NA,NA,NA,NA,NA,NA,NA,NA,NA,NA,NA,NA,NA,NA,NA,NA,NA,NA,NA,NA,NA,NA,NA,NA,NA,NA,NA,NA,0,NA,NA,NA,NA
1954-07-01,NA,NA,NA,NA,NA,NA,NA,NA,NA,NA,NA,NA,NA,NA,NA,NA,NA,NA,NA,NA,NA,NA,NA,NA,NA,NA,NA,NA,NA,NA,NA,NA,NA,NA,NA,NA,NA,NA,NA,NA,NA,NA,NA,NA,NA,NA,NA,NA,NA,NA,NA,NA,NA,NA,NA,NA,NA,NA,NA,NA,NA,NA,NA,NA,NA,NA,NA,NA,NA,NA,NA,NA,NA,NA,NA,NA,NA,NA,NA,NA,NA,NA,NA,NA,NA,NA,NA,NA,NA,NA,NA,NA,NA,NA,NA,NA,NA,NA,NA,NA,NA,NA,NA,NA,NA,0,NA,NA,NA,NA
1954-10-01,NA,NA,NA,NA,NA,NA,NA,NA,NA,NA,NA,NA,NA,NA,NA,NA,NA,NA,NA,NA,NA,NA,NA,NA,NA,NA,NA,NA,NA,NA,NA,NA,NA,NA,NA,NA,NA,NA,NA,NA,NA,NA,NA,NA,NA,NA,NA,NA,NA,NA,NA,NA,NA,NA,NA,NA,NA,NA,NA,NA,NA,NA,NA,NA,NA,NA,NA,NA,NA,NA,NA,NA,NA,NA,NA,NA,NA,NA,NA,NA,NA,NA,NA,NA,NA,NA,NA,NA,NA,NA,NA,NA,NA,NA,NA,NA,NA,NA,NA,NA,NA,NA,NA,NA,NA,0,NA,NA,NA,NA
1955-01-01,NA,NA,NA,NA,NA,NA,NA,NA,NA,NA,NA,NA,NA,NA,NA,NA,NA,NA,NA,NA,NA,NA,NA,NA,NA,NA,NA,NA,NA,NA,NA,NA,NA,NA,NA,NA,NA,NA,NA,NA,NA,NA,NA,NA,NA,NA,NA,NA,NA,NA,NA,NA,NA,NA,NA,NA,NA,NA,NA,NA,NA,NA,NA,NA,NA,NA,NA,NA,NA,NA,NA,NA,NA,NA,NA,NA,NA,NA,NA,NA,NA,NA,NA,NA,NA,NA,NA,NA,NA,NA,NA,NA,NA,NA,NA,NA,NA,NA,NA,NA,NA,NA,NA,NA,NA,0,NA,NA,NA,NA
1955-04-01,NA,NA,NA,NA,NA,NA,NA,NA,NA,NA,NA,NA,NA,NA,NA,NA,NA,NA,NA,NA,NA,NA,NA,NA,NA,NA,NA,NA,NA,NA,NA,NA,NA,NA,NA,NA,NA,NA,NA,NA,NA,NA,NA,NA,NA,NA,NA,NA,NA,NA,NA,NA,NA,NA,NA,NA,NA,NA,NA,NA,NA,NA,NA,NA,NA,NA,NA,NA,NA,NA,NA,NA,NA,NA,NA,NA,NA,NA,NA,NA,NA,NA,NA,NA,NA,NA,NA,NA,NA,NA,NA,NA,NA,NA,NA,NA,NA,NA,NA,NA,NA,NA,NA,NA,NA,0,NA,NA,NA,NA
1955-07-01,NA,NA,NA,NA,NA,NA,NA,NA,NA,NA,NA,NA,NA,NA,NA,NA,NA,NA,NA,NA,NA,NA,NA,NA,NA,NA,NA,NA,NA,NA,NA,NA,NA,NA,NA,NA,NA,NA,NA,NA,NA,NA,NA,NA,NA,NA,NA,NA,NA,NA,NA,NA,NA,NA,NA,NA,NA,NA,NA,NA,NA,NA,NA,NA,NA,NA,NA,NA,NA,NA,NA,NA,NA,NA,NA,NA,NA,NA,NA,NA,NA,NA,NA,NA,NA,NA,NA,NA,NA,NA,NA,NA,NA,NA,NA,NA,NA,NA,NA,NA,NA,NA,NA,NA,NA,0,NA,NA,NA,NA
1955-10-01,NA,NA,NA,NA,NA,NA,NA,NA,NA,NA,NA,NA,NA,NA,NA,NA,NA,NA,NA,NA,NA,NA,NA,NA,NA,NA,NA,NA,NA,NA,NA,NA,NA,NA,NA,NA,NA,NA,NA,NA,NA,NA,NA,NA,NA,NA,NA,NA,NA,NA,NA,NA,NA,NA,NA,NA,NA,NA,NA,NA,NA,NA,NA,NA,NA,NA,NA,NA,NA,NA,NA,NA,NA,NA,NA,NA,NA,NA,NA,NA,NA,NA,NA,NA,NA,NA,NA,NA,NA,NA,NA,NA,NA,NA,NA,NA,NA,NA,NA,NA,NA,NA,NA,NA,NA,0,NA,NA,NA,NA
1956-01-01,NA,NA,NA,NA,NA,NA,NA,NA,NA,NA,NA,NA,NA,NA,NA,NA,NA,NA,NA,NA,NA,NA,NA,NA,NA,NA,NA,NA,NA,NA,NA,NA,NA,NA,NA,NA,NA,NA,NA,NA,NA,NA,NA,NA,NA,NA,NA,NA,NA,NA,NA,NA,NA,NA,NA,NA,NA,NA,NA,NA,NA,NA,NA,NA,NA,NA,NA,NA,NA,NA,NA,NA,NA,NA,NA,NA,NA,NA,NA,NA,NA,NA,NA,NA,NA,NA,NA,NA,NA,NA,NA,NA,NA,NA,NA,NA,NA,NA,NA,NA,NA,NA,NA,NA,NA,0.0847458,NA,NA,NA,NA
1956-04-01,NA,NA,NA,NA,NA,NA,NA,NA,NA,NA,NA,NA,NA,NA,NA,NA,NA,NA,NA,NA,NA,NA,NA,NA,NA,NA,NA,NA,NA,NA,NA,NA,NA,NA,NA,NA,NA,NA,NA,NA,NA,NA,NA,NA,NA,NA,NA,NA,NA,NA,NA,NA,NA,NA,NA,NA,NA,NA,NA,NA,NA,NA,NA,NA,NA,NA,NA,NA,NA,NA,NA,NA,NA,NA,NA,NA,NA,NA,NA,NA,NA,NA,NA,NA,NA,NA,NA,NA,NA,NA,NA,NA,NA,NA,NA,NA,NA,NA,NA,NA,NA,NA,NA,NA,NA,0.0847458,NA,NA,NA,NA
1956-07-01,NA,NA,NA,NA,NA,NA,NA,NA,NA,NA,NA,NA,NA,NA,NA,NA,NA,NA,NA,NA,NA,NA,NA,NA,NA,NA,NA,NA,NA,NA,NA,NA,NA,NA,NA,NA,NA,NA,NA,NA,NA,NA,NA,NA,NA,NA,NA,NA,NA,NA,NA,NA,NA,NA,NA,NA,NA,NA,NA,NA,NA,NA,NA,NA,NA,NA,NA,NA,NA,NA,NA,NA,NA,NA,NA,NA,NA,NA,NA,NA,NA,NA,NA,NA,NA,NA,NA,NA,NA,NA,NA,NA,NA,NA,NA,NA,NA,NA,NA,NA,NA,NA,NA,NA,NA,0.2181025,NA,NA,NA,NA
1956-10-01,NA,NA,NA,NA,NA,NA,NA,NA,NA,NA,NA,NA,NA,NA,NA,NA,NA,NA,NA,NA,NA,NA,NA,NA,NA,NA,NA,NA,NA,NA,NA,NA,NA,NA,NA,NA,NA,NA,NA,NA,NA,NA,NA,NA,NA,NA,NA,NA,NA,NA,NA,NA,NA,NA,NA,NA,NA,NA,NA,NA,NA,NA,NA,NA,NA,NA,NA,NA,NA,NA,NA,NA,NA,NA,NA,NA,NA,NA,NA,NA,NA,NA,NA,NA,NA,NA,NA,NA,NA,NA,NA,NA,NA,NA,NA,NA,NA,NA,NA,NA,NA,NA,NA,NA,NA,0.2181025,NA,NA,NA,NA
1957-01-01,NA,NA,NA,NA,NA,NA,NA,NA,NA,NA,NA,NA,NA,NA,NA,NA,NA,NA,NA,NA,NA,NA,NA,NA,NA,NA,NA,NA,NA,NA,NA,NA,NA,NA,NA,NA,NA,NA,NA,NA,NA,NA,NA,NA,NA,NA,NA,NA,NA,NA,NA,NA,NA,NA,NA,NA,NA,NA,NA,NA,NA,NA,NA,NA,NA,NA,NA,NA,NA,NA,NA,NA,NA,NA,NA,NA,NA,NA,NA,NA,NA,NA,NA,NA,NA,NA,NA,NA,NA,NA,NA,NA,NA,NA,NA,NA,NA,NA,NA,NA,NA,NA,NA,NA,NA,0.1180916,NA,NA,NA,NA
1957-04-01,NA,NA,NA,NA,NA,NA,NA,NA,NA,NA,NA,NA,NA,NA,NA,NA,NA,NA,NA,NA,NA,NA,NA,NA,NA,NA,NA,NA,NA,NA,NA,NA,NA,NA,NA,NA,NA,NA,NA,NA,NA,NA,NA,NA,NA,NA,NA,NA,NA,NA,NA,NA,NA,NA,NA,NA,NA,NA,NA,NA,NA,NA,NA,NA,NA,NA,NA,NA,NA,NA,NA,NA,NA,NA,NA,NA,NA,NA,NA,NA,NA,NA,NA,NA,NA,NA,NA,NA,NA,NA,NA,NA,NA,NA,NA,NA,NA,NA,NA,NA,NA,NA,NA,NA,NA,0,NA,NA,NA,NA
1957-07-01,NA,NA,NA,NA,NA,NA,NA,NA,NA,NA,NA,NA,NA,NA,NA,NA,NA,NA,NA,NA,NA,NA,NA,NA,NA,NA,NA,NA,NA,NA,NA,NA,NA,NA,NA,NA,NA,NA,NA,NA,NA,NA,NA,NA,NA,NA,NA,NA,NA,NA,NA,NA,NA,NA,NA,NA,NA,NA,NA,NA,NA,NA,NA,NA,NA,NA,NA,NA,NA,NA,NA,NA,NA,NA,NA,NA,NA,NA,NA,NA,NA,NA,NA,NA,NA,NA,NA,NA,NA,NA,NA,NA,NA,NA,NA,NA,NA,NA,NA,NA,NA,NA,NA,NA,NA,0,NA,NA,NA,NA
1957-10-01,NA,NA,NA,NA,NA,NA,NA,NA,NA,NA,NA,NA,NA,NA,NA,NA,NA,NA,NA,NA,NA,NA,NA,NA,NA,NA,NA,NA,NA,NA,NA,NA,NA,NA,NA,NA,NA,NA,NA,NA,NA,NA,NA,NA,NA,NA,NA,NA,NA,NA,NA,NA,NA,NA,NA,NA,NA,NA,NA,NA,NA,NA,NA,NA,NA,NA,NA,NA,NA,NA,NA,NA,NA,NA,NA,NA,NA,NA,NA,NA,NA,NA,NA,NA,NA,NA,NA,NA,NA,NA,NA,NA,NA,NA,NA,NA,NA,NA,NA,NA,NA,NA,NA,NA,NA,0.3512469,NA,NA,NA,NA
1958-01-01,NA,NA,NA,NA,NA,NA,NA,NA,NA,NA,NA,NA,NA,NA,NA,NA,NA,NA,NA,NA,NA,NA,NA,NA,NA,NA,NA,NA,NA,NA,NA,NA,NA,NA,NA,NA,NA,NA,NA,NA,NA,NA,NA,NA,NA,NA,NA,NA,NA,NA,NA,NA,NA,NA,NA,NA,NA,NA,NA,NA,NA,NA,NA,NA,NA,NA,NA,NA,NA,NA,NA,NA,NA,NA,NA,NA,NA,NA,NA,NA,NA,NA,NA,NA,NA,NA,NA,NA,NA,NA,NA,NA,NA,NA,NA,NA,NA,NA,NA,NA,NA,NA,NA,NA,NA,0,NA,NA,NA,NA
1958-04-01,NA,NA,NA,NA,NA,NA,NA,NA,NA,NA,NA,NA,NA,NA,NA,NA,NA,NA,NA,NA,NA,NA,NA,NA,NA,NA,NA,NA,NA,NA,NA,NA,NA,NA,NA,NA,NA,NA,NA,NA,NA,NA,NA,NA,NA,NA,NA,NA,NA,NA,NA,NA,NA,NA,NA,NA,NA,NA,NA,NA,NA,NA,NA,NA,NA,NA,NA,NA,NA,NA,NA,NA,NA,NA,NA,NA,NA,NA,NA,NA,NA,NA,NA,NA,NA,NA,NA,NA,NA,NA,NA,NA,NA,NA,NA,NA,NA,NA,NA,NA,NA,NA,NA,NA,NA,0,NA,NA,NA,NA
1958-07-01,NA,NA,NA,NA,NA,NA,NA,NA,NA,NA,NA,NA,NA,NA,NA,NA,NA,NA,NA,NA,NA,NA,NA,NA,NA,NA,NA,NA,NA,NA,NA,NA,NA,NA,NA,NA,NA,NA,NA,NA,NA,NA,NA,NA,NA,NA,NA,NA,NA,NA,NA,NA,NA,NA,NA,NA,NA,NA,NA,NA,NA,NA,NA,NA,NA,NA,NA,NA,NA,NA,NA,NA,NA,NA,NA,NA,NA,NA,NA,NA,NA,NA,NA,NA,NA,NA,NA,NA,NA,NA,NA,NA,NA,NA,NA,NA,NA,NA,NA,NA,NA,NA,NA,NA,NA,0,NA,NA,NA,NA
1958-10-01,NA,NA,NA,NA,NA,NA,NA,NA,NA,NA,NA,NA,NA,NA,NA,NA,NA,NA,NA,NA,NA,NA,NA,NA,NA,NA,NA,NA,NA,NA,NA,NA,NA,NA,NA,NA,NA,NA,NA,NA,NA,NA,NA,NA,NA,NA,NA,NA,NA,NA,NA,NA,NA,NA,NA,NA,NA,NA,NA,NA,NA,NA,NA,NA,NA,NA,NA,NA,NA,NA,NA,NA,NA,NA,NA,NA,NA,NA,NA,NA,NA,NA,NA,NA,NA,NA,NA,NA,NA,NA,NA,NA,NA,NA,NA,NA,NA,NA,NA,NA,NA,NA,NA,NA,NA,0.2224942,NA,NA,NA,NA
1959-01-01,NA,NA,NA,NA,NA,NA,NA,NA,NA,NA,NA,NA,NA,NA,NA,NA,NA,NA,NA,NA,NA,NA,NA,NA,NA,NA,NA,NA,NA,NA,NA,NA,NA,NA,NA,NA,NA,NA,NA,NA,NA,NA,NA,NA,NA,NA,NA,NA,NA,NA,NA,NA,NA,NA,NA,NA,NA,NA,NA,NA,NA,NA,NA,NA,NA,NA,NA,NA,NA,NA,NA,NA,NA,NA,NA,NA,NA,NA,NA,NA,NA,NA,NA,NA,NA,NA,NA,NA,NA,NA,NA,NA,NA,NA,NA,NA,NA,NA,NA,NA,NA,NA,NA,NA,NA,0,NA,NA,NA,NA
1959-04-01,NA,NA,NA,NA,NA,NA,NA,NA,NA,NA,NA,NA,NA,NA,NA,NA,NA,NA,NA,NA,NA,NA,NA,NA,NA,NA,NA,NA,NA,NA,NA,NA,NA,NA,NA,NA,NA,NA,NA,NA,NA,NA,NA,NA,NA,NA,NA,NA,NA,NA,NA,NA,NA,NA,NA,NA,NA,NA,NA,NA,NA,NA,NA,NA,NA,NA,NA,NA,NA,NA,NA,NA,NA,NA,NA,NA,NA,NA,NA,NA,NA,NA,NA,NA,NA,NA,NA,NA,NA,NA,NA,NA,NA,NA,NA,NA,NA,NA,NA,NA,NA,NA,NA,NA,NA,0,NA,NA,NA,NA
1959-07-01,NA,NA,NA,NA,NA,NA,NA,NA,NA,NA,NA,NA,NA,NA,NA,NA,NA,NA,NA,NA,NA,NA,NA,NA,NA,NA,NA,NA,NA,NA,NA,NA,NA,NA,NA,NA,NA,NA,NA,NA,NA,NA,NA,NA,NA,NA,NA,NA,NA,NA,NA,NA,NA,NA,NA,NA,NA,NA,NA,NA,NA,NA,NA,NA,NA,NA,NA,NA,NA,NA,NA,NA,NA,NA,NA,NA,NA,NA,NA,NA,NA,NA,NA,NA,NA,NA,NA,NA,NA,NA,NA,NA,NA,NA,NA,NA,NA,NA,NA,NA,NA,NA,NA,NA,NA,0,NA,NA,NA,NA
1959-10-01,NA,NA,NA,NA,NA,NA,NA,NA,NA,NA,NA,NA,NA,NA,NA,NA,NA,NA,NA,NA,NA,NA,NA,NA,NA,NA,NA,NA,NA,NA,NA,NA,NA,NA,NA,NA,NA,NA,NA,NA,NA,NA,NA,NA,NA,NA,NA,NA,NA,NA,NA,NA,NA,NA,NA,NA,NA,NA,NA,NA,NA,NA,NA,NA,NA,NA,NA,NA,NA,NA,NA,NA,NA,NA,NA,NA,NA,NA,NA,NA,NA,NA,NA,NA,NA,NA,NA,NA,NA,NA,NA,NA,NA,NA,NA,NA,NA,NA,NA,NA,NA,NA,NA,NA,NA,0.1173433,NA,NA,NA,NA
1960-01-01,216495.3911396237,109280.55868111852,39977.75983606941,59480.22212692284,17023.650124910208,14210.657054514857,NA,NA,29.202857092429507,NA,NA,NA,NA,NA,NA,NA,NA,32.321075984487486,NA,NA,NA,NA,NA,NA,NA,6.5,4.36,NA,NA,NA,NA,NA,NA,NA,NA,NA,NA,2.13260354938824,NA,NA,NA,NA,NA,NA,NA,NA,NA,NA,NA,NA,NA,NA,NA,NA,NA,NA,NA,NA,NA,NA,NA,NA,NA,NA,NA,NA,NA,NA,NA,NA,NA,NA,NA,NA,NA,NA,NA,NA,NA,NA,NA,NA,NA,NA,NA,NA,NA,NA,NA,NA,NA,NA,NA,NA,NA,NA,NA,NA,NA,NA,NA,2.97,NA,NA,NA,0,9.31479,NA,571.0094372997976,0
1960-02-01,NA,NA,NA,NA,NA,NA,NA,NA,29.033302204158417,NA,NA,NA,NA,NA,NA,NA,NA,31.86691504801301,NA,NA,NA,NA,NA,NA,NA,6.4,4.47,NA,NA,NA,NA,NA,NA,NA,NA,NA,NA,2.1324245972298206,NA,NA,NA,NA,NA,NA,NA,NA,NA,NA,NA,NA,NA,NA,NA,NA,NA,NA,NA,NA,NA,NA,NA,NA,NA,NA,NA,NA,NA,NA,NA,NA,NA,NA,NA,NA,NA,NA,NA,NA,NA,NA,NA,NA,NA,NA,NA,NA,NA,NA,NA,NA,NA,NA,NA,NA,NA,NA,NA,NA,NA,NA,NA,2.97,NA,NA,NA,NA,9.36569,NA,523.0717216185582,0
1960-03-01,NA,NA,NA,NA,NA,NA,NA,NA,29.44525731273893,NA,NA,NA,NA,NA,NA,NA,NA,31.10997408566646,NA,NA,NA,NA,NA,NA,NA,6.4,4.71,NA,NA,NA,NA,NA,NA,NA,NA,NA,NA,2.1323376776100167,NA,NA,NA,NA,NA,NA,NA,NA,NA,NA,NA,NA,NA,NA,NA,NA,NA,NA,NA,NA,NA,NA,NA,NA,NA,NA,NA,NA,NA,NA,NA,NA,NA,NA,NA,NA,NA,NA,NA,NA,NA,NA,NA,NA,NA,NA,NA,NA,NA,NA,NA,NA,NA,NA,NA,NA,NA,NA,NA,NA,NA,NA,NA,2.97,NA,NA,NA,NA,9.202808,NA,420.2678024029394,0
1960-04-01,220348.24098194044,110841.63844342268,39476.40971271796,59299.97205986897,17023.650124910208,14309.90710378499,NA,NA,30.108105248103758,NA,NA,NA,NA,NA,NA,NA,NA,34.13771062805175,NA,NA,NA,NA,NA,NA,NA,6.4,4.59,NA,NA,NA,NA,NA,NA,NA,NA,NA,NA,2.1323376776100167,NA,NA,NA,NA,NA,NA,NA,NA,NA,NA,NA,NA,NA,NA,NA,NA,NA,NA,NA,NA,NA,NA,NA,NA,NA,NA,NA,NA,NA,NA,NA,NA,NA,NA,NA,NA,NA,NA,NA,NA,NA,NA,NA,NA,NA,NA,NA,NA,NA,NA,NA,NA,NA,NA,NA,NA,NA,NA,NA,NA,NA,NA,NA,2.97,NA,NA,NA,0.1091822,9.498032,NA,318.82487212794615,0
1960-05-01,NA,NA,NA,NA,NA,NA,NA,NA,29.73245603220338,NA,NA,NA,NA,NA,NA,NA,NA,33.6835587939109,NA,NA,NA,NA,NA,NA,NA,6.4,4.64,NA,NA,NA,NA,NA,NA,NA,NA,NA,NA,2.1323376776100167,NA,NA,NA,NA,NA,NA,NA,NA,NA,NA,NA,NA,NA,NA,NA,NA,NA,NA,NA,NA,NA,NA,NA,NA,NA,NA,NA,NA,NA,NA,NA,NA,NA,NA,NA,NA,NA,NA,NA,NA,NA,NA,NA,NA,NA,NA,NA,NA,NA,NA,NA,NA,NA,NA,NA,NA,NA,NA,NA,NA,NA,NA,NA,2.97,NA,NA,NA,NA,10.09866,NA,135.05021606636518,0
1960-06-01,NA,NA,NA,NA,NA,NA,NA,NA,29.88771149432238,NA,NA,NA,NA,NA,NA,NA,NA,33.60786378744288,NA,NA,NA,NA,NA,NA,NA,6.6,5.25,NA,NA,NA,NA,NA,NA,NA,NA,NA,NA,2.1321587254515992,NA,NA,NA,NA,NA,NA,NA,NA,NA,NA,NA,NA,NA,NA,NA,NA,NA,NA,NA,NA,NA,NA,NA,NA,NA,NA,NA,NA,NA,NA,NA,NA,NA,NA,NA,NA,NA,NA,NA,NA,NA,NA,NA,NA,NA,NA,NA,NA,NA,NA,NA,NA,NA,NA,NA,NA,NA,NA,NA,NA,NA,NA,NA,2.97,NA,NA,NA,NA,11.52387,NA,28.571751405230756,0
1960-07-01,227964.99067021432,112402.69381690417,39059.55961015677,60651.59756268002,17491.41345050527,14458.932177764651,NA,NA,30.98873546075894,NA,NA,NA,NA,NA,NA,NA,NA,33.8349397045133,NA,NA,NA,NA,NA,NA,NA,6.7,5.58,NA,NA,NA,NA,NA,NA,NA,NA,NA,NA,2.132250757990214,NA,NA,NA,NA,NA,NA,NA,NA,NA,NA,NA,NA,NA,NA,NA,NA,NA,NA,NA,NA,NA,NA,NA,NA,NA,NA,NA,NA,NA,NA,NA,NA,NA,NA,NA,NA,NA,NA,NA,NA,NA,NA,NA,NA,NA,NA,NA,NA,NA,NA,NA,NA,NA,NA,NA,NA,NA,NA,NA,NA,NA,NA,NA,2.97,NA,NA,NA,0,12.36882,NA,38.034408531140045,0
1960-08-01,NA,NA,NA,NA,NA,NA,NA,NA,30.39245894439912,NA,NA,NA,NA,NA,NA,NA,NA,33.6835587939109,NA,NA,NA,NA,NA,NA,NA,6.5,5.44,NA,NA,NA,NA,NA,NA,NA,NA,NA,NA,2.1323376776100167,NA,NA,NA,NA,NA,NA,NA,NA,NA,NA,NA,NA,NA,NA,NA,NA,NA,NA,NA,NA,NA,NA,NA,NA,NA,NA,NA,NA,NA,NA,NA,NA,NA,NA,NA,NA,NA,NA,NA,NA,NA,NA,NA,NA,NA,NA,NA,NA,NA,NA,NA,NA,NA,NA,NA,NA,NA,NA,NA,NA,NA,NA,NA,2.97,NA,NA,NA,NA,13.39701,NA,30.243996185755446,0.7942217931091153
1960-09-01,NA,NA,NA,NA,NA,NA,NA,NA,30.914658700781747,NA,NA,NA,NA,NA,NA,NA,NA,33.98632971744934,NA,NA,NA,NA,NA,NA,NA,6.5,5.61,NA,NA,NA,NA,NA,NA,NA,NA,NA,NA,2.1323376776100167,NA,NA,NA,NA,NA,NA,NA,NA,NA,NA,NA,NA,NA,NA,NA,NA,NA,NA,NA,NA,NA,NA,NA,NA,NA,NA,NA,NA,NA,NA,NA,NA,NA,NA,NA,NA,NA,NA,NA,NA,NA,NA,NA,NA,NA,NA,NA,NA,NA,NA,NA,NA,NA,NA,NA,NA,NA,NA,NA,NA,NA,NA,NA,2.97,NA,NA,NA,NA,13.40719,NA,116.5760069655623,0
1960-10-01,230294.96557485685,115616.87236949606,39727.08477439368,61552.797897930795,18239.569778071073,15253.857572384899,NA,NA,31.57652998640196,NA,NA,NA,NA,NA,NA,NA,NA,35.34880342453913,NA,NA,NA,NA,NA,NA,NA,6.3,6.1,NA,NA,63,NA,NA,NA,NA,NA,NA,NA,2.1332273254832987,NA,NA,NA,NA,NA,NA,NA,NA,NA,NA,NA,NA,NA,NA,NA,NA,NA,NA,NA,NA,NA,NA,NA,NA,NA,NA,NA,NA,NA,NA,NA,NA,NA,NA,NA,NA,NA,NA,NA,NA,NA,NA,NA,NA,NA,NA,NA,NA,NA,NA,NA,NA,NA,NA,NA,NA,NA,NA,NA,NA,NA,NA,NA,2.97,NA,NA,NA,0.1244555,12.62332,NA,258.64401109676106,0
1960-11-01,NA,NA,NA,NA,NA,NA,NA,NA,31.32972422648369,NA,NA,NA,NA,NA,NA,NA,NA,34.59187156452622,NA,NA,NA,NA,NA,NA,NA,6.2,5.38,NA,NA,NA,NA,NA,NA,NA,NA,NA,NA,2.1327825015466586,NA,NA,NA,NA,NA,NA,NA,NA,NA,NA,NA,NA,NA,NA,NA,NA,NA,NA,NA,NA,NA,NA,NA,NA,NA,NA,NA,NA,NA,NA,NA,NA,NA,NA,NA,NA,NA,NA,NA,NA,NA,NA,NA,NA,NA,NA,NA,NA,NA,NA,NA,NA,NA,NA,NA,NA,NA,NA,NA,NA,NA,NA,NA,2.97,NA,NA,NA,NA,12.379,NA,356.5385288783087,0
1960-12-01,NA,NA,NA,NA,NA,NA,NA,NA,31.76937584793043,NA,NA,NA,NA,NA,NA,NA,NA,34.516176558058206,NA,NA,NA,NA,NA,NA,NA,6.2,5.06,NA,NA,NA,NA,NA,NA,NA,NA,NA,NA,2.1327825015466586,NA,NA,NA,NA,NA,NA,NA,NA,NA,NA,NA,NA,NA,NA,NA,NA,NA,NA,NA,NA,NA,NA,NA,NA,NA,NA,NA,NA,NA,NA,NA,NA,NA,NA,NA,NA,NA,NA,NA,NA,NA,NA,NA,NA,NA,NA,NA,NA,NA,NA,NA,NA,NA,NA,NA,NA,NA,NA,NA,NA,NA,NA,NA,2.97,NA,NA,NA,NA,12.09396,NA,537.0641343805968,0
1961-01-01,232624.91547950037,117362.01457659008,41563.4602262128,66239.12464126642,18333.367437075547,15005.557449122694,NA,NA,32.19590639237347,NA,NA,NA,NA,NA,NA,NA,NA,34.062024723917354,NA,NA,NA,NA,NA,NA,NA,6.1,4.66,NA,NA,63.5,NA,NA,NA,NA,NA,NA,NA,2.1332273254832987,NA,NA,NA,NA,NA,NA,NA,NA,NA,NA,NA,NA,NA,NA,NA,NA,NA,NA,NA,NA,NA,NA,NA,NA,NA,NA,NA,NA,NA,NA,NA,NA,NA,NA,NA,NA,NA,NA,NA,NA,NA,NA,NA,NA,NA,NA,NA,NA,NA,NA,NA,NA,NA,NA,NA,NA,NA,NA,NA,NA,NA,NA,NA,2.97,NA,NA,NA,0,11.9718,NA,602.7781554673828,0
1961-02-01,NA,NA,NA,NA,NA,NA,NA,NA,32.38643801863753,NA,NA,NA,NA,NA,NA,NA,NA,34.97033749453267,NA,NA,NA,NA,NA,NA,NA,6,4.13,NA,NA,NA,NA,NA,NA,NA,NA,NA,NA,2.1334062776417166,NA,NA,NA,NA,NA,NA,NA,NA,NA,NA,NA,NA,NA,NA,NA,NA,NA,NA,NA,NA,NA,NA,NA,NA,NA,NA,NA,NA,NA,NA,NA,NA,NA,NA,NA,NA,NA,NA,NA,NA,NA,NA,NA,NA,NA,NA,NA,NA,NA,NA,NA,NA,NA,NA,NA,NA,NA,NA,NA,NA,NA,NA,NA,2.97,NA,NA,NA,NA,11.85981,NA,380.34888124113695,0
1961-03-01,NA,NA,NA,NA,NA,NA,NA,NA,32.69699140590791,NA,NA,NA,NA,NA,NA,NA,NA,35.19742251393673,NA,NA,NA,NA,NA,NA,NA,5.9,3.73,NA,NA,NA,NA,NA,NA,NA,NA,NA,NA,2.043531390765046,NA,NA,NA,NA,NA,NA,NA,NA,NA,NA,NA,NA,NA,NA,NA,NA,NA,NA,NA,NA,NA,NA,NA,NA,NA,NA,NA,NA,NA,NA,NA,NA,NA,NA,NA,NA,NA,NA,NA,NA,NA,NA,NA,NA,NA,NA,NA,NA,NA,NA,NA,NA,NA,NA,NA,NA,NA,NA,NA,NA,NA,NA,NA,2.97,NA,NA,NA,NA,11.73765,NA,361.8476230966202,0
1961-04-01,231370.29053084765,116260.249511878,40978.81008236635,63264.89853484029,18660.68426792458,15800.207843606428,NA,NA,32.68609963810387,NA,NA,NA,NA,NA,NA,NA,NA,34.13771062805175,NA,NA,NA,NA,NA,NA,NA,5.7,3.34,NA,NA,64.6,NA,NA,NA,NA,NA,NA,NA,2.030145769315329,NA,NA,NA,NA,NA,NA,NA,NA,NA,NA,NA,NA,NA,NA,NA,NA,NA,NA,NA,NA,NA,NA,NA,NA,NA,NA,NA,NA,NA,NA,NA,NA,NA,NA,NA,NA,NA,NA,NA,NA,NA,NA,NA,NA,NA,NA,NA,NA,NA,NA,NA,NA,NA,NA,NA,NA,NA,NA,NA,NA,NA,NA,NA,2.97,NA,NA,NA,0,11.9718,NA,210.8365528671651,0
1961-05-01,NA,NA,NA,NA,NA,NA,NA,NA,31.994153909804464,NA,NA,NA,NA,NA,NA,NA,NA,34.743261577462256,NA,NA,NA,NA,NA,NA,NA,5.6,3.23,NA,NA,NA,NA,NA,NA,NA,NA,NA,NA,2.0302275760163204,NA,NA,NA,NA,NA,NA,NA,NA,NA,NA,NA,NA,NA,NA,NA,NA,NA,NA,NA,NA,NA,NA,NA,NA,NA,NA,NA,NA,NA,NA,NA,NA,NA,NA,NA,NA,NA,NA,NA,NA,NA,NA,NA,NA,NA,NA,NA,NA,NA,NA,NA,NA,NA,NA,NA,NA,NA,NA,NA,NA,NA,NA,NA,2.97,NA,NA,NA,NA,12.49098,NA,213.51987555473985,0
1961-06-01,NA,NA,NA,NA,NA,NA,NA,NA,31.995884278373726,NA,NA,NA,NA,NA,NA,NA,NA,34.743261577462256,NA,NA,NA,NA,NA,NA,NA,5.6,3.13,NA,NA,NA,NA,NA,NA,NA,NA,NA,NA,2.0316796449589174,NA,NA,NA,NA,NA,NA,NA,NA,NA,NA,NA,NA,NA,NA,NA,NA,NA,NA,NA,NA,NA,NA,NA,NA,NA,NA,NA,NA,NA,NA,NA,NA,NA,NA,NA,NA,NA,NA,NA,NA,NA,NA,NA,NA,NA,NA,NA,NA,NA,NA,NA,NA,NA,NA,NA,NA,NA,NA,NA,NA,NA,NA,NA,2.97,NA,NA,NA,NA,12.56224,NA,42.388729057508,0
1961-07-01,236119.19033649232,119749.63153962677,42147.26036985014,63084.64846778642,18099.37327708571,16197.783040972397,NA,NA,32.592797740219154,NA,NA,NA,NA,NA,NA,NA,NA,34.894642488064655,NA,NA,NA,NA,NA,NA,NA,5.7,3.16,NA,NA,65.7,NA,NA,NA,NA,NA,NA,NA,2.0348292029470865,NA,NA,NA,NA,NA,NA,NA,NA,NA,NA,NA,NA,NA,NA,NA,NA,NA,NA,NA,NA,NA,NA,NA,NA,NA,NA,NA,NA,NA,NA,NA,NA,NA,NA,NA,NA,NA,NA,NA,NA,NA,NA,NA,NA,NA,NA,NA,NA,NA,NA,NA,NA,NA,NA,NA,NA,NA,NA,NA,NA,NA,NA,NA,2.97,NA,NA,NA,0.1163061,11.52387,NA,55.533221442132465,1.2008295268294327
1961-08-01,NA,NA,NA,NA,NA,NA,NA,NA,32.34639537910844,NA,NA,NA,NA,NA,NA,NA,NA,36.03004938041765,NA,NA,NA,NA,NA,NA,NA,5.9,3.09,NA,NA,NA,NA,NA,NA,NA,NA,NA,NA,2.0414095294580816,NA,NA,NA,NA,NA,NA,NA,NA,NA,NA,NA,NA,NA,NA,NA,NA,NA,NA,NA,NA,NA,NA,NA,NA,NA,NA,NA,NA,NA,NA,NA,NA,NA,NA,NA,NA,NA,NA,NA,NA,NA,NA,NA,NA,NA,NA,NA,NA,NA,NA,NA,NA,NA,NA,NA,NA,NA,NA,NA,NA,NA,NA,NA,2.97,NA,NA,NA,NA,10.98433,NA,44.852877756124464,0
1961-09-01,NA,NA,NA,NA,NA,NA,NA,NA,32.61340292667885,NA,NA,NA,NA,NA,NA,NA,NA,35.424498431007144,NA,NA,NA,NA,NA,NA,NA,6,3.06,NA,NA,NA,NA,NA,NA,NA,NA,NA,NA,2.043613197466037,NA,NA,NA,NA,NA,NA,NA,NA,NA,NA,NA,NA,NA,NA,NA,NA,NA,NA,NA,NA,NA,NA,NA,NA,NA,NA,NA,NA,NA,NA,NA,NA,NA,NA,NA,NA,NA,NA,NA,NA,NA,NA,NA,NA,NA,NA,NA,NA,NA,NA,NA,NA,NA,NA,NA,NA,NA,NA,NA,NA,NA,NA,NA,2.97,NA,NA,NA,NA,10.47532,NA,35.32557149736708,0
1961-10-01,237194.96529246474,121953.6250566819,43148.73561625164,63895.97376960325,17772.056446236675,16545.608213641248,NA,NA,32.36210670108698,NA,NA,NA,NA,NA,NA,NA,NA,35.954354373949634,NA,NA,NA,NA,NA,NA,NA,6,4.05,NA,NA,66.6,NA,NA,NA,NA,NA,NA,NA,2.043858617569012,NA,NA,NA,NA,NA,NA,NA,NA,NA,NA,NA,NA,NA,NA,NA,NA,NA,NA,NA,NA,NA,NA,NA,NA,NA,NA,NA,NA,NA,NA,NA,NA,NA,NA,NA,NA,NA,NA,NA,NA,NA,NA,NA,NA,NA,NA,NA,NA,NA,NA,NA,NA,NA,NA,NA,NA,NA,NA,NA,NA,NA,NA,NA,2.97,NA,NA,NA,0.2294631,10.66874,NA,190.0360300883729,0
1961-11-01,NA,NA,NA,NA,NA,NA,NA,NA,32.45636401720012,NA,NA,NA,NA,NA,NA,NA,NA,36.3328203039561,NA,NA,NA,NA,NA,NA,NA,6,3.71,NA,NA,NA,NA,NA,NA,NA,NA,NA,NA,2.0462310118977625,NA,NA,NA,NA,NA,NA,NA,NA,NA,NA,NA,NA,NA,NA,NA,NA,NA,NA,NA,NA,NA,NA,NA,NA,NA,NA,NA,NA,NA,NA,NA,NA,NA,NA,NA,NA,NA,NA,NA,NA,NA,NA,NA,NA,NA,NA,NA,NA,NA,NA,NA,NA,NA,NA,NA,NA,NA,NA,NA,NA,NA,NA,NA,2.97,NA,NA,NA,NA,11.37117,NA,428.07672703710693,0
1961-12-01,NA,NA,NA,NA,NA,NA,NA,NA,33.18149460530014,NA,NA,NA,NA,NA,NA,NA,NA,36.711286233962554,NA,NA,NA,NA,NA,NA,NA,6,3.83,NA,NA,NA,NA,NA,NA,NA,NA,NA,NA,2.044840297980908,NA,NA,NA,NA,NA,NA,NA,NA,NA,NA,NA,NA,NA,NA,NA,NA,NA,NA,NA,NA,NA,NA,NA,NA,NA,NA,NA,NA,NA,NA,NA,NA,NA,NA,NA,NA,NA,NA,NA,NA,NA,NA,NA,NA,NA,NA,NA,NA,NA,NA,NA,NA,NA,NA,NA,NA,NA,NA,NA,NA,NA,NA,NA,2.97,NA,NA,NA,NA,10.99451,NA,576.8088673743694,0
1962-01-01,240689.69014943825,122596.09981262457,44400.88592432887,66870.19987602938,18286.71860133398,16843.93336173709,NA,NA,34.62868782741113,NA,NA,NA,NA,NA,NA,NA,NA,37.92238813278357,NA,NA,NA,NA,NA,NA,NA,5.9,2.93,NA,NA,67,NA,NA,NA,NA,NA,NA,NA,2.042882050075927,NA,NA,NA,NA,NA,NA,NA,NA,NA,NA,NA,NA,NA,NA,NA,NA,NA,NA,NA,NA,NA,NA,NA,NA,NA,NA,NA,NA,NA,NA,NA,NA,NA,NA,NA,NA,NA,NA,NA,NA,NA,NA,NA,NA,NA,NA,NA,NA,NA,NA,NA,NA,NA,NA,NA,NA,NA,NA,NA,NA,NA,NA,NA,2.97,NA,NA,NA,0,10.7909,NA,504.7600945358228,0
1962-02-01,NA,NA,NA,NA,NA,NA,NA,NA,34.56260473327843,NA,NA,NA,NA,NA,NA,NA,NA,38.75500589693087,NA,NA,NA,NA,NA,NA,NA,5.7,2.94,NA,NA,NA,NA,NA,NA,NA,NA,NA,NA,2.044267651073969,NA,NA,NA,NA,NA,NA,NA,NA,NA,NA,NA,NA,NA,NA,NA,NA,NA,NA,NA,NA,NA,NA,NA,NA,NA,NA,NA,NA,NA,NA,NA,NA,NA,NA,NA,NA,NA,NA,NA,NA,NA,NA,NA,NA,NA,NA,NA,NA,NA,NA,NA,NA,NA,NA,NA,NA,NA,NA,NA,NA,NA,NA,NA,2.97,NA,NA,NA,NA,10.62802,NA,498.4321530042882,0
1962-03-01,NA,NA,NA,NA,NA,NA,NA,NA,34.56260473327843,NA,NA,NA,NA,NA,NA,NA,NA,37.84669312631555,NA,NA,NA,NA,NA,NA,NA,5.6,3.02,NA,NA,NA,NA,NA,NA,NA,NA,NA,NA,2.044185844372977,NA,NA,NA,NA,NA,NA,NA,NA,NA,NA,NA,NA,NA,NA,NA,NA,NA,NA,NA,NA,NA,NA,NA,NA,NA,NA,NA,NA,NA,NA,NA,NA,NA,NA,NA,NA,NA,NA,NA,NA,NA,NA,NA,NA,NA,NA,NA,NA,NA,NA,NA,NA,NA,NA,NA,NA,NA,NA,NA,NA,NA,NA,NA,2.97,NA,NA,NA,NA,10.5364,NA,551.6023239466497,0
1962-04-01,243198.49004676208,125351.42705525538,45652.636232307676,66072.09957913231,18473.56393806091,17092.208484986884,NA,NA,34.0339187487006,NA,NA,NA,NA,NA,NA,NA,NA,40.11748870635429,NA,NA,NA,NA,NA,NA,NA,5.6,3.08,NA,NA,67.8,NA,NA,NA,NA,NA,NA,NA,2.0446766845789246,NA,NA,NA,NA,NA,NA,NA,NA,NA,NA,NA,NA,NA,NA,NA,NA,NA,NA,NA,NA,NA,NA,NA,NA,NA,NA,NA,NA,NA,NA,NA,NA,NA,NA,NA,NA,NA,NA,NA,NA,NA,NA,NA,NA,NA,NA,NA,NA,NA,NA,NA,NA,NA,NA,NA,NA,NA,NA,NA,NA,NA,NA,NA,2.97,NA,NA,NA,0.111371,10.1801,NA,278.60476657869117,0
1962-05-01,NA,NA,NA,NA,NA,NA,NA,NA,35.09128010209815,NA,NA,NA,NA,NA,NA,NA,NA,37.695303113379516,NA,NA,NA,NA,NA,NA,NA,5.8,3.08,NA,NA,NA,NA,NA,NA,NA,NA,NA,NA,2.0444312644759512,NA,NA,NA,NA,NA,NA,NA,NA,NA,NA,NA,NA,NA,NA,NA,NA,NA,NA,NA,NA,NA,NA,NA,NA,NA,NA,NA,NA,NA,NA,NA,NA,NA,NA,NA,NA,NA,NA,NA,NA,NA,NA,NA,NA,NA,NA,NA,NA,NA,NA,NA,NA,NA,NA,NA,NA,NA,NA,NA,NA,NA,NA,NA,2.97,NA,NA,NA,NA,9.39623,NA,240.13565497623426,0
1962-06-01,NA,NA,NA,NA,NA,NA,NA,NA,35.09128010209815,NA,NA,NA,NA,NA,NA,NA,NA,40.193183712822304,NA,NA,NA,NA,NA,NA,NA,5.9,3.13,NA,NA,NA,NA,NA,NA,NA,NA,NA,NA,2.0419821763650217,NA,NA,NA,NA,NA,NA,NA,NA,NA,NA,NA,NA,NA,NA,NA,NA,NA,NA,NA,NA,NA,NA,NA,NA,NA,NA,NA,NA,NA,NA,NA,NA,NA,NA,NA,NA,NA,NA,NA,NA,NA,NA,NA,NA,NA,NA,NA,NA,NA,NA,NA,NA,NA,NA,NA,NA,NA,NA,NA,NA,NA,NA,NA,2.97,NA,NA,NA,NA,8.541102,NA,112.07963100039906,0
1962-07-01,249023.61480836073,126177.9886448106,46821.511519896034,67140.34997652649,18941.327263655978,17688.608781054456,NA,NA,35.15737381198895,NA,NA,NA,NA,NA,NA,NA,NA,38.60362498632846,NA,NA,NA,NA,NA,NA,NA,5.9,3.29,NA,NA,68.3,NA,NA,NA,NA,NA,NA,NA,2.038321326495657,NA,NA,NA,NA,NA,NA,NA,NA,NA,NA,NA,NA,NA,NA,NA,NA,NA,NA,NA,NA,NA,NA,NA,NA,NA,NA,NA,NA,NA,NA,NA,NA,NA,NA,NA,NA,NA,NA,NA,NA,NA,NA,NA,NA,NA,NA,NA,NA,NA,NA,NA,NA,NA,NA,NA,NA,NA,NA,NA,NA,NA,NA,NA,2.97,NA,NA,NA,0.0554109,8.27642,NA,60.68865407168628,0.1311344090833723
1962-08-01,NA,NA,NA,NA,NA,NA,NA,NA,36.67733805583162,NA,NA,NA,NA,NA,NA,NA,NA,39.20916683340534,NA,NA,NA,NA,NA,NA,NA,6,3.26,NA,NA,NA,NA,NA,NA,NA,NA,NA,NA,2.043531390765046,NA,NA,NA,NA,NA,NA,NA,NA,NA,NA,NA,NA,NA,NA,NA,NA,NA,NA,NA,NA,NA,NA,NA,NA,NA,NA,NA,NA,NA,NA,NA,NA,NA,NA,NA,NA,NA,NA,NA,NA,NA,NA,NA,NA,NA,NA,NA,NA,NA,NA,NA,NA,NA,NA,NA,NA,NA,NA,NA,NA,NA,NA,NA,2.97,NA,NA,NA,NA,7.950656,NA,27.180164432886354,0.2581708678828893
1962-09-01,NA,NA,NA,NA,NA,NA,NA,NA,35.81822598483218,NA,NA,NA,NA,NA,NA,NA,NA,39.51193775694378,NA,NA,NA,NA,NA,NA,NA,6,3.2,NA,NA,NA,NA,NA,NA,NA,NA,NA,NA,2.04549475158884,NA,NA,NA,NA,NA,NA,NA,NA,NA,NA,NA,NA,NA,NA,NA,NA,NA,NA,NA,NA,NA,NA,NA,NA,NA,NA,NA,NA,NA,NA,NA,NA,NA,NA,NA,NA,NA,NA,NA,NA,NA,NA,NA,NA,NA,NA,NA,NA,NA,NA,NA,NA,NA,NA,NA,NA,NA,NA,NA,NA,NA,NA,NA,2.97,NA,NA,NA,NA,7.828495,NA,139.21816676317255,0
1962-10-01,248485.2898303924,128198.33432706149,46821.511519896034,66509.27474176353,18941.327263655978,18135.68400299344,NA,NA,35.223456906121655,NA,NA,NA,NA,NA,NA,NA,NA,39.360556846341375,NA,NA,NA,NA,NA,NA,NA,6.2,4.45,NA,NA,69.4,NA,NA,NA,NA,NA,NA,NA,2.048199485640368,NA,NA,NA,NA,NA,NA,NA,NA,NA,NA,NA,NA,NA,NA,NA,NA,NA,NA,NA,NA,NA,NA,NA,NA,NA,NA,NA,NA,NA,NA,NA,NA,NA,NA,NA,NA,NA,NA,NA,NA,NA,NA,NA,NA,NA,NA,NA,NA,NA,NA,NA,NA,NA,NA,NA,NA,NA,NA,NA,NA,NA,NA,NA,2.97,NA,NA,NA,0,7.176969,NA,244.99585017120882,0
1962-11-01,NA,NA,NA,NA,NA,NA,NA,NA,35.95039217309758,NA,NA,NA,NA,NA,NA,NA,NA,39.81471778281585,NA,NA,NA,NA,NA,NA,NA,6.2,4.33,NA,NA,NA,NA,NA,NA,NA,NA,NA,NA,2.0495135057750407,NA,NA,NA,NA,NA,NA,NA,NA,NA,NA,NA,NA,NA,NA,NA,NA,NA,NA,NA,NA,NA,NA,NA,NA,NA,NA,NA,NA,NA,NA,NA,NA,NA,NA,NA,NA,NA,NA,NA,NA,NA,NA,NA,NA,NA,NA,NA,NA,NA,NA,NA,NA,NA,NA,NA,NA,NA,NA,NA,NA,NA,NA,NA,2.97,NA,NA,NA,NA,7.981196,NA,450.3017368662359,0
1962-12-01,NA,NA,NA,NA,NA,NA,NA,NA,35.025197007965446,NA,NA,NA,NA,NA,NA,NA,NA,40.420268732226354,NA,NA,NA,NA,NA,NA,NA,6.1,4.35,NA,NA,NA,NA,NA,NA,NA,NA,NA,NA,2.042636629972953,NA,NA,NA,NA,NA,NA,NA,NA,NA,NA,NA,NA,NA,NA,NA,NA,NA,NA,NA,NA,NA,NA,NA,NA,NA,NA,NA,NA,NA,NA,NA,NA,NA,NA,NA,NA,NA,NA,NA,NA,NA,NA,NA,NA,NA,NA,NA,NA,NA,NA,NA,NA,NA,NA,NA,NA,NA,NA,NA,NA,NA,NA,NA,2.97,NA,NA,NA,NA,8.34768,NA,669.3735725211438,0
1963-01-01,239793.21518612772,126269.5686739859,47905.86178668799,55064.04548408433,18333.367437075547,17539.558707062384,NA,NA,35.15737381198895,NA,NA,NA,NA,NA,NA,NA,NA,39.96610779575188,NA,NA,NA,NA,NA,NA,NA,6,3.29,NA,NA,70.3,NA,NA,NA,NA,NA,NA,NA,2.0479540655373927,NA,NA,NA,NA,NA,NA,NA,NA,NA,NA,NA,NA,NA,NA,NA,NA,NA,NA,NA,NA,NA,NA,NA,NA,NA,NA,NA,NA,NA,NA,NA,NA,NA,NA,NA,NA,NA,NA,NA,NA,NA,NA,NA,NA,NA,NA,NA,NA,NA,NA,NA,NA,NA,NA,NA,NA,NA,NA,NA,NA,NA,NA,NA,2.97,NA,NA,NA,0.1083776,8.042277,NA,830.185029248553,0
1963-02-01,NA,NA,NA,NA,NA,NA,NA,NA,34.760854015676536,NA,NA,NA,NA,NA,NA,NA,NA,38.527929979860446,NA,NA,NA,NA,NA,NA,NA,6,3.31,NA,NA,NA,NA,NA,NA,NA,NA,NA,NA,2.0463946252997447,NA,NA,NA,NA,NA,NA,NA,NA,NA,NA,NA,NA,NA,NA,NA,NA,NA,NA,NA,NA,NA,NA,NA,NA,NA,NA,NA,NA,NA,NA,NA,NA,NA,NA,NA,NA,NA,NA,NA,NA,NA,NA,NA,NA,NA,NA,NA,NA,NA,NA,NA,NA,NA,NA,NA,NA,NA,NA,NA,NA,NA,NA,NA,2.97,NA,NA,NA,NA,7.818315,NA,691.1154403886173,0
1963-03-01,NA,NA,NA,NA,NA,NA,NA,NA,35.61996608667597,NA,NA,NA,NA,NA,NA,NA,NA,40.11748870635429,NA,NA,NA,NA,NA,NA,NA,6,3.53,NA,NA,NA,NA,NA,NA,NA,NA,NA,NA,2.043285970662072,NA,NA,NA,NA,NA,NA,NA,NA,NA,NA,NA,NA,NA,NA,NA,NA,NA,NA,NA,NA,NA,NA,NA,NA,NA,NA,NA,NA,NA,NA,NA,NA,NA,NA,NA,NA,NA,NA,NA,NA,NA,NA,NA,NA,NA,NA,NA,NA,NA,NA,NA,NA,NA,NA,NA,NA,NA,NA,NA,NA,NA,NA,NA,2.97,NA,NA,NA,NA,7.808135,NA,499.4968494057923,0
1963-04-01,250546.5147460339,128565.60560784728,48907.7370331879,70294.82615000648,19970.151586329244,18781.559323621615,NA,NA,35.95039217309758,NA,NA,NA,NA,NA,NA,NA,NA,39.663327769879814,NA,NA,NA,NA,NA,NA,NA,6,3.56,NA,NA,71.6,NA,NA,NA,NA,NA,NA,NA,2.0414913361590727,NA,NA,NA,NA,NA,NA,NA,NA,NA,NA,NA,NA,NA,NA,NA,NA,NA,NA,NA,NA,NA,NA,NA,NA,NA,NA,NA,NA,NA,NA,NA,NA,NA,NA,NA,NA,NA,NA,NA,NA,NA,NA,NA,NA,NA,NA,NA,NA,NA,NA,NA,NA,NA,NA,NA,NA,NA,NA,NA,NA,NA,NA,NA,2.97,NA,NA,NA,0,8.001556,NA,289.62140085782295,0
1963-05-01,NA,NA,NA,NA,NA,NA,NA,NA,36.2147351653865,NA,NA,NA,NA,NA,NA,NA,NA,39.81471778281585,NA,NA,NA,NA,NA,NA,NA,6.1,3.6,NA,NA,NA,NA,NA,NA,NA,NA,NA,NA,2.0378304862897085,NA,NA,NA,NA,NA,NA,NA,NA,NA,NA,NA,NA,NA,NA,NA,NA,NA,NA,NA,NA,NA,NA,NA,NA,NA,NA,NA,NA,NA,NA,NA,NA,NA,NA,NA,NA,NA,NA,NA,NA,NA,NA,NA,NA,NA,NA,NA,NA,NA,NA,NA,NA,NA,NA,NA,NA,NA,NA,NA,NA,NA,NA,NA,2.97,NA,NA,NA,NA,8.703983,NA,172.38691273943846,0
1963-06-01,NA,NA,NA,NA,NA,NA,NA,NA,35.88430907896488,NA,NA,NA,NA,NA,NA,NA,NA,39.43625185280939,NA,NA,NA,NA,NA,NA,NA,6.1,3.83,NA,NA,NA,NA,NA,NA,NA,NA,NA,NA,2.0353149302342226,NA,NA,NA,NA,NA,NA,NA,NA,NA,NA,NA,NA,NA,NA,NA,NA,NA,NA,NA,NA,NA,NA,NA,NA,NA,NA,NA,NA,NA,NA,NA,NA,NA,NA,NA,NA,NA,NA,NA,NA,NA,NA,NA,NA,NA,NA,NA,NA,NA,NA,NA,NA,NA,NA,NA,NA,NA,NA,NA,NA,NA,NA,NA,2.97,NA,NA,NA,NA,8.846505,NA,33.7779249713968,0
1963-07-01,259238.5893902986,130218.70439813504,48991.012053676764,72186.70185379316,20671.659078153476,18831.05934819463,NA,NA,36.47907815767541,NA,NA,NA,NA,NA,NA,NA,NA,40.11748870635429,NA,NA,NA,NA,NA,NA,NA,6.1,3.98,NA,NA,72.1,NA,NA,NA,NA,NA,NA,NA,2.036291497727308,NA,NA,NA,NA,NA,NA,NA,NA,NA,NA,NA,NA,NA,NA,NA,NA,NA,NA,NA,NA,NA,NA,NA,NA,NA,NA,NA,NA,NA,NA,NA,NA,NA,NA,NA,NA,NA,NA,NA,NA,NA,NA,NA,NA,NA,NA,NA,NA,NA,NA,NA,NA,NA,NA,NA,NA,NA,NA,NA,NA,NA,NA,NA,2.97,NA,NA,NA,0.2659928,8.805784,NA,7.61516907281269,3.0690395284581715
1963-08-01,NA,NA,NA,NA,NA,NA,NA,NA,37.800782503361866,NA,NA,NA,NA,NA,NA,NA,NA,40.57164964282876,NA,NA,NA,NA,NA,NA,NA,6.1,3.81,NA,NA,NA,NA,NA,NA,NA,NA,NA,NA,2.0369408384164274,NA,NA,NA,NA,NA,NA,NA,NA,NA,NA,NA,NA,NA,NA,NA,NA,NA,NA,NA,NA,NA,NA,NA,NA,NA,NA,NA,NA,NA,NA,NA,NA,NA,NA,NA,NA,NA,NA,NA,NA,NA,NA,NA,NA,NA,NA,NA,NA,NA,NA,NA,NA,NA,NA,NA,NA,NA,NA,NA,NA,NA,NA,NA,2.97,NA,NA,NA,NA,9.172268,NA,40.39074472927986,6.674195028972471
1963-09-01,NA,NA,NA,NA,NA,NA,NA,NA,36.74342114996432,NA,NA,NA,NA,NA,NA,NA,NA,39.96610779575188,NA,NA,NA,NA,NA,NA,NA,6.1,3.75,NA,NA,NA,NA,NA,NA,NA,NA,NA,NA,2.0353149302342226,NA,NA,NA,NA,NA,NA,NA,NA,NA,NA,NA,NA,NA,NA,NA,NA,NA,NA,NA,NA,NA,NA,NA,NA,NA,NA,NA,NA,NA,NA,NA,NA,NA,NA,NA,NA,NA,NA,NA,NA,NA,NA,NA,NA,NA,NA,NA,NA,NA,NA,NA,NA,NA,NA,NA,NA,NA,NA,NA,NA,NA,NA,NA,2.97,NA,NA,NA,NA,9.42677,NA,81.93423913002616,0
1963-10-01,260493.21433895134,131412.51287965337,49241.287115254076,71916.55175329605,21092.52357424631,17787.85883032459,NA,NA,37.33819022867485,NA,NA,NA,NA,NA,NA,NA,NA,40.79873466223281,NA,NA,NA,NA,NA,NA,NA,6.1,5.13,NA,NA,73.3,NA,NA,NA,NA,NA,NA,NA,2.0340213617747964,NA,NA,NA,NA,NA,NA,NA,NA,NA,NA,NA,NA,NA,NA,NA,NA,NA,NA,NA,NA,NA,NA,NA,NA,NA,NA,NA,NA,NA,NA,NA,NA,NA,NA,NA,NA,NA,NA,NA,NA,NA,NA,NA,NA,NA,NA,NA,NA,NA,NA,NA,NA,NA,NA,NA,NA,NA,NA,NA,NA,NA,NA,NA,2.97,NA,NA,NA,0.3847634,9.233349,NA,274.24066235566073,0
1963-11-01,NA,NA,NA,NA,NA,NA,NA,NA,37.60252260520566,NA,NA,NA,NA,NA,NA,NA,NA,41.02581057930323,NA,NA,NA,NA,NA,NA,NA,6,5,NA,NA,NA,NA,NA,NA,NA,NA,NA,NA,2.0326459866143787,NA,NA,NA,NA,NA,NA,NA,NA,NA,NA,NA,NA,NA,NA,NA,NA,NA,NA,NA,NA,NA,NA,NA,NA,NA,NA,NA,NA,NA,NA,NA,NA,NA,NA,NA,NA,NA,NA,NA,NA,NA,NA,NA,NA,NA,NA,NA,NA,NA,NA,NA,NA,NA,NA,NA,NA,NA,NA,NA,NA,NA,NA,NA,2.97,NA,NA,NA,NA,8.968666,NA,310.4987544309939,0
1963-12-01,NA,NA,NA,NA,NA,NA,NA,NA,36.47907815767541,NA,NA,NA,NA,NA,NA,NA,NA,42.08552246518822,NA,NA,NA,NA,NA,NA,NA,6,4.98,NA,NA,NA,NA,NA,NA,NA,NA,NA,NA,2.0317563387410966,NA,NA,NA,NA,NA,NA,NA,NA,NA,NA,NA,NA,NA,NA,NA,NA,NA,NA,NA,NA,NA,NA,NA,NA,NA,NA,NA,NA,NA,NA,NA,NA,NA,NA,NA,NA,NA,NA,NA,NA,NA,NA,NA,NA,NA,NA,NA,NA,NA,NA,NA,NA,NA,NA,NA,NA,NA,NA,NA,NA,NA,NA,NA,2.97,NA,NA,NA,NA,9.050107,NA,650.834330613114,0
1964-01-01,264077.36419226497,134258.9811526512,49491.962176929796,70925.45138460204,21373.16656997771,19079.609471580938,NA,NA,38.19729168391619,NA,NA,NA,NA,NA,NA,NA,NA,41.934132452252186,NA,NA,NA,NA,NA,NA,NA,5.9,3.33,NA,NA,72.4,NA,NA,NA,NA,NA,NA,NA,2.0331317139015153,NA,NA,NA,NA,NA,NA,NA,NA,NA,NA,NA,NA,NA,NA,NA,NA,NA,NA,NA,NA,NA,NA,NA,NA,NA,NA,NA,NA,NA,NA,NA,NA,NA,NA,NA,NA,NA,NA,NA,NA,NA,NA,NA,NA,NA,NA,NA,NA,NA,NA,NA,NA,NA,NA,NA,NA,NA,NA,NA,NA,NA,NA,NA,2.97,NA,NA,NA,0,9.579472,NA,643.5342541239896,0
1964-02-01,NA,NA,NA,NA,NA,NA,NA,NA,39.12248684904833,NA,NA,NA,NA,NA,NA,NA,NA,41.55566652224572,NA,NA,NA,NA,NA,NA,NA,5.9,3.33,NA,NA,NA,NA,NA,NA,NA,NA,NA,NA,2.031434224855944,NA,NA,NA,NA,NA,NA,NA,NA,NA,NA,NA,NA,NA,NA,NA,NA,NA,NA,NA,NA,NA,NA,NA,NA,NA,NA,NA,NA,NA,NA,NA,NA,NA,NA,NA,NA,NA,NA,NA,NA,NA,NA,NA,NA,NA,NA,NA,NA,NA,NA,NA,NA,NA,NA,NA,NA,NA,NA,NA,NA,NA,NA,NA,2.97,NA,NA,NA,NA,9.844154,NA,510.93696428065755,0
1964-03-01,NA,NA,NA,NA,NA,NA,NA,NA,38.461634676205094,NA,NA,NA,NA,NA,NA,NA,NA,42.38829338872666,NA,NA,NA,NA,NA,NA,NA,6,3.46,NA,NA,NA,NA,NA,NA,NA,NA,NA,NA,2.03191995214308,NA,NA,NA,NA,NA,NA,NA,NA,NA,NA,NA,NA,NA,NA,NA,NA,NA,NA,NA,NA,NA,NA,NA,NA,NA,NA,NA,NA,NA,NA,NA,NA,NA,NA,NA,NA,NA,NA,NA,NA,NA,NA,NA,NA,NA,NA,NA,NA,NA,NA,NA,NA,NA,NA,NA,NA,NA,NA,NA,NA,NA,NA,NA,2.97,NA,NA,NA,NA,10.24118,NA,534.252568531868,0
1964-04-01,267303.81406021805,134351.02456945746,48740.76199210561,75521.42809432703,21700.733394587416,19626.23474293898,NA,NA,38.5277177703378,NA,NA,NA,NA,NA,NA,NA,NA,42.1612083693226,NA,NA,NA,NA,NA,NA,NA,6.2,3.55,NA,NA,73.4,NA,NA,NA,NA,NA,NA,NA,2.032160259327242,NA,NA,NA,NA,NA,NA,NA,NA,NA,NA,NA,NA,NA,NA,NA,NA,NA,NA,NA,NA,NA,NA,NA,NA,NA,NA,NA,NA,NA,NA,NA,NA,NA,NA,NA,NA,NA,NA,NA,NA,NA,NA,NA,NA,NA,NA,NA,NA,NA,NA,NA,NA,NA,NA,NA,NA,NA,NA,NA,NA,NA,NA,NA,2.97,NA,NA,NA,0,10.19028,NA,274.42923831290017,0
1964-05-01,NA,NA,NA,NA,NA,NA,NA,NA,38.461634676205094,NA,NA,NA,NA,NA,NA,NA,NA,42.76675931873311,NA,NA,NA,NA,NA,NA,NA,6.3,3.69,NA,NA,NA,NA,NA,NA,NA,NA,NA,NA,2.0322420660282337,NA,NA,NA,NA,NA,NA,NA,NA,NA,NA,NA,NA,NA,NA,NA,NA,NA,NA,NA,NA,NA,NA,NA,NA,NA,NA,NA,NA,NA,NA,NA,NA,NA,NA,NA,NA,NA,NA,NA,NA,NA,NA,NA,NA,NA,NA,NA,NA,NA,NA,NA,NA,NA,NA,NA,NA,NA,NA,NA,NA,NA,NA,NA,2.97,NA,NA,NA,NA,9.976496,NA,121.00006031029905,0
1964-06-01,NA,NA,NA,NA,NA,NA,NA,NA,39.12248684904833,NA,NA,NA,NA,NA,NA,NA,NA,42.312598382258635,NA,NA,NA,NA,NA,NA,NA,6.3,3.75,NA,NA,NA,NA,NA,NA,NA,NA,NA,NA,2.0317563387410966,NA,NA,NA,NA,NA,NA,NA,NA,NA,NA,NA,NA,NA,NA,NA,NA,NA,NA,NA,NA,NA,NA,NA,NA,NA,NA,NA,NA,NA,NA,NA,NA,NA,NA,NA,NA,NA,NA,NA,NA,NA,NA,NA,NA,NA,NA,NA,NA,NA,NA,NA,NA,NA,NA,NA,NA,NA,NA,NA,NA,NA,NA,NA,2.97,NA,NA,NA,NA,9.803434,NA,25.268123165536398,2.5031321083067137
1964-07-01,270081.3389465439,136004.1233597452,48991.012053676764,75882.35322859288,21186.071239490106,19874.784866325295,NA,NA,39.915515825915065,NA,NA,NA,NA,NA,NA,NA,NA,42.69106431226509,NA,NA,NA,NA,NA,NA,NA,6.3,3.69,NA,NA,74.1,NA,NA,NA,NA,NA,NA,NA,2.0322420660282337,NA,NA,NA,NA,NA,NA,NA,NA,NA,NA,NA,NA,NA,NA,NA,NA,NA,NA,NA,NA,NA,NA,NA,NA,NA,NA,NA,NA,NA,NA,NA,NA,NA,NA,NA,NA,NA,NA,NA,NA,NA,NA,NA,NA,NA,NA,NA,NA,NA,NA,NA,NA,NA,NA,NA,NA,NA,NA,NA,NA,NA,NA,NA,2.92,NA,NA,NA,0,10.01722,NA,26.794188007692405,8.606085877075724
1964-08-01,NA,NA,NA,NA,NA,NA,NA,NA,39.58508973949344,NA,NA,NA,NA,NA,NA,NA,NA,42.53968340166269,NA,NA,NA,NA,NA,NA,NA,6.3,3.91,NA,NA,NA,NA,NA,NA,NA,NA,NA,NA,2.032809600016362,NA,NA,NA,NA,NA,NA,NA,NA,NA,NA,NA,NA,NA,NA,NA,NA,NA,NA,NA,NA,NA,NA,NA,NA,NA,NA,NA,NA,NA,NA,NA,NA,NA,NA,NA,NA,NA,NA,NA,NA,NA,NA,NA,NA,NA,NA,NA,NA,NA,NA,NA,NA,NA,NA,NA,NA,NA,NA,NA,NA,NA,NA,NA,2.92,NA,NA,NA,NA,10.22082,NA,40.70334342950528,1.4214683738585991
1964-09-01,NA,NA,NA,NA,NA,NA,NA,NA,39.65117283362615,NA,NA,NA,NA,NA,NA,NA,NA,42.69106431226509,NA,NA,NA,NA,NA,NA,NA,6.4,4.08,NA,NA,NA,NA,NA,NA,NA,NA,NA,NA,2.0326459866143787,NA,NA,NA,NA,NA,NA,NA,NA,NA,NA,NA,NA,NA,NA,NA,NA,NA,NA,NA,NA,NA,NA,NA,NA,NA,NA,NA,NA,NA,NA,NA,NA,NA,NA,NA,NA,NA,NA,NA,NA,NA,NA,NA,NA,NA,NA,NA,NA,NA,NA,NA,NA,NA,NA,NA,NA,NA,NA,NA,NA,NA,NA,NA,2.92,NA,NA,NA,NA,10.29208,NA,98.9131732575814,0
1964-10-01,273755.36379617936,139401.92535831867,51411.63764924394,77414.2037984485,21981.15139593421,21017.510433601983,NA,NA,40.179848202445875,NA,NA,NA,NA,NA,NA,NA,NA,44.65908896876539,NA,NA,NA,NA,NA,NA,NA,6.4,5.42,NA,NA,74.9,NA,NA,NA,NA,NA,NA,NA,2.0323238727292248,NA,NA,NA,NA,NA,NA,NA,NA,NA,NA,NA,NA,NA,NA,NA,NA,NA,NA,NA,NA,NA,NA,NA,NA,NA,NA,NA,NA,NA,NA,NA,NA,NA,NA,NA,NA,NA,NA,NA,NA,NA,NA,NA,NA,NA,NA,NA,NA,NA,NA,NA,NA,NA,NA,NA,NA,NA,NA,NA,NA,NA,NA,NA,2.92,NA,NA,NA,0,9.925595,NA,311.97235180183253,0
1964-11-01,NA,NA,NA,NA,NA,NA,NA,NA,40.113765108313174,NA,NA,NA,NA,NA,NA,NA,NA,44.96186899463746,NA,NA,NA,NA,NA,NA,NA,6.4,5.5,NA,NA,NA,NA,NA,NA,NA,NA,NA,NA,2.0331317139015153,NA,NA,NA,NA,NA,NA,NA,NA,NA,NA,NA,NA,NA,NA,NA,NA,NA,NA,NA,NA,NA,NA,NA,NA,NA,NA,NA,NA,NA,NA,NA,NA,NA,NA,NA,NA,NA,NA,NA,NA,NA,NA,NA,NA,NA,NA,NA,NA,NA,NA,NA,NA,NA,NA,NA,NA,NA,NA,NA,NA,NA,NA,NA,2.92,NA,NA,NA,NA,9.579472,NA,380.31530973298146,0
1964-12-01,NA,NA,NA,NA,NA,NA,NA,NA,40.576367998758286,NA,NA,NA,NA,NA,NA,NA,NA,45.71880085465037,NA,NA,NA,NA,NA,NA,NA,6.4,5.36,NA,NA,NA,NA,NA,NA,NA,NA,NA,NA,2.033049907200524,NA,NA,NA,NA,NA,NA,NA,NA,NA,NA,NA,NA,NA,NA,NA,NA,NA,NA,NA,NA,NA,NA,NA,NA,NA,NA,NA,NA,NA,NA,NA,NA,NA,NA,NA,NA,NA,NA,NA,NA,NA,NA,NA,NA,NA,NA,NA,NA,NA,NA,NA,NA,NA,NA,NA,NA,NA,NA,NA,NA,NA,NA,NA,2.92,NA,NA,NA,NA,9.620193,NA,547.0568376609846,0
1965-01-01,278235.5386128219,141422.29542939222,50326.462382249,74620.20275906696,22589.33621689925,21712.88577880317,NA,NA,41.501563163890424,NA,NA,NA,NA,NA,NA,NA,NA,45.567410841714334,NA,NA,NA,NA,NA,NA,NA,6.4,3.88,NA,NA,75,NA,NA,NA,NA,NA,NA,NA,2.034184975176779,NA,NA,NA,NA,NA,NA,NA,NA,NA,NA,NA,NA,NA,NA,NA,NA,NA,NA,NA,NA,NA,NA,NA,NA,NA,NA,NA,NA,NA,NA,NA,NA,NA,NA,NA,NA,NA,NA,NA,NA,NA,NA,NA,NA,NA,NA,NA,NA,NA,NA,NA,NA,NA,NA,NA,NA,NA,NA,NA,NA,NA,NA,NA,2.92,NA,NA,NA,0,9.579472,NA,528.3495463749875,0
1965-02-01,NA,NA,NA,NA,NA,NA,NA,NA,41.17113707746881,NA,NA,NA,NA,NA,NA,NA,NA,45.64310584818235,NA,NA,NA,NA,NA,NA,NA,6.5,3.95,NA,NA,NA,NA,NA,NA,NA,NA,NA,NA,2.0340213617747964,NA,NA,NA,NA,NA,NA,NA,NA,NA,NA,NA,NA,NA,NA,NA,NA,NA,NA,NA,NA,NA,NA,NA,NA,NA,NA,NA,NA,NA,NA,NA,NA,NA,NA,NA,NA,NA,NA,NA,NA,NA,NA,NA,NA,NA,NA,NA,NA,NA,NA,NA,NA,NA,NA,NA,NA,NA,NA,NA,NA,NA,NA,NA,2.92,NA,NA,NA,NA,9.42677,NA,563.2064596185033,0
1965-03-01,NA,NA,NA,NA,NA,NA,NA,NA,41.10504336757801,NA,NA,NA,NA,NA,NA,NA,NA,44.58340306463101,NA,NA,NA,NA,NA,NA,NA,6.5,4.28,NA,NA,NA,NA,NA,NA,NA,NA,NA,NA,2.0334538277866687,NA,NA,NA,NA,NA,NA,NA,NA,NA,NA,NA,NA,NA,NA,NA,NA,NA,NA,NA,NA,NA,NA,NA,NA,NA,NA,NA,NA,NA,NA,NA,NA,NA,NA,NA,NA,NA,NA,NA,NA,NA,NA,NA,NA,NA,NA,NA,NA,NA,NA,NA,NA,NA,NA,NA,NA,NA,NA,NA,NA,NA,NA,NA,2.92,NA,NA,NA,NA,9.223168,NA,507.6040808695705,0
1965-04-01,282626.28843312437,145003.72087394728,50911.087526089315,79486.77956945646,22121.59789068025,23104.43646960269,NA,NA,41.30330326573422,NA,NA,NA,NA,NA,NA,NA,NA,46.854198644669744,NA,NA,NA,NA,NA,NA,NA,6.6,4.52,NA,NA,75.9,NA,NA,NA,NA,NA,NA,NA,2.033049907200524,NA,NA,NA,NA,NA,NA,NA,NA,NA,NA,NA,NA,NA,NA,NA,NA,NA,NA,NA,NA,NA,NA,NA,NA,NA,NA,NA,NA,NA,NA,NA,NA,NA,NA,NA,NA,NA,NA,NA,NA,NA,NA,NA,NA,NA,NA,NA,NA,NA,NA,NA,NA,NA,NA,NA,NA,NA,NA,NA,NA,NA,NA,NA,2.92,NA,NA,NA,0,9.192628,NA,329.14782312998983,0
1965-05-01,NA,NA,NA,NA,NA,NA,NA,NA,41.30330326573422,NA,NA,NA,NA,NA,NA,NA,NA,45.567410841714334,NA,NA,NA,NA,NA,NA,NA,6.9,4.69,NA,NA,NA,NA,NA,NA,NA,NA,NA,NA,2.0372629523015804,NA,NA,NA,NA,NA,NA,NA,NA,NA,NA,NA,NA,NA,NA,NA,NA,NA,NA,NA,NA,NA,NA,NA,NA,NA,NA,NA,NA,NA,NA,NA,NA,NA,NA,NA,NA,NA,NA,NA,NA,NA,NA,NA,NA,NA,NA,NA,NA,NA,NA,NA,NA,NA,NA,NA,NA,NA,NA,NA,NA,NA,NA,NA,2.92,NA,NA,NA,NA,8.958486,NA,197.57197040193856,0
1965-06-01,NA,NA,NA,NA,NA,NA,NA,NA,40.972877179312604,NA,NA,NA,NA,NA,NA,NA,NA,46.77850363820173,NA,NA,NA,NA,NA,NA,NA,7.1,4.8,NA,NA,NA,NA,NA,NA,NA,NA,NA,NA,2.0449221046819,NA,NA,NA,NA,NA,NA,NA,NA,NA,NA,NA,NA,NA,NA,NA,NA,NA,NA,NA,NA,NA,NA,NA,NA,NA,NA,NA,NA,NA,NA,NA,NA,NA,NA,NA,NA,NA,NA,NA,NA,NA,NA,NA,NA,NA,NA,NA,NA,NA,NA,NA,NA,NA,NA,NA,NA,NA,NA,NA,NA,NA,NA,NA,2.92,NA,NA,NA,NA,8.744704,NA,50.92816970914001,0
1965-07-01,284508.23835610296,146197.52935546564,53497.8631625358,79937.60473716554,22682.883882143047,22657.08624752719,NA,NA,41.17113707746881,NA,NA,NA,NA,NA,NA,NA,NA,47.38405458761223,NA,NA,NA,NA,NA,NA,NA,7.2,5.08,NA,NA,76.1,NA,NA,NA,NA,NA,NA,NA,2.0484449057433416,NA,NA,NA,NA,NA,NA,NA,NA,NA,NA,NA,NA,NA,NA,NA,NA,NA,NA,NA,NA,NA,NA,NA,NA,NA,NA,NA,NA,NA,NA,NA,NA,NA,NA,NA,NA,NA,NA,NA,NA,NA,NA,NA,NA,NA,NA,NA,NA,NA,NA,NA,NA,NA,NA,NA,NA,NA,NA,NA,NA,NA,NA,NA,2.92,NA,NA,NA,0.3897623,8.632723,NA,58.63714716759874,0
1965-08-01,NA,NA,NA,NA,NA,NA,NA,NA,41.56764625802314,NA,NA,NA,NA,NA,NA,NA,NA,46.77850363820173,NA,NA,NA,NA,NA,NA,NA,7.3,5.27,NA,NA,NA,NA,NA,NA,NA,NA,NA,NA,2.051487092436459,NA,NA,NA,NA,NA,NA,NA,NA,NA,NA,NA,NA,NA,NA,NA,NA,NA,NA,NA,NA,NA,NA,NA,NA,NA,NA,NA,NA,NA,NA,NA,NA,NA,NA,NA,NA,NA,NA,NA,NA,NA,NA,NA,NA,NA,NA,NA,NA,NA,NA,NA,NA,NA,NA,NA,NA,NA,NA,NA,NA,NA,NA,NA,2.92,NA,NA,NA,NA,8.765064,NA,65.99132174415081,0.13933030965108303
1965-09-01,NA,NA,NA,NA,NA,NA,NA,NA,41.89807234444475,NA,NA,NA,NA,NA,NA,NA,NA,47.38405458761223,NA,NA,NA,NA,NA,NA,NA,7.4,5.36,NA,NA,NA,NA,NA,NA,NA,NA,NA,NA,2.050582105806742,NA,NA,NA,NA,NA,NA,NA,NA,NA,NA,NA,NA,NA,NA,NA,NA,NA,NA,NA,NA,NA,NA,NA,NA,NA,NA,NA,NA,NA,NA,NA,NA,NA,NA,NA,NA,NA,NA,NA,NA,NA,NA,NA,NA,NA,NA,NA,NA,NA,NA,NA,NA,NA,NA,NA,NA,NA,NA,NA,NA,NA,NA,NA,2.92,NA,NA,NA,NA,8.775245,NA,117.26422288275083,0
1965-10-01,286210.86328642064,148676.75073650028,53665.263203722665,79847.70470372231,24085.923865167584,23203.711518885233,NA,NA,41.69981244628854,NA,NA,NA,NA,NA,NA,NA,NA,47.30835958114422,NA,NA,NA,NA,NA,NA,NA,7.5,6.66,NA,NA,76.8,NA,NA,NA,NA,NA,NA,NA,2.0477904521354113,NA,NA,NA,NA,NA,NA,NA,NA,NA,NA,NA,NA,NA,NA,NA,NA,NA,NA,NA,NA,NA,NA,NA,NA,NA,NA,NA,NA,NA,NA,NA,NA,NA,NA,NA,NA,NA,NA,NA,NA,NA,NA,NA,NA,NA,NA,NA,NA,NA,NA,NA,NA,NA,NA,NA,NA,NA,NA,NA,NA,NA,NA,NA,2.92,NA,NA,NA,0.1228049,8.510562,NA,272.15395332730725,0
1965-11-01,NA,NA,NA,NA,NA,NA,NA,NA,41.43546945399963,NA,NA,NA,NA,NA,NA,NA,NA,47.081283664073794,NA,NA,NA,NA,NA,NA,NA,7.5,6.58,NA,NA,NA,NA,NA,NA,NA,NA,NA,NA,2.045412944887848,NA,NA,NA,NA,NA,NA,NA,NA,NA,NA,NA,NA,NA,NA,NA,NA,NA,NA,NA,NA,NA,NA,NA,NA,NA,NA,NA,NA,NA,NA,NA,NA,NA,NA,NA,NA,NA,NA,NA,NA,NA,NA,NA,NA,NA,NA,NA,NA,NA,NA,NA,NA,NA,NA,NA,NA,NA,NA,NA,NA,NA,NA,NA,2.92,NA,NA,NA,NA,8.29678,NA,501.2001718110096,0
1965-12-01,NA,NA,NA,NA,NA,NA,NA,NA,42.426747713264476,NA,NA,NA,NA,NA,NA,NA,NA,46.24865679759286,NA,NA,NA,NA,NA,NA,NA,7.7,6.55,NA,NA,NA,NA,NA,NA,NA,NA,NA,NA,2.0458219783928056,NA,NA,NA,NA,NA,NA,NA,NA,NA,NA,NA,NA,NA,NA,NA,NA,NA,NA,NA,NA,NA,NA,NA,NA,NA,NA,NA,NA,NA,NA,NA,NA,NA,NA,NA,NA,NA,NA,NA,NA,NA,NA,NA,NA,NA,NA,NA,NA,NA,NA,NA,NA,NA,NA,NA,NA,NA,NA,NA,NA,NA,NA,NA,2.92,NA,NA,NA,NA,8.174619,NA,484.0233576225262,0
1966-01-01,291408.2380737108,149595.33135403908,52997.33803938734,80838.8050724163,23945.477370421544,23402.511617574422,NA,NA,42.09632162684286,NA,NA,NA,NA,NA,NA,NA,NA,47.91391053055472,NA,NA,NA,NA,NA,NA,NA,7.6,5.23,NA,NA,76.9,NA,NA,NA,NA,NA,NA,NA,2.051241672333485,NA,NA,NA,NA,NA,NA,NA,NA,NA,NA,NA,NA,NA,NA,NA,NA,NA,NA,NA,NA,NA,NA,NA,NA,NA,NA,NA,NA,NA,NA,NA,NA,NA,NA,NA,NA,NA,NA,NA,NA,NA,NA,NA,NA,NA,NA,NA,NA,NA,NA,NA,NA,NA,NA,NA,NA,NA,NA,NA,NA,NA,NA,NA,2.92,NA,NA,NA,0.0525624,8.439301,NA,655.1099019732086,0
1966-02-01,NA,NA,NA,NA,NA,NA,NA,NA,42.16241533673366,NA,NA,NA,NA,NA,NA,NA,NA,48.670842390567636,NA,NA,NA,NA,NA,NA,NA,7.6,5.36,NA,NA,NA,NA,NA,NA,NA,NA,NA,NA,2.0530516455929195,NA,NA,NA,NA,NA,NA,NA,NA,NA,NA,NA,NA,NA,NA,NA,NA,NA,NA,NA,NA,NA,NA,NA,NA,NA,NA,NA,NA,NA,NA,NA,NA,NA,NA,NA,NA,NA,NA,NA,NA,NA,NA,NA,NA,NA,NA,NA,NA,NA,NA,NA,NA,NA,NA,NA,NA,NA,NA,NA,NA,NA,NA,NA,2.92,NA,NA,NA,NA,8.541102,NA,437.3255816153628,0
1966-03-01,NA,NA,NA,NA,NA,NA,NA,NA,43.021516791975,NA,NA,NA,NA,NA,NA,NA,NA,48.74653739703565,NA,NA,NA,NA,NA,NA,NA,7.7,5.69,NA,NA,NA,NA,NA,NA,NA,NA,NA,NA,2.052228465664194,NA,NA,NA,NA,NA,NA,NA,NA,NA,NA,NA,NA,NA,NA,NA,NA,NA,NA,NA,NA,NA,NA,NA,NA,NA,NA,NA,NA,NA,NA,NA,NA,NA,NA,NA,NA,NA,NA,NA,NA,NA,NA,NA,NA,NA,NA,NA,NA,NA,NA,NA,NA,NA,NA,NA,NA,NA,NA,NA,NA,NA,NA,NA,2.92,NA,NA,NA,NA,8.418941,NA,452.50968699832833,0
1966-04-01,292304.2630370398,149686.93577203705,53915.51326529383,80207.75483766267,24226.120366152943,23203.711518885233,NA,NA,42.29458152499907,NA,NA,NA,NA,NA,NA,NA,NA,47.081283664073794,NA,NA,NA,NA,NA,NA,NA,8,6.21,NA,NA,77.8,NA,NA,NA,NA,NA,NA,NA,2.053215258994902,NA,NA,NA,NA,NA,NA,NA,NA,NA,NA,NA,NA,NA,NA,NA,NA,NA,NA,NA,NA,NA,NA,NA,NA,NA,NA,NA,NA,NA,NA,NA,NA,NA,NA,NA,NA,NA,NA,NA,NA,NA,NA,NA,NA,NA,NA,NA,NA,NA,NA,NA,NA,NA,NA,NA,NA,NA,NA,NA,NA,NA,NA,NA,2.92,NA,NA,NA,0,8.194979,NA,278.35355577909303,0
1966-05-01,NA,NA,NA,NA,NA,NA,NA,NA,42.09632162684286,NA,NA,NA,NA,NA,NA,NA,NA,48.89791830763806,NA,NA,NA,NA,NA,NA,NA,8.2,6.35,NA,NA,NA,NA,NA,NA,NA,NA,NA,NA,2.0538748255216457,NA,NA,NA,NA,NA,NA,NA,NA,NA,NA,NA,NA,NA,NA,NA,NA,NA,NA,NA,NA,NA,NA,NA,NA,NA,NA,NA,NA,NA,NA,NA,NA,NA,NA,NA,NA,NA,NA,NA,NA,NA,NA,NA,NA,NA,NA,NA,NA,NA,NA,NA,NA,NA,NA,NA,NA,NA,NA,NA,NA,NA,NA,NA,2.92,NA,NA,NA,NA,7.696154,NA,136.39374782274982,0
1966-06-01,NA,NA,NA,NA,NA,NA,NA,NA,42.625007611420685,NA,NA,NA,NA,NA,NA,NA,NA,48.06530054349076,NA,NA,NA,NA,NA,NA,NA,8.4,6.81,NA,NA,NA,NA,NA,NA,NA,NA,NA,NA,2.048199485640368,NA,NA,NA,NA,NA,NA,NA,NA,NA,NA,NA,NA,NA,NA,NA,NA,NA,NA,NA,NA,NA,NA,NA,NA,NA,NA,NA,NA,NA,NA,NA,NA,NA,NA,NA,NA,NA,NA,NA,NA,NA,NA,NA,NA,NA,NA,NA,NA,NA,NA,NA,NA,NA,NA,NA,NA,NA,NA,NA,NA,NA,NA,NA,2.92,NA,NA,NA,NA,7.33985,NA,34.84108667538531,1.3998077795010777
1966-07-01,292662.8630223635,150788.70083674914,53330.888121453514,78495.65420075315,25722.95800818195,23104.43646960269,NA,NA,42.16241533673366,NA,NA,NA,NA,NA,NA,NA,NA,49.200698333510125,NA,NA,NA,NA,NA,NA,NA,8.6,6.89,NA,NA,77.8,NA,NA,NA,NA,NA,NA,NA,2.0414095294580816,NA,NA,NA,NA,NA,NA,NA,NA,NA,NA,NA,NA,NA,NA,NA,NA,NA,NA,NA,NA,NA,NA,NA,NA,NA,NA,NA,NA,NA,NA,NA,NA,NA,NA,NA,NA,NA,NA,NA,NA,NA,NA,NA,NA,NA,NA,NA,NA,NA,NA,NA,NA,NA,NA,NA,NA,NA,NA,NA,NA,NA,NA,NA,2.92,NA,NA,NA,0.2354049,6.912286,NA,32.807612467107035,0
1966-08-01,NA,NA,NA,NA,NA,NA,NA,NA,41.63372935215584,NA,NA,NA,NA,NA,NA,NA,NA,48.140986447625146,NA,NA,NA,NA,NA,NA,NA,8.6,7,NA,NA,NA,NA,NA,NA,NA,NA,NA,NA,2.04059657536698,NA,NA,NA,NA,NA,NA,NA,NA,NA,NA,NA,NA,NA,NA,NA,NA,NA,NA,NA,NA,NA,NA,NA,NA,NA,NA,NA,NA,NA,NA,NA,NA,NA,NA,NA,NA,NA,NA,NA,NA,NA,NA,NA,NA,NA,NA,NA,NA,NA,NA,NA,NA,NA,NA,NA,NA,NA,NA,NA,NA,NA,NA,NA,2.92,NA,NA,NA,NA,6.953007,NA,40.04841126468811,1.9576493927446297
1966-09-01,NA,NA,NA,NA,NA,NA,NA,NA,41.89807234444475,NA,NA,NA,NA,NA,NA,NA,NA,48.368071467029196,NA,NA,NA,NA,NA,NA,NA,8.5,6.8,NA,NA,NA,NA,NA,NA,NA,NA,NA,NA,2.0395382011729035,NA,NA,NA,NA,NA,NA,NA,NA,NA,NA,NA,NA,NA,NA,NA,NA,NA,NA,NA,NA,NA,NA,NA,NA,NA,NA,NA,NA,NA,NA,NA,NA,NA,NA,NA,NA,NA,NA,NA,NA,NA,NA,NA,NA,NA,NA,NA,NA,NA,NA,NA,NA,NA,NA,NA,NA,NA,NA,NA,NA,NA,NA,NA,2.97,NA,NA,NA,NA,7.146429,NA,107.34998101285218,0
1966-10-01,288092.81320939923,149503.31232605551,54749.61347051461,77954.92899960083,26564.412007230876,23551.536691554087,NA,NA,41.36938635986693,NA,NA,NA,NA,NA,NA,NA,NA,48.140986447625146,NA,NA,NA,NA,NA,NA,NA,8.4,7.88,NA,NA,78.1,NA,NA,NA,NA,NA,NA,NA,2.036291497727308,NA,NA,NA,NA,NA,NA,NA,NA,NA,NA,NA,NA,NA,NA,NA,NA,NA,NA,NA,NA,NA,NA,NA,NA,NA,NA,NA,NA,NA,NA,NA,NA,NA,NA,NA,NA,NA,NA,NA,NA,NA,NA,NA,NA,NA,NA,NA,NA,NA,NA,NA,NA,NA,NA,NA,NA,NA,NA,NA,NA,NA,NA,NA,2.97,NA,NA,NA,0.1163738,6.922466,NA,186.39409696506547,0
1966-11-01,NA,NA,NA,NA,NA,NA,NA,NA,40.8407109910472,NA,NA,NA,NA,NA,NA,NA,NA,47.2326645746762,NA,NA,NA,NA,NA,NA,NA,8.2,7.73,NA,NA,NA,NA,NA,NA,NA,NA,NA,NA,2.032968100499532,NA,NA,NA,NA,NA,NA,NA,NA,NA,NA,NA,NA,NA,NA,NA,NA,NA,NA,NA,NA,NA,NA,NA,NA,NA,NA,NA,NA,NA,NA,NA,NA,NA,NA,NA,NA,NA,NA,NA,NA,NA,NA,NA,NA,NA,NA,NA,NA,NA,NA,NA,NA,NA,NA,NA,NA,NA,NA,NA,NA,NA,NA,NA,2.97,NA,NA,NA,NA,6.708684,NA,479.6857269316412,0
1966-12-01,NA,NA,NA,NA,NA,NA,NA,NA,40.906794085179904,NA,NA,NA,NA,NA,NA,NA,NA,46.70281773406734,NA,NA,NA,NA,NA,NA,NA,7.7,7.57,NA,NA,NA,NA,NA,NA,NA,NA,NA,NA,2.031434224855944,NA,NA,NA,NA,NA,NA,NA,NA,NA,NA,NA,NA,NA,NA,NA,NA,NA,NA,NA,NA,NA,NA,NA,NA,NA,NA,NA,NA,NA,NA,NA,NA,NA,NA,NA,NA,NA,NA,NA,NA,NA,NA,NA,NA,NA,NA,NA,NA,NA,NA,NA,NA,NA,NA,NA,NA,NA,NA,NA,NA,NA,NA,NA,2.97,NA,NA,NA,NA,6.749405,NA,507.18616355233144,0
1967-01-01,286658.8882680846,151523.65800830637,54332.76336795343,73899.22749086077,26284.019005260147,22110.73597630566,NA,NA,40.179848202445875,NA,NA,NA,NA,NA,NA,NA,NA,49.95763019352304,NA,NA,NA,NA,NA,NA,NA,7.5,5.69,NA,NA,78.2,NA,NA,NA,NA,NA,NA,NA,2.033775941671822,NA,NA,NA,NA,NA,NA,NA,NA,NA,NA,NA,NA,NA,NA,NA,NA,NA,NA,NA,NA,NA,NA,NA,NA,NA,NA,NA,NA,NA,NA,NA,NA,NA,NA,NA,NA,NA,NA,NA,NA,NA,NA,NA,NA,NA,NA,NA,NA,NA,NA,NA,NA,NA,NA,NA,NA,NA,NA,NA,NA,NA,NA,NA,2.97,NA,NA,NA,0.1874239,6.718864,NA,545.5317320047759,0
1967-02-01,NA,NA,NA,NA,NA,NA,NA,NA,39.717255927758856,NA,NA,NA,NA,NA,NA,NA,NA,48.59514738409961,NA,NA,NA,NA,NA,NA,NA,7.4,5.56,NA,NA,NA,NA,NA,NA,NA,NA,NA,NA,2.031516031556935,NA,NA,NA,NA,NA,NA,NA,NA,NA,NA,NA,NA,NA,NA,NA,NA,NA,NA,NA,NA,NA,NA,NA,NA,NA,NA,NA,NA,NA,NA,NA,NA,NA,NA,NA,NA,NA,NA,NA,NA,NA,NA,NA,NA,NA,NA,NA,NA,NA,NA,NA,NA,NA,NA,NA,NA,NA,NA,NA,NA,NA,NA,NA,3,NA,NA,NA,NA,7.166789,NA,419.96508331797116,0
1967-03-01,NA,NA,NA,NA,NA,NA,NA,NA,39.45291293546994,NA,NA,NA,NA,NA,NA,NA,NA,47.38405458761223,NA,NA,NA,NA,NA,NA,NA,7.2,5.04,NA,NA,NA,NA,NA,NA,NA,NA,NA,NA,2.0317563387410966,NA,NA,NA,NA,NA,NA,NA,NA,NA,NA,NA,NA,NA,NA,NA,NA,NA,NA,NA,NA,NA,NA,NA,NA,NA,NA,NA,NA,NA,NA,NA,NA,NA,NA,NA,NA,NA,NA,NA,NA,NA,NA,NA,NA,NA,NA,NA,NA,NA,NA,NA,NA,NA,NA,NA,NA,NA,NA,NA,NA,NA,NA,NA,3,NA,NA,NA,NA,7.29913,NA,376.9894283793097,0
1967-04-01,285762.86330475565,150237.80610998176,55501.21365543722,71285.9265187005,27079.074162328183,23253.48654359476,NA,NA,39.717255927758856,NA,NA,NA,NA,NA,NA,NA,NA,47.2326645746762,NA,NA,NA,NA,NA,NA,NA,6.9,4.48,NA,NA,79.7,NA,NA,NA,NA,NA,NA,NA,2.0315978382579263,NA,NA,NA,NA,NA,NA,NA,NA,NA,NA,NA,NA,NA,NA,NA,NA,NA,NA,NA,NA,NA,NA,NA,NA,NA,NA,NA,NA,NA,NA,NA,NA,NA,NA,NA,NA,NA,NA,NA,NA,NA,NA,NA,NA,NA,NA,NA,NA,NA,NA,NA,NA,NA,NA,NA,NA,NA,NA,NA,NA,NA,NA,NA,3,NA,NA,NA,0,7.21769,NA,340.8463426990579,0
1967-05-01,NA,NA,NA,NA,NA,NA,NA,NA,39.12248684904833,NA,NA,NA,NA,NA,NA,NA,NA,47.45974959408025,NA,NA,NA,NA,NA,NA,NA,6.9,3.69,NA,NA,NA,NA,NA,NA,NA,NA,NA,NA,2.0332135206025064,NA,NA,NA,NA,NA,NA,NA,NA,NA,NA,NA,NA,NA,NA,NA,NA,NA,NA,NA,NA,NA,NA,NA,NA,NA,NA,NA,NA,NA,NA,NA,NA,NA,NA,NA,NA,NA,NA,NA,NA,NA,NA,NA,NA,NA,NA,NA,NA,NA,NA,NA,NA,NA,NA,NA,NA,NA,NA,NA,NA,NA,NA,NA,3,NA,NA,NA,NA,7.075168,NA,142.85415293360674,0
1967-06-01,NA,NA,NA,NA,NA,NA,NA,NA,39.981598920047766,NA,NA,NA,NA,NA,NA,NA,NA,47.98960553702274,NA,NA,NA,NA,NA,NA,NA,6.9,3.98,NA,NA,NA,NA,NA,NA,NA,NA,NA,NA,2.0352331235332315,NA,NA,NA,NA,NA,NA,NA,NA,NA,NA,NA,NA,NA,NA,NA,NA,NA,NA,NA,NA,NA,NA,NA,NA,NA,NA,NA,NA,NA,NA,NA,NA,NA,NA,NA,NA,NA,NA,NA,NA,NA,NA,NA,NA,NA,NA,NA,NA,NA,NA,NA,NA,NA,NA,NA,NA,NA,NA,NA,NA,NA,NA,NA,3,NA,NA,NA,NA,6.963187,NA,69.38559305586513,0.42527617390232547
1967-07-01,292662.8630223635,151064.367699537,56836.663984009465,71826.65171985282,26564.412007230876,22756.636296946246,NA,NA,41.03896027344531,NA,NA,NA,NA,NA,NA,NA,NA,48.44376647349721,NA,NA,NA,NA,NA,NA,NA,6.9,3.51,NA,NA,80.8,NA,NA,NA,NA,NA,NA,NA,2.04549475158884,NA,NA,NA,NA,NA,NA,NA,NA,NA,NA,NA,NA,NA,NA,NA,NA,NA,NA,NA,NA,NA,NA,NA,NA,NA,NA,NA,NA,NA,NA,NA,NA,NA,NA,NA,NA,NA,NA,NA,NA,NA,NA,NA,NA,NA,NA,NA,NA,NA,NA,NA,NA,NA,NA,NA,NA,NA,NA,NA,NA,NA,NA,NA,3,NA,NA,NA,0,7.075168,NA,3.766435459267129,1.2988550994924497
1967-08-01,NA,NA,NA,NA,NA,NA,NA,NA,40.179848202445875,NA,NA,NA,NA,NA,NA,NA,NA,48.82223240350367,NA,NA,NA,NA,NA,NA,NA,6.8,3.56,NA,NA,NA,NA,NA,NA,NA,NA,NA,NA,2.0463946252997447,NA,NA,NA,NA,NA,NA,NA,NA,NA,NA,NA,NA,NA,NA,NA,NA,NA,NA,NA,NA,NA,NA,NA,NA,NA,NA,NA,NA,NA,NA,NA,NA,NA,NA,NA,NA,NA,NA,NA,NA,NA,NA,NA,NA,NA,NA,NA,NA,NA,NA,NA,NA,NA,NA,NA,NA,NA,NA,NA,NA,NA,NA,NA,3.07,NA,NA,NA,NA,7.950656,NA,9.233987196072714,0.3114442215730094
1967-09-01,NA,NA,NA,NA,NA,NA,NA,NA,41.237220171601514,NA,NA,NA,NA,NA,NA,NA,NA,48.82223240350367,NA,NA,NA,NA,NA,NA,NA,6.7,3.43,NA,NA,NA,NA,NA,NA,NA,NA,NA,NA,2.0461492051967713,NA,NA,NA,NA,NA,NA,NA,NA,NA,NA,NA,NA,NA,NA,NA,NA,NA,NA,NA,NA,NA,NA,NA,NA,NA,NA,NA,NA,NA,NA,NA,NA,NA,NA,NA,NA,NA,NA,NA,NA,NA,NA,NA,NA,NA,NA,NA,NA,NA,NA,NA,NA,NA,NA,NA,NA,NA,NA,NA,NA,NA,NA,NA,3.07,NA,NA,NA,NA,8.286599,NA,83.10818681092795,0
1967-10-01,296426.3128683391,153544.02807937993,56252.013840162996,78225.07910009795,28294.993815489048,24246.912036755275,NA,NA,41.69981244628854,NA,NA,NA,NA,NA,NA,NA,NA,47.68682551115067,NA,NA,NA,NA,NA,NA,NA,6.7,4.2,NA,NA,82.1,NA,NA,NA,NA,NA,NA,NA,2.04729449901065,NA,NA,NA,NA,NA,NA,NA,NA,NA,NA,NA,NA,NA,NA,NA,NA,NA,NA,NA,NA,NA,NA,NA,NA,NA,NA,NA,NA,NA,NA,NA,NA,NA,NA,NA,NA,NA,NA,NA,NA,NA,NA,NA,NA,NA,NA,NA,NA,NA,NA,NA,NA,NA,NA,NA,NA,NA,NA,NA,NA,NA,NA,NA,3.07,NA,NA,NA,0.29406,8.378221,NA,174.7631040866874,0
1967-11-01,NA,NA,NA,NA,NA,NA,NA,NA,42.09632162684286,NA,NA,NA,NA,NA,NA,NA,NA,47.45974959408025,NA,NA,NA,NA,NA,NA,NA,6.8,4,NA,NA,NA,NA,NA,NA,NA,NA,NA,NA,2.0392927810699297,NA,NA,NA,NA,NA,NA,NA,NA,NA,NA,NA,NA,NA,NA,NA,NA,NA,NA,NA,NA,NA,NA,NA,NA,NA,NA,NA,NA,NA,NA,NA,NA,NA,NA,NA,NA,NA,NA,NA,NA,NA,NA,NA,NA,NA,NA,NA,NA,NA,NA,NA,NA,NA,NA,NA,NA,NA,NA,NA,NA,NA,NA,NA,3.07,NA,NA,NA,NA,8.765064,NA,410.84044331989077,0
1967-12-01,NA,NA,NA,NA,NA,NA,NA,NA,44.54148103581767,NA,NA,NA,NA,NA,NA,NA,NA,52.077044862959376,NA,NA,NA,NA,NA,NA,NA,6.8,4.07,NA,NA,NA,NA,NA,NA,NA,NA,NA,NA,2.037508372404554,NA,NA,NA,NA,NA,NA,NA,NA,NA,NA,NA,NA,NA,NA,NA,NA,NA,NA,NA,NA,NA,NA,NA,NA,NA,NA,NA,NA,NA,NA,NA,NA,NA,NA,NA,NA,NA,NA,NA,NA,NA,NA,NA,NA,NA,NA,NA,NA,NA,NA,NA,NA,NA,NA,NA,NA,NA,NA,NA,NA,NA,NA,NA,3.07,NA,NA,NA,NA,8.938126,NA,545.237453756144,0
1968-01-01,299895.3877263624,154444.29269108368,55275.08859980174,75528.05309679155,30115.52337883733,24165.336996259444,NA,NA,41.03896027344531,NA,NA,NA,NA,NA,NA,NA,NA,47.38405458761223,NA,NA,NA,NA,NA,NA,NA,6.7,3.32,NA,NA,82.2,NA,NA,NA,NA,NA,NA,NA,2.04729449901065,NA,NA,NA,NA,NA,NA,NA,NA,NA,NA,NA,NA,NA,NA,NA,NA,NA,NA,NA,NA,NA,NA,NA,NA,NA,NA,NA,NA,NA,NA,NA,NA,NA,NA,NA,NA,NA,NA,NA,NA,NA,NA,NA,NA,NA,NA,NA,NA,NA,NA,NA,NA,NA,NA,NA,NA,NA,NA,NA,NA,NA,NA,NA,3.07,NA,-12.199591,NA,0.1059547,9.467491,NA,607.4105439998734,0
1968-02-01,NA,NA,NA,NA,NA,NA,NA,NA,41.96415543857745,NA,NA,NA,NA,NA,NA,NA,NA,47.98960553702274,NA,NA,NA,NA,NA,NA,NA,6.7,3.45,NA,NA,NA,NA,NA,NA,NA,NA,NA,NA,2.0462310118977625,NA,NA,NA,NA,NA,NA,NA,NA,NA,NA,NA,NA,NA,NA,NA,NA,NA,NA,NA,NA,NA,NA,NA,NA,NA,NA,NA,NA,NA,NA,NA,NA,NA,NA,NA,NA,NA,NA,NA,NA,NA,NA,NA,NA,NA,NA,NA,NA,NA,NA,NA,NA,NA,NA,NA,NA,NA,NA,NA,NA,NA,NA,NA,3.07,NA,-8.8787913,NA,NA,9.508211,NA,513.7342382587717,0
1968-03-01,NA,NA,NA,NA,NA,NA,NA,NA,42.49284142315528,NA,NA,NA,NA,NA,NA,NA,NA,49.276384237644514,NA,NA,NA,NA,NA,NA,NA,6.7,3.52,NA,NA,NA,NA,NA,NA,NA,NA,NA,NA,2.039701814574886,NA,NA,NA,NA,NA,NA,NA,NA,NA,NA,NA,NA,NA,NA,NA,NA,NA,NA,NA,NA,NA,NA,NA,NA,NA,NA,NA,NA,NA,NA,NA,NA,NA,NA,NA,NA,NA,NA,NA,NA,NA,NA,NA,NA,NA,NA,NA,NA,NA,NA,NA,NA,NA,NA,NA,NA,NA,NA,NA,NA,NA,NA,NA,3.07,NA,-10.715197999999999,NA,NA,9.498032,NA,421.0511695661002,0
1968-04-01,302226.4126309619,157107.11312927722,55108.088558713294,73725.47742622491,28873.129386421202,24709.58726643848,NA,NA,42.625007611420685,NA,NA,NA,NA,NA,NA,NA,NA,49.95763019352304,NA,NA,NA,NA,NA,NA,NA,6.6,3.64,NA,NA,83.1,NA,NA,NA,NA,NA,NA,NA,2.037590179105546,NA,NA,NA,NA,NA,NA,NA,NA,NA,NA,NA,NA,NA,NA,NA,NA,NA,NA,NA,NA,NA,NA,NA,NA,NA,NA,NA,NA,NA,NA,NA,NA,NA,NA,NA,NA,NA,NA,NA,NA,NA,NA,NA,NA,NA,NA,NA,NA,NA,NA,NA,NA,NA,NA,NA,NA,NA,NA,NA,NA,NA,NA,NA,3.07,NA,-10.841311,NA,0,9.956136,NA,267.6305283184301,0
1968-05-01,NA,NA,NA,NA,NA,NA,NA,NA,43.748462674709025,NA,NA,NA,NA,NA,NA,NA,NA,49.42777425058055,NA,NA,NA,NA,NA,NA,NA,6.4,3.68,NA,NA,NA,NA,NA,NA,NA,NA,NA,NA,2.0354785436362057,NA,NA,NA,NA,NA,NA,NA,NA,NA,NA,NA,NA,NA,NA,NA,NA,NA,NA,NA,NA,NA,NA,NA,NA,NA,NA,NA,NA,NA,NA,NA,NA,NA,NA,NA,NA,NA,NA,NA,NA,NA,NA,NA,NA,NA,NA,NA,NA,NA,NA,NA,NA,NA,NA,NA,NA,NA,NA,NA,NA,NA,NA,NA,3.07,NA,-10.108204,NA,NA,10.01722,NA,194.94984377780162,0
1968-06-01,NA,NA,NA,NA,NA,NA,NA,NA,44.47539794168496,NA,NA,NA,NA,NA,NA,NA,NA,50.86595206647198,NA,NA,NA,NA,NA,NA,NA,6.4,3.72,NA,NA,NA,NA,NA,NA,NA,NA,NA,NA,2.0425548232719613,NA,NA,NA,NA,NA,NA,NA,NA,NA,NA,NA,NA,NA,NA,NA,NA,NA,NA,NA,NA,NA,NA,NA,NA,NA,NA,NA,NA,NA,NA,NA,NA,NA,NA,NA,NA,NA,NA,NA,NA,NA,NA,NA,NA,NA,NA,NA,NA,NA,NA,NA,NA,NA,NA,NA,NA,NA,NA,NA,NA,NA,NA,NA,3.07,NA,-7.1595714,NA,NA,10.22082,NA,41.695621291988246,0.3850772330226012
1968-07-01,308860.8623594378,159953.6057910977,56360.538866864335,75528.05309679155,30463.389696813676,26342.388077000407,NA,NA,43.88062886297443,NA,NA,NA,NA,NA,NA,NA,NA,49.73054517411899,NA,NA,NA,NA,NA,NA,NA,6.4,3.59,NA,NA,83.1,NA,NA,NA,NA,NA,NA,NA,2.0496771191770247,NA,NA,NA,NA,NA,NA,NA,NA,NA,NA,NA,NA,NA,NA,NA,NA,NA,NA,NA,NA,NA,NA,NA,NA,NA,NA,NA,NA,NA,NA,NA,NA,NA,NA,NA,NA,NA,NA,NA,NA,NA,NA,NA,NA,NA,NA,NA,NA,NA,NA,NA,NA,NA,NA,NA,NA,NA,NA,NA,NA,NA,NA,NA,3.07,NA,-11.789313,NA,0,10.35316,NA,34.826411130391605,0.939276223791615
1968-08-01,NA,NA,NA,NA,NA,NA,NA,NA,46.85446364076897,NA,NA,NA,NA,NA,NA,NA,NA,52.00134985649135,NA,NA,NA,NA,NA,NA,NA,6.3,3.55,NA,NA,NA,NA,NA,NA,NA,NA,NA,NA,2.051814319240425,NA,NA,NA,NA,NA,NA,NA,NA,NA,NA,NA,NA,NA,NA,NA,NA,NA,NA,NA,NA,NA,NA,NA,NA,NA,NA,NA,NA,NA,NA,NA,NA,NA,NA,NA,NA,NA,NA,NA,NA,NA,NA,NA,NA,NA,NA,NA,NA,NA,NA,NA,NA,NA,NA,NA,NA,NA,NA,NA,NA,NA,NA,NA,3.07,NA,-15.41956,NA,NA,10.47532,NA,22.614631160922702,0
1968-09-01,NA,NA,NA,NA,NA,NA,NA,NA,46.127528373793034,NA,NA,NA,NA,NA,NA,NA,NA,51.395798907080845,NA,NA,NA,NA,NA,NA,NA,6.3,3.54,NA,NA,NA,NA,NA,NA,NA,NA,NA,NA,2.0316796449589174,NA,NA,NA,NA,NA,NA,NA,NA,NA,NA,NA,NA,NA,NA,NA,NA,NA,NA,NA,NA,NA,NA,NA,NA,NA,NA,NA,NA,NA,NA,NA,NA,NA,NA,NA,NA,NA,NA,NA,NA,NA,NA,NA,NA,NA,NA,NA,NA,NA,NA,NA,NA,NA,NA,NA,NA,NA,NA,NA,NA,NA,NA,NA,3.07,NA,-14.650964,NA,NA,10.34298,NA,101.54019173004959,0
1968-10-01,313522.91216863686,162524.60231188915,57362.51411338886,79583.85460556883,32401.51632518249,27594.188698424598,NA,NA,46.25969456205844,NA,NA,NA,NA,NA,NA,NA,NA,51.093027983542406,NA,NA,NA,NA,NA,NA,NA,6.3,4.75,NA,NA,85.1,NA,NA,NA,NA,NA,NA,NA,2.0353967369352146,NA,NA,NA,NA,NA,NA,NA,NA,NA,NA,NA,NA,NA,NA,NA,NA,NA,NA,NA,NA,NA,NA,NA,NA,NA,NA,NA,NA,NA,NA,NA,NA,NA,NA,NA,NA,NA,NA,NA,NA,NA,NA,NA,NA,NA,NA,NA,NA,NA,NA,NA,NA,NA,NA,NA,NA,NA,NA,NA,NA,NA,NA,NA,3.07,NA,-19.579799,NA,0.2674512,10.4855,NA,221.4416963749047,0
1968-11-01,NA,NA,NA,NA,NA,NA,NA,NA,47.845741900033815,NA,NA,NA,NA,NA,NA,NA,NA,52.22843487589541,NA,NA,NA,NA,NA,NA,NA,6.3,4.5,NA,NA,NA,NA,NA,NA,NA,NA,NA,NA,2.03272779331537,NA,NA,NA,NA,NA,NA,NA,NA,NA,NA,NA,NA,NA,NA,NA,NA,NA,NA,NA,NA,NA,NA,NA,NA,NA,NA,NA,NA,NA,NA,NA,NA,NA,NA,NA,NA,NA,NA,NA,NA,NA,NA,NA,NA,NA,NA,NA,NA,NA,NA,NA,NA,NA,NA,NA,NA,NA,NA,NA,NA,NA,NA,NA,3.07,NA,-8.3317446,NA,NA,10.27172,NA,418.5528738477598,0
1968-12-01,NA,NA,NA,NA,NA,NA,NA,NA,47.581398907744905,NA,NA,NA,NA,NA,NA,NA,NA,52.83397672297228,NA,NA,NA,NA,NA,NA,NA,6.3,4.44,NA,NA,NA,NA,NA,NA,NA,NA,NA,NA,2.0425548232719613,NA,NA,NA,NA,NA,NA,NA,NA,NA,NA,NA,NA,NA,NA,NA,NA,NA,NA,NA,NA,NA,NA,NA,NA,NA,NA,NA,NA,NA,NA,NA,NA,NA,NA,NA,NA,NA,NA,NA,NA,NA,NA,NA,NA,NA,NA,NA,NA,NA,NA,NA,NA,NA,NA,NA,NA,NA,NA,NA,NA,NA,NA,NA,3.07,NA,-16.013851,NA,NA,10.05794,NA,619.241431229669,0
1969-01-01,321412.53684574296,166932.05279190038,57946.98925719226,81656.83037672559,32202.7212866954,28247.31402265185,NA,NA,48.110084892322725,NA,NA,NA,NA,NA,NA,NA,NA,52.606900805901866,NA,NA,NA,NA,NA,NA,NA,6.3,3.87,NA,NA,85.1,NA,NA,NA,NA,NA,NA,NA,2.0469672722066847,NA,NA,NA,NA,NA,NA,NA,NA,NA,NA,NA,NA,NA,NA,NA,NA,NA,NA,NA,NA,NA,NA,NA,NA,NA,NA,NA,NA,NA,NA,NA,NA,NA,NA,NA,NA,NA,NA,NA,NA,NA,NA,NA,NA,NA,NA,NA,NA,NA,NA,NA,NA,NA,NA,NA,NA,NA,NA,NA,NA,NA,NA,NA,3.07,NA,-18.376633000000002,NA,0,10.34298,NA,569.0382142594992,0
1969-02-01,NA,NA,NA,NA,NA,NA,NA,NA,48.37442788461164,NA,NA,NA,NA,NA,NA,NA,NA,52.22843487589541,NA,NA,NA,NA,NA,NA,NA,6.3,3.91,NA,NA,NA,NA,NA,NA,NA,NA,NA,NA,2.0549485384721566,NA,NA,NA,NA,NA,NA,NA,NA,NA,NA,NA,NA,NA,NA,NA,NA,NA,NA,NA,NA,NA,NA,NA,NA,NA,NA,NA,NA,NA,NA,NA,NA,NA,NA,NA,NA,NA,NA,NA,NA,NA,NA,NA,NA,NA,NA,NA,NA,NA,NA,NA,NA,NA,NA,NA,NA,NA,NA,NA,NA,NA,NA,NA,3.07,NA,-17.586362,NA,NA,10.49568,NA,576.569454561923,0
1969-03-01,NA,NA,NA,NA,NA,NA,NA,NA,48.90310325343136,NA,NA,NA,NA,NA,NA,NA,NA,53.817993602389244,NA,NA,NA,NA,NA,NA,NA,6.4,4.21,NA,NA,NA,NA,NA,NA,NA,NA,NA,NA,2.05511215187414,NA,NA,NA,NA,NA,NA,NA,NA,NA,NA,NA,NA,NA,NA,NA,NA,NA,NA,NA,NA,NA,NA,NA,NA,NA,NA,NA,NA,NA,NA,NA,NA,NA,NA,NA,NA,NA,NA,NA,NA,NA,NA,NA,NA,NA,NA,NA,NA,NA,NA,NA,NA,NA,NA,NA,NA,NA,NA,NA,NA,NA,NA,NA,3.25,NA,-16.47009,NA,NA,10.50586,NA,552.4495728939007,0
1969-04-01,325536.5616769615,169594.8976189166,58197.31431878188,82648.0807454754,33643.93531697468,29553.489671069125,NA,NA,49.23352933985298,NA,NA,NA,NA,NA,NA,NA,NA,52.077044862959376,NA,NA,NA,NA,NA,NA,NA,6.5,4.4,NA,NA,85.2,NA,NA,NA,NA,NA,NA,NA,2.0513234790344765,NA,NA,NA,NA,NA,NA,NA,NA,NA,NA,NA,NA,NA,NA,NA,NA,NA,NA,NA,NA,NA,NA,NA,NA,NA,NA,NA,NA,NA,NA,NA,NA,NA,NA,NA,NA,NA,NA,NA,NA,NA,NA,NA,NA,NA,NA,NA,NA,NA,NA,NA,NA,NA,NA,NA,NA,NA,NA,NA,NA,NA,NA,NA,3.35,NA,-22.313468,NA,0.1283862,10.49568,NA,331.3222976725213,0
1969-05-01,NA,NA,NA,NA,NA,NA,NA,NA,49.8282984185635,NA,NA,NA,NA,NA,NA,NA,NA,54.57492546240216,NA,NA,NA,NA,NA,NA,NA,6.5,4.38,NA,NA,NA,NA,NA,NA,NA,NA,NA,NA,2.0398654279768693,NA,NA,NA,NA,NA,NA,NA,NA,NA,NA,NA,NA,NA,NA,NA,NA,NA,NA,NA,NA,NA,NA,NA,NA,NA,NA,NA,NA,NA,NA,NA,NA,NA,NA,NA,NA,NA,NA,NA,NA,NA,NA,NA,NA,NA,NA,NA,NA,NA,NA,NA,NA,NA,NA,NA,NA,NA,NA,NA,NA,NA,NA,NA,3.35,NA,-27.209165,NA,NA,10.95378,NA,141.54793351057214,0
1969-06-01,NA,NA,NA,NA,NA,NA,NA,NA,50.356984403141325,NA,NA,NA,NA,NA,NA,NA,NA,54.499230455934146,NA,NA,NA,NA,NA,NA,NA,6.7,5.5,NA,NA,NA,NA,NA,NA,NA,NA,NA,NA,2.0458219783928056,NA,NA,NA,NA,NA,NA,NA,NA,NA,NA,NA,NA,NA,NA,NA,NA,NA,NA,NA,NA,NA,NA,NA,NA,NA,NA,NA,NA,NA,NA,NA,NA,NA,NA,NA,NA,NA,NA,NA,NA,NA,NA,NA,NA,NA,NA,NA,NA,NA,NA,NA,NA,NA,NA,NA,NA,NA,NA,NA,NA,NA,NA,NA,3.35,NA,-18.239498,NA,NA,11.03523,NA,76.46160370769988,0
1969-07-01,332529.9363907479,172900.48547892502,58781.76446257913,84991.55661725946,33942.07787595319,30370.015076412143,NA,NA,50.22481821487592,NA,NA,NA,NA,NA,NA,NA,NA,55.029086398876636,NA,NA,NA,NA,NA,NA,NA,6.9,5.78,NA,NA,85.2,NA,NA,NA,NA,NA,NA,NA,2.045003911382892,NA,NA,NA,NA,NA,NA,NA,NA,NA,NA,NA,NA,NA,NA,NA,NA,NA,NA,NA,NA,NA,NA,NA,NA,NA,NA,NA,NA,NA,NA,NA,NA,NA,NA,NA,NA,NA,NA,NA,NA,NA,NA,NA,NA,NA,NA,NA,NA,NA,NA,NA,NA,NA,NA,NA,NA,NA,NA,NA,NA,NA,NA,NA,3.35,NA,-26.030248,NA,0.2361554,10.54658,NA,26.232968309926548,7.079306685605032
1969-08-01,NA,NA,NA,NA,NA,NA,NA,NA,51.612605654695074,NA,NA,NA,NA,NA,NA,NA,NA,56.54295011890246,NA,NA,NA,NA,NA,NA,NA,6.9,6.5,NA,NA,NA,NA,NA,NA,NA,NA,NA,NA,2.038398020277836,NA,NA,NA,NA,NA,NA,NA,NA,NA,NA,NA,NA,NA,NA,NA,NA,NA,NA,NA,NA,NA,NA,NA,NA,NA,NA,NA,NA,NA,NA,NA,NA,NA,NA,NA,NA,NA,NA,NA,NA,NA,NA,NA,NA,NA,NA,NA,NA,NA,NA,NA,NA,NA,NA,NA,NA,NA,NA,NA,NA,NA,NA,NA,3.35,NA,-21.440912,NA,NA,10.93342,NA,43.31865983341639,4.17665694803737
1969-09-01,NA,NA,NA,NA,NA,NA,NA,NA,51.15001338000806,NA,NA,NA,NA,NA,NA,NA,NA,55.78601825888954,NA,NA,NA,NA,NA,NA,NA,7.2,6.94,NA,NA,NA,NA,NA,NA,NA,NA,NA,NA,2.026040095509324,NA,NA,NA,NA,NA,NA,NA,NA,NA,NA,NA,NA,NA,NA,NA,NA,NA,NA,NA,NA,NA,NA,NA,NA,NA,NA,NA,NA,NA,NA,NA,NA,NA,NA,NA,NA,NA,NA,NA,NA,NA,NA,NA,NA,NA,NA,NA,NA,NA,NA,NA,NA,NA,NA,NA,NA,NA,NA,NA,NA,NA,NA,NA,3.35,NA,-13.882772,NA,NA,11.00469,NA,82.29777060405327,0
1969-10-01,337640.0611816089,175379.65808231433,59115.73954474987,84811.10655013118,33643.93531697468,31948.365859943755,NA,NA,51.81086555285128,NA,NA,NA,NA,NA,NA,NA,NA,56.164484188896,NA,NA,NA,NA,NA,NA,NA,7.4,7.42,NA,NA,87.6,NA,NA,NA,NA,NA,NA,NA,1.9077322671193304,NA,NA,NA,NA,NA,NA,NA,NA,NA,NA,NA,NA,NA,NA,NA,NA,NA,NA,NA,NA,NA,NA,NA,NA,NA,NA,NA,NA,NA,NA,NA,NA,NA,NA,NA,NA,NA,NA,NA,NA,NA,NA,NA,NA,NA,NA,NA,NA,NA,NA,NA,NA,NA,NA,NA,NA,NA,NA,NA,NA,NA,NA,NA,3.35,NA,-6.1208353,NA,0.2455193,11.43225,NA,218.71732052878548,0
1969-11-01,NA,NA,NA,NA,NA,NA,NA,NA,52.60388391395992,NA,NA,NA,NA,NA,NA,NA,NA,57.37557698538339,NA,NA,NA,NA,NA,NA,NA,7.4,7.69,NA,NA,NA,NA,NA,NA,NA,NA,NA,NA,1.8866159124259267,NA,NA,NA,NA,NA,NA,NA,NA,NA,NA,NA,NA,NA,NA,NA,NA,NA,NA,NA,NA,NA,NA,NA,NA,NA,NA,NA,NA,NA,NA,NA,NA,NA,NA,NA,NA,NA,NA,NA,NA,NA,NA,NA,NA,NA,NA,NA,NA,NA,NA,NA,NA,NA,NA,NA,NA,NA,NA,NA,NA,NA,NA,NA,3.35,NA,-0.42812575,NA,NA,12.00234,NA,378.2319578554435,0
1969-12-01,NA,NA,NA,NA,NA,NA,NA,NA,52.20737473340561,NA,NA,NA,NA,NA,NA,NA,NA,57.299891081249,NA,NA,NA,NA,NA,NA,NA,7.6,8.83,NA,NA,NA,NA,NA,NA,NA,NA,NA,NA,1.8845298415506464,NA,NA,NA,NA,NA,NA,NA,NA,NA,NA,NA,NA,NA,NA,NA,NA,NA,NA,NA,NA,NA,NA,NA,NA,NA,NA,NA,NA,NA,NA,NA,NA,NA,NA,NA,NA,NA,NA,NA,NA,NA,NA,NA,NA,NA,NA,NA,NA,NA,NA,NA,NA,NA,NA,NA,NA,NA,NA,NA,NA,NA,NA,NA,3.35,NA,4.2239406,NA,NA,11.62567,NA,744.1929539684696,0
1970-01-01,332252.4614021039,178385.8243662415,58181.76431495597,83122.2809218801,34724.933337500384,36027.31788483448,NA,NA,52.33954092167101,NA,NA,NA,NA,NA,NA,118.9348,NA,54.7263154753382,NA,NA,NA,NA,NA,NA,NA,7.6,9.29,NA,NA,86.6,NA,NA,NA,NA,NA,NA,NA,1.8848775200298595,109.25,NA,NA,NA,NA,NA,NA,NA,NA,NA,NA,NA,NA,NA,NA,NA,NA,NA,NA,NA,NA,NA,NA,NA,NA,NA,NA,NA,NA,NA,NA,NA,NA,NA,NA,NA,NA,NA,NA,NA,NA,NA,NA,NA,NA,NA,NA,NA,NA,NA,NA,NA,NA,NA,NA,NA,NA,NA,NA,NA,NA,NA,NA,3.35,NA,25.753739,NA,0.109075,11.17775,NA,683.996650043533,0
1970-02-01,NA,NA,NA,NA,NA,NA,NA,NA,53.066486804405045,NA,NA,NA,NA,NA,NA,NA,NA,55.33185732241507,NA,NA,NA,NA,NA,NA,NA,7.8,9.51,NA,NA,NA,NA,NA,NA,NA,NA,NA,NA,1.8860023621684912,108.9905,NA,NA,NA,NA,NA,NA,NA,NA,NA,NA,NA,NA,NA,NA,NA,NA,NA,NA,NA,NA,NA,NA,NA,NA,NA,NA,NA,NA,NA,NA,NA,NA,NA,NA,NA,NA,NA,NA,NA,NA,NA,NA,NA,NA,NA,NA,NA,NA,NA,NA,NA,NA,NA,NA,NA,NA,NA,NA,NA,NA,NA,NA,3.35,NA,40.001692,NA,NA,10.85001,NA,564.6183813329305,0
1970-03-01,NA,NA,NA,NA,NA,NA,NA,NA,53.264736086803154,NA,NA,NA,NA,NA,NA,NA,NA,56.61864512537048,NA,NA,NA,NA,NA,NA,NA,8.1,9.81,NA,NA,NA,NA,NA,NA,NA,NA,NA,NA,1.87802620882183,109.2656,NA,NA,NA,NA,NA,NA,NA,NA,NA,NA,NA,NA,NA,NA,NA,NA,NA,NA,NA,NA,NA,NA,NA,NA,NA,NA,NA,NA,NA,NA,NA,NA,NA,NA,NA,NA,NA,NA,NA,NA,NA,NA,NA,NA,NA,NA,NA,NA,NA,NA,NA,NA,NA,NA,NA,NA,NA,NA,NA,NA,NA,NA,3.35,NA,54.082589,NA,NA,10.59168,NA,544.1675777505244,0
1970-04-01,345462.21086147643,182814.85895432733,60180.43980670717,89950.30846193849,35040.700456606326,36169.76795555015,NA,NA,53.793422071380974,NA,NA,NA,NA,NA,NA,123.2036,NA,57.67835701125546,NA,NA,NA,NA,NA,NA,NA,8.1,9.86,NA,NA,86.4,NA,NA,NA,NA,NA,NA,NA,1.8620227729403884,110.0902,NA,NA,NA,NA,NA,NA,NA,NA,NA,NA,NA,NA,NA,NA,NA,NA,NA,NA,NA,NA,NA,NA,NA,NA,NA,NA,NA,NA,NA,NA,NA,NA,NA,NA,NA,NA,NA,NA,NA,NA,NA,NA,NA,NA,NA,NA,NA,NA,NA,NA,NA,NA,NA,NA,NA,NA,NA,NA,NA,NA,NA,NA,3.35,NA,55.393468,NA,0,10.67265,NA,375.9083298981066,0
1970-05-01,NA,NA,NA,NA,NA,NA,NA,NA,54.18993125193529,NA,NA,NA,NA,NA,NA,NA,NA,58.96513571187724,NA,NA,NA,NA,NA,NA,NA,8.4,9.93,NA,NA,NA,NA,NA,NA,NA,NA,NA,NA,1.8576767919502208,109.9841,NA,NA,NA,NA,NA,NA,NA,NA,NA,NA,NA,NA,NA,NA,NA,NA,NA,NA,NA,NA,NA,NA,NA,NA,NA,NA,NA,NA,NA,NA,NA,NA,NA,NA,NA,NA,NA,NA,NA,NA,NA,NA,NA,NA,NA,NA,NA,NA,NA,NA,NA,NA,NA,NA,NA,NA,NA,NA,NA,NA,NA,NA,3.35,NA,56.938453,NA,NA,9.56027,NA,187.14197424817613,0
1970-06-01,NA,NA,NA,NA,NA,NA,NA,NA,53.661255883115565,NA,NA,NA,NA,NA,NA,NA,NA,59.19222073128128,NA,NA,NA,NA,NA,NA,NA,8.7,9.88,NA,NA,NA,NA,NA,NA,NA,NA,NA,NA,1.8573700168215028,109.9161,NA,NA,NA,NA,NA,NA,NA,NA,NA,NA,NA,NA,NA,NA,NA,NA,NA,NA,NA,NA,NA,NA,NA,NA,NA,NA,NA,NA,NA,NA,NA,NA,NA,NA,NA,NA,NA,NA,NA,NA,NA,NA,NA,NA,NA,NA,NA,NA,NA,NA,NA,NA,NA,NA,NA,NA,NA,NA,NA,NA,NA,NA,3.35,NA,52.436691,NA,NA,9.188193,NA,35.97896896466857,0.7220198119173775
1970-07-01,351914.88559739175,186790.70043931453,61331.515089916036,94774.9352567224,35650.485237639674,36444.49309193037,NA,NA,54.32210805595879,NA,NA,NA,NA,NA,NA,124.272,NA,60.25193261716626,NA,NA,NA,NA,NA,NA,NA,8.7,9.59,NA,NA,85.6,NA,NA,NA,NA,NA,NA,NA,1.856756466564068,109.3894,NA,NA,NA,NA,NA,NA,NA,NA,NA,NA,NA,NA,NA,NA,NA,NA,NA,NA,NA,NA,NA,NA,NA,NA,NA,NA,NA,NA,NA,NA,NA,NA,NA,NA,NA,NA,NA,NA,NA,NA,NA,NA,NA,NA,NA,NA,NA,NA,NA,NA,NA,NA,NA,NA,NA,NA,NA,NA,NA,NA,NA,NA,3.31,NA,48.014618,NA,0.1242854,9.078305,NA,45.699455273212386,0
1970-08-01,NA,NA,NA,NA,NA,NA,NA,NA,53.462995984959356,NA,NA,NA,NA,NA,NA,NA,NA,59.72207667422377,NA,NA,NA,NA,NA,NA,NA,8.4,9.16,NA,NA,NA,NA,NA,NA,NA,NA,NA,NA,1.856756466564068,109.1463,NA,NA,NA,NA,NA,NA,NA,NA,NA,NA,NA,NA,NA,NA,NA,NA,NA,NA,NA,NA,NA,NA,NA,NA,NA,NA,NA,NA,NA,NA,NA,NA,NA,NA,NA,NA,NA,NA,NA,NA,NA,NA,NA,NA,NA,NA,NA,NA,NA,NA,NA,NA,NA,NA,NA,NA,NA,NA,NA,NA,NA,NA,3.31,NA,53.933279,NA,NA,9.519786,NA,13.832324627434064,0.12293850851566156
1970-09-01,NA,NA,NA,NA,NA,NA,NA,NA,53.198652992670446,NA,NA,NA,NA,NA,NA,NA,NA,59.343610744217315,NA,NA,NA,NA,NA,NA,NA,8.5,9.36,NA,NA,NA,NA,NA,NA,NA,NA,NA,NA,1.856756466564068,108.581,NA,NA,NA,NA,NA,NA,NA,NA,NA,NA,NA,NA,NA,NA,NA,NA,NA,NA,NA,NA,NA,NA,NA,NA,NA,NA,NA,NA,NA,NA,NA,NA,NA,NA,NA,NA,NA,NA,NA,NA,NA,NA,NA,NA,NA,NA,NA,NA,NA,NA,NA,NA,NA,NA,NA,NA,NA,NA,NA,NA,NA,NA,3.31,NA,59.256311,NA,NA,9.215183,NA,100.43050950761696,0
1970-10-01,354897.73547531443,189072.07969074335,64376.66583914046,94747.66024657596,35857.38007397257,37726.44372832177,NA,NA,53.59516217322477,NA,NA,NA,NA,NA,NA,124.6461,NA,60.55470354070471,NA,NA,NA,NA,NA,NA,NA,8.7,9.53,NA,NA,86.5,NA,NA,NA,35.4,53,NA,NA,1.8571655000690244,108.4512,NA,NA,NA,NA,NA,NA,NA,NA,NA,NA,NA,NA,NA,NA,NA,NA,NA,NA,NA,NA,NA,NA,NA,NA,NA,NA,NA,NA,NA,NA,NA,NA,NA,NA,NA,NA,NA,NA,NA,NA,NA,NA,NA,NA,NA,NA,NA,NA,NA,NA,NA,NA,NA,NA,NA,NA,NA,NA,NA,NA,NA,NA,3.31,NA,59.69673,NA,0,9.059027,NA,258.8884116761334,0
1970-11-01,NA,NA,NA,NA,NA,NA,NA,NA,53.132569898537746,NA,NA,NA,NA,NA,NA,NA,NA,62.522728197205005,NA,NA,NA,NA,NA,NA,NA,8.6,8.84,NA,NA,NA,NA,NA,NA,NA,NA,NA,NA,1.8562963038709908,108.4208,NA,NA,NA,NA,NA,NA,NA,NA,NA,NA,NA,NA,NA,NA,NA,NA,NA,NA,NA,NA,NA,NA,NA,NA,NA,NA,NA,NA,NA,NA,NA,NA,NA,NA,NA,NA,NA,NA,NA,NA,NA,NA,NA,NA,NA,NA,NA,NA,NA,NA,NA,NA,NA,NA,NA,NA,NA,NA,NA,NA,NA,NA,3.31,NA,54.554486,NA,NA,8.818044,NA,361.8295904008109,0
1970-12-01,NA,NA,NA,NA,NA,NA,NA,NA,54.05776506366988,NA,NA,NA,NA,NA,NA,NA,NA,63.43105007015395,NA,NA,NA,NA,NA,NA,NA,8.2,8.12,NA,NA,NA,NA,NA,NA,NA,NA,NA,NA,1.8635055193958567,108.3091,NA,NA,NA,NA,NA,NA,NA,NA,NA,NA,NA,NA,NA,NA,NA,NA,NA,NA,NA,NA,NA,NA,NA,NA,NA,NA,NA,NA,NA,NA,NA,NA,NA,NA,NA,NA,NA,NA,NA,NA,NA,NA,NA,NA,NA,NA,NA,NA,NA,NA,NA,NA,NA,NA,NA,NA,NA,NA,NA,NA,NA,NA,3.56,NA,16.89529,NA,NA,8.629113,NA,540.9278312949202,0
1971-01-01,348079.78575434856,189463.2032401133,62825.39045746694,93333.58472053321,35998.95154064163,38995.89435850785,NA,NA,55.04904332293473,NA,NA,NA,NA,NA,NA,125.6578,NA,60.85747446424314,NA,NA,NA,NA,NA,NA,NA,7.7,7.5,NA,NA,85.2,NA,NA,NA,34.7,52.4,NA,NA,1.8595174427225272,108.9046,NA,NA,NA,NA,NA,NA,NA,NA,NA,NA,NA,NA,NA,NA,NA,NA,NA,NA,NA,NA,NA,NA,NA,NA,NA,NA,NA,NA,NA,NA,NA,NA,NA,NA,NA,NA,NA,NA,NA,NA,NA,NA,NA,NA,NA,NA,NA,NA,NA,NA,NA,NA,NA,NA,NA,NA,NA,NA,NA,NA,NA,NA,3.56,NA,8.108219,NA,0,9.139997,NA,612.7233790433793,0
1971-02-01,NA,NA,NA,NA,NA,NA,NA,NA,54.4542742442242,NA,NA,NA,NA,NA,NA,NA,NA,60.17623761069825,NA,NA,NA,NA,NA,NA,NA,7.7,7.47,NA,NA,NA,NA,NA,NA,NA,NA,NA,NA,1.852921777455096,109.7388,NA,NA,NA,NA,NA,NA,NA,NA,NA,NA,NA,NA,NA,NA,NA,NA,NA,NA,NA,NA,NA,NA,NA,NA,NA,NA,NA,NA,NA,NA,NA,NA,NA,NA,NA,NA,NA,NA,NA,NA,NA,NA,NA,NA,NA,NA,NA,NA,NA,NA,NA,NA,NA,NA,NA,NA,NA,NA,NA,NA,NA,NA,3.56,NA,-15.842979,NA,NA,9.843666,NA,461.26820572032386,0
1971-03-01,NA,NA,NA,NA,NA,NA,NA,NA,54.18993125193529,NA,NA,NA,NA,NA,NA,NA,NA,61.16024538778158,NA,NA,NA,NA,NA,NA,NA,7.9,7.46,NA,NA,NA,NA,NA,NA,NA,NA,NA,NA,1.856654208187828,109.3621,NA,NA,NA,NA,NA,NA,NA,NA,NA,NA,NA,NA,NA,NA,NA,NA,NA,NA,NA,NA,NA,NA,NA,NA,NA,NA,NA,NA,NA,NA,NA,NA,NA,NA,NA,NA,NA,NA,NA,NA,NA,NA,NA,NA,NA,NA,NA,NA,NA,NA,NA,NA,NA,NA,NA,NA,NA,NA,NA,NA,NA,NA,3.56,NA,-17.594989,NA,NA,10.11357,NA,528.529585577296,0
1971-04-01,355384.7354553833,193451.45863584624,64824.01594920583,96618.23594243893,35988.05181267629,38649.99418679461,NA,NA,54.58644043248961,NA,NA,NA,NA,NA,NA,129.7677,NA,61.91717724779449,NA,NA,NA,NA,NA,NA,NA,7.9,6.36,NA,NA,85.6,NA,NA,NA,34.9,52.7,NA,NA,1.8581880838314169,109.3286,NA,NA,NA,NA,NA,NA,NA,NA,NA,NA,NA,NA,NA,NA,NA,NA,NA,NA,NA,NA,NA,NA,NA,NA,NA,NA,NA,NA,NA,NA,NA,NA,NA,NA,NA,NA,NA,NA,NA,NA,NA,NA,NA,NA,NA,NA,NA,NA,NA,NA,NA,NA,NA,NA,NA,NA,NA,NA,NA,NA,NA,NA,3.56,NA,-22.853236,NA,0.1212562,9.911141,NA,289.2591163255273,0
1971-05-01,NA,NA,NA,NA,NA,NA,NA,NA,53.793422071380974,NA,NA,NA,NA,NA,NA,NA,NA,62.14426226719855,NA,NA,NA,NA,NA,NA,NA,8,6.16,NA,NA,NA,NA,NA,NA,NA,NA,NA,NA,1.816722312266404,111.1236,NA,NA,NA,NA,NA,NA,NA,NA,NA,NA,NA,NA,NA,NA,NA,NA,NA,NA,NA,NA,NA,NA,NA,NA,NA,NA,NA,NA,NA,NA,NA,NA,NA,NA,NA,NA,NA,NA,NA,NA,NA,NA,NA,NA,NA,NA,NA,NA,NA,NA,NA,NA,NA,NA,NA,NA,NA,NA,NA,NA,NA,NA,3.56,NA,-29.580614,NA,NA,9.471589,NA,102.52287773305953,0
1971-06-01,NA,NA,NA,NA,NA,NA,NA,NA,54.388191150091494,NA,NA,NA,NA,NA,NA,NA,NA,62.29565228013458,NA,NA,NA,NA,NA,NA,NA,8.2,6.8,NA,NA,NA,NA,NA,NA,NA,NA,NA,NA,1.7956570867611197,112.4682,NA,NA,NA,NA,NA,NA,NA,NA,NA,NA,NA,NA,NA,NA,NA,NA,NA,NA,NA,NA,NA,NA,NA,NA,NA,NA,NA,NA,NA,NA,NA,NA,NA,NA,NA,NA,NA,NA,NA,NA,NA,NA,NA,NA,NA,NA,NA,NA,NA,NA,NA,NA,NA,NA,NA,NA,NA,NA,NA,NA,NA,NA,3.56,NA,-53.172886,NA,NA,9.521713,NA,92.4372293343782,0
1971-07-01,361533.03520375554,195677.8898697699,65587.89113714856,96550.0859170868,37164.047462257695,39219.71946962006,NA,NA,55.247292605332845,NA,NA,NA,NA,NA,NA,130.4602,NA,62.82550822307707,NA,NA,NA,NA,NA,NA,NA,8.3,7.66,NA,NA,86.5,NA,NA,NA,35.2,53.2,NA,NA,1.780318330325233,113.3077,NA,NA,NA,NA,NA,NA,NA,NA,NA,NA,NA,NA,NA,NA,NA,NA,NA,NA,NA,NA,NA,NA,NA,NA,NA,NA,NA,NA,NA,NA,NA,NA,NA,NA,NA,NA,NA,NA,NA,NA,NA,NA,NA,NA,NA,NA,NA,NA,NA,NA,NA,NA,NA,NA,NA,NA,NA,NA,NA,NA,NA,NA,3.56,NA,-59.391382,NA,0.1231679,9.631601,NA,19.459484905870546,4.860819504951512
1971-08-01,NA,NA,NA,NA,NA,NA,NA,NA,52.93431000038154,NA,NA,NA,NA,NA,NA,NA,NA,62.90120322954508,NA,NA,NA,NA,NA,NA,NA,8.3,7.56,NA,NA,NA,NA,NA,NA,NA,NA,NA,NA,1.7465730661662824,114.3263,NA,NA,NA,NA,NA,NA,NA,NA,NA,NA,NA,NA,NA,NA,NA,NA,NA,NA,NA,NA,NA,NA,NA,NA,NA,NA,NA,NA,NA,NA,NA,NA,NA,NA,NA,NA,NA,NA,NA,NA,NA,NA,NA,NA,NA,NA,NA,NA,NA,NA,NA,NA,NA,NA,NA,NA,NA,NA,NA,NA,NA,NA,3.56,NA,-63.343828,NA,NA,9.614251,NA,4.064454533093573,4.509176342498778
1971-09-01,NA,NA,NA,NA,NA,NA,NA,NA,54.18993125193529,NA,NA,NA,NA,NA,NA,NA,NA,63.2796600572179,NA,NA,NA,NA,NA,NA,NA,8.1,7.59,NA,NA,NA,NA,NA,NA,NA,NA,NA,NA,1.7184520127004903,114.5223,NA,NA,NA,NA,NA,NA,NA,NA,NA,NA,NA,NA,NA,NA,NA,NA,NA,NA,NA,NA,NA,NA,NA,NA,NA,NA,NA,NA,NA,NA,NA,NA,NA,NA,NA,NA,NA,NA,NA,NA,NA,NA,NA,NA,NA,NA,NA,NA,NA,NA,NA,NA,NA,NA,NA,NA,NA,NA,NA,NA,NA,NA,3.56,NA,-49.906741,NA,NA,9.01083,NA,137.57124449165661,0
1971-10-01,361228.6852162115,198164.64739701367,66414.51634053022,96727.28598300606,34822.93089168416,39799.59475748422,NA,NA,54.32210805595879,NA,NA,NA,NA,NA,NA,129.6777,NA,63.658135089557994,NA,NA,NA,NA,NA,NA,NA,8,7.8,NA,NA,88.4,NA,NA,NA,36.1,54.3,NA,NA,1.7005567968586228,114.7078,NA,NA,NA,NA,NA,NA,NA,NA,NA,NA,NA,NA,NA,NA,NA,NA,NA,NA,NA,NA,NA,NA,NA,NA,NA,NA,NA,NA,NA,NA,NA,NA,NA,NA,NA,NA,NA,NA,NA,NA,NA,NA,NA,NA,NA,NA,NA,NA,NA,NA,NA,NA,NA,NA,NA,NA,NA,NA,NA,NA,NA,NA,3.56,NA,-59.632558,NA,0,8.777558,NA,245.41856341818442,0
1971-11-01,NA,NA,NA,NA,NA,NA,NA,NA,53.52907907909206,NA,NA,NA,NA,NA,NA,NA,NA,63.8095160001604,NA,NA,NA,NA,NA,NA,NA,7.9,6.79,NA,NA,NA,NA,NA,NA,NA,NA,NA,NA,1.703113256264604,114.0772,NA,NA,NA,NA,NA,NA,NA,NA,NA,NA,NA,NA,NA,NA,NA,NA,NA,NA,NA,NA,NA,NA,NA,NA,NA,NA,NA,NA,NA,NA,NA,NA,NA,NA,NA,NA,NA,NA,NA,NA,NA,NA,NA,NA,NA,NA,NA,NA,NA,NA,NA,NA,NA,NA,NA,NA,NA,NA,NA,NA,NA,NA,3.56,NA,-43.396586,NA,NA,8.247396,NA,427.43483980117304,0
1971-12-01,NA,NA,NA,NA,NA,NA,NA,NA,52.60388391395992,NA,NA,NA,NA,NA,NA,NA,NA,61.46302541365364,NA,NA,NA,NA,NA,NA,NA,7.9,6.63,NA,NA,NA,NA,NA,NA,NA,NA,NA,NA,1.6719244515116345,114.264,NA,NA,NA,NA,NA,NA,NA,NA,NA,NA,NA,NA,NA,NA,NA,NA,NA,NA,NA,NA,NA,NA,NA,NA,NA,NA,NA,NA,NA,NA,NA,NA,NA,NA,NA,NA,NA,NA,NA,NA,NA,NA,NA,NA,NA,NA,NA,NA,NA,NA,NA,NA,NA,NA,NA,NA,NA,NA,NA,NA,NA,NA,3.56,NA,-47.871496,NA,NA,8.769847,NA,439.8303038795501,0
1972-01-01,361593.88520126516,201639.66440820205,67118.31651369217,96870.36103623065,36540.78801752408,40903.69530558652,NA,NA,54.65253414238041,NA,NA,NA,NA,NA,NA,129.6411,NA,63.50674507662196,NA,NA,NA,NA,NA,NA,NA,7.6,5.19,NA,NA,88.2,NA,NA,NA,36,54.2,NA,NA,1.6524953600261785,114.2097,NA,NA,NA,NA,NA,NA,NA,NA,NA,NA,NA,NA,NA,NA,NA,NA,NA,NA,NA,NA,NA,NA,NA,NA,NA,NA,NA,NA,NA,NA,NA,NA,NA,NA,NA,NA,NA,NA,NA,NA,NA,NA,NA,NA,NA,NA,NA,NA,NA,NA,NA,NA,NA,NA,NA,NA,NA,NA,NA,NA,NA,NA,3.56,NA,-59.868353,NA,0.3099814,9.116862,NA,642.006654584318,0
1972-02-01,NA,NA,NA,NA,NA,NA,NA,NA,55.04904332293473,NA,NA,NA,NA,NA,NA,NA,NA,63.052584140147495,NA,NA,NA,NA,NA,NA,NA,7.3,4.88,NA,NA,NA,NA,NA,NA,NA,NA,NA,NA,1.6294872253723482,114.6936,NA,NA,NA,NA,NA,NA,NA,NA,NA,NA,NA,NA,NA,NA,NA,NA,NA,NA,NA,NA,NA,NA,NA,NA,NA,NA,NA,NA,NA,NA,NA,NA,NA,NA,NA,NA,NA,NA,NA,NA,NA,NA,NA,NA,NA,NA,NA,NA,NA,NA,NA,NA,NA,NA,NA,NA,NA,NA,NA,NA,NA,NA,3.56,NA,-66.725883,NA,NA,9.741489,NA,468.7363315874153,0
1972-03-01,NA,NA,NA,NA,NA,NA,NA,NA,55.643812401645256,NA,NA,NA,NA,NA,NA,NA,NA,65.32337972018622,NA,NA,NA,NA,NA,NA,NA,7.4,4.8,NA,NA,NA,NA,NA,NA,NA,NA,NA,NA,1.6207952633920126,115.0772,NA,NA,NA,NA,NA,NA,NA,NA,NA,NA,NA,NA,NA,NA,NA,NA,NA,NA,NA,NA,NA,NA,NA,NA,NA,NA,NA,NA,NA,NA,NA,NA,NA,NA,NA,NA,NA,NA,NA,NA,NA,NA,NA,NA,NA,NA,NA,NA,NA,NA,NA,NA,NA,NA,NA,NA,NA,NA,NA,NA,NA,NA,3.56,NA,-69.300773,NA,NA,10.08658,NA,388.5117454898586,0
1972-04-01,367498.7099596019,202351.4278093876,67296.19155745629,97047.5611021499,37596.9366582389,41534.54561875592,NA,NA,55.643812401645256,NA,NA,NA,NA,NA,NA,131.3815,NA,62.67411821014104,NA,NA,NA,NA,NA,NA,NA,7.7,4.78,NA,NA,89.7,NA,NA,NA,36.7,54.9,NA,NA,1.6248855984415824,114.9247,NA,NA,NA,NA,NA,NA,NA,NA,NA,NA,NA,NA,NA,NA,NA,NA,NA,NA,NA,NA,NA,NA,NA,NA,NA,NA,NA,NA,NA,NA,NA,NA,NA,NA,NA,NA,NA,NA,NA,NA,NA,NA,NA,NA,NA,NA,NA,NA,NA,NA,NA,NA,NA,NA,NA,NA,NA,NA,NA,NA,NA,NA,3.56,NA,-60.098846,NA,0.1987281,10.40082,NA,315.6645462687786,0
1972-05-01,NA,NA,NA,NA,NA,NA,NA,NA,55.31338631522364,NA,NA,NA,NA,NA,NA,NA,NA,64.86922788604538,NA,NA,NA,NA,NA,NA,NA,7.8,4.71,NA,NA,NA,NA,NA,NA,NA,NA,NA,NA,1.6259081822039747,114.0523,NA,NA,NA,NA,NA,NA,NA,NA,NA,NA,NA,NA,NA,NA,NA,NA,NA,NA,NA,NA,NA,NA,NA,NA,NA,NA,NA,NA,NA,NA,NA,NA,NA,NA,NA,NA,NA,NA,NA,NA,NA,NA,NA,NA,NA,NA,NA,NA,NA,NA,NA,NA,NA,NA,NA,NA,NA,NA,NA,NA,NA,NA,3.56,NA,-64.045963,NA,NA,10.58589,NA,183.2679181256218,0
1972-06-01,NA,NA,NA,NA,NA,NA,NA,NA,55.643812401645256,NA,NA,NA,NA,NA,NA,NA,NA,64.64214286664134,NA,NA,NA,NA,NA,NA,NA,7.9,4.65,NA,NA,NA,NA,NA,NA,NA,NA,NA,NA,1.6218178471544051,114.0454,NA,NA,NA,NA,NA,NA,NA,NA,NA,NA,NA,NA,NA,NA,NA,NA,NA,NA,NA,NA,NA,NA,NA,NA,NA,NA,NA,NA,NA,NA,NA,NA,NA,NA,NA,NA,NA,NA,NA,NA,NA,NA,NA,NA,NA,NA,NA,NA,NA,NA,NA,NA,NA,NA,NA,NA,NA,NA,NA,NA,NA,NA,3.56,NA,-66.787876,NA,NA,10.47601,NA,84.88057060435088,0
1972-07-01,376082.0346083174,206285.34490818245,68175.21677373037,99159.96188797297,38555.112744146,41402.270553091366,NA,NA,55.908155393934166,NA,NA,NA,NA,NA,NA,130.9691,NA,65.62615974605829,NA,NA,NA,NA,NA,NA,NA,8,4.65,NA,NA,89.9,NA,NA,NA,36.8,55.1,NA,NA,1.6161936364612466,114.981,NA,NA,NA,NA,NA,NA,NA,NA,NA,NA,NA,NA,NA,NA,NA,NA,NA,NA,NA,NA,NA,NA,NA,NA,NA,NA,NA,NA,NA,NA,NA,NA,NA,NA,NA,NA,NA,NA,NA,NA,NA,NA,NA,NA,NA,NA,NA,NA,NA,NA,NA,NA,NA,NA,NA,NA,NA,NA,NA,NA,NA,NA,3.56,NA,-56.596974,NA,0.2070822,10.42588,NA,24.432000775274048,6.195190173570707
1972-08-01,NA,NA,NA,NA,NA,NA,NA,NA,55.643812401645256,NA,NA,NA,NA,NA,NA,NA,NA,68.880972205514,NA,NA,NA,NA,NA,NA,NA,7.9,4.8,NA,NA,NA,NA,NA,NA,NA,NA,NA,NA,1.628975933491152,113.6517,NA,NA,NA,NA,NA,NA,NA,NA,NA,NA,NA,NA,NA,NA,NA,NA,NA,NA,NA,NA,NA,NA,NA,NA,NA,NA,NA,NA,NA,NA,NA,NA,NA,NA,NA,NA,NA,NA,NA,NA,NA,NA,NA,NA,NA,NA,NA,NA,NA,NA,NA,NA,NA,NA,NA,NA,NA,NA,NA,NA,NA,NA,3.56,NA,-62.962297,NA,NA,10.85194,NA,47.77791530241909,0.4272275787993995
1972-09-01,NA,NA,NA,NA,NA,NA,NA,NA,55.70989549577796,NA,NA,NA,NA,NA,NA,NA,NA,65.32337972018622,NA,NA,NA,NA,NA,NA,NA,7.9,5.32,NA,NA,NA,NA,NA,NA,NA,NA,NA,NA,1.6325549766595258,113.9239,NA,NA,NA,NA,NA,NA,NA,NA,NA,NA,NA,NA,NA,NA,NA,NA,NA,NA,NA,NA,NA,NA,NA,NA,NA,NA,NA,NA,NA,NA,NA,NA,NA,NA,NA,NA,NA,NA,NA,NA,NA,NA,NA,NA,NA,NA,NA,NA,NA,NA,NA,NA,NA,NA,NA,NA,NA,NA,NA,NA,NA,NA,3.56,NA,-8.6191098,NA,NA,10.54541,NA,183.3177957948815,0
1972-10-01,381925.9593691466,208144.40730602955,69797.16717279266,100209.36227835485,40395.21681895496,43121.846406730525,NA,NA,56.43683076275389,NA,NA,NA,NA,NA,NA,129.7638,NA,65.77754975899433,NA,NA,NA,NA,NA,NA,NA,8,6.88,NA,NA,92,NA,NA,NA,37.9,56.1,NA,NA,1.6397130629962726,113.3625,NA,NA,NA,NA,NA,NA,NA,NA,NA,NA,NA,NA,NA,NA,NA,NA,NA,NA,NA,NA,NA,NA,NA,NA,NA,NA,NA,NA,NA,NA,NA,NA,NA,NA,NA,NA,NA,NA,NA,NA,NA,NA,NA,NA,NA,NA,NA,NA,NA,NA,NA,NA,NA,NA,NA,NA,NA,NA,NA,NA,NA,NA,3.56,NA,-5.7281701,NA,0.2507732,10.17911,NA,324.905727359456,0
1972-11-01,NA,NA,NA,NA,NA,NA,NA,NA,57.42810902201874,NA,NA,NA,NA,NA,NA,NA,NA,64.64214286664134,NA,NA,NA,NA,NA,NA,NA,8.4,8.07,NA,NA,NA,NA,NA,NA,NA,NA,NA,NA,1.638179187352684,113.7673,NA,NA,NA,NA,NA,NA,NA,NA,NA,NA,NA,NA,NA,NA,NA,NA,NA,NA,NA,NA,NA,NA,NA,NA,NA,NA,NA,NA,NA,NA,NA,NA,NA,NA,NA,NA,NA,NA,NA,NA,NA,NA,NA,NA,NA,NA,NA,NA,NA,NA,NA,NA,NA,NA,NA,NA,NA,NA,NA,NA,NA,NA,3.56,NA,-4.5866754,NA,NA,10.33142,NA,399.83177028412166,0
1972-12-01,NA,NA,NA,NA,NA,NA,NA,NA,58.155044288994674,NA,NA,NA,NA,NA,NA,NA,NA,67.51848939609057,NA,NA,NA,NA,NA,NA,NA,8.6,8.6,NA,NA,NA,NA,NA,NA,NA,NA,NA,NA,1.6351114360655068,113.8867,NA,NA,NA,NA,NA,NA,NA,NA,NA,NA,NA,NA,NA,NA,NA,NA,NA,NA,NA,NA,NA,NA,NA,NA,NA,NA,NA,NA,NA,NA,NA,NA,NA,NA,NA,NA,NA,NA,NA,NA,NA,NA,NA,NA,NA,NA,NA,NA,NA,NA,NA,NA,NA,NA,NA,NA,NA,NA,NA,NA,NA,NA,3.56,NA,9.4127494,NA,NA,10.12513,NA,522.9492335730878,0
1973-01-01,387206.9341530154,209238.78255746863,71586.59261306027,101470.13774736927,40768.30750738321,42531.69611376561,NA,NA,58.683730273572486,NA,NA,NA,NA,NA,NA,128.7788,NA,66.53448161900724,NA,NA,NA,NA,NA,NA,NA,8.6,7.89,NA,NA,92.2,NA,NA,NA,38.1,56,NA,NA,1.634395627431832,114.3525,NA,NA,NA,NA,NA,NA,NA,NA,NA,NA,NA,NA,NA,NA,NA,NA,NA,NA,NA,NA,NA,NA,NA,NA,NA,NA,NA,NA,NA,NA,NA,NA,NA,NA,NA,NA,NA,NA,NA,NA,NA,NA,NA,NA,NA,NA,NA,NA,NA,NA,NA,NA,NA,NA,NA,NA,NA,NA,NA,NA,NA,NA,3.56,NA,20.886577,NA,0.0976086,10.60517,NA,564.462897290873,0
1973-02-01,NA,NA,NA,NA,NA,NA,NA,NA,59.21241625815031,NA,NA,NA,NA,NA,NA,NA,NA,67.74557441549463,NA,NA,NA,NA,NA,NA,NA,8.6,7.96,NA,NA,NA,NA,NA,NA,NA,NA,NA,NA,1.5408803423610438,115.925,NA,NA,NA,NA,NA,NA,NA,NA,NA,NA,NA,NA,NA,NA,NA,NA,NA,NA,NA,NA,NA,NA,NA,NA,NA,NA,NA,NA,NA,NA,NA,NA,NA,NA,NA,NA,NA,NA,NA,NA,NA,NA,NA,NA,NA,NA,NA,NA,NA,NA,NA,NA,NA,NA,NA,NA,NA,NA,NA,NA,NA,NA,3.56,NA,29.629638,NA,NA,10.44709,NA,475.24153068201116,0
1973-03-01,NA,NA,NA,NA,NA,NA,NA,NA,59.60892543870463,NA,NA,NA,NA,NA,NA,NA,NA,65.70185475252632,NA,NA,NA,NA,NA,NA,NA,8.6,8.77,NA,NA,NA,NA,NA,NA,NA,NA,NA,NA,1.437803899111886,119.1503,NA,NA,NA,NA,NA,NA,NA,NA,NA,NA,NA,NA,NA,NA,NA,NA,NA,NA,NA,NA,NA,NA,NA,NA,NA,NA,NA,NA,NA,NA,NA,NA,NA,NA,NA,NA,NA,NA,NA,NA,NA,NA,NA,NA,NA,NA,NA,NA,NA,NA,NA,NA,NA,NA,NA,NA,NA,NA,NA,NA,NA,NA,3.56,NA,38.744362,NA,NA,10.83844,NA,435.4191036265072,0
1973-04-01,390067.9090359259,211974.11096549922,72067.94273149096,99889.1621592389,42292.76945996657,42857.29627540143,NA,NA,59.27849935228301,NA,NA,NA,NA,NA,NA,132.117,NA,66.53448161900724,NA,NA,NA,NA,NA,NA,NA,8.8,10.62,NA,NA,92.6,NA,NA,NA,38.5,56.1,NA,NA,1.450228291824954,119.4858,NA,NA,NA,NA,NA,NA,NA,NA,NA,NA,NA,NA,NA,NA,NA,NA,NA,NA,NA,NA,NA,NA,NA,NA,NA,NA,NA,NA,NA,NA,NA,NA,NA,NA,NA,NA,NA,NA,NA,NA,NA,NA,NA,NA,NA,NA,NA,NA,NA,NA,NA,NA,NA,NA,NA,NA,NA,NA,NA,NA,NA,NA,3.56,NA,43.143198,NA,0.0910996,10.85387,NA,381.35967139240284,0
1973-05-01,NA,NA,NA,NA,NA,NA,NA,NA,59.67500853283734,NA,NA,NA,NA,NA,NA,NA,NA,65.55046473959028,NA,NA,NA,NA,NA,NA,NA,9.2,12.42,NA,NA,NA,NA,NA,NA,NA,NA,NA,NA,1.426197573408732,119.8833,NA,NA,NA,NA,NA,NA,NA,NA,NA,NA,NA,NA,NA,NA,NA,NA,NA,NA,NA,NA,NA,NA,NA,NA,NA,NA,NA,NA,NA,NA,NA,NA,NA,NA,NA,NA,NA,NA,NA,NA,NA,NA,NA,NA,NA,NA,NA,NA,NA,NA,NA,NA,NA,NA,NA,NA,NA,NA,NA,NA,NA,NA,3.56,NA,50.418217,NA,NA,9.891863,NA,151.71453720320568,0
1973-06-01,NA,NA,NA,NA,NA,NA,NA,NA,59.27849935228301,NA,NA,NA,NA,NA,NA,NA,NA,66.83725254254568,NA,NA,NA,NA,NA,NA,NA,9.9,13.62,NA,NA,NA,NA,NA,NA,NA,NA,NA,NA,1.3183149864763295,125.5839,NA,NA,NA,NA,NA,NA,NA,NA,NA,NA,NA,NA,NA,NA,NA,NA,NA,NA,NA,NA,NA,NA,NA,NA,NA,NA,NA,NA,NA,NA,NA,NA,NA,NA,NA,NA,NA,NA,NA,NA,NA,NA,NA,NA,NA,NA,NA,NA,NA,NA,NA,NA,NA,NA,NA,NA,NA,NA,NA,NA,NA,NA,3.56,NA,57.875301,NA,NA,9.581477,NA,46.756094512759255,1.909839972766317
1973-07-01,391346.20898360974,211340.00157573688,71576.11761048302,98676.16170799702,43316.31891428964,42786.071240043595,NA,NA,57.16376602972983,NA,NA,NA,NA,NA,NA,132.1275,NA,64.79353287957737,NA,NA,NA,NA,NA,NA,NA,9.9,14.3,NA,NA,92.5,NA,NA,NA,38.5,55.9,NA,NA,1.1921792793852226,133.6701,NA,NA,NA,NA,NA,NA,NA,NA,NA,NA,NA,NA,NA,NA,NA,NA,NA,NA,NA,NA,NA,NA,NA,NA,NA,NA,NA,NA,NA,NA,NA,NA,NA,NA,NA,NA,NA,NA,NA,NA,NA,NA,NA,NA,NA,NA,NA,NA,NA,NA,NA,NA,NA,NA,NA,NA,NA,NA,NA,NA,NA,NA,3.56,NA,59.340235,NA,0.1503307,8.995407,NA,15.651900369464203,3.0327433973725957
1973-08-01,NA,NA,NA,NA,NA,NA,NA,NA,60.33586070568056,NA,NA,NA,NA,NA,NA,NA,NA,65.24769381605184,NA,NA,NA,NA,NA,NA,NA,9.8,14.57,NA,NA,NA,NA,NA,NA,NA,NA,NA,NA,1.240138457841428,130.591,NA,NA,NA,NA,NA,NA,NA,NA,NA,NA,NA,NA,NA,NA,NA,NA,NA,NA,NA,NA,NA,NA,NA,NA,NA,NA,NA,NA,NA,NA,NA,NA,NA,NA,NA,NA,NA,NA,NA,NA,NA,NA,NA,NA,NA,NA,NA,NA,NA,NA,NA,NA,NA,NA,NA,NA,NA,NA,NA,NA,NA,NA,4.31,NA,69.858101,NA,NA,8.885519,NA,8.147900947943707,0.1680810084679732
1973-09-01,NA,NA,NA,NA,NA,NA,NA,NA,60.07151771339165,NA,NA,NA,NA,NA,NA,NA,NA,66.30740570193682,NA,NA,NA,NA,NA,NA,NA,9.6,14.25,NA,NA,NA,NA,NA,NA,NA,NA,NA,NA,1.2396271659602318,129.3099,NA,NA,NA,NA,NA,NA,NA,NA,NA,NA,NA,NA,NA,NA,NA,NA,NA,NA,NA,NA,NA,NA,NA,NA,NA,NA,NA,NA,NA,NA,NA,NA,NA,NA,NA,NA,NA,NA,NA,NA,NA,NA,NA,NA,NA,NA,NA,NA,NA,NA,NA,NA,NA,NA,NA,NA,NA,NA,NA,NA,NA,NA,4.31,NA,81.285305,NA,NA,8.78527,NA,89.5202489500409,0
1973-10-01,392320.1589437495,210425.0061151325,74003.84320779706,95882.13566860618,43969.67760780827,45624.922649318294,NA,NA,59.67500853283734,NA,NA,NA,NA,NA,NA,129.6601,NA,65.39907472665425,NA,NA,NA,NA,NA,NA,NA,9.7,14.49,NA,NA,93.2,NA,NA,NA,38.9,56.2,NA,NA,1.233747309326475,128.4072,NA,NA,NA,NA,NA,NA,NA,NA,NA,NA,NA,NA,NA,NA,NA,NA,NA,NA,NA,NA,NA,NA,NA,NA,NA,NA,NA,NA,NA,NA,NA,NA,NA,NA,NA,NA,NA,NA,NA,NA,NA,NA,NA,NA,NA,NA,NA,NA,NA,NA,NA,NA,NA,NA,NA,NA,NA,NA,NA,NA,NA,NA,4.31,NA,107.20737,NA,0,8.929859,NA,312.6205696650186,0
1973-11-01,NA,NA,NA,NA,NA,NA,NA,NA,60.00543461925895,NA,NA,NA,NA,NA,NA,NA,NA,63.96090601309644,NA,NA,NA,NA,NA,NA,NA,9.4,13.62,NA,NA,NA,NA,NA,NA,NA,NA,NA,NA,1.3178548237832532,125.6292,NA,NA,NA,NA,NA,NA,NA,NA,NA,NA,NA,NA,NA,NA,NA,NA,NA,NA,NA,NA,NA,NA,NA,NA,NA,NA,NA,NA,NA,NA,NA,NA,NA,NA,NA,NA,NA,NA,NA,NA,NA,NA,NA,NA,NA,NA,NA,NA,NA,NA,NA,NA,NA,NA,NA,NA,NA,NA,NA,NA,NA,NA,4.31,NA,104.23624,NA,NA,8.723578,NA,436.3442384726791,0
1973-12-01,NA,NA,NA,NA,NA,NA,NA,NA,59.41066554054842,NA,NA,NA,NA,NA,NA,NA,NA,63.8095160001604,NA,NA,NA,NA,NA,NA,NA,9.6,13.2,NA,NA,NA,NA,NA,NA,NA,NA,NA,NA,1.3601386623581806,125.2692,NA,NA,NA,NA,NA,NA,NA,NA,NA,NA,NA,NA,NA,NA,NA,NA,NA,NA,NA,NA,NA,NA,NA,NA,NA,NA,NA,NA,NA,NA,NA,NA,NA,NA,NA,NA,NA,NA,NA,NA,NA,NA,NA,NA,NA,NA,NA,NA,NA,NA,NA,NA,NA,NA,NA,NA,NA,NA,NA,NA,NA,NA,4.31,NA,114.2407,NA,NA,8.131724,NA,560.259648551205,0
1974-01-01,395637.98380796285,208795.54009402473,75186.2934987254,95906.08567751569,48349.79328918213,42763.221228700284,NA,NA,59.60892543870463,NA,NA,NA,NA,NA,NA,129.3671,NA,64.71783787310935,NA,NA,NA,NA,NA,NA,NA,9.6,12.09,NA,NA,92.8,NA,NA,NA,38.5,56.3,NA,NA,1.4349406645771874,123.8717,NA,NA,NA,NA,NA,NA,NA,NA,NA,NA,NA,NA,NA,NA,NA,NA,NA,NA,NA,NA,NA,NA,NA,NA,NA,NA,NA,NA,NA,NA,NA,NA,NA,NA,NA,NA,NA,NA,NA,NA,NA,NA,NA,NA,NA,NA,NA,NA,NA,NA,NA,NA,NA,NA,NA,NA,NA,NA,NA,NA,NA,NA,10.11,NA,105.77078,NA,0,8.42476,NA,461.31491807595745,0
1974-02-01,NA,NA,NA,NA,NA,NA,NA,NA,59.41066554054842,NA,NA,NA,NA,NA,NA,NA,NA,63.658135089557994,NA,NA,NA,NA,NA,NA,NA,9.9,10.67,NA,NA,NA,NA,NA,NA,NA,NA,NA,NA,1.3873905196259388,125.0572,NA,NA,NA,NA,NA,NA,NA,NA,NA,NA,NA,NA,NA,NA,NA,NA,NA,NA,NA,NA,NA,NA,NA,NA,NA,NA,NA,NA,NA,NA,NA,NA,NA,NA,NA,NA,NA,NA,NA,NA,NA,NA,NA,NA,NA,NA,NA,NA,NA,NA,NA,NA,NA,NA,NA,NA,NA,NA,NA,NA,NA,NA,10.11,NA,88.829192,NA,NA,8.459461,NA,412.41417970362767,0
1974-03-01,NA,NA,NA,NA,NA,NA,NA,NA,59.08023945412681,NA,NA,NA,NA,NA,NA,NA,NA,64.79353287957737,NA,NA,NA,NA,NA,NA,NA,10.5,11.2,NA,NA,NA,NA,NA,NA,NA,NA,NA,NA,1.3377440779617862,125.2271,NA,NA,NA,NA,NA,NA,NA,NA,NA,NA,NA,NA,NA,NA,NA,NA,NA,NA,NA,NA,NA,NA,NA,NA,NA,NA,NA,NA,NA,NA,NA,NA,NA,NA,NA,NA,NA,NA,NA,NA,NA,NA,NA,NA,NA,NA,NA,NA,NA,NA,NA,NA,NA,NA,NA,NA,NA,NA,NA,NA,NA,NA,10.11,NA,98.413761,NA,NA,8.216551,NA,383.42930691089435,0
1974-04-01,395333.58382042084,209783.4825232745,76316.46877679207,90509.08366980552,47729.083780807385,43994.346839860904,NA,NA,59.21241625815031,NA,NA,NA,NA,NA,NA,132.5272,NA,64.86922788604538,NA,NA,NA,NA,NA,NA,NA,10.4,10.07,NA,NA,93.3,NA,NA,NA,38.6,56.8,NA,NA,1.2907563540798537,127.4499,NA,NA,NA,NA,NA,NA,NA,NA,NA,NA,NA,NA,NA,NA,NA,NA,NA,NA,NA,NA,NA,NA,NA,NA,NA,NA,NA,NA,NA,NA,NA,NA,NA,NA,NA,NA,NA,NA,NA,NA,NA,NA,NA,NA,NA,NA,NA,NA,NA,NA,NA,NA,NA,NA,NA,NA,NA,NA,NA,NA,NA,NA,10.11,NA,86.437623,NA,0.0923446,8.413193,NA,290.91332841024274,0
1974-05-01,NA,NA,NA,NA,NA,NA,NA,NA,59.87326843099354,NA,NA,NA,NA,NA,NA,NA,NA,64.86922788604538,NA,NA,NA,NA,NA,NA,NA,10.6,9.1,NA,NA,NA,NA,NA,NA,NA,NA,NA,NA,1.2588517406932096,128.0409,NA,NA,NA,NA,NA,NA,NA,NA,NA,NA,NA,NA,NA,NA,NA,NA,NA,NA,NA,NA,NA,NA,NA,NA,NA,NA,NA,NA,NA,NA,NA,NA,NA,NA,NA,NA,NA,NA,NA,NA,NA,NA,NA,NA,NA,NA,NA,NA,NA,NA,NA,NA,NA,NA,NA,NA,NA,NA,NA,NA,NA,NA,10.11,NA,104.19358,NA,NA,8.359212,NA,195.87353984505253,0
1974-06-01,NA,NA,NA,NA,NA,NA,NA,NA,59.14633316401761,NA,NA,NA,NA,NA,NA,NA,NA,65.17199880958383,NA,NA,NA,NA,NA,NA,NA,10.7,9.46,NA,NA,NA,NA,NA,NA,NA,NA,NA,NA,1.2906540957036146,125.7292,NA,NA,NA,NA,NA,NA,NA,NA,NA,NA,NA,NA,NA,NA,NA,NA,NA,NA,NA,NA,NA,NA,NA,NA,NA,NA,NA,NA,NA,NA,NA,NA,NA,NA,NA,NA,NA,NA,NA,NA,NA,NA,NA,NA,NA,NA,NA,NA,NA,NA,NA,NA,NA,NA,NA,NA,NA,NA,NA,NA,NA,NA,10.11,NA,82.523275,NA,NA,8.064249,NA,78.19677108636752,0
1974-07-01,395333.58382042084,211837.77744670032,76515.29382571069,89037.15812224227,48099.32454036395,45011.79734494802,NA,NA,59.08023945412681,NA,NA,NA,NA,NA,NA,132.5333,NA,65.32337972018622,NA,NA,NA,NA,NA,NA,NA,10.8,9.48,NA,NA,93.4,NA,NA,NA,38.4,57,NA,NA,1.305021397565228,122.6619,NA,NA,NA,NA,NA,NA,NA,NA,NA,NA,NA,NA,NA,NA,NA,NA,NA,NA,NA,NA,NA,NA,NA,NA,NA,NA,NA,NA,NA,NA,NA,NA,NA,NA,NA,NA,NA,NA,NA,NA,NA,NA,NA,NA,NA,NA,NA,NA,NA,NA,NA,NA,NA,NA,NA,NA,NA,NA,NA,NA,NA,NA,10.11,NA,62.219697,NA,0.1028807,7.757719,NA,39.19818884100044,0
1974-08-01,NA,NA,NA,NA,NA,NA,NA,NA,57.62636892017494,NA,NA,NA,NA,NA,NA,NA,NA,65.02061789898143,NA,NA,NA,NA,NA,NA,NA,10.8,9.65,NA,NA,NA,NA,NA,NA,NA,NA,NA,NA,1.338459886595461,120.0687,NA,NA,NA,NA,NA,NA,NA,NA,NA,NA,NA,NA,NA,NA,NA,NA,NA,NA,NA,NA,NA,NA,NA,NA,NA,NA,NA,NA,NA,NA,NA,NA,NA,NA,NA,NA,NA,NA,NA,NA,NA,NA,NA,NA,NA,NA,NA,NA,NA,NA,NA,NA,NA,NA,NA,NA,NA,NA,NA,NA,NA,NA,10.11,NA,58.853184,NA,NA,7.93701,NA,16.563798449563333,2.118705343583137
1974-09-01,NA,NA,NA,NA,NA,NA,NA,NA,57.75853510844035,NA,NA,NA,NA,NA,NA,NA,NA,64.79353287957737,NA,NA,NA,NA,NA,NA,NA,10.8,9.69,NA,NA,NA,NA,NA,NA,NA,NA,NA,NA,1.3605476958631375,117.6637,NA,NA,NA,NA,NA,NA,NA,NA,NA,NA,NA,NA,NA,NA,NA,NA,NA,NA,NA,NA,NA,NA,NA,NA,NA,NA,NA,NA,NA,NA,NA,NA,NA,NA,NA,NA,NA,NA,NA,NA,NA,NA,NA,NA,NA,NA,NA,NA,NA,NA,NA,NA,NA,NA,NA,NA,NA,NA,NA,NA,NA,NA,10.11,NA,60.600561,NA,NA,7.584211,NA,105.47995208999401,0
1974-10-01,390341.6840247213,211409.0463327529,77341.96902910464,87769.68265073543,46607.46177417234,43170.196430732656,NA,NA,57.56028582604224,NA,NA,NA,NA,NA,NA,130.0095,NA,66.00462567606475,NA,NA,NA,NA,NA,NA,NA,10.8,9.78,NA,NA,94,NA,NA,NA,38.5,57.6,NA,NA,1.325319685248718,118.7337,NA,NA,NA,NA,NA,NA,NA,NA,NA,NA,NA,NA,NA,NA,NA,NA,NA,NA,NA,NA,NA,NA,NA,NA,NA,NA,NA,NA,NA,NA,NA,NA,NA,NA,NA,NA,NA,NA,NA,NA,NA,NA,NA,NA,NA,NA,NA,NA,NA,NA,NA,NA,NA,NA,NA,NA,NA,NA,NA,NA,NA,NA,11.16,NA,61.753835,NA,0,7.381786,NA,372.58417507914004,0
1974-11-01,NA,NA,NA,NA,NA,NA,NA,NA,57.16376602972983,NA,NA,NA,NA,NA,NA,NA,NA,63.50674507662196,NA,NA,NA,NA,NA,NA,NA,10.5,9.04,NA,NA,NA,NA,NA,NA,NA,NA,NA,NA,1.2855411768916525,120.3473,NA,NA,NA,NA,NA,NA,NA,NA,NA,NA,NA,NA,NA,NA,NA,NA,NA,NA,NA,NA,NA,NA,NA,NA,NA,NA,NA,NA,NA,NA,NA,NA,NA,NA,NA,NA,NA,NA,NA,NA,NA,NA,NA,NA,NA,NA,NA,NA,NA,NA,NA,NA,NA,NA,NA,NA,NA,NA,NA,NA,NA,NA,11.16,NA,59.167554,NA,NA,7.586139,NA,395.4584578759971,0
1974-12-01,NA,NA,NA,NA,NA,NA,NA,NA,54.32210805595879,NA,NA,NA,NA,NA,NA,NA,NA,63.582440083089985,NA,NA,NA,NA,NA,NA,NA,9.9,8.6,NA,NA,NA,NA,NA,NA,NA,NA,NA,NA,1.2535854343168884,120.5382,NA,NA,NA,NA,NA,NA,NA,NA,NA,NA,NA,NA,NA,NA,NA,NA,NA,NA,NA,NA,NA,NA,NA,NA,NA,NA,NA,NA,NA,NA,NA,NA,NA,NA,NA,NA,NA,NA,NA,NA,NA,NA,NA,NA,NA,NA,NA,NA,NA,NA,NA,NA,NA,NA,NA,NA,NA,NA,NA,NA,NA,NA,11.16,NA,22.003305,NA,NA,7.989063,NA,411.4688060339677,0
1975-01-01,388089.38411689986,215873.68860195618,77684.74411344054,90454.55864952195,44688.33467161466,43419.37155442923,NA,NA,54.65253414238041,NA,NA,NA,NA,NA,NA,127.9296,NA,65.0963038031158,NA,NA,NA,NA,NA,NA,NA,9.4,7.74,NA,NA,93.3,NA,NA,NA,38.1,57.3,NA,NA,1.2100233660389708,121.9175,NA,NA,NA,NA,NA,NA,NA,NA,NA,NA,NA,NA,NA,NA,NA,NA,NA,NA,NA,NA,NA,NA,NA,NA,NA,NA,NA,NA,NA,NA,NA,NA,NA,NA,NA,NA,NA,NA,NA,NA,NA,NA,NA,NA,NA,NA,NA,NA,NA,NA,NA,NA,NA,NA,NA,NA,NA,NA,NA,NA,NA,NA,11.16,NA,-0.56230564,NA,0.4443654,8.347645,NA,417.00043139205303,0
1975-02-01,NA,NA,NA,NA,NA,NA,NA,NA,54.388191150091494,NA,NA,NA,NA,NA,NA,NA,NA,65.92893066959674,NA,NA,NA,NA,NA,NA,NA,8.9,6.43,NA,NA,NA,NA,NA,NA,NA,NA,NA,NA,1.190082982672318,121.6672,NA,NA,NA,NA,NA,NA,NA,NA,NA,NA,NA,NA,NA,NA,NA,NA,NA,NA,NA,NA,NA,NA,NA,NA,NA,NA,NA,NA,NA,NA,NA,NA,NA,NA,NA,NA,NA,NA,NA,NA,NA,NA,NA,NA,NA,NA,NA,NA,NA,NA,NA,NA,NA,NA,NA,NA,NA,NA,NA,NA,NA,NA,11.16,NA,-9.5110476,NA,NA,8.908653,NA,469.75882380723823,0
1975-03-01,NA,NA,NA,NA,NA,NA,NA,NA,54.98296022880203,NA,NA,NA,NA,NA,NA,NA,NA,65.39907472665425,NA,NA,NA,NA,NA,NA,NA,8.9,5.71,NA,NA,NA,NA,NA,NA,NA,NA,NA,NA,1.1854302265534324,120.6332,NA,NA,NA,NA,NA,NA,NA,NA,NA,NA,NA,NA,NA,NA,NA,NA,NA,NA,NA,NA,NA,NA,NA,NA,NA,NA,NA,NA,NA,NA,NA,NA,NA,NA,NA,NA,NA,NA,NA,NA,NA,NA,NA,NA,NA,NA,NA,NA,NA,NA,NA,NA,NA,NA,NA,NA,NA,NA,NA,NA,NA,NA,11.16,NA,-26.315214,NA,NA,9.477372,NA,443.7057987810254,0
1975-04-01,386141.3591966255,216682.4463509527,79495.01955883804,82767.93079006017,44198.34690069577,44813.44724648222,NA,NA,54.25601434606799,NA,NA,NA,NA,NA,NA,127.334,NA,66.83725254254568,NA,NA,NA,NA,NA,NA,NA,8.8,4.89,NA,NA,93.9,NA,NA,NA,38.3,57.6,NA,NA,1.2140625719004208,118.8848,NA,NA,NA,NA,NA,NA,NA,NA,NA,NA,NA,NA,NA,NA,NA,NA,NA,NA,NA,NA,NA,NA,NA,NA,NA,NA,NA,NA,NA,NA,NA,NA,NA,NA,NA,NA,NA,NA,NA,NA,NA,NA,NA,NA,NA,NA,NA,NA,NA,NA,NA,NA,NA,NA,NA,NA,NA,NA,NA,NA,NA,NA,11.16,NA,-41.069979,NA,0,9.837883,NA,341.27413963155414,0
1975-05-01,NA,NA,NA,NA,NA,NA,NA,NA,54.05776506366988,NA,NA,NA,NA,NA,NA,NA,NA,66.68586252960964,NA,NA,NA,NA,NA,NA,NA,8.6,4.99,NA,NA,NA,NA,NA,NA,NA,NA,NA,NA,1.2012802748705154,118.4388,NA,NA,NA,NA,NA,NA,NA,NA,NA,NA,NA,NA,NA,NA,NA,NA,NA,NA,NA,NA,NA,NA,NA,NA,NA,NA,NA,NA,NA,NA,NA,NA,NA,NA,NA,NA,NA,NA,NA,NA,NA,NA,NA,NA,NA,NA,NA,NA,NA,NA,NA,NA,NA,NA,NA,NA,NA,NA,NA,NA,NA,NA,11.16,NA,-43.736798,NA,NA,9.529425,NA,173.85187743675138,0
1975-06-01,NA,NA,NA,NA,NA,NA,NA,NA,53.92558825964638,NA,NA,NA,NA,NA,NA,NA,NA,66.9129475490137,NA,NA,NA,NA,NA,NA,NA,8.4,4.88,NA,NA,NA,NA,NA,NA,NA,NA,NA,NA,1.1968831646922278,119.0133,NA,NA,NA,NA,NA,NA,NA,NA,NA,NA,NA,NA,NA,NA,NA,NA,NA,NA,NA,NA,NA,NA,NA,NA,NA,NA,NA,NA,NA,NA,NA,NA,NA,NA,NA,NA,NA,NA,NA,NA,NA,NA,NA,NA,NA,NA,NA,NA,NA,NA,NA,NA,NA,NA,NA,NA,NA,NA,NA,NA,NA,NA,11.16,NA,-36.593095,NA,NA,9.145781,NA,80.94541433695348,0
1975-07-01,390341.8340247152,218874.90395487868,81096.01995274583,85439.15678376882,44405.2167376526,44905.02229194229,NA,NA,52.60388391395992,NA,NA,NA,NA,NA,NA,126.4136,NA,66.30740570193682,NA,NA,NA,NA,NA,NA,NA,8.5,4.66,NA,NA,94.1,NA,NA,NA,38.4,57.9,NA,NA,1.262175137920985,116.6311,NA,NA,NA,NA,NA,NA,NA,NA,NA,NA,NA,NA,NA,NA,NA,NA,NA,NA,NA,NA,NA,NA,NA,NA,NA,NA,NA,NA,NA,NA,NA,NA,NA,NA,NA,NA,NA,NA,NA,NA,NA,NA,NA,NA,NA,NA,NA,NA,NA,NA,NA,NA,NA,NA,NA,NA,NA,NA,NA,NA,NA,NA,11.16,NA,-41.578362,NA,0.3598093,9.475445,NA,8.941339563551157,0
1975-08-01,NA,NA,NA,NA,NA,NA,NA,NA,54.65253414238041,NA,NA,NA,NA,NA,NA,NA,NA,67.14003256841775,NA,NA,NA,NA,NA,NA,NA,8.5,3.88,NA,NA,NA,NA,NA,NA,NA,NA,NA,NA,1.3156562686941091,114.44970000000001,NA,NA,NA,NA,NA,NA,NA,NA,NA,NA,NA,NA,NA,NA,NA,NA,NA,NA,NA,NA,NA,NA,NA,NA,NA,NA,NA,NA,NA,NA,NA,NA,NA,NA,NA,NA,NA,NA,NA,NA,NA,NA,NA,NA,NA,NA,NA,NA,NA,NA,NA,NA,NA,NA,NA,NA,NA,NA,NA,NA,NA,NA,11.16,NA,-45.292172,NA,NA,9.589189,NA,7.670418183377232,14.021169419626151
1975-09-01,NA,NA,NA,NA,NA,NA,NA,NA,54.58644043248961,NA,NA,NA,NA,NA,NA,NA,NA,67.29141347902015,NA,NA,NA,NA,NA,NA,NA,8.5,3.93,NA,NA,NA,NA,NA,NA,NA,NA,NA,NA,1.3375395612093075,113.8639,NA,NA,NA,NA,NA,NA,NA,NA,NA,NA,NA,NA,NA,NA,NA,NA,NA,NA,NA,NA,NA,NA,NA,NA,NA,NA,NA,NA,NA,NA,NA,NA,NA,NA,NA,NA,NA,NA,NA,NA,NA,NA,NA,NA,NA,NA,NA,NA,NA,NA,NA,NA,NA,NA,NA,NA,NA,NA,NA,NA,NA,NA,11.16,NA,-34.084158,NA,NA,9.342422,NA,34.83763360597502,0
1975-10-01,398012.2837107913,221636.8649572793,80729.7698626342,88328.45785860244,45690.10966938312,46645.04815573333,NA,NA,55.643812401645256,NA,NA,NA,NA,NA,NA,125.1653,NA,68.80527719904599,NA,NA,NA,NA,NA,NA,NA,8.5,4.07,NA,NA,96,NA,NA,NA,39.3,58.8,NA,NA,1.3189285367337653,114.1211,NA,NA,NA,NA,NA,NA,NA,NA,NA,NA,NA,NA,NA,NA,NA,NA,NA,NA,NA,NA,NA,NA,NA,NA,NA,NA,NA,NA,NA,NA,NA,NA,NA,NA,NA,NA,NA,NA,NA,NA,NA,NA,NA,NA,NA,NA,NA,NA,NA,NA,NA,NA,NA,NA,NA,NA,NA,NA,NA,NA,NA,NA,11.16,NA,-33.676578,NA,0,9.593044,NA,300.1717748479717,0
1975-11-01,NA,NA,NA,NA,NA,NA,NA,NA,56.43683076275389,NA,NA,NA,NA,NA,NA,NA,NA,68.50250627550754,NA,NA,NA,NA,NA,NA,NA,8.6,4.12,NA,NA,NA,NA,NA,NA,NA,NA,NA,NA,1.3224564507140193,113.4656,NA,NA,NA,NA,NA,NA,NA,NA,NA,NA,NA,NA,NA,NA,NA,NA,NA,NA,NA,NA,NA,NA,NA,NA,NA,NA,NA,NA,NA,NA,NA,NA,NA,NA,NA,NA,NA,NA,NA,NA,NA,NA,NA,NA,NA,NA,NA,NA,NA,NA,NA,NA,NA,NA,NA,NA,NA,NA,NA,NA,NA,NA,11.16,NA,-23.780246000000002,NA,NA,10.09236,NA,446.1664944102315,0
1975-12-01,NA,NA,NA,NA,NA,NA,NA,NA,56.37074766862119,NA,NA,NA,NA,NA,NA,NA,NA,67.6698794090266,NA,NA,NA,NA,NA,NA,NA,8.5,4.21,NA,NA,NA,NA,NA,NA,NA,NA,NA,NA,1.3410674751895617,112.6934,NA,NA,NA,NA,NA,NA,NA,NA,NA,NA,NA,NA,NA,NA,NA,NA,NA,NA,NA,NA,NA,NA,NA,NA,NA,NA,NA,NA,NA,NA,NA,NA,NA,NA,NA,NA,NA,NA,NA,NA,NA,NA,NA,NA,NA,NA,NA,NA,NA,NA,NA,NA,NA,NA,NA,NA,NA,NA,NA,NA,NA,NA,11.16,NA,-35.404065,NA,NA,10.26201,NA,520.2945905453374,0
1976-01-01,401588.43356443243,223733.47448806043,80661.74484589742,87480.13254302143,47522.11394634629,47677.798668415744,NA,NA,57.09768293559713,NA,NA,NA,NA,NA,NA,123.3973,NA,68.19972624963548,NA,NA,NA,NA,NA,NA,NA,8.3,3.93,NA,NA,94.7,NA,NA,NA,38.8,58,NA,NA,1.3310461543181156,113.4487,NA,NA,NA,NA,NA,NA,NA,NA,NA,NA,NA,NA,NA,NA,NA,NA,NA,NA,NA,NA,NA,NA,NA,NA,NA,NA,NA,NA,NA,NA,NA,NA,NA,NA,NA,NA,NA,NA,NA,NA,NA,NA,NA,NA,NA,NA,NA,NA,NA,NA,NA,NA,NA,NA,NA,NA,NA,NA,NA,NA,NA,NA,11.16,NA,-45.710648,NA,0.3312629,10.47408,NA,525.0273099279157,0
1976-02-01,NA,NA,NA,NA,NA,NA,NA,NA,58.22113799888547,NA,NA,NA,NA,NA,NA,NA,NA,69.03236221845003,NA,NA,NA,NA,NA,NA,NA,8.2,3.72,NA,NA,NA,NA,NA,NA,NA,NA,NA,NA,1.308958345050439,116.3226,NA,NA,NA,NA,NA,NA,NA,NA,NA,NA,NA,NA,NA,NA,NA,NA,NA,NA,NA,NA,NA,NA,NA,NA,NA,NA,NA,NA,NA,NA,NA,NA,NA,NA,NA,NA,NA,NA,NA,NA,NA,NA,NA,NA,NA,NA,NA,NA,NA,NA,NA,NA,NA,NA,NA,NA,NA,NA,NA,NA,NA,NA,12.03,NA,-49.97143,NA,NA,10.58975,NA,515.5074853195472,0
1976-03-01,NA,NA,NA,NA,NA,NA,NA,NA,58.155044288994674,NA,NA,NA,NA,NA,NA,NA,NA,67.21571847255213,NA,NA,NA,NA,NA,NA,NA,7.9,3.74,NA,NA,NA,NA,NA,NA,NA,NA,NA,NA,1.307884632099927,118.234,NA,NA,NA,NA,NA,NA,NA,NA,NA,NA,NA,NA,NA,NA,NA,NA,NA,NA,NA,NA,NA,NA,NA,NA,NA,NA,NA,NA,NA,NA,NA,NA,NA,NA,NA,NA,NA,NA,NA,NA,NA,NA,NA,NA,NA,NA,NA,NA,NA,NA,NA,NA,NA,NA,NA,NA,NA,NA,NA,NA,NA,NA,12.1,NA,-32.243819,NA,NA,10.77097,NA,514.2953620379428,0
1976-04-01,407554.08332027984,225611.90161111797,81300.09500295615,88856.5830550675,48033.926172571926,48959.799304831955,NA,NA,58.485470375416284,NA,NA,NA,NA,NA,NA,124.0868,NA,68.57820128197557,NA,NA,NA,NA,NA,NA,NA,7.9,3.62,NA,NA,95,NA,NA,NA,39.1,58,NA,NA,1.2970452442185672,119.6545,NA,NA,NA,NA,NA,NA,NA,NA,NA,NA,NA,NA,NA,NA,NA,NA,NA,NA,NA,NA,NA,NA,NA,NA,NA,NA,NA,NA,NA,NA,NA,NA,NA,NA,NA,NA,NA,NA,NA,NA,NA,NA,NA,NA,NA,NA,NA,NA,NA,NA,NA,NA,NA,NA,NA,NA,NA,NA,NA,NA,NA,NA,12.17,NA,-28.656726,NA,0,10.56469,NA,332.51053722403793,0
1976-05-01,NA,NA,NA,NA,NA,NA,NA,NA,58.81590707759599,NA,NA,NA,NA,NA,NA,NA,NA,67.21571847255213,NA,NA,NA,NA,NA,NA,NA,8.1,3.77,NA,NA,NA,NA,NA,NA,NA,NA,NA,NA,1.3110035125752235,117.8237,NA,NA,NA,NA,NA,NA,NA,NA,NA,NA,NA,NA,NA,NA,NA,NA,NA,NA,NA,NA,NA,NA,NA,NA,NA,NA,NA,NA,NA,NA,NA,NA,NA,NA,NA,NA,NA,NA,NA,NA,NA,NA,NA,NA,NA,NA,NA,NA,NA,NA,NA,NA,NA,NA,NA,NA,NA,NA,NA,NA,NA,NA,12.17,NA,-19.06451,NA,NA,10.04802,NA,155.05039409072936,0
1976-06-01,NA,NA,NA,NA,NA,NA,NA,NA,59.47675925043922,NA,NA,NA,NA,NA,NA,NA,NA,68.80527719904599,NA,NA,NA,NA,NA,NA,NA,8.2,4.14,NA,NA,NA,NA,NA,NA,NA,NA,NA,NA,1.3178548237832532,117.506,NA,NA,NA,NA,NA,NA,NA,NA,NA,NA,NA,NA,NA,NA,NA,NA,NA,NA,NA,NA,NA,NA,NA,NA,NA,NA,NA,NA,NA,NA,NA,NA,NA,NA,NA,NA,NA,NA,NA,NA,NA,NA,NA,NA,NA,NA,NA,NA,NA,NA,NA,NA,NA,NA,NA,NA,NA,NA,NA,NA,NA,NA,12.17,NA,-15.937888,NA,NA,10.03838,NA,44.043037060818165,8.61363130934441
1976-07-01,407675.8083152981,226853.6829068541,81750.07011366737,87616.40759371639,49710.93431791789,49865.324754356756,NA,NA,57.29594283375333,NA,NA,NA,NA,NA,NA,124.4031,NA,68.57820128197557,NA,NA,NA,NA,NA,NA,NA,8.4,4.47,NA,NA,94.9,NA,NA,NA,39.2,57.7,NA,NA,1.3162186897634254,116.9147,NA,NA,NA,NA,NA,NA,NA,NA,NA,NA,NA,NA,NA,NA,NA,NA,NA,NA,NA,NA,NA,NA,NA,NA,NA,NA,NA,NA,NA,NA,NA,NA,NA,NA,NA,NA,NA,NA,NA,NA,NA,NA,NA,NA,NA,NA,NA,NA,NA,NA,NA,NA,NA,NA,NA,NA,NA,NA,NA,NA,NA,NA,12.17,NA,-21.249121,NA,0.0696282,9.94006,NA,7.5831322621728345,16.86885458592623
1976-08-01,NA,NA,NA,NA,NA,NA,NA,NA,59.14633316401761,NA,NA,NA,NA,NA,NA,NA,NA,69.25943813552045,NA,NA,NA,NA,NA,NA,NA,8.3,4.56,NA,NA,NA,NA,NA,NA,NA,NA,NA,NA,1.2928015216046385,118.3347,NA,NA,NA,NA,NA,NA,NA,NA,NA,NA,NA,NA,NA,NA,NA,NA,NA,NA,NA,NA,NA,NA,NA,NA,NA,NA,NA,NA,NA,NA,NA,NA,NA,NA,NA,NA,NA,NA,NA,NA,NA,NA,NA,NA,NA,NA,NA,NA,NA,NA,NA,NA,NA,NA,NA,NA,NA,NA,NA,NA,NA,NA,12.17,NA,-23.734932,NA,NA,9.81282,NA,23.962383335475444,0
1976-09-01,NA,NA,NA,NA,NA,NA,NA,NA,59.74109162697004,NA,NA,NA,NA,NA,NA,NA,NA,69.78929407846294,NA,NA,NA,NA,NA,NA,NA,8.1,4.56,NA,NA,NA,NA,NA,NA,NA,NA,NA,NA,1.2738325928122587,118.4056,NA,NA,NA,NA,NA,NA,NA,NA,NA,NA,NA,NA,NA,NA,NA,NA,NA,NA,NA,NA,NA,NA,NA,NA,NA,NA,NA,NA,NA,NA,NA,NA,NA,NA,NA,NA,NA,NA,NA,NA,NA,NA,NA,NA,NA,NA,NA,NA,NA,NA,NA,NA,NA,NA,NA,NA,NA,NA,NA,NA,NA,NA,13.9,NA,-24.469478,NA,NA,9.835955,NA,115.65614764210058,0
1976-10-01,415224.25800636725,229764.02550645912,82074.49519348844,90982.60884595911,49634.686220912656,50791.200213983786,NA,NA,59.74109162697004,NA,NA,NA,NA,NA,NA,125.4301,NA,68.880972205514,NA,NA,NA,NA,NA,NA,NA,8,4.85,NA,NA,96,NA,NA,NA,39.9,58.1,NA,NA,1.2441265345147583,120.0716,NA,NA,NA,NA,NA,NA,NA,NA,NA,NA,NA,NA,NA,NA,NA,NA,NA,NA,NA,NA,NA,NA,NA,NA,NA,NA,NA,NA,NA,NA,NA,NA,NA,NA,NA,NA,NA,NA,NA,NA,NA,NA,NA,NA,NA,NA,NA,NA,NA,NA,NA,NA,NA,NA,NA,NA,NA,NA,NA,NA,NA,NA,13.9,NA,-20.560264,NA,0,9.400258,NA,229.59391365961127,0
1976-11-01,NA,NA,NA,NA,NA,NA,NA,NA,59.80718533686084,NA,NA,NA,NA,NA,NA,NA,NA,70.47054003434147,NA,NA,NA,NA,NA,NA,NA,7.6,4.69,NA,NA,NA,NA,NA,NA,NA,NA,NA,NA,1.2331848882571594,120.5637,NA,NA,NA,NA,NA,NA,NA,NA,NA,NA,NA,NA,NA,NA,NA,NA,NA,NA,NA,NA,NA,NA,NA,NA,NA,NA,NA,NA,NA,NA,NA,NA,NA,NA,NA,NA,NA,NA,NA,NA,NA,NA,NA,NA,NA,NA,NA,NA,NA,NA,NA,NA,NA,NA,NA,NA,NA,NA,NA,NA,NA,NA,13.9,NA,-19.132661,NA,NA,9.425321,NA,390.2016392918136,0
1976-12-01,NA,NA,NA,NA,NA,NA,NA,NA,59.87326843099354,NA,NA,NA,NA,NA,NA,NA,NA,70.77331095787991,NA,NA,NA,NA,NA,NA,NA,7.4,4.93,NA,NA,NA,NA,NA,NA,NA,NA,NA,NA,1.2188687155836653,121.1978,NA,NA,NA,NA,NA,NA,NA,NA,NA,NA,NA,NA,NA,NA,NA,NA,NA,NA,NA,NA,NA,NA,NA,NA,NA,NA,NA,NA,NA,NA,NA,NA,NA,NA,NA,NA,NA,NA,NA,NA,NA,NA,NA,NA,NA,NA,NA,NA,NA,NA,NA,NA,NA,NA,NA,NA,NA,NA,NA,NA,NA,NA,13.9,NA,-35.536353,NA,NA,9.517858,NA,598.3733817601868,0
1977-01-01,418770.03286125144,232725.5358560534,82427.64528037698,94475.08514517675,49694.58472596988,50330.94998550441,NA,NA,60.20369451741516,NA,NA,NA,NA,NA,NA,124.2546,NA,70.24345501493742,NA,NA,NA,NA,NA,NA,NA,7.2,4.78,NA,NA,94.8,NA,NA,NA,39.4,57.4,NA,NA,1.2226522755045175,121.3954,NA,NA,NA,NA,NA,NA,NA,NA,NA,NA,NA,NA,NA,NA,NA,NA,NA,NA,NA,NA,NA,NA,NA,NA,NA,NA,NA,NA,NA,NA,NA,NA,NA,NA,NA,NA,NA,NA,NA,NA,NA,NA,NA,NA,NA,NA,NA,NA,NA,NA,NA,NA,NA,NA,NA,NA,NA,NA,NA,NA,NA,NA,13.9,NA,-48.91991,NA,0.0590284,9.708716,NA,565.4734956049494,0
1977-02-01,NA,NA,NA,NA,NA,NA,NA,NA,60.00543461925895,NA,NA,NA,NA,NA,NA,NA,NA,70.47054003434147,NA,NA,NA,NA,NA,NA,NA,7.2,4.71,NA,NA,NA,NA,NA,NA,NA,NA,NA,NA,1.229196811583829,120.4632,NA,NA,NA,NA,NA,NA,NA,NA,NA,NA,NA,NA,NA,NA,NA,NA,NA,NA,NA,NA,NA,NA,NA,NA,NA,NA,NA,NA,NA,NA,NA,NA,NA,NA,NA,NA,NA,NA,NA,NA,NA,NA,NA,NA,NA,NA,NA,NA,NA,NA,NA,NA,NA,NA,NA,NA,NA,NA,NA,NA,NA,NA,13.9,NA,-44.832584,NA,NA,9.60654,NA,422.89520454978657,0
1977-03-01,NA,NA,NA,NA,NA,NA,NA,NA,60.666286792102184,NA,NA,NA,NA,NA,NA,NA,NA,70.77331095787991,NA,NA,NA,NA,NA,NA,NA,7,4.73,NA,NA,NA,NA,NA,NA,NA,NA,NA,NA,1.2227545338807566,120.3192,NA,NA,NA,NA,NA,NA,NA,NA,NA,NA,NA,NA,NA,NA,NA,NA,NA,NA,NA,NA,NA,NA,NA,NA,NA,NA,NA,NA,NA,NA,NA,NA,NA,NA,NA,NA,NA,NA,NA,NA,NA,NA,NA,NA,NA,NA,NA,NA,NA,NA,NA,NA,NA,NA,NA,NA,NA,NA,NA,NA,NA,NA,13.9,NA,-45.172203,NA,NA,9.521713,NA,363.2793040415617,0
1977-04-01,421144.257764083,236580.70144640433,82061.3701902592,91735.68412610666,50859.65564820988,50310.59997540217,NA,NA,60.00543461925895,NA,NA,NA,NA,NA,NA,125.8292,NA,67.51848939609057,NA,NA,NA,NA,NA,NA,NA,6.6,4.62,NA,NA,95.8,NA,NA,NA,40,57.7,NA,NA,1.2132956340786265,120.1395,NA,NA,NA,NA,NA,NA,NA,NA,NA,NA,NA,NA,NA,NA,NA,NA,NA,NA,NA,NA,NA,NA,NA,NA,NA,NA,NA,NA,NA,NA,NA,NA,NA,NA,NA,NA,NA,NA,NA,NA,NA,NA,NA,NA,NA,NA,NA,NA,NA,NA,NA,NA,NA,NA,NA,NA,NA,NA,NA,NA,NA,NA,13.9,NA,-43.295029,NA,0.2392201,9.96705,NA,370.06823033936934,0
1977-05-01,NA,NA,NA,NA,NA,NA,NA,NA,59.47675925043922,NA,NA,NA,NA,NA,NA,NA,NA,72.36286968437375,NA,NA,NA,NA,NA,NA,NA,6.5,4.44,NA,NA,NA,NA,NA,NA,NA,NA,NA,NA,1.2058819018012812,120.1597,NA,NA,NA,NA,NA,NA,NA,NA,NA,NA,NA,NA,NA,NA,NA,NA,NA,NA,NA,NA,NA,NA,NA,NA,NA,NA,NA,NA,NA,NA,NA,NA,NA,NA,NA,NA,NA,NA,NA,NA,NA,NA,NA,NA,NA,NA,NA,NA,NA,NA,NA,NA,NA,NA,NA,NA,NA,NA,NA,NA,NA,NA,13.9,NA,-35.549068,NA,NA,10.20418,NA,189.48756756370616,0
1977-06-01,NA,NA,NA,NA,NA,NA,NA,NA,60.53412060383677,NA,NA,NA,NA,NA,NA,NA,NA,72.36286968437375,NA,NA,NA,NA,NA,NA,NA,6.6,4.28,NA,NA,NA,NA,NA,NA,NA,NA,NA,NA,1.2039901218408553,120.0279,NA,NA,NA,NA,NA,NA,NA,NA,NA,NA,NA,NA,NA,NA,NA,NA,NA,NA,NA,NA,NA,NA,NA,NA,NA,NA,NA,NA,NA,NA,NA,NA,NA,NA,NA,NA,NA,NA,NA,NA,NA,NA,NA,NA,NA,NA,NA,NA,NA,NA,NA,NA,NA,NA,NA,NA,NA,NA,NA,NA,NA,NA,13.9,NA,-40.326338,NA,NA,9.978617,NA,58.242633987473816,0
1977-07-01,421022.5077690658,238546.90394229858,83254.32048377093,92321.7343441201,50946.77847380439,52559.076091600255,NA,NA,57.95679500659655,NA,NA,NA,NA,NA,NA,127.2739,NA,72.89272562731624,NA,NA,NA,NA,NA,NA,NA,6.4,4.29,NA,NA,96,NA,NA,NA,40.2,57.8,NA,NA,1.1680463025927612,121.6697,NA,NA,NA,NA,NA,NA,NA,NA,NA,NA,NA,NA,NA,NA,NA,NA,NA,NA,NA,NA,NA,NA,NA,NA,NA,NA,NA,NA,NA,NA,NA,NA,NA,NA,NA,NA,NA,NA,NA,NA,NA,NA,NA,NA,NA,NA,NA,NA,NA,NA,NA,NA,NA,NA,NA,NA,NA,NA,NA,NA,NA,NA,13.9,NA,-44.124528,NA,0.3430532,9.982472,NA,25.584558609551017,0
1977-08-01,NA,NA,NA,NA,NA,NA,NA,NA,60.46803750970407,NA,NA,NA,NA,NA,NA,NA,NA,71.4545478114248,NA,NA,NA,NA,NA,NA,NA,6.2,4.12,NA,NA,NA,NA,NA,NA,NA,NA,NA,NA,1.183896350909844,119.8869,NA,NA,NA,NA,NA,NA,NA,NA,NA,NA,NA,NA,NA,NA,NA,NA,NA,NA,NA,NA,NA,NA,NA,NA,NA,NA,NA,NA,NA,NA,NA,NA,NA,NA,NA,NA,NA,NA,NA,NA,NA,NA,NA,NA,NA,NA,NA,NA,NA,NA,NA,NA,NA,NA,NA,NA,NA,NA,NA,NA,NA,NA,14.85,NA,-46.832792,NA,NA,10.25237,NA,25.855816395447764,0
1977-09-01,NA,NA,NA,NA,NA,NA,NA,NA,60.60020369796948,NA,NA,NA,NA,NA,NA,NA,NA,71.90870874789927,NA,NA,NA,NA,NA,NA,NA,6.2,4.15,NA,NA,NA,NA,NA,NA,NA,NA,NA,NA,1.1879866859594137,119.545,NA,NA,NA,NA,NA,NA,NA,NA,NA,NA,NA,NA,NA,NA,NA,NA,NA,NA,NA,NA,NA,NA,NA,NA,NA,NA,NA,NA,NA,NA,NA,NA,NA,NA,NA,NA,NA,NA,NA,NA,NA,NA,NA,NA,NA,NA,NA,NA,NA,NA,NA,NA,NA,NA,NA,NA,NA,NA,NA,NA,NA,NA,14.85,NA,-46.994582,NA,NA,10.25816,NA,159.94780570045918,0
1977-10-01,428266.7824725837,239277.227237546,84918.1458931361,93725.4848663219,51719.834179933205,51806.20071785466,NA,NA,60.33586070568056,NA,NA,NA,NA,NA,NA,128.196,NA,70.62192094494387,NA,NA,NA,NA,NA,NA,NA,6.2,4.13,NA,NA,97.6,NA,NA,NA,41.1,58.4,NA,NA,1.1644672594243874,119.7807,NA,NA,NA,NA,NA,NA,NA,NA,NA,NA,NA,NA,NA,NA,NA,NA,NA,NA,NA,NA,NA,NA,NA,NA,NA,NA,NA,NA,NA,NA,NA,NA,NA,NA,NA,NA,NA,NA,NA,NA,NA,NA,NA,NA,NA,NA,NA,NA,NA,NA,NA,NA,NA,NA,NA,NA,NA,NA,NA,NA,NA,NA,14.85,NA,-32.767018,NA,0.0561136,10.40853,NA,218.4329218954107,0
1977-11-01,NA,NA,NA,NA,NA,NA,NA,NA,60.401943799813274,NA,NA,NA,NA,NA,NA,NA,NA,72.28717467790572,NA,NA,NA,NA,NA,NA,NA,6.2,4.15,NA,NA,NA,NA,NA,NA,NA,NA,NA,NA,1.145907364136965,120.4037,NA,NA,NA,NA,NA,NA,NA,NA,NA,NA,NA,NA,NA,NA,NA,NA,NA,NA,NA,NA,NA,NA,NA,NA,NA,NA,NA,NA,NA,NA,NA,NA,NA,NA,NA,NA,NA,NA,NA,NA,NA,NA,NA,NA,NA,NA,NA,NA,NA,NA,NA,NA,NA,NA,NA,NA,NA,NA,NA,NA,NA,NA,14.85,NA,-33.249262,NA,NA,10.65337,NA,378.5216320115284,0
1977-12-01,NA,NA,NA,NA,NA,NA,NA,NA,61.59148195723432,NA,NA,NA,NA,NA,NA,NA,NA,75.16352120735498,NA,NA,NA,NA,NA,NA,NA,6.1,3.98,NA,NA,NA,NA,NA,NA,NA,NA,NA,NA,1.1002489991461426,122.7746,NA,NA,NA,NA,NA,NA,NA,NA,NA,NA,NA,NA,NA,NA,NA,NA,NA,NA,NA,NA,NA,NA,NA,NA,NA,NA,NA,NA,NA,NA,NA,NA,NA,NA,NA,NA,NA,NA,NA,NA,NA,NA,NA,NA,NA,NA,NA,NA,NA,NA,NA,NA,NA,NA,NA,NA,NA,NA,NA,NA,NA,NA,14.85,NA,-37.822919,NA,NA,10.47408,NA,491.0004762031942,0
1978-01-01,430031.7324003507,241861.63761081317,85386.47100836212,96372.83585114895,51461.26563326923,52228.50092749472,NA,NA,61.789741855390524,NA,NA,NA,NA,NA,NA,128.8973,NA,73.42258157025874,NA,NA,NA,NA,NA,NA,NA,5.9,3.58,NA,NA,95.9,NA,NA,NA,40.5,57.3,NA,NA,1.0818424914230786,122.8874,NA,NA,NA,NA,NA,NA,NA,NA,NA,NA,NA,NA,NA,NA,NA,NA,NA,NA,NA,NA,NA,NA,NA,NA,NA,NA,NA,NA,NA,NA,NA,NA,NA,NA,NA,NA,NA,NA,NA,NA,NA,NA,NA,NA,NA,NA,NA,NA,NA,NA,NA,NA,NA,NA,NA,NA,NA,NA,NA,NA,NA,NA,14.85,NA,-38.297913,NA,0.2301761,10.6418,NA,546.5226670069327,0
1978-02-01,NA,NA,NA,NA,NA,NA,NA,NA,60.00543461925895,NA,NA,NA,NA,NA,NA,NA,NA,72.43856469084176,NA,NA,NA,NA,NA,NA,NA,5.8,3.46,NA,NA,NA,NA,NA,NA,NA,NA,NA,NA,1.0610329118583928,124.2254,NA,NA,NA,NA,NA,NA,NA,NA,NA,NA,NA,NA,NA,NA,NA,NA,NA,NA,NA,NA,NA,NA,NA,NA,NA,NA,NA,NA,NA,NA,NA,NA,NA,NA,NA,NA,NA,NA,NA,NA,NA,NA,NA,NA,NA,NA,NA,NA,NA,NA,NA,NA,NA,NA,NA,NA,NA,NA,NA,NA,NA,NA,14.85,NA,-38.610233,NA,NA,10.72663,NA,563.0459878095199,0
1978-03-01,NA,NA,NA,NA,NA,NA,NA,NA,58.7498133677052,NA,NA,NA,NA,NA,NA,NA,NA,71.83301374143126,NA,NA,NA,NA,NA,NA,NA,5.7,3.51,NA,NA,NA,NA,NA,NA,NA,NA,NA,NA,1.0393541360956728,125.0139,NA,NA,NA,NA,NA,NA,NA,NA,NA,NA,NA,NA,NA,NA,NA,NA,NA,NA,NA,NA,NA,NA,NA,NA,NA,NA,NA,NA,NA,NA,NA,NA,NA,NA,NA,NA,NA,NA,NA,NA,NA,NA,NA,NA,NA,NA,NA,NA,NA,NA,NA,NA,NA,NA,NA,NA,NA,NA,NA,NA,NA,NA,14.85,NA,-39.078139,NA,NA,10.61867,NA,406.5378229160824,0
1978-04-01,431736.3073305886,242716.83167819842,85763.17110104485,95432.41050130628,51199.94715523783,53083.22635180115,NA,NA,59.93935152512625,NA,NA,NA,NA,NA,NA,130.8149,NA,73.72535249379717,NA,NA,NA,NA,NA,NA,NA,5.7,3.56,NA,NA,96.9,NA,NA,NA,41.3,57.5,NA,NA,1.0437001170858409,123.7106,NA,NA,NA,NA,NA,NA,NA,NA,NA,NA,NA,NA,NA,NA,NA,NA,NA,NA,NA,NA,NA,NA,NA,NA,NA,NA,NA,NA,NA,NA,NA,NA,NA,NA,NA,NA,NA,NA,NA,NA,NA,NA,NA,NA,NA,NA,NA,NA,NA,NA,NA,NA,NA,NA,NA,NA,NA,NA,NA,NA,NA,NA,14.85,NA,-39.698681,NA,0.2071108,10.52806,NA,340.8043303545661,0
1978-05-01,NA,NA,NA,NA,NA,NA,NA,NA,59.87326843099354,NA,NA,NA,NA,NA,NA,NA,NA,72.7413356143802,NA,NA,NA,NA,NA,NA,NA,5.9,3.6,NA,NA,NA,NA,NA,NA,NA,NA,NA,NA,1.0773942520566715,121.7201,NA,NA,NA,NA,NA,NA,NA,NA,NA,NA,NA,NA,NA,NA,NA,NA,NA,NA,NA,NA,NA,NA,NA,NA,NA,NA,NA,NA,NA,NA,NA,NA,NA,NA,NA,NA,NA,NA,NA,NA,NA,NA,NA,NA,NA,NA,NA,NA,NA,NA,NA,NA,NA,NA,NA,NA,NA,NA,NA,NA,NA,NA,14.85,NA,-22.59908,NA,NA,10.32178,NA,177.29161416236772,0
1978-06-01,NA,NA,NA,NA,NA,NA,NA,NA,59.54284234457192,NA,NA,NA,NA,NA,NA,NA,NA,73.19549655085468,NA,NA,NA,NA,NA,NA,NA,6,3.68,NA,NA,NA,NA,NA,NA,NA,NA,NA,NA,1.0654811512247997,121.1987,NA,NA,NA,NA,NA,NA,NA,NA,NA,NA,NA,NA,NA,NA,NA,NA,NA,NA,NA,NA,NA,NA,NA,NA,NA,NA,NA,NA,NA,NA,NA,NA,NA,NA,NA,NA,NA,NA,NA,NA,NA,NA,NA,NA,NA,NA,NA,NA,NA,NA,NA,NA,NA,NA,NA,NA,NA,NA,NA,NA,NA,NA,14.85,NA,-17.03692,NA,NA,10.6553,NA,78.56068623477356,0
1978-07-01,437397.8320988827,248174.83069528706,87113.0464331662,99316.76194630333,53268.84551981465,54996.12730141159,NA,NA,61.128889682547296,NA,NA,NA,NA,NA,NA,133.4302,NA,73.27119155732271,NA,NA,NA,NA,NA,NA,NA,6.2,3.75,NA,NA,96.9,NA,NA,NA,41.5,57.1,NA,NA,1.0500912656007937,119.5451,NA,NA,NA,NA,NA,NA,NA,NA,NA,NA,NA,NA,NA,NA,NA,NA,NA,NA,NA,NA,NA,NA,NA,NA,NA,NA,NA,NA,NA,NA,NA,NA,NA,NA,NA,NA,NA,NA,NA,NA,NA,NA,NA,NA,NA,NA,NA,NA,NA,NA,NA,NA,NA,NA,NA,NA,NA,NA,NA,NA,NA,NA,14.85,NA,-25.64247,NA,0.0833125,10.86158,NA,73.24008178509449,2.9419380228287517
1978-08-01,NA,NA,NA,NA,NA,NA,NA,NA,61.72364814549973,NA,NA,NA,NA,NA,NA,NA,NA,74.0281234173356,NA,NA,NA,NA,NA,NA,NA,6.4,3.7,NA,NA,NA,NA,NA,NA,NA,NA,NA,NA,1.0212032743132071,119.4164,NA,NA,NA,NA,NA,NA,NA,NA,NA,NA,NA,NA,NA,NA,NA,NA,NA,NA,NA,NA,NA,NA,NA,NA,NA,NA,NA,NA,NA,NA,NA,NA,NA,NA,NA,NA,NA,NA,NA,NA,NA,NA,NA,NA,NA,NA,NA,NA,NA,NA,NA,NA,NA,NA,NA,NA,NA,NA,NA,NA,NA,NA,14.85,NA,-26.086292,NA,NA,11.12762,NA,58.80270266210291,1.0589623908121533
1978-09-01,NA,NA,NA,NA,NA,NA,NA,NA,62.71493702052267,NA,NA,NA,NA,NA,NA,NA,NA,74.86075028381654,NA,NA,NA,NA,NA,NA,NA,6.3,3.7,NA,NA,NA,NA,NA,NA,NA,NA,NA,NA,1.0077562978377468,118.9762,NA,NA,NA,NA,NA,NA,NA,NA,NA,NA,NA,NA,NA,NA,NA,NA,NA,NA,NA,NA,NA,NA,NA,NA,NA,NA,NA,NA,NA,NA,NA,NA,NA,NA,NA,NA,NA,NA,NA,NA,NA,NA,NA,NA,NA,NA,NA,NA,NA,NA,NA,NA,NA,NA,NA,NA,NA,NA,NA,NA,NA,NA,14.85,NA,-13.822322,NA,NA,11.41102,NA,147.3078451241151,0
1978-10-01,442511.48188959947,250510.47507718595,88253.62171379168,99821.06213390536,53726.18410558966,56491.85304392612,NA,NA,61.65756505136702,NA,NA,NA,NA,NA,NA,135.028,NA,74.25520843673966,NA,NA,NA,NA,NA,NA,NA,6.4,3.95,NA,NA,98.8,NA,NA,NA,42.8,57.8,NA,NA,0.9415439992228364,122.3642,NA,NA,NA,NA,NA,NA,NA,NA,NA,NA,NA,NA,NA,NA,NA,NA,NA,NA,NA,NA,NA,NA,NA,NA,NA,NA,NA,NA,NA,NA,NA,NA,NA,NA,NA,NA,NA,NA,NA,NA,NA,NA,NA,NA,NA,NA,NA,NA,NA,NA,NA,NA,NA,NA,NA,NA,NA,NA,NA,NA,NA,NA,14.85,NA,-17.861609,NA,0,11.58453,NA,253.79657307488563,0
1978-11-01,NA,NA,NA,NA,NA,NA,NA,NA,62.12016794181214,NA,NA,NA,NA,NA,NA,NA,NA,73.80103839793156,NA,NA,NA,NA,NA,NA,NA,6.6,3.85,NA,NA,NA,NA,NA,NA,NA,NA,NA,NA,0.9731418374807628,121.8833,NA,NA,NA,NA,NA,NA,NA,NA,NA,NA,NA,NA,NA,NA,NA,NA,NA,NA,NA,NA,NA,NA,NA,NA,NA,NA,NA,NA,NA,NA,NA,NA,NA,NA,NA,NA,NA,NA,NA,NA,NA,NA,NA,NA,NA,NA,NA,NA,NA,NA,NA,NA,NA,NA,NA,NA,NA,NA,NA,NA,NA,NA,14.85,NA,-3.8409143,NA,NA,11.25679,NA,396.02428166631006,0
1978-12-01,NA,NA,NA,NA,NA,NA,NA,NA,64.10272446034183,NA,NA,NA,NA,NA,NA,NA,NA,76.45030901031038,NA,NA,NA,NA,NA,NA,NA,6.7,4.06,NA,NA,NA,NA,NA,NA,NA,NA,NA,NA,0.9617911577182066,122.901,NA,NA,NA,NA,NA,NA,NA,NA,NA,NA,NA,NA,NA,NA,NA,NA,NA,NA,NA,NA,NA,NA,NA,NA,NA,NA,NA,NA,NA,NA,NA,NA,NA,NA,NA,NA,NA,NA,NA,NA,NA,NA,NA,NA,NA,NA,NA,NA,NA,NA,NA,NA,NA,NA,NA,NA,NA,NA,NA,NA,NA,NA,14.85,NA,-6.8451617,NA,NA,11.22402,NA,565.2882767985257,0
1979-01-01,443058.68186720455,248753.7725681401,88944.34688373668,97425.28624266545,53560.21324787892,56797.103195459706,NA,NA,62.38451093410105,NA,NA,NA,NA,NA,NA,135.4804,NA,74.10381842380363,NA,NA,NA,NA,NA,NA,NA,6.8,3.89,NA,NA,98.4,NA,NA,NA,42.8,57.3,NA,NA,0.9450719132030904,123.8797,NA,NA,NA,NA,NA,NA,NA,NA,NA,NA,NA,NA,NA,NA,NA,NA,NA,NA,NA,NA,NA,NA,NA,NA,NA,NA,NA,NA,NA,NA,NA,NA,NA,NA,NA,NA,NA,NA,NA,NA,NA,NA,NA,NA,NA,NA,NA,NA,NA,NA,NA,NA,NA,NA,NA,NA,NA,NA,NA,NA,NA,NA,14.85,NA,-16.125469,NA,0.1240003,11.39945,NA,729.5925132344369,0
1979-02-01,NA,NA,NA,NA,NA,NA,NA,NA,62.18625103594484,NA,NA,NA,NA,NA,NA,NA,NA,73.64965748732916,NA,NA,NA,NA,NA,NA,NA,7.1,4.15,NA,NA,NA,NA,NA,NA,NA,NA,NA,NA,0.949724669321976,123.2221,NA,NA,NA,NA,NA,NA,NA,NA,NA,NA,NA,NA,NA,NA,NA,NA,NA,NA,NA,NA,NA,NA,NA,NA,NA,NA,NA,NA,NA,NA,NA,NA,NA,NA,NA,NA,NA,NA,NA,NA,NA,NA,NA,NA,NA,NA,NA,NA,NA,NA,NA,NA,NA,NA,NA,NA,NA,NA,NA,NA,NA,NA,15.85,NA,-10.675876,NA,NA,11.064,NA,582.5121870170216,0
1979-03-01,NA,NA,NA,NA,NA,NA,NA,NA,62.45059402823376,NA,NA,NA,NA,NA,NA,NA,NA,75.08782620088697,NA,NA,NA,NA,NA,NA,NA,7.2,4.47,NA,NA,NA,NA,NA,NA,NA,NA,NA,NA,0.9508495114606076,123.1172,NA,NA,NA,NA,NA,NA,NA,NA,NA,NA,NA,NA,NA,NA,NA,NA,NA,NA,NA,NA,NA,NA,NA,NA,NA,NA,NA,NA,NA,NA,NA,NA,NA,NA,NA,NA,NA,NA,NA,NA,NA,NA,NA,NA,NA,NA,NA,NA,NA,NA,NA,NA,NA,NA,NA,NA,NA,NA,NA,NA,NA,NA,15.85,NA,7.2224242,NA,NA,10.88086,NA,451.14188783747693,0
1979-04-01,456816.7563041362,257980.82024268538,89927.9721257464,105385.03920373105,54594.61243141518,59625.77959968329,NA,NA,63.90446456218562,NA,NA,NA,NA,NA,NA,138.9936,NA,75.99614807383591,NA,NA,NA,NA,NA,NA,NA,7.3,5.54,NA,NA,99.4,NA,NA,NA,43.6,57.4,NA,NA,0.9689492440549536,121.6515,NA,NA,NA,NA,NA,NA,NA,NA,NA,NA,NA,NA,NA,NA,NA,NA,NA,NA,NA,NA,NA,NA,NA,NA,NA,NA,NA,NA,NA,NA,NA,NA,NA,NA,NA,NA,NA,NA,NA,NA,NA,NA,NA,NA,NA,NA,NA,NA,NA,NA,NA,NA,NA,NA,NA,NA,NA,NA,NA,NA,NA,NA,15.85,NA,9.1992795,NA,0.1562988,10.79603,NA,343.9583255864815,0
1979-05-01,NA,NA,NA,NA,NA,NA,NA,NA,63.772298373920215,NA,NA,NA,NA,NA,NA,NA,NA,76.45030901031038,NA,NA,NA,NA,NA,NA,NA,7.8,5.92,NA,NA,NA,NA,NA,NA,NA,NA,NA,NA,0.9754937801342652,121.3834,NA,NA,NA,NA,NA,NA,NA,NA,NA,NA,NA,NA,NA,NA,NA,NA,NA,NA,NA,NA,NA,NA,NA,NA,NA,NA,NA,NA,NA,NA,NA,NA,NA,NA,NA,NA,NA,NA,NA,NA,NA,NA,NA,NA,NA,NA,NA,NA,NA,NA,NA,NA,NA,NA,NA,NA,NA,NA,NA,NA,NA,NA,18.1,NA,29.001452,NA,NA,10.46444,NA,170.2220300563799,0
1979-06-01,NA,NA,NA,NA,NA,NA,NA,NA,65.02791962547397,NA,NA,NA,NA,NA,NA,NA,NA,77.7370968132658,NA,NA,NA,NA,NA,NA,NA,8,6.46,NA,NA,NA,NA,NA,NA,NA,NA,NA,NA,0.9618422869063262,122.0192,NA,NA,NA,NA,NA,NA,NA,NA,NA,NA,NA,NA,NA,NA,NA,NA,NA,NA,NA,NA,NA,NA,NA,NA,NA,NA,NA,NA,NA,NA,NA,NA,NA,NA,NA,NA,NA,NA,NA,NA,NA,NA,NA,NA,NA,NA,NA,NA,NA,NA,NA,NA,NA,NA,NA,NA,NA,NA,NA,NA,NA,NA,19.1,NA,46.284398,NA,NA,10.06537,NA,31.383125416770206,0
1979-07-01,456816.80630413414,251959.7076986651,90388.37223902257,106012.03943697808,56630.76161334385,60551.705059335145,NA,NA,65.35834571189558,NA,NA,NA,NA,NA,NA,139.8806,NA,74.33089434087405,NA,NA,NA,NA,NA,NA,NA,7.9,6.84,NA,NA,99.2,NA,NA,NA,43.8,57,NA,NA,0.9327497788662614,121.8069,NA,NA,NA,NA,NA,NA,NA,NA,NA,NA,NA,NA,NA,NA,NA,NA,NA,NA,NA,NA,NA,NA,NA,NA,NA,NA,NA,NA,NA,NA,NA,NA,NA,NA,NA,NA,NA,NA,NA,NA,NA,NA,NA,NA,NA,NA,NA,NA,NA,NA,NA,NA,NA,NA,NA,NA,NA,NA,NA,NA,NA,NA,21.75,NA,54.308682,NA,0,10.13863,NA,53.26791199039152,0
1979-08-01,NA,NA,NA,NA,NA,NA,NA,NA,64.43315054676344,NA,NA,NA,NA,NA,NA,NA,NA,75.8447671632335,NA,NA,NA,NA,NA,NA,NA,7.6,7.09,NA,NA,NA,NA,NA,NA,NA,NA,NA,NA,0.9354084966484816,121.0636,NA,NA,NA,NA,NA,NA,NA,NA,NA,NA,NA,NA,NA,NA,NA,NA,NA,NA,NA,NA,NA,NA,NA,NA,NA,NA,NA,NA,NA,NA,NA,NA,NA,NA,NA,NA,NA,NA,NA,NA,NA,NA,NA,NA,NA,NA,NA,NA,NA,NA,NA,NA,NA,NA,NA,NA,NA,NA,NA,NA,NA,NA,26.5,NA,37.211423,NA,NA,10.35069,NA,42.09799979688105,0
1979-09-01,NA,NA,NA,NA,NA,NA,NA,NA,64.56531673502884,NA,NA,NA,NA,NA,NA,NA,NA,74.93644529028455,NA,NA,NA,NA,NA,NA,NA,7.5,7.89,NA,NA,NA,NA,NA,NA,NA,NA,NA,NA,0.9177177975590926,121.6623,NA,NA,NA,NA,NA,NA,NA,NA,NA,NA,NA,NA,NA,NA,NA,NA,NA,NA,NA,NA,NA,NA,NA,NA,NA,NA,NA,NA,NA,NA,NA,NA,NA,NA,NA,NA,NA,NA,NA,NA,NA,NA,NA,NA,NA,NA,NA,NA,NA,NA,NA,NA,NA,NA,NA,NA,NA,NA,NA,NA,NA,NA,28.5,NA,43.777832,NA,NA,10.51456,NA,106.63308543583938,0
1979-10-01,459617.05618953,255945.86565564727,90995.29738834953,107320.46492371854,56510.96460322939,61823.58069072506,NA,NA,63.838381468052916,NA,NA,NA,NA,NA,NA,139.383,NA,75.16352120735498,NA,NA,NA,NA,NA,NA,NA,7.7,8.76,NA,NA,100.7,NA,NA,NA,44.8,57.5,NA,NA,0.9149056922125134,121.8748,NA,NA,NA,NA,NA,NA,NA,NA,NA,NA,NA,NA,NA,NA,NA,NA,NA,NA,NA,NA,NA,NA,NA,NA,NA,NA,NA,NA,NA,NA,NA,NA,NA,NA,NA,NA,NA,NA,NA,NA,NA,NA,NA,NA,NA,NA,NA,NA,NA,NA,NA,NA,NA,NA,NA,NA,NA,NA,NA,NA,NA,NA,29,NA,43.703191,NA,0.2304679,10.32178,NA,270.8720972273341,0
1979-11-01,NA,NA,NA,NA,NA,NA,NA,NA,65.49052251591908,NA,NA,NA,NA,NA,NA,NA,NA,75.239216213823,NA,NA,NA,NA,NA,NA,NA,8,9.65,NA,NA,NA,NA,NA,NA,NA,NA,NA,NA,0.9063159886084168,123.2136,NA,NA,NA,NA,NA,NA,NA,NA,NA,NA,NA,NA,NA,NA,NA,NA,NA,NA,NA,NA,NA,NA,NA,NA,NA,NA,NA,NA,NA,NA,NA,NA,NA,NA,NA,NA,NA,NA,NA,NA,NA,NA,NA,NA,NA,NA,NA,NA,NA,NA,NA,NA,NA,NA,NA,NA,NA,NA,NA,NA,NA,NA,31,NA,49.212174,NA,NA,9.889935,NA,424.57320444599503,0
1979-12-01,NA,NA,NA,NA,NA,NA,NA,NA,66.48180077518393,NA,NA,NA,NA,NA,NA,NA,NA,75.31491122029101,NA,NA,NA,NA,NA,NA,NA,7.9,9.58,NA,NA,NA,NA,NA,NA,NA,NA,NA,NA,0.8865801219942429,123.3017,NA,NA,NA,NA,NA,NA,NA,NA,NA,NA,NA,NA,NA,NA,NA,NA,NA,NA,NA,NA,NA,NA,NA,NA,NA,NA,NA,NA,NA,NA,NA,NA,NA,NA,NA,NA,NA,NA,NA,NA,NA,NA,NA,NA,NA,NA,NA,NA,NA,NA,NA,NA,NA,NA,NA,NA,NA,NA,NA,NA,NA,NA,32.5,NA,35.398972,NA,NA,9.91307,NA,444.06568534845275,0
1980-01-01,463299.68103881343,257305.10352142554,92033.89764388523,109156.84060685894,60316.8446163376,63024.23128675714,NA,NA,66.08528097887152,NA,NA,NA,NA,NA,NA,139.295,NA,78.87250370561878,NA,NA,NA,NA,NA,NA,NA,8,8.86,NA,NA,99.4,NA,NA,NA,44.1,56.8,NA,NA,0.8815694615585199,121.7062,NA,NA,NA,NA,NA,NA,NA,NA,NA,NA,NA,NA,NA,NA,NA,NA,NA,NA,NA,NA,NA,NA,NA,NA,NA,NA,NA,NA,NA,NA,NA,NA,NA,NA,NA,NA,NA,NA,NA,NA,NA,NA,NA,NA,NA,NA,NA,NA,NA,NA,NA,NA,NA,NA,NA,NA,NA,NA,NA,NA,NA,NA,32.5,NA,34.775481,0.12669443445588408,0.1712036,9.764624,NA,641.62,0
1980-02-01,NA,NA,NA,NA,NA,NA,NA,NA,66.01919788473882,NA,NA,NA,NA,NA,NA,NA,NA,75.54199623969507,NA,NA,NA,NA,NA,NA,NA,8.4,8.97,NA,NA,NA,NA,NA,NA,NA,NA,NA,NA,0.8933803040141526,121.3521,NA,NA,NA,NA,NA,NA,NA,NA,NA,NA,NA,NA,NA,NA,NA,NA,NA,NA,NA,NA,NA,NA,NA,NA,NA,NA,NA,NA,NA,NA,NA,NA,NA,NA,NA,NA,NA,NA,NA,NA,NA,NA,NA,NA,NA,NA,NA,NA,NA,NA,NA,NA,NA,NA,NA,NA,NA,NA,NA,NA,NA,NA,37,NA,40.129393,0.07563574966624287,NA,10.23502,NA,446.94,0
1980-03-01,NA,NA,NA,NA,NA,NA,NA,NA,65.42442880602829,NA,NA,NA,NA,NA,NA,NA,NA,76.37461400384237,NA,NA,NA,NA,NA,NA,NA,9.4,9.64,NA,NA,NA,NA,NA,NA,NA,NA,NA,NA,0.9462478845298417,119.0623,NA,NA,NA,NA,NA,NA,NA,NA,NA,NA,NA,NA,NA,NA,NA,NA,NA,NA,NA,NA,NA,NA,NA,NA,NA,NA,NA,NA,NA,NA,NA,NA,NA,NA,NA,NA,NA,NA,NA,NA,NA,NA,NA,NA,NA,NA,NA,NA,NA,NA,NA,NA,NA,NA,NA,NA,NA,NA,NA,NA,NA,NA,38,NA,42.105389,0.15166609912192183,NA,9.741489,NA,441.89,0
1980-04-01,460316.9311608866,255865.602040197,93687.27305067929,107275.98990717361,58400.26745013879,61793.055675571704,NA,NA,64.76357663318505,NA,NA,NA,NA,NA,NA,140.4303,NA,73.87673340439957,NA,NA,NA,NA,NA,NA,NA,9.4,10.22,NA,NA,100.7,NA,NA,NA,44.8,57.5,NA,NA,0.9566271097181248,117.9382,NA,NA,NA,NA,NA,NA,NA,NA,NA,NA,NA,NA,NA,NA,NA,NA,NA,NA,NA,NA,NA,NA,NA,NA,NA,NA,NA,NA,NA,NA,NA,NA,NA,NA,NA,NA,NA,NA,NA,NA,NA,NA,NA,NA,NA,NA,NA,NA,NA,NA,NA,NA,NA,NA,NA,NA,NA,NA,NA,NA,NA,NA,39.5,NA,60.435767,0.28783510994347933,0,9.591116,NA,348.53,0
1980-05-01,NA,NA,NA,NA,NA,NA,NA,NA,64.69749353905236,NA,NA,NA,NA,NA,NA,NA,NA,74.5579793602781,NA,NA,NA,NA,NA,NA,NA,8.3,10.26,NA,NA,NA,NA,NA,NA,NA,NA,NA,NA,0.9152635965293509,118.3953,NA,NA,NA,NA,NA,NA,NA,NA,NA,NA,NA,NA,NA,NA,NA,NA,NA,NA,NA,NA,NA,NA,NA,NA,NA,NA,NA,NA,NA,NA,NA,NA,NA,NA,NA,NA,NA,NA,NA,NA,NA,NA,NA,NA,NA,NA,NA,NA,NA,NA,NA,NA,NA,NA,NA,NA,NA,NA,NA,NA,NA,NA,39.5,NA,63.591419,0.234208461526876,NA,9.824388,NA,222.68,0
1980-06-01,NA,NA,NA,NA,NA,NA,NA,NA,64.10272446034183,NA,NA,NA,NA,NA,NA,NA,NA,74.70936937321414,NA,NA,NA,NA,NA,NA,NA,8.1,10.11,NA,NA,NA,NA,NA,NA,NA,NA,NA,NA,0.9033504956974788,117.7899,NA,NA,NA,NA,NA,NA,NA,NA,NA,NA,NA,NA,NA,NA,NA,NA,NA,NA,NA,NA,NA,NA,NA,NA,NA,NA,NA,NA,NA,NA,NA,NA,NA,NA,NA,NA,NA,NA,NA,NA,NA,NA,NA,NA,NA,NA,NA,NA,NA,NA,NA,NA,NA,NA,NA,NA,NA,NA,NA,NA,NA,NA,39.5,NA,56.829845,0.1361402789245199,NA,10.05959,NA,85.93,0.3
1980-07-01,458490.75623562536,257629.79191780655,93697.74805325654,105558.68926832969,56995.52750954167,59961.554766370224,NA,NA,64.43315054676344,NA,NA,NA,NA,NA,NA,141.3255,NA,76.14753808677195,NA,NA,NA,NA,NA,NA,NA,7.9,9.7,NA,NA,101.3,NA,NA,NA,44.9,57.9,NA,NA,0.8934314332022723,117.0581,NA,NA,NA,NA,NA,NA,NA,NA,NA,NA,NA,NA,NA,NA,NA,NA,NA,NA,NA,NA,NA,NA,NA,NA,NA,NA,NA,NA,NA,NA,NA,NA,NA,NA,NA,NA,NA,NA,NA,NA,NA,NA,NA,NA,NA,NA,NA,NA,NA,NA,NA,NA,NA,NA,NA,NA,NA,NA,NA,NA,NA,NA,39.5,NA,44.715652,0.038110595658337264,0.0703383,10.33527,NA,73.56,0.01
1980-08-01,NA,NA,NA,NA,NA,NA,NA,NA,64.56531673502884,NA,NA,NA,NA,NA,NA,NA,NA,75.16352120735498,NA,NA,NA,NA,NA,NA,NA,7.8,8.98,NA,NA,NA,NA,NA,NA,NA,NA,NA,NA,0.9157237592224272,115.4889,NA,NA,NA,NA,NA,NA,NA,NA,NA,NA,NA,NA,NA,NA,NA,NA,NA,NA,NA,NA,NA,NA,NA,NA,NA,NA,NA,NA,NA,NA,NA,NA,NA,NA,NA,NA,NA,NA,NA,NA,NA,NA,NA,NA,NA,NA,NA,NA,NA,NA,NA,NA,NA,NA,NA,NA,NA,NA,NA,NA,NA,NA,38,NA,53.468007,0.058887644658806644,NA,10.40467,NA,37.73,1.15
1980-09-01,NA,NA,NA,NA,NA,NA,NA,NA,62.31841722421026,NA,NA,NA,NA,NA,NA,NA,NA,75.46630123322704,NA,NA,NA,NA,NA,NA,NA,8.1,8.97,NA,NA,NA,NA,NA,NA,NA,NA,NA,NA,0.9150079505887526,114.1147,NA,NA,NA,NA,NA,NA,NA,NA,NA,NA,NA,NA,NA,NA,NA,NA,NA,NA,NA,NA,NA,NA,NA,NA,NA,NA,NA,NA,NA,NA,NA,NA,NA,NA,NA,NA,NA,NA,NA,NA,NA,NA,NA,NA,NA,NA,NA,NA,NA,NA,NA,NA,NA,NA,NA,NA,NA,NA,NA,NA,NA,NA,36,NA,54.716271,0.10691704441447156,NA,10.29286,NA,87.47,0
1980-10-01,457882.0562605373,257148.67361273573,93352.42296829325,103473.41349259728,56919.32941128858,60734.85515025529,NA,NA,62.64884331063187,NA,NA,NA,NA,NA,NA,142.5041,NA,76.07185218263756,NA,NA,NA,NA,NA,NA,NA,8.3,9.08,NA,NA,104.6,NA,NA,NA,46.6,59.6,NA,NA,0.940777061401042,111.7519,NA,NA,NA,NA,NA,NA,NA,NA,NA,NA,NA,NA,NA,NA,NA,NA,NA,NA,NA,NA,NA,NA,NA,NA,NA,NA,NA,NA,NA,NA,NA,NA,NA,NA,NA,NA,NA,NA,NA,NA,NA,NA,NA,NA,NA,NA,NA,NA,NA,NA,NA,NA,NA,NA,NA,NA,NA,NA,NA,NA,NA,NA,36,NA,54.600225,0.13188678936591405,0.2236136,10.38925,NA,293.58,0
1980-11-01,NA,NA,NA,NA,NA,NA,NA,NA,63.70621527978751,NA,NA,NA,NA,NA,NA,NA,NA,76.07185218263756,NA,NA,NA,NA,NA,NA,NA,8.6,9.45,NA,NA,NA,NA,NA,NA,NA,NA,NA,NA,0.9807600865105864,110.4335,NA,NA,NA,NA,NA,NA,NA,NA,NA,NA,NA,NA,NA,NA,NA,NA,NA,NA,NA,NA,NA,NA,NA,NA,NA,NA,NA,NA,NA,NA,NA,NA,NA,NA,NA,NA,NA,NA,NA,NA,NA,NA,NA,NA,NA,NA,NA,NA,NA,NA,NA,NA,NA,NA,NA,NA,NA,NA,NA,NA,NA,NA,36,NA,64.425044,0.1958563610806295,NA,10.09622,NA,442.76,0
1980-12-01,NA,NA,NA,NA,NA,NA,NA,NA,62.78102011465537,NA,NA,NA,NA,NA,NA,NA,NA,74.33089434087405,NA,NA,NA,NA,NA,NA,NA,8.8,10.2,NA,NA,NA,NA,NA,NA,NA,NA,NA,NA,1.0073472643327896,110.0587,NA,NA,NA,NA,NA,NA,NA,NA,NA,NA,NA,NA,NA,NA,NA,NA,NA,NA,NA,NA,NA,NA,NA,NA,NA,NA,NA,NA,NA,NA,NA,NA,NA,NA,NA,NA,NA,NA,NA,NA,NA,NA,NA,NA,NA,NA,NA,NA,NA,NA,NA,NA,NA,NA,NA,NA,NA,NA,NA,NA,NA,NA,37,NA,68.06207,0.22008069488703644,NA,9.995968,NA,539.69,0
1981-01-01,463330.2560375621,258021.45202127556,99738.34953947726,103432.66347743808,58931.10420155163,60841.5802032362,NA,NA,62.51667712236646,NA,NA,NA,NA,NA,NA,141.4196,NA,74.70936937321414,NA,NA,NA,NA,NA,NA,NA,9,9.47,NA,NA,105.6,NA,NA,NA,47,60.1,NA,NA,1.0267252266301266,108.5511,NA,NA,NA,NA,NA,NA,NA,NA,NA,NA,NA,NA,NA,NA,NA,NA,NA,NA,NA,NA,NA,NA,NA,NA,NA,NA,NA,NA,NA,NA,NA,NA,NA,NA,NA,NA,NA,NA,NA,NA,NA,NA,NA,NA,NA,NA,NA,NA,NA,NA,NA,NA,NA,NA,NA,NA,NA,NA,NA,NA,NA,NA,38,NA,63.752515,0.17382932137407023,0.0810373,9.965122,NA,602.73,0
1981-02-01,NA,NA,NA,NA,NA,NA,NA,NA,63.70621527978751,NA,NA,NA,NA,NA,NA,NA,NA,78.03986773680423,NA,NA,NA,NA,NA,NA,NA,9.8,10.67,NA,NA,NA,NA,NA,NA,NA,NA,NA,NA,1.0975391521758024,106.6804,NA,NA,NA,NA,NA,NA,NA,NA,NA,NA,NA,NA,NA,NA,NA,NA,NA,NA,NA,NA,NA,NA,NA,NA,NA,NA,NA,NA,NA,NA,NA,NA,NA,NA,NA,NA,NA,NA,NA,NA,NA,NA,NA,NA,NA,NA,NA,NA,NA,NA,NA,NA,NA,NA,NA,NA,NA,NA,NA,NA,NA,NA,38,NA,61.562623,0.196074971837078,NA,9.841739,NA,508.75,0
1981-03-01,NA,NA,NA,NA,NA,NA,NA,NA,63.441872287498605,NA,NA,NA,NA,NA,NA,NA,NA,75.39060622675903,NA,NA,NA,NA,NA,NA,NA,10.2,13.6,NA,NA,NA,NA,NA,NA,NA,NA,NA,NA,1.077189735304193,108.8074,NA,NA,NA,NA,NA,NA,NA,NA,NA,NA,NA,NA,NA,NA,NA,NA,NA,NA,NA,NA,NA,NA,NA,NA,NA,NA,NA,NA,NA,NA,NA,NA,NA,NA,NA,NA,NA,NA,NA,NA,NA,NA,NA,NA,NA,NA,NA,NA,NA,NA,NA,NA,NA,NA,NA,NA,NA,NA,NA,NA,NA,NA,38,NA,50.039089,0.2885612775118272,NA,9.959338,NA,335.21,0
1981-04-01,462173.6310848986,255596.91038069653,96305.9486949744,105245.41415178987,61185.122945906725,59407.02949109043,NA,NA,62.84710320878807,NA,NA,NA,NA,NA,NA,143.3298,NA,74.0281234173356,NA,NA,NA,NA,NA,NA,NA,10,13.19,NA,NA,107,NA,NA,NA,47.8,60.9,NA,NA,1.1049528844531478,108.0817,NA,NA,NA,NA,NA,NA,NA,NA,NA,NA,NA,NA,NA,NA,NA,NA,NA,NA,NA,NA,NA,NA,NA,NA,NA,NA,NA,NA,NA,NA,NA,NA,NA,NA,NA,NA,NA,NA,NA,NA,NA,NA,NA,NA,NA,NA,NA,NA,NA,NA,NA,NA,NA,NA,NA,NA,NA,NA,NA,NA,NA,NA,38,NA,45.687338,0.14901441560154868,0.1443314,10.39311,NA,293.64,0
1981-05-01,NA,NA,NA,NA,NA,NA,NA,NA,63.243612389342395,NA,NA,NA,NA,NA,NA,NA,NA,74.0281234173356,NA,NA,NA,NA,NA,NA,NA,10.5,13.2,NA,NA,NA,NA,NA,NA,NA,NA,NA,NA,1.171727604137374,106.5007,NA,NA,NA,NA,NA,NA,NA,NA,NA,NA,NA,NA,NA,NA,NA,NA,NA,NA,NA,NA,NA,NA,NA,NA,NA,NA,NA,NA,NA,NA,NA,NA,NA,NA,NA,NA,NA,NA,NA,NA,NA,NA,NA,NA,NA,NA,NA,NA,NA,NA,NA,NA,NA,NA,NA,NA,NA,NA,NA,NA,NA,NA,38,NA,35.617106,0.10873545820519606,NA,10.34877,NA,138,0
1981-06-01,NA,NA,NA,NA,NA,NA,NA,NA,62.51667712236646,NA,NA,NA,NA,NA,NA,NA,NA,73.72535249379717,NA,NA,NA,NA,NA,NA,NA,10.5,13.09,NA,NA,NA,NA,NA,NA,NA,NA,NA,NA,1.2151874140390526,105.306,NA,NA,NA,NA,NA,NA,NA,NA,NA,NA,NA,NA,NA,NA,NA,NA,NA,NA,NA,NA,NA,NA,NA,NA,NA,NA,NA,NA,NA,NA,NA,NA,NA,NA,NA,NA,NA,NA,NA,NA,NA,NA,NA,NA,NA,NA,NA,NA,NA,NA,NA,NA,NA,NA,NA,NA,NA,NA,NA,NA,NA,NA,36,NA,40.871405,0.12924954768123356,NA,10.61674,NA,72.15,0.08
1981-07-01,463391.15603506967,255553.08366633486,97027.99887262657,101606.36279804562,63940.02918914605,59468.054521384736,NA,NA,63.04536310694428,NA,NA,NA,NA,NA,NA,142.5402,NA,74.93644529028455,NA,NA,NA,NA,NA,NA,NA,10.5,12.96,NA,NA,107.6,NA,NA,NA,48,61.2,NA,NA,1.2475010609306536,104.7494,NA,NA,NA,NA,NA,NA,NA,NA,NA,NA,NA,NA,NA,NA,NA,NA,NA,NA,NA,NA,NA,NA,NA,NA,NA,NA,NA,NA,NA,NA,NA,NA,NA,NA,NA,NA,NA,NA,NA,NA,NA,NA,NA,NA,NA,NA,NA,NA,NA,NA,NA,NA,NA,NA,NA,NA,NA,NA,NA,NA,NA,NA,36,NA,32.521055,0.09879581304245022,0.144113,10.79025,NA,37.86,0.23
1981-08-01,NA,NA,NA,NA,NA,NA,NA,NA,63.11144620107698,NA,NA,NA,NA,NA,NA,NA,NA,74.70936937321414,NA,NA,NA,NA,NA,NA,NA,10.7,12.9,NA,NA,NA,NA,NA,NA,NA,NA,NA,NA,1.2789455116242208,103.9516,NA,NA,NA,NA,NA,NA,NA,NA,NA,NA,NA,NA,NA,NA,NA,NA,NA,NA,NA,NA,NA,NA,NA,NA,NA,NA,NA,NA,NA,NA,NA,NA,NA,NA,NA,NA,NA,NA,NA,NA,NA,NA,NA,NA,NA,NA,NA,NA,NA,NA,NA,NA,NA,NA,NA,NA,NA,NA,NA,NA,NA,NA,36,NA,14.926407,0.08020089432943302,NA,10.76518,NA,51.13,0.78
1981-09-01,NA,NA,NA,NA,NA,NA,NA,NA,63.309695483475096,NA,NA,NA,NA,NA,NA,NA,NA,72.89272562731624,NA,NA,NA,NA,NA,NA,NA,10.6,12.5,NA,NA,NA,NA,NA,NA,NA,NA,NA,NA,1.2043991553458122,105.9594,NA,NA,NA,NA,NA,NA,NA,NA,NA,NA,NA,NA,NA,NA,NA,NA,NA,NA,NA,NA,NA,NA,NA,NA,NA,NA,NA,NA,NA,NA,NA,NA,NA,NA,NA,NA,NA,NA,NA,NA,NA,NA,NA,NA,NA,NA,NA,NA,NA,NA,NA,NA,NA,NA,NA,NA,NA,NA,NA,NA,NA,NA,36,NA,12.851064,0.14070637638762673,NA,10.36226,NA,87.76,0
1981-10-01,463025.8560500201,256572.14623332836,96787.32381341123,95991.0857091361,65301.14521850574,58623.62910219147,NA,NA,63.640121569896714,NA,NA,NA,NA,NA,NA,140.0098,NA,74.10381842380363,NA,NA,NA,NA,NA,NA,NA,10.2,11.78,NA,NA,108.8,NA,NA,NA,48.7,61.8,NA,NA,1.150099957562774,108.8929,NA,NA,NA,NA,NA,NA,NA,NA,NA,NA,NA,NA,NA,NA,NA,NA,NA,NA,NA,NA,NA,NA,NA,NA,NA,NA,NA,NA,NA,NA,NA,NA,NA,NA,NA,NA,NA,NA,NA,NA,NA,NA,NA,NA,NA,NA,NA,NA,NA,NA,NA,NA,NA,NA,NA,NA,NA,NA,NA,NA,NA,NA,35,NA,15.382812,0.2961473919359559,0.175454,10.14827,NA,292.74,0
1981-11-01,NA,NA,NA,NA,NA,NA,NA,NA,63.11144620107698,NA,NA,NA,NA,NA,NA,NA,NA,74.48228435381009,NA,NA,NA,NA,NA,NA,NA,9.9,11.08,NA,NA,NA,NA,NA,NA,NA,NA,NA,NA,1.132767162790222,108.9745,NA,NA,NA,NA,NA,NA,NA,NA,NA,NA,NA,NA,NA,NA,NA,NA,NA,NA,NA,NA,NA,NA,NA,NA,NA,NA,NA,NA,NA,NA,NA,NA,NA,NA,NA,NA,NA,NA,NA,NA,NA,NA,NA,NA,NA,NA,NA,NA,NA,NA,NA,NA,NA,NA,NA,NA,NA,NA,NA,NA,NA,NA,36,NA,14.413873,0.21661790042369836,NA,10.09622,NA,395.3,0
1981-12-01,NA,NA,NA,NA,NA,NA,NA,NA,62.58276021649917,NA,NA,NA,NA,NA,NA,NA,NA,74.40658934734206,NA,NA,NA,NA,NA,NA,NA,9.7,10.82,NA,NA,NA,NA,NA,NA,NA,NA,NA,NA,1.1547527136816595,107.6512,NA,NA,NA,NA,NA,NA,NA,NA,NA,NA,NA,NA,NA,NA,NA,NA,NA,NA,NA,NA,NA,NA,NA,NA,NA,NA,NA,NA,NA,NA,NA,NA,NA,NA,NA,NA,NA,NA,NA,NA,NA,NA,NA,NA,NA,NA,NA,NA,NA,NA,NA,NA,NA,NA,NA,NA,NA,NA,NA,NA,NA,NA,35,NA,7.4681555,0.1289901072567969,NA,10.09814,NA,630,0
1982-01-01,464760.68097901996,256464.42080353675,98027.32411849909,97320.08620353055,65635.93686279889,60633.1050997441,NA,NA,62.84710320878807,NA,NA,NA,NA,NA,NA,138.4887,NA,73.27119155732271,NA,NA,NA,NA,NA,NA,NA,9.8,10.46,NA,NA,107.8,NA,NA,NA,48.2,61.2,NA,NA,1.1719321208898523,107.6169,NA,NA,NA,NA,NA,NA,NA,NA,NA,NA,NA,NA,NA,NA,NA,NA,NA,NA,NA,NA,NA,NA,NA,NA,NA,NA,NA,NA,NA,NA,NA,NA,NA,NA,NA,NA,NA,NA,NA,NA,NA,NA,NA,NA,NA,NA,NA,NA,NA,NA,NA,NA,NA,NA,NA,NA,NA,NA,NA,NA,NA,NA,33.85,NA,2.8908477,0.06482064439813712,0.073779,10.00561,NA,625.56,0
1982-02-01,NA,NA,NA,NA,NA,NA,NA,NA,62.38451093410105,NA,NA,NA,NA,NA,NA,NA,NA,73.72535249379717,NA,NA,NA,NA,NA,NA,NA,9.7,10.27,NA,NA,NA,NA,NA,NA,NA,NA,NA,NA,1.2099211076627314,106.778,NA,NA,NA,NA,NA,NA,NA,NA,NA,NA,NA,NA,NA,NA,NA,NA,NA,NA,NA,NA,NA,NA,NA,NA,NA,NA,NA,NA,NA,NA,NA,NA,NA,NA,NA,NA,NA,NA,NA,NA,NA,NA,NA,NA,NA,NA,NA,NA,NA,NA,NA,NA,NA,NA,NA,NA,NA,NA,NA,NA,NA,NA,31.56,NA,-6.4517642,0.059955601809927726,NA,10.28515,NA,496.92,0
1982-03-01,NA,NA,NA,NA,NA,NA,NA,NA,62.979269397053486,NA,NA,NA,NA,NA,NA,NA,NA,74.63367436674612,NA,NA,NA,NA,NA,NA,NA,9.4,9.87,NA,NA,NA,NA,NA,NA,NA,NA,NA,NA,1.2163633853658038,107.7416,NA,NA,NA,NA,NA,NA,NA,NA,NA,NA,NA,NA,NA,NA,NA,NA,NA,NA,NA,NA,NA,NA,NA,NA,NA,NA,NA,NA,NA,NA,NA,NA,NA,NA,NA,NA,NA,NA,NA,NA,NA,NA,NA,NA,NA,NA,NA,NA,NA,NA,NA,NA,NA,NA,NA,NA,NA,NA,NA,NA,NA,NA,28.48,NA,2.7724255,0.032360092852895955,NA,10.49143,NA,409.72,0
1982-04-01,461899.6310961124,254094.75401399488,96583.27376320705,97347.33621366767,64851.95642932866,59768.229670398956,NA,NA,62.84710320878807,NA,NA,NA,NA,NA,NA,136.7914,NA,72.36286968437375,NA,NA,NA,NA,NA,NA,NA,8.9,9.33,NA,NA,108.8,NA,NA,NA,48.8,61.6,NA,NA,1.2261290602966517,107.9989,NA,NA,NA,NA,NA,NA,NA,NA,NA,NA,NA,NA,NA,NA,NA,NA,NA,NA,NA,NA,NA,NA,NA,NA,NA,NA,NA,NA,NA,NA,NA,NA,NA,NA,NA,NA,NA,NA,NA,NA,NA,NA,NA,NA,NA,NA,NA,NA,NA,NA,NA,NA,NA,NA,NA,NA,NA,NA,NA,NA,NA,NA,33.45,NA,10.717287,0.0415082402928899,0.3023203,10.60324,NA,333.62,0
1982-05-01,NA,NA,NA,NA,NA,NA,NA,NA,62.84710320878807,NA,NA,NA,NA,NA,NA,NA,NA,70.77331095787991,NA,NA,NA,NA,NA,NA,NA,8.7,9.18,NA,NA,NA,NA,NA,NA,NA,NA,NA,NA,1.1808285996226666,109.3004,NA,NA,NA,NA,NA,NA,NA,NA,NA,NA,NA,NA,NA,NA,NA,NA,NA,NA,NA,NA,NA,NA,NA,NA,NA,NA,NA,NA,NA,NA,NA,NA,NA,NA,NA,NA,NA,NA,NA,NA,NA,NA,NA,NA,NA,NA,NA,NA,NA,NA,NA,NA,NA,NA,NA,NA,NA,NA,NA,NA,NA,NA,35.93,NA,7.5690969,0.040739327568393074,NA,10.40467,NA,160.22,0
1982-06-01,NA,NA,NA,NA,NA,NA,NA,NA,61.32713896494541,NA,NA,NA,NA,NA,NA,NA,NA,71.00038687495032,NA,NA,NA,NA,NA,NA,NA,9.1,9.28,NA,NA,NA,NA,NA,NA,NA,NA,NA,NA,1.2411099124157008,109.7165,NA,NA,NA,NA,NA,NA,NA,NA,NA,NA,NA,NA,NA,NA,NA,NA,NA,NA,NA,NA,NA,NA,NA,NA,NA,NA,NA,NA,NA,NA,NA,NA,NA,NA,NA,NA,NA,NA,NA,NA,NA,NA,NA,NA,NA,NA,NA,NA,NA,NA,NA,NA,NA,NA,NA,NA,NA,NA,NA,NA,NA,NA,35.07,NA,-16.774805,0.11504124007739167,NA,10.19454,NA,56.76,2.52
1982-07-01,457334.20628295874,250488.98852440206,95871.72358813828,95630.16057487024,63501.79012668645,58272.478927872005,NA,NA,59.27849935228301,NA,NA,NA,NA,NA,NA,135.3009,NA,69.78929407846294,NA,NA,NA,NA,NA,NA,NA,9.3,9.46,NA,NA,109.9,NA,NA,NA,49.4,62,NA,NA,1.2603344871486786,109.6447,NA,NA,NA,NA,NA,NA,NA,NA,NA,NA,NA,NA,NA,NA,NA,NA,NA,NA,NA,NA,NA,NA,NA,NA,NA,NA,NA,NA,NA,NA,NA,NA,NA,NA,NA,NA,NA,NA,NA,NA,NA,NA,NA,NA,NA,NA,NA,NA,NA,NA,NA,NA,NA,NA,NA,NA,NA,NA,NA,NA,NA,NA,34.16,NA,-41.075426,0.10620962145626828,0,10.13285,NA,10.53,3.11
1982-08-01,NA,NA,NA,NA,NA,NA,NA,NA,60.53412060383677,NA,NA,NA,NA,NA,NA,NA,NA,71.90870874789927,NA,NA,NA,NA,NA,NA,NA,9,9,NA,NA,NA,NA,NA,NA,NA,NA,NA,NA,1.2667256356636314,109.1243,NA,NA,NA,NA,NA,NA,NA,NA,NA,NA,NA,NA,NA,NA,NA,NA,NA,NA,NA,NA,NA,NA,NA,NA,NA,NA,NA,NA,NA,NA,NA,NA,NA,NA,NA,NA,NA,NA,NA,NA,NA,NA,NA,NA,NA,NA,NA,NA,NA,NA,NA,NA,NA,NA,NA,NA,NA,NA,NA,NA,NA,NA,33.95,NA,-43.421641,0.13002176453559325,NA,10.00368,NA,21.6,1.52
1982-09-01,NA,NA,NA,NA,NA,NA,NA,NA,60.26977761154786,NA,NA,NA,NA,NA,NA,NA,NA,69.71359907199493,NA,NA,NA,NA,NA,NA,NA,8.6,8.18,NA,NA,NA,NA,NA,NA,NA,NA,NA,NA,1.279201157564819,109.0979,NA,NA,NA,NA,NA,NA,NA,NA,NA,NA,NA,NA,NA,NA,NA,NA,NA,NA,NA,NA,NA,NA,NA,NA,NA,NA,NA,NA,NA,NA,NA,NA,NA,NA,NA,NA,NA,NA,NA,NA,NA,NA,NA,NA,NA,NA,NA,NA,NA,NA,NA,NA,NA,NA,NA,NA,NA,NA,NA,NA,NA,NA,35.63,NA,-27.618371,0.08595824921001094,NA,10.31792,NA,39.53,0
1982-10-01,458429.9312381147,253331.01803167153,95327.59845426254,96229.81079794295,63654.23632194479,57122.703357095525,NA,NA,59.60892543870463,NA,NA,NA,NA,NA,NA,133.4894,NA,70.69761595141189,NA,NA,NA,NA,NA,NA,NA,8.3,7.58,NA,NA,111.8,NA,NA,NA,50.4,63,NA,NA,1.2931082967333565,109.7732,NA,NA,NA,NA,NA,NA,NA,NA,NA,NA,NA,NA,NA,NA,NA,NA,NA,NA,NA,NA,NA,NA,NA,NA,NA,NA,NA,NA,NA,NA,NA,NA,NA,NA,NA,NA,NA,NA,NA,NA,NA,NA,NA,NA,NA,NA,NA,NA,NA,NA,NA,NA,NA,NA,NA,NA,NA,NA,NA,NA,NA,NA,35.68,NA,-27.052983,0.04335934236141316,0.1416832,10.66879,NA,240.78,0
1982-11-01,NA,NA,NA,NA,NA,NA,NA,NA,58.881990171728695,NA,NA,NA,NA,NA,NA,NA,NA,70.69761595141189,NA,NA,NA,NA,NA,NA,NA,8.2,7.31,NA,NA,NA,NA,NA,NA,NA,NA,NA,NA,1.306401885644458,109.8077,NA,NA,NA,NA,NA,NA,NA,NA,NA,NA,NA,NA,NA,NA,NA,NA,NA,NA,NA,NA,NA,NA,NA,NA,NA,NA,NA,NA,NA,NA,NA,NA,NA,NA,NA,NA,NA,NA,NA,NA,NA,NA,NA,NA,NA,NA,NA,NA,NA,NA,NA,NA,NA,NA,NA,NA,NA,NA,NA,NA,NA,NA,34.15,NA,-24.460394,0.03691527211047149,NA,10.78832,NA,351.57,0
1982-12-01,NA,NA,NA,NA,NA,NA,NA,NA,59.14633316401761,NA,NA,NA,NA,NA,NA,NA,NA,71.90870874789927,NA,NA,NA,NA,NA,NA,NA,7.9,6.62,NA,NA,NA,NA,NA,NA,NA,NA,NA,NA,1.2368150606136523,111.82470000000001,NA,NA,NA,NA,NA,NA,NA,NA,NA,NA,NA,NA,NA,NA,NA,NA,NA,NA,NA,NA,NA,NA,NA,NA,NA,NA,NA,NA,NA,NA,NA,NA,NA,NA,NA,NA,NA,NA,NA,NA,NA,NA,NA,NA,NA,NA,NA,NA,NA,NA,NA,NA,NA,NA,NA,NA,NA,NA,NA,NA,NA,NA,31.72,NA,-19.710052,0.10698862119283487,NA,11.39945,NA,484.28,0
1983-01-01,462584.5310680819,255473.47854909702,96167.3236608673,96270.78581318585,63275.82076641422,57786.52868663452,NA,NA,60.07151771339165,NA,NA,NA,NA,NA,NA,132.6041,NA,71.37885280495678,NA,NA,NA,NA,NA,NA,NA,7.8,5.82,NA,NA,110.2,NA,NA,NA,49.9,61.8,NA,NA,1.2213229166134072,112.0644,NA,NA,NA,NA,NA,NA,NA,NA,NA,NA,NA,NA,NA,NA,NA,NA,NA,NA,NA,NA,NA,NA,NA,NA,NA,NA,NA,NA,NA,NA,NA,NA,NA,NA,NA,NA,NA,NA,NA,NA,NA,NA,NA,NA,NA,NA,NA,NA,NA,NA,NA,NA,NA,NA,NA,NA,NA,NA,NA,NA,NA,NA,31.19,NA,-17.681555,0.09045054548698354,0,11.44186,NA,432.5,0
1983-02-01,NA,NA,NA,NA,NA,NA,NA,NA,59.54284234457192,NA,NA,NA,NA,NA,NA,NA,NA,72.36286968437375,NA,NA,NA,NA,NA,NA,NA,7.8,5.83,NA,NA,NA,NA,NA,NA,NA,NA,NA,NA,1.240138457841428,111.6142,NA,NA,NA,NA,NA,NA,NA,NA,NA,NA,NA,NA,NA,NA,NA,NA,NA,NA,NA,NA,NA,NA,NA,NA,NA,NA,NA,NA,NA,NA,NA,NA,NA,NA,NA,NA,NA,NA,NA,NA,NA,NA,NA,NA,NA,NA,NA,NA,NA,NA,NA,NA,NA,NA,NA,NA,NA,NA,NA,NA,NA,NA,28.95,NA,-12.807882,0.09949228682884388,NA,11.83322,NA,545.62,0
1983-03-01,NA,NA,NA,NA,NA,NA,NA,NA,60.60020369796948,NA,NA,NA,NA,NA,NA,NA,NA,74.86075028381654,NA,NA,NA,NA,NA,NA,NA,7.6,5.45,NA,NA,NA,NA,NA,NA,NA,NA,NA,NA,1.2311397207323749,113.2013,NA,NA,NA,NA,NA,NA,NA,NA,NA,NA,NA,NA,NA,NA,NA,NA,NA,NA,NA,NA,NA,NA,NA,NA,NA,NA,NA,NA,NA,NA,NA,NA,NA,NA,NA,NA,NA,NA,NA,NA,NA,NA,NA,NA,NA,NA,NA,NA,NA,NA,NA,NA,NA,NA,NA,NA,NA,NA,NA,NA,NA,NA,28.82,NA,-9.9195093,0.08509570835523537,NA,12.92054,NA,402.78,0
1983-04-01,467454.5308687704,259054.5137724891,95863.87358620689,99568.86204008575,63504.490059301716,60727.23014647005,NA,NA,61.19497277668,NA,NA,NA,NA,NA,NA,133.0407,NA,69.71359907199493,NA,NA,NA,NA,NA,NA,NA,7.7,5.2,NA,NA,111.3,NA,NA,NA,50.8,62,NA,NA,1.2475010609306536,112.5423,NA,NA,NA,NA,NA,NA,NA,NA,NA,NA,NA,NA,NA,NA,NA,NA,NA,NA,NA,NA,NA,NA,NA,NA,NA,NA,NA,NA,NA,NA,NA,NA,NA,NA,NA,NA,NA,NA,NA,NA,NA,NA,NA,NA,NA,NA,NA,NA,NA,NA,NA,NA,NA,NA,NA,NA,NA,NA,NA,NA,NA,NA,30.61,NA,-7.2322072,0.07909217641003337,0,13.98472,NA,267.2,0
1983-05-01,NA,NA,NA,NA,NA,NA,NA,NA,60.798463596125686,NA,NA,NA,NA,NA,NA,NA,NA,73.27119155732271,NA,NA,NA,NA,NA,NA,NA,7.8,5.33,NA,NA,NA,NA,NA,NA,NA,NA,NA,NA,1.2619194919803869,111.5825,NA,NA,NA,NA,NA,NA,NA,NA,NA,NA,NA,NA,NA,NA,NA,NA,NA,NA,NA,NA,NA,NA,NA,NA,NA,NA,NA,NA,NA,NA,NA,NA,NA,NA,NA,NA,NA,NA,NA,NA,NA,NA,NA,NA,NA,NA,NA,NA,NA,NA,NA,NA,NA,NA,NA,NA,NA,NA,NA,NA,NA,NA,30,NA,-7.4394915,0.045027180458817595,NA,14.08496,NA,189.87,0
1983-06-01,NA,NA,NA,NA,NA,NA,NA,NA,62.84710320878807,NA,NA,NA,NA,NA,NA,NA,NA,76.90446994678486,NA,NA,NA,NA,NA,NA,NA,8.2,5.57,NA,NA,NA,NA,NA,NA,NA,NA,NA,NA,1.3027717132879648,110.5773,NA,NA,NA,NA,NA,NA,NA,NA,NA,NA,NA,NA,NA,NA,NA,NA,NA,NA,NA,NA,NA,NA,NA,NA,NA,NA,NA,NA,NA,NA,NA,NA,NA,NA,NA,NA,NA,NA,NA,NA,NA,NA,NA,NA,NA,NA,NA,NA,NA,NA,NA,NA,NA,NA,NA,NA,NA,NA,NA,NA,NA,NA,31,NA,-22.377964,0.0674855641997973,NA,14.01942,NA,50.83,0.02
1983-07-01,466480.5059086337,255088.9643706742,95549.92350896307,99691.51208571215,63940.02918914605,61174.95536873172,NA,NA,60.00543461925895,NA,NA,NA,NA,NA,NA,131.98,NA,68.95666721198202,NA,NA,NA,NA,NA,NA,NA,8.2,5.57,NA,NA,111.7,NA,NA,NA,51.3,61.9,NA,NA,1.3230700009714544,109.8807,NA,NA,NA,NA,NA,NA,NA,NA,NA,NA,NA,NA,NA,NA,NA,NA,NA,NA,NA,NA,NA,NA,NA,NA,NA,NA,NA,NA,NA,NA,NA,NA,NA,NA,NA,NA,NA,NA,NA,NA,NA,NA,NA,NA,NA,NA,NA,NA,NA,NA,NA,NA,NA,NA,NA,NA,NA,NA,NA,NA,NA,NA,31.66,NA,-33.634472,0.02162235259659778,0.0474586,14.63633,NA,8.19,15.21
1983-08-01,NA,NA,NA,NA,NA,NA,NA,NA,60.60020369796948,NA,NA,NA,NA,NA,NA,NA,NA,70.54623504080949,NA,NA,NA,NA,NA,NA,NA,8.4,5.71,NA,NA,NA,NA,NA,NA,NA,NA,NA,NA,1.3672967486949277,108.8662,NA,NA,NA,NA,NA,NA,NA,NA,NA,NA,NA,NA,NA,NA,NA,NA,NA,NA,NA,NA,NA,NA,NA,NA,NA,NA,NA,NA,NA,NA,NA,NA,NA,NA,NA,NA,NA,NA,NA,NA,NA,NA,NA,NA,NA,NA,NA,NA,NA,NA,NA,NA,NA,NA,NA,NA,NA,NA,NA,NA,NA,NA,31.91,NA,-34.679771,0.048197410449630905,NA,14.32402,NA,17.11,3.31
1983-09-01,NA,NA,NA,NA,NA,NA,NA,NA,62.18625103594484,NA,NA,NA,NA,NA,NA,NA,NA,73.11980154438668,NA,NA,NA,NA,NA,NA,NA,8.5,5.88,NA,NA,NA,NA,NA,NA,NA,NA,NA,NA,1.3639733514671522,108.8832,NA,NA,NA,NA,NA,NA,NA,NA,NA,NA,NA,NA,NA,NA,NA,NA,NA,NA,NA,NA,NA,NA,NA,NA,NA,NA,NA,NA,NA,NA,NA,NA,NA,NA,NA,NA,NA,NA,NA,NA,NA,NA,NA,NA,NA,NA,NA,NA,NA,NA,NA,NA,NA,NA,NA,NA,NA,NA,NA,NA,NA,NA,31.11,NA,-31.663925,0.020022280165387082,NA,14.1081,NA,97.91,0
1983-10-01,472933.20564454794,258814.77164551357,96418.47372265988,101763.03785632948,65192.27293573269,61938.10574757807,NA,NA,61.98799113778863,NA,NA,NA,NA,NA,NA,130.2099,NA,72.58995470377779,NA,NA,NA,NA,NA,NA,NA,8.3,6.18,NA,NA,112.8,NA,NA,NA,52.2,62,NA,NA,1.3298190538032448,109.5238,NA,NA,NA,NA,NA,NA,NA,NA,NA,NA,NA,NA,NA,NA,NA,NA,NA,NA,NA,NA,NA,NA,NA,NA,NA,NA,NA,NA,NA,NA,NA,NA,NA,NA,NA,NA,NA,NA,NA,NA,NA,NA,NA,NA,NA,NA,NA,NA,NA,NA,NA,NA,NA,NA,NA,NA,NA,NA,NA,NA,NA,NA,30.41,NA,-28.696908,0.02049796640695114,0,14.91009,NA,258.11,0
1983-11-01,NA,NA,NA,NA,NA,NA,NA,NA,62.78102011465537,NA,NA,NA,NA,NA,NA,NA,NA,72.13579376730333,NA,NA,NA,NA,NA,NA,NA,8.3,6.3,NA,NA,NA,NA,NA,NA,NA,NA,NA,NA,1.3722562799425309,108.1205,NA,NA,NA,NA,NA,NA,NA,NA,NA,NA,NA,NA,NA,NA,NA,NA,NA,NA,NA,NA,NA,NA,NA,NA,NA,NA,NA,NA,NA,NA,NA,NA,NA,NA,NA,NA,NA,NA,NA,NA,NA,NA,NA,NA,NA,NA,NA,NA,NA,NA,NA,NA,NA,NA,NA,NA,NA,NA,NA,NA,NA,NA,29.84,NA,-21.321197,0.014398795796125363,NA,15.36506,NA,425.12,0
1983-12-01,NA,NA,NA,NA,NA,NA,NA,NA,64.03664136620912,NA,NA,NA,NA,NA,NA,NA,NA,71.90870874789927,NA,NA,NA,NA,NA,NA,NA,8.4,6.48,NA,NA,NA,NA,NA,NA,NA,NA,NA,NA,1.4049789603390888,107.505,NA,NA,NA,NA,NA,NA,NA,NA,NA,NA,NA,NA,NA,NA,NA,NA,NA,NA,NA,NA,NA,NA,NA,NA,NA,NA,NA,NA,NA,NA,NA,NA,NA,NA,NA,NA,NA,NA,NA,NA,NA,NA,NA,NA,NA,NA,NA,NA,NA,NA,NA,NA,NA,NA,NA,NA,NA,NA,NA,NA,NA,NA,29.24,NA,-31.645389,0.012123610908602108,NA,15.6099,NA,536.58,0
1984-01-01,479188.08038855845,260839.5804823155,96627.74877414962,98209.38653435446,68173.19853799637,62749.50615037692,NA,NA,63.243612389342395,NA,NA,NA,NA,NA,NA,127.8209,NA,73.87673340439957,NA,NA,NA,NA,NA,NA,NA,8.4,6.12,NA,NA,111.3,NA,NA,NA,51.6,61.1,NA,NA,1.4348895353890676,106.6256,NA,NA,NA,NA,NA,NA,NA,NA,NA,NA,NA,NA,NA,NA,NA,NA,NA,NA,NA,NA,NA,NA,NA,NA,NA,NA,NA,NA,NA,NA,NA,NA,NA,NA,NA,NA,NA,NA,NA,NA,NA,NA,NA,NA,NA,NA,NA,NA,NA,NA,NA,NA,NA,NA,NA,NA,NA,NA,NA,NA,NA,NA,29.69,NA,-29.781145,0.03216829149864046,0.0555108,16.04753,NA,519.59,0
1984-02-01,NA,NA,NA,NA,NA,NA,NA,NA,63.838381468052916,NA,NA,NA,NA,NA,NA,NA,NA,73.9524284108676,NA,NA,NA,NA,NA,NA,NA,8.2,5.95,NA,NA,NA,NA,NA,NA,NA,NA,NA,NA,1.3818174381209,108.0974,NA,NA,NA,NA,NA,NA,NA,NA,NA,NA,NA,NA,NA,NA,NA,NA,NA,NA,NA,NA,NA,NA,NA,NA,NA,NA,NA,NA,NA,NA,NA,NA,NA,NA,NA,NA,NA,NA,NA,NA,NA,NA,NA,NA,NA,NA,NA,NA,NA,NA,NA,NA,NA,NA,NA,NA,NA,NA,NA,NA,NA,NA,30.145,NA,-23.152266,0.041765270097537104,NA,15.93378,NA,522.46,0
1984-03-01,NA,NA,NA,NA,NA,NA,NA,NA,62.84710320878807,NA,NA,NA,NA,NA,NA,NA,NA,71.22747189435438,NA,NA,NA,NA,NA,NA,NA,8.1,5.86,NA,NA,NA,NA,NA,NA,NA,NA,NA,NA,1.327467111149742,108.9845,NA,NA,NA,NA,NA,NA,NA,NA,NA,NA,NA,NA,NA,NA,NA,NA,NA,NA,NA,NA,NA,NA,NA,NA,NA,NA,NA,NA,NA,NA,NA,NA,NA,NA,NA,NA,NA,NA,NA,NA,NA,NA,NA,NA,NA,NA,NA,NA,NA,NA,NA,NA,NA,NA,NA,NA,NA,NA,NA,NA,NA,NA,30.761,NA,-18.905335,0.06474075706463923,NA,15.5887,NA,478.51,0
1984-04-01,471639.8806974791,261943.78442929592,97171.89890803152,95974.26070287712,66365.69364957916,63197.20637262617,NA,NA,62.38451093410105,NA,NA,NA,NA,NA,NA,126.7251,NA,73.57396248086114,NA,NA,NA,NA,NA,NA,NA,8.1,5.84,NA,NA,112.2,NA,NA,NA,52.1,61.4,NA,NA,1.3499639539223756,107.9133,NA,NA,NA,NA,NA,NA,NA,NA,NA,NA,NA,NA,NA,NA,NA,NA,NA,NA,NA,NA,NA,NA,NA,NA,NA,NA,NA,NA,NA,NA,NA,NA,NA,NA,NA,NA,NA,NA,NA,NA,NA,NA,NA,NA,NA,NA,NA,NA,NA,NA,NA,NA,NA,NA,NA,NA,NA,NA,NA,NA,NA,NA,30.618,NA,-14.935474,0.02046082270788795,0,15.56942,NA,328.85,0
1984-05-01,NA,NA,NA,NA,NA,NA,NA,NA,62.84710320878807,NA,NA,NA,NA,NA,NA,NA,NA,72.58995470377779,NA,NA,NA,NA,NA,NA,NA,8.2,6.1,NA,NA,NA,NA,NA,NA,NA,NA,NA,NA,1.4057458981608832,106.5111,NA,NA,NA,NA,NA,NA,NA,NA,NA,NA,NA,NA,NA,NA,NA,NA,NA,NA,NA,NA,NA,NA,NA,NA,NA,NA,NA,NA,NA,NA,NA,NA,NA,NA,NA,NA,NA,NA,NA,NA,NA,NA,NA,NA,NA,NA,NA,NA,NA,NA,NA,NA,NA,NA,NA,NA,NA,NA,NA,NA,NA,NA,30.52,NA,-15.571924,0.018288425020446013,NA,15.66003,NA,205.86,0
1984-06-01,NA,NA,NA,NA,NA,NA,NA,NA,56.899433653199004,NA,NA,NA,NA,NA,NA,NA,NA,71.07608188141835,NA,NA,NA,NA,NA,NA,NA,8.2,6.13,NA,NA,NA,NA,NA,NA,NA,NA,NA,NA,1.4004284625964425,107.0524,NA,NA,NA,NA,NA,NA,NA,NA,NA,NA,NA,NA,NA,NA,NA,NA,NA,NA,NA,NA,NA,NA,NA,NA,NA,NA,NA,NA,NA,NA,NA,NA,NA,NA,NA,NA,NA,NA,NA,NA,NA,NA,NA,NA,NA,NA,NA,NA,NA,NA,NA,NA,NA,NA,NA,NA,NA,NA,NA,NA,NA,NA,29.967,NA,-24.426623,0.02032503177491395,NA,15.51544,NA,111.41,0
1984-07-01,484484.00517181534,263267.19511455257,96857.97383079385,101453.03774100798,71428.8672832396,65222.057377811325,NA,NA,63.90446456218562,NA,NA,NA,NA,NA,NA,125.9502,NA,72.21147967143771,NA,NA,NA,NA,NA,NA,NA,8.2,6.13,NA,NA,112.4,NA,NA,NA,52.4,61.3,NA,NA,1.4572329905973422,105.8286,NA,NA,NA,NA,NA,NA,NA,NA,NA,NA,NA,NA,NA,NA,NA,NA,NA,NA,NA,NA,NA,NA,NA,NA,NA,NA,NA,NA,NA,NA,NA,NA,NA,NA,NA,NA,NA,NA,NA,NA,NA,NA,NA,NA,NA,NA,NA,NA,NA,NA,NA,NA,NA,NA,NA,NA,NA,NA,NA,NA,NA,NA,28.752,NA,-29.317473,0.02217836988135603,0,14.92358,NA,74.47,6.96
1984-08-01,NA,NA,NA,NA,NA,NA,NA,NA,63.243612389342395,NA,NA,NA,NA,NA,NA,NA,NA,72.96841153145064,NA,NA,NA,NA,NA,NA,NA,8.1,6.02,NA,NA,NA,NA,NA,NA,NA,NA,NA,NA,1.476201919389722,104.794,NA,NA,NA,NA,NA,NA,NA,NA,NA,NA,NA,NA,NA,NA,NA,NA,NA,NA,NA,NA,NA,NA,NA,NA,NA,NA,NA,NA,NA,NA,NA,NA,NA,NA,NA,NA,NA,NA,NA,NA,NA,NA,NA,NA,NA,NA,NA,NA,NA,NA,NA,NA,NA,NA,NA,NA,NA,NA,NA,NA,NA,NA,29.25,NA,-28.47042,0.04594113349497021,NA,15.26867,NA,11.29,0.03
1984-09-01,NA,NA,NA,NA,NA,NA,NA,NA,64.56531673502884,NA,NA,NA,NA,NA,NA,NA,NA,74.86075028381654,NA,NA,NA,NA,NA,NA,NA,7.8,5.82,NA,NA,NA,NA,NA,NA,NA,NA,NA,NA,1.5458910027967665,103.172,NA,NA,NA,NA,NA,NA,NA,NA,NA,NA,NA,NA,NA,NA,NA,NA,NA,NA,NA,NA,NA,NA,NA,NA,NA,NA,NA,NA,NA,NA,NA,NA,NA,NA,NA,NA,NA,NA,NA,NA,NA,NA,NA,NA,NA,NA,NA,NA,NA,NA,NA,NA,NA,NA,NA,NA,NA,NA,NA,NA,NA,NA,29.311,NA,-25.328418,0.03423427985378304,NA,16.06488,NA,150.8,0
1984-10-01,488562.45500489906,263213.125094664,98009.04911400272,103074.86334433475,74738.98466955738,64703.13212020423,NA,NA,64.30097374273994,NA,NA,NA,NA,NA,NA,124.5522,NA,72.43856469084176,NA,NA,NA,NA,NA,NA,NA,7.6,6.07,NA,NA,113.6,NA,NA,NA,53.1,61.7,NA,NA,1.5688480082624767,103.0875,NA,NA,NA,NA,NA,NA,NA,NA,NA,NA,NA,NA,NA,NA,NA,NA,NA,NA,NA,NA,NA,NA,NA,NA,NA,NA,NA,NA,NA,NA,NA,NA,NA,NA,NA,NA,NA,NA,NA,NA,NA,NA,NA,NA,NA,NA,NA,NA,NA,NA,NA,NA,NA,NA,NA,NA,NA,NA,NA,NA,NA,NA,28.765,NA,-24.058361,0.06806714820687719,0.0360477,16.63745,NA,222.01,0
1984-11-01,NA,NA,NA,NA,NA,NA,NA,NA,64.82965972731776,NA,NA,NA,NA,NA,NA,NA,NA,71.3031669008224,NA,NA,NA,NA,NA,NA,NA,7.4,5.96,NA,NA,NA,NA,NA,NA,NA,NA,NA,NA,1.5296319209747269,103.6941,NA,NA,NA,NA,NA,NA,NA,NA,NA,NA,NA,NA,NA,NA,NA,NA,NA,NA,NA,NA,NA,NA,NA,NA,NA,NA,NA,NA,NA,NA,NA,NA,NA,NA,NA,NA,NA,NA,NA,NA,NA,NA,NA,NA,NA,NA,NA,NA,NA,NA,NA,NA,NA,NA,NA,NA,NA,NA,NA,NA,NA,NA,28.098,NA,-16.514834,0.043508875199030454,NA,16.72035,NA,380.45,0
1984-12-01,NA,NA,NA,NA,NA,NA,NA,NA,65.22617952363018,NA,NA,NA,NA,NA,NA,NA,NA,72.96841153145064,NA,NA,NA,NA,NA,NA,NA,7.2,5.83,NA,NA,NA,NA,NA,NA,NA,NA,NA,NA,1.5861808030350286,102.6996,NA,NA,NA,NA,NA,NA,NA,NA,NA,NA,NA,NA,NA,NA,NA,NA,NA,NA,NA,NA,NA,NA,NA,NA,NA,NA,NA,NA,NA,NA,NA,NA,NA,NA,NA,NA,NA,NA,NA,NA,NA,NA,NA,NA,NA,NA,NA,NA,NA,NA,NA,NA,NA,NA,NA,NA,NA,NA,NA,NA,NA,NA,25.429,NA,-19.674552,0.01404532394483177,NA,16.85723,NA,518.62,0
1985-01-01,485899.4301138871,264256.5520955179,97362.87395501875,96618.06094237384,75743.65959494964,67569.90854334159,NA,NA,65.22617952363018,-4.7,NA,NA,NA,NA,90.5,122.8752,-60.8,73.42258157025874,-20.5,NA,NA,NA,NA,NA,NA,7.3,5.87,NA,NA,113.5,NA,NA,NA,53.4,61.3,NA,NA,1.620079454758338,102.7104,-8,-6.3,-2.2,-18.2,-15.2,9.2,35.7,22.2,-15.9,-8.2,7.1,9.7,NA,NA,5.3,-14.2,-11.5,5.8,5.8,16.5,-10.3,74.8,16.9,1.5,5.4,0.2,0.2,20.2,-5.1,82.5,NA,NA,NA,NA,NA,NA,NA,NA,NA,NA,NA,NA,NA,NA,-20.1,25,NA,-16.4,NA,NA,-24.2,NA,NA,NA,NA,NA,NA,-73.1,-48.5,-20.7,97.8,NA,25.641,0.26761049032211304,-23.231647,0.023901121229518627,0,17.62066,NA,733.04,0
1985-02-01,NA,NA,NA,NA,NA,NA,NA,NA,65.29226261776289,-5.3,NA,NA,NA,NA,89.1,NA,-66.6,71.90870874789927,-16.6,NA,NA,NA,NA,NA,NA,7.6,6.16,NA,NA,NA,NA,NA,NA,NA,NA,NA,NA,1.6869564328188031,101.6161,-8.3,-5.5,-2,-22.8,-17.6,10.8,36.6,22.2,-19.1,-8.1,3.3,9.3,NA,NA,-3.2,-14.6,-6.9,6.8,5.4,17.9,-10.3,NA,NA,NA,NA,NA,NA,NA,NA,NA,NA,NA,NA,NA,NA,NA,NA,NA,NA,NA,NA,NA,NA,NA,-14.1,21.9,-20,-13.9,NA,NA,-31,NA,NA,NA,NA,NA,NA,-75.8,-57.4,-22.3,97.3,NA,27.271,0.49912190437316895,-27.563124,0.04284765778703023,NA,18.00431,NA,580.19,0
1985-03-01,NA,NA,NA,NA,NA,NA,NA,NA,65.8870316964734,-5.3,NA,NA,NA,NA,93.6,NA,-61.6,72.58995470377779,-24.5,NA,NA,NA,NA,NA,NA,7.7,6.39,NA,NA,NA,NA,NA,NA,NA,NA,NA,NA,1.687927887393076,101.5924,-8.6,-6.8,-1.2,-23.5,-17.3,12.3,38.7,22.1,-17.1,-9.2,3.5,9.1,NA,NA,2.5,-13.6,-7.8,6.8,4.5,21.2,-5.3,NA,NA,NA,NA,NA,NA,NA,NA,NA,NA,NA,NA,NA,NA,NA,NA,NA,NA,NA,NA,NA,NA,NA,-31.1,26.2,-14.7,-16.1,NA,NA,-31.9,NA,NA,NA,NA,NA,NA,-72.4,-50.8,-24.1,96.8,NA,28.238,0.3254413902759552,-25.834789,0.1449088819793706,NA,18.6058,NA,457.4,0
1985-04-01,490769.3549145786,266125.6382994878,97498.92398849229,100965.81255975792,75417.01774725442,66074.23280085187,NA,NA,65.16009642949747,-4.6,NA,NA,NA,NA,98.5,121.7517,-57.6,72.43856469084176,-18.9,NA,NA,NA,NA,NA,NA,7.4,6.02,NA,NA,113.4,NA,NA,NA,53.7,60.8,NA,NA,1.5759549654111042,102.525,-8.5,-5.3,-1.4,-24.7,-17.8,12.5,40.6,23.1,-22,-9.5,0.5,7.5,NA,NA,0.1,-13.7,-12.7,6.8,6.5,17.6,-5.3,75.9,14.9,2.1,6.5,0.2,0.2,16.2,3.5,83.4,NA,NA,NA,NA,NA,NA,NA,NA,NA,NA,NA,NA,NA,NA,-24.1,23.7,-17,-9,-4.1,NA,-27.8,NA,NA,NA,NA,NA,NA,-71.8,-43.5,-27.3,97.9,NA,28.805,0.3433208465576172,-20.853376,0.10477032624724508,0,18.72726,NA,294.05,0
1985-05-01,NA,NA,NA,NA,NA,NA,NA,NA,65.95311479060611,-2.9,NA,NA,NA,NA,98.5,NA,-58.3,73.57396248086114,-14.7,NA,NA,NA,NA,NA,NA,7.2,5.84,NA,NA,NA,NA,NA,NA,NA,NA,NA,NA,1.5913448510351105,101.7887,-8.2,-5.4,0.1,-24,-16.6,13.2,38.5,25,-17.4,-10.7,4.8,9.1,NA,NA,4.8,-11.7,-6.8,4.8,7.8,18,-5.3,NA,NA,NA,NA,NA,NA,NA,NA,NA,NA,NA,NA,NA,NA,NA,NA,NA,NA,NA,NA,NA,NA,NA,-18.1,22.8,-16.8,-3.2,-4.1,NA,-24,NA,NA,NA,NA,NA,NA,-73.1,-43.5,-23,99.4,NA,27.623,0.5270377397537231,-24.877596,0.07188930441241084,NA,19.4772,NA,129.5,0
1985-06-01,NA,NA,NA,NA,NA,NA,NA,NA,66.74613315171474,-4.9,NA,NA,NA,NA,99.9,NA,-53.3,72.81703062084823,-13.7,NA,NA,NA,NA,NA,NA,7.1,5.68,NA,NA,NA,NA,NA,NA,NA,NA,NA,NA,1.5673141326188882,101.8933,-8.9,-6.5,-0.7,-29.3,-18.7,14.7,39.4,26.6,-17,-9.9,3.1,8.6,NA,NA,1,-11.4,-11,7.8,4.4,14.9,-4.3,NA,NA,NA,NA,NA,NA,NA,NA,NA,NA,NA,NA,NA,NA,NA,NA,NA,NA,NA,NA,NA,NA,NA,-12.1,22.9,-8.7,-6.3,-4,NA,-21.1,NA,NA,NA,NA,NA,NA,-72,-34.6,-15.7,97.8,NA,27.143,0.40778639912605286,-34.383721,0.03722696956510103,NA,21.0966,NA,118.01,0
1985-07-01,497161.17965298425,268790.7512870136,98189.57415841885,101797.18786903344,76636.58730932111,67356.2584372805,NA,NA,67.40698532455798,-5.5,NA,NA,NA,NA,100.4,122.3859,-50.9,74.40658934734206,-22.8,NA,NA,NA,NA,NA,NA,6.9,5.34,NA,NA,112.5,NA,NA,NA,53.5,60,NA,NA,1.4901090585582593,103.0238,-7.7,-4.7,-0.6,-24,-16.8,9.6,35,26.6,-19.5,-8.5,0.6,8.3,NA,NA,8,-11.4,-7.2,6.8,1.6,11.5,-4.3,79.7,11,2.4,5.9,0.2,0.2,15.2,-1.8,84.1,NA,NA,NA,NA,NA,NA,NA,NA,NA,NA,NA,NA,NA,NA,-33.1,24.2,-22,-11.2,-4.1,NA,-23.8,NA,NA,NA,NA,NA,NA,-72.5,-29.3,-7.8,97.7,NA,27.329,0.47651463747024536,-50.130129,0.05244790528508368,0.0716127,21.52459,NA,21.47,0.57
1985-08-01,NA,NA,NA,NA,NA,NA,NA,NA,65.68877179831719,-3.9,NA,NA,NA,NA,100.4,NA,-48.6,74.25520843673966,-15.9,NA,NA,NA,NA,NA,NA,6.7,4.79,NA,NA,NA,NA,NA,NA,NA,NA,NA,NA,1.4265043485374496,104.4571,-7.3,-5.2,0.3,-22.9,-17.2,10.2,36.1,24.8,-17.1,-7.3,7.7,10.1,NA,NA,-0.2,-10.8,-8.7,4.8,3.8,12.2,-4.3,NA,NA,NA,NA,NA,NA,NA,NA,NA,NA,NA,NA,NA,NA,NA,NA,NA,NA,NA,NA,NA,NA,NA,-15.1,25.1,-17.3,-7.7,-4.1,NA,-17.3,NA,NA,NA,NA,NA,NA,-68,-29.2,-1.1,99.6,NA,27.755,0.16777116060256958,-57.590999,0.03511458178842417,NA,21.71159,NA,31.63,1.47
1985-09-01,NA,NA,NA,NA,NA,NA,NA,NA,66.48180077518393,-3.5,NA,NA,NA,NA,101,NA,-44.5,74.0281234173356,-15.1,NA,NA,NA,NA,NA,NA,6.5,4.71,NA,NA,NA,NA,NA,NA,NA,NA,NA,NA,1.4519666842210213,103.7155,-6.4,-3.7,-0.5,-21.3,-15.1,7.3,32.3,22.4,-15.7,-6.4,5.8,9.9,NA,NA,3.3,-10.3,-6.4,3.8,3.7,10.6,-4.3,NA,NA,NA,NA,NA,NA,NA,NA,NA,NA,NA,NA,NA,NA,NA,NA,NA,NA,NA,NA,NA,NA,NA,-15.1,23.6,-11.1,-6.6,-3.9,NA,-17.9,NA,NA,NA,NA,NA,NA,-64.4,-24.7,2.9,100.6,NA,28.289,0.28580501675605774,-50.042868,0.051864195726113727,NA,23.24809,NA,105.59,0
1985-10-01,500144.02953090693,271260.1927501523,98754.67429745525,104727.51395912857,75449.69193177437,66481.20800288423,NA,NA,67.27481913629256,-1.8,NA,NA,NA,NA,101.3,122.1211,-39.7,74.70936937321414,-19,NA,NA,NA,NA,NA,NA,6.7,4.84,NA,NA,113.9,NA,NA,NA,54.6,60.3,NA,NA,1.35206025063528,105.2333,-5.6,-1.2,2.1,-18.3,-14.3,10,35.3,21,-13.5,-8.9,6,10.5,NA,NA,8.1,-7.6,-6.4,4.8,6.9,14.8,-4.3,79.2,11.2,4.6,6.5,0.2,0.2,13.2,4.2,84.3,NA,NA,NA,NA,NA,NA,NA,NA,NA,NA,NA,NA,NA,NA,-26.1,19.2,-20.1,-11.7,-4.5,NA,-15.9,NA,NA,NA,NA,NA,NA,-60.2,-19.3,2.6,101.8,NA,29.538,0.35820895433425903,-36.97402,0.10204297710806276,0,25.12776,NA,263.29,0.01
1985-11-01,NA,NA,NA,NA,NA,NA,NA,NA,68.53044038784633,-1.8,NA,NA,NA,NA,101.1,NA,-38.1,73.9524284108676,-9.2,NA,NA,NA,NA,NA,NA,6.8,4.88,NA,NA,NA,NA,NA,NA,NA,NA,NA,NA,1.325728718753675,105.3725,-6.3,-4.3,0.4,-18.1,-12.8,7.6,35.4,19.8,-16.1,-8.5,4.7,8.1,NA,NA,0.3,-6.2,-8.2,4.8,5.6,14.5,-4.3,NA,NA,NA,NA,NA,NA,NA,NA,NA,NA,NA,NA,NA,NA,NA,NA,NA,NA,NA,NA,NA,NA,NA,-14.1,16.3,-15.3,2.8,-4.5,NA,-17.5,NA,NA,NA,NA,NA,NA,-55.2,-21.1,8.3,101.9,NA,30.813,0.28917545080184937,-36.155186,0.02812400525048287,NA,26.78765,NA,511.06,0
1985-12-01,NA,NA,NA,NA,NA,NA,NA,NA,65.95311479060611,-2.2,NA,NA,NA,NA,102.6,NA,-41.7,72.66564971024582,-5.2,NA,NA,NA,NA,NA,NA,6.6,4.86,NA,NA,NA,NA,NA,NA,NA,NA,NA,NA,1.2856434352678914,106.8828,-5.8,-4.1,1.4,-16.5,-13,7.7,34.7,18.9,-16.7,-7.4,4.9,8.8,NA,NA,4.2,-9.3,-10.5,6.8,9.4,13.8,-1.3,NA,NA,NA,NA,NA,NA,NA,NA,NA,NA,NA,NA,NA,NA,NA,NA,NA,NA,NA,NA,NA,NA,NA,-1.1,20,-10.6,5.4,-4.4,NA,-45.8,NA,NA,NA,NA,NA,NA,-63,-20.5,4.3,102.1,NA,27.228,0.30732861161231995,-36.005855,0.02656826015796645,NA,27.65904,NA,437.58,0
1986-01-01,497282.9546480004,273550.93730949145,98090.1741339626,102093.5879792957,75757.33425365845,67872.70869365893,NA,NA,67.27481913629256,-2.3,NA,NA,NA,NA,104.5,121.7679,-41.8,73.9524284108676,-8.1,NA,NA,NA,NA,NA,NA,6.5,4.72,NA,NA,112.5,NA,NA,NA,54,59.5,NA,NA,1.2494950992673188,108.1507,-3.7,0.7,2.7,-12.5,-11.7,3.2,31.8,18,-14.9,-6.4,7.3,10.7,NA,NA,0.9,-8.2,-14.4,6.8,7.9,8.8,-1.3,79.5,11.2,4.5,6.2,0.2,0.2,10.2,2.3,84.8,NA,NA,NA,NA,NA,NA,NA,NA,NA,NA,NA,NA,NA,NA,-4.1,19,-10.5,-1.3,0.1,NA,-22.7,NA,NA,NA,NA,NA,NA,-63,-20.5,1.3,102.7,NA,22.945,0.5137128233909607,-37.761065,0.030220548932912983,0.0612332,30.7764,NA,555.26,0
1986-02-01,NA,NA,NA,NA,NA,NA,NA,NA,67.53916212858148,-3.8,NA,NA,NA,NA,105,NA,-39.5,73.87673340439957,-8.3,NA,NA,NA,NA,NA,NA,6.4,4.54,NA,NA,NA,NA,NA,NA,NA,NA,NA,NA,1.1934063799000936,109.071,-2.5,1.5,3,-9.6,-10.5,1.4,29,16,-10.4,-4,9.3,12.2,NA,NA,0.4,-9.6,-15.8,5.8,3.8,4,-1.3,NA,NA,NA,NA,NA,NA,NA,NA,NA,NA,NA,NA,NA,NA,NA,NA,NA,NA,NA,NA,NA,NA,NA,-1.1,23.9,-11,0.2,0.3,NA,-15.7,NA,NA,NA,NA,NA,NA,-62.6,-16.4,-0.2,102.7,NA,15.442,0.24381433427333832,-51.715379,0.1139055425090599,NA,29.54064,NA,681.05,0
1986-03-01,NA,NA,NA,NA,NA,NA,NA,NA,67.6713283168469,-5.5,NA,NA,NA,NA,105,NA,-39.4,72.66564971024582,-14.5,NA,NA,NA,NA,NA,NA,6.1,4.56,NA,NA,NA,NA,NA,NA,NA,NA,NA,NA,1.1574625606519993,109.5058,-2.5,0.4,3.1,-6.1,-9.5,-2.4,24.9,13.5,-6.9,-4,7.1,12.7,NA,NA,-4.5,-13.6,-12.7,6.8,3.9,1.4,-0.3,NA,NA,NA,NA,NA,NA,NA,NA,NA,NA,NA,NA,NA,NA,NA,NA,NA,NA,NA,NA,NA,NA,NA,-15.1,27.2,-13.7,-1.1,0.1,NA,-35.3,NA,NA,NA,NA,NA,NA,-59.2,-19.6,-1.9,101.4,NA,12.618,0.26980623602867126,-55.359048,0.17573542490684535,NA,30.62988,NA,451.92,0
1986-04-01,503005.1044138135,277656.74683055724,99450.52446866121,103224.78840010757,74548.61442080497,69297.10940076598,NA,NA,68.0017544032685,-4.9,NA,NA,NA,NA,105.4,122.8449,-38,77.88848682620181,-14,NA,NA,NA,NA,NA,NA,5.7,4.53,NA,NA,112.4,NA,NA,NA,54.1,59.2,NA,NA,1.1629845129689185,108.9225,-1.7,1.6,4.8,-6.3,-8.4,-6.8,20.7,10.8,-7.8,-4.7,8.7,12.9,NA,NA,12.5,-12.6,-18.7,4.8,2.7,4.7,-0.3,79.7,12,3.1,5.9,0.2,0.2,10.2,-6.5,84.7,NA,NA,NA,NA,NA,NA,NA,NA,NA,NA,NA,NA,NA,NA,-12.1,25.7,-12,-4.1,-0.1,NA,-13.9,NA,NA,NA,NA,NA,NA,-60.7,-15.2,-1.7,102.5,NA,12.847,1.477301001548767,-61.523793,0.1652499470054676,0.0402885,32.73511,NA,338.93,0
1986-05-01,NA,NA,NA,NA,NA,NA,NA,NA,67.34090223042527,-5.9,NA,NA,NA,NA,105.6,NA,-34.6,76.5260040167784,-10,NA,NA,NA,NA,NA,NA,6.1,4.62,NA,NA,NA,NA,NA,NA,NA,NA,NA,NA,1.1392605696814142,109.3581,-2,1.1,3.7,-5.9,-8.5,-16.1,16.7,8.9,-10.2,-4.3,8,12.2,NA,NA,-1.8,-13.6,-18.7,7.8,3.8,4,-0.3,NA,NA,NA,NA,NA,NA,NA,NA,NA,NA,NA,NA,NA,NA,NA,NA,NA,NA,NA,NA,NA,NA,NA,-3.1,25.8,-11.8,-1.1,-0.1,NA,-9.1,NA,NA,NA,NA,NA,NA,-56.1,-13.1,8.6,101.8,NA,15.444,0.6290335655212402,-66.362009,0.10764908425519003,NA,30.36576,NA,97.06,0
1986-06-01,NA,NA,NA,NA,NA,NA,NA,NA,67.6713283168469,-5,NA,NA,NA,NA,104.5,NA,-31,76.5260040167784,-7.5,NA,NA,NA,NA,NA,NA,6.2,4.65,NA,NA,NA,NA,NA,NA,NA,NA,NA,NA,1.143504292295343,109.1454,-0.6,3.4,4.6,-4.1,-7.4,-18.3,14.9,9.1,-3.9,-3,13.7,15.4,NA,NA,6.4,-12.5,-18.1,4.8,2.3,4.7,-3.3,NA,NA,NA,NA,NA,NA,NA,NA,NA,NA,NA,NA,NA,NA,NA,NA,NA,NA,NA,NA,NA,NA,NA,-0.1,22.9,-10.6,0.6,0,NA,-10.9,NA,NA,NA,NA,NA,NA,-51,-10.9,7.3,103.6,NA,13.469,0.45000818371772766,-69.324214,0.167780401435891,NA,29.63125,NA,82.61,0.86
1986-07-01,506718.50426183746,279257.94620617526,100078.34962313039,104137.9387398038,74668.38643154335,68910.50920884828,NA,NA,68.66260657611173,-4.6,NA,NA,NA,NA,104.6,123.2364,-29.1,75.99614807383591,-7.2,NA,NA,NA,NA,NA,NA,6.1,4.65,NA,NA,111.5,NA,NA,NA,53.7,58.6,NA,NA,1.1009136785916978,110.2868,-0.4,4,5.6,-5.1,-7.7,-16.5,13.4,9.8,-8.9,-3.7,8.7,14.4,NA,NA,1.9,-12.5,-20.3,4.8,3.4,8.3,-3.3,78.6,12.2,3.4,4.9,0.2,0.2,9.2,7.4,84.7,NA,NA,NA,NA,NA,NA,NA,NA,NA,NA,NA,NA,NA,NA,0.9,24.2,-10.1,1.7,-0.1,NA,-9.2,NA,NA,NA,NA,NA,NA,-48.6,-9.6,9.1,104,NA,11.575,0.39474812150001526,-80.951145,0.20420882302782095,0,27.81713,NA,47.87,2.01
1986-08-01,NA,NA,NA,NA,NA,NA,NA,NA,67.47307903444877,-6.4,NA,NA,NA,NA,104.7,NA,-27.7,75.99614807383591,-6.3,NA,NA,NA,NA,NA,NA,5.9,4.61,NA,NA,NA,NA,NA,NA,NA,NA,NA,NA,1.0563801557395072,111.6803,1,5.9,6.9,-2.3,-6.8,-20.8,12.5,10.8,-5.6,-2.2,16.4,16.4,NA,NA,-2.1,-13.9,-22.8,8.8,3.6,5.9,-3.3,NA,NA,NA,NA,NA,NA,NA,NA,NA,NA,NA,NA,NA,NA,NA,NA,NA,NA,NA,NA,NA,NA,NA,-3.1,19.1,-8.3,3.4,-0.1,NA,-13.9,NA,NA,NA,NA,NA,NA,-46.1,-9.2,9.7,103.6,NA,15.092,0.4082992970943451,-78.288837,0.1659853693145655,NA,30.25587,NA,55.6,3.98
1986-09-01,NA,NA,NA,NA,NA,NA,NA,NA,67.07655923813635,-7.3,NA,NA,NA,NA,101.2,NA,-27.9,76.37461400384237,-7.5,NA,NA,NA,NA,NA,NA,6,4.53,NA,NA,NA,NA,NA,NA,NA,NA,NA,NA,1.0430865668284053,112.3104,0.4,6.4,5.9,-2.9,-8.3,-19.6,12,11,-8.5,-2.3,14.9,14.4,NA,NA,4.4,-15.4,-25.4,9.8,3.3,7.3,-11.3,NA,NA,NA,NA,NA,NA,NA,NA,NA,NA,NA,NA,NA,NA,NA,NA,NA,NA,NA,NA,NA,NA,NA,-3.1,20.6,-4.1,1.3,0,NA,-16.2,NA,NA,NA,NA,NA,NA,-46.5,-9.3,9.4,102.7,NA,14.913,0.5908904671669006,-54.250312,0.0907884184532129,NA,30.88629,NA,180.13,0
1986-10-01,511771.02905505575,280639.7681217581,99837.69956392121,107749.5650833458,74004.15300943544,69398.85945127718,NA,NA,67.27481913629256,-9.2,NA,NA,NA,NA,101.1,123.0557,-26,76.22323309323995,-2,NA,NA,NA,NA,NA,NA,6.3,4.64,NA,NA,111.4,NA,NA,NA,53.8,58.4,NA,NA,1.0249868342340591,112.9742,0.4,5.2,6.8,-0.1,-7.7,-21.9,10.4,10.2,-4.9,-2.9,13,15.3,NA,NA,-1.9,-17.6,-25.4,10.8,0.7,4.6,-11.3,79,14.2,2.6,4.6,0.2,0.2,14.2,1.2,84.8,NA,NA,NA,NA,NA,NA,NA,NA,NA,NA,NA,NA,NA,NA,5.9,23.2,-1.2,11.2,-0.5,NA,-14.2,NA,NA,NA,NA,NA,NA,-44.3,-7.7,10.5,101.9,NA,14.852,0.3951968252658844,-48.80396,0.06824342035841352,0,29.9879,NA,238.42,0
1986-11-01,NA,NA,NA,NA,NA,NA,NA,NA,68.0017544032685,-7.9,NA,NA,NA,NA,100.6,NA,-30,76.22323309323995,-9.8,NA,NA,NA,NA,NA,NA,6.4,4.73,NA,NA,NA,NA,NA,NA,NA,NA,NA,NA,1.036081868056017,112.8212,0,4.9,6.7,-1.6,-9.1,-23.3,11.8,10.3,-6.4,-2.5,15.3,14.6,NA,NA,-4.6,-16.2,-24.3,8.8,1.4,3.7,-11.3,NA,NA,NA,NA,NA,NA,NA,NA,NA,NA,NA,NA,NA,NA,NA,NA,NA,NA,NA,NA,NA,NA,NA,-4.1,25.3,-0.3,-0.1,-0.5,NA,-15.9,NA,NA,NA,NA,NA,NA,-47.2,-12.8,7.4,102,NA,15.207,0.389693021774292,-51.125115,0.09657384401069874,NA,30.29443,NA,352.96,0
1986-12-01,NA,NA,NA,NA,NA,NA,NA,NA,67.14265294802716,-8.1,NA,NA,NA,NA,99.6,NA,-30.5,78.26695275620828,-12.5,NA,NA,NA,NA,NA,NA,6.2,4.84,NA,NA,NA,NA,NA,NA,NA,NA,NA,NA,1.018391168966628,113.6198,0.5,6.6,6.4,-0.9,-9.4,-24.4,13.7,11.3,-4.3,-1.7,12.6,14.4,NA,NA,-3.3,-18.3,-25.5,8.8,2.7,5.2,-14.3,NA,NA,NA,NA,NA,NA,NA,NA,NA,NA,NA,NA,NA,NA,NA,NA,NA,NA,NA,NA,NA,NA,NA,-7.1,29,-13.5,-1.5,-0.4,NA,-13.8,NA,NA,NA,NA,NA,NA,-51,-10,2.3,102.1,NA,16.076,0.2250080406665802,-60.11716,0.025651988427299422,NA,30.79375,NA,492.53,0
1987-01-01,498926.5795807328,279279.8717577674,99717.34953431046,99504.11201599843,72686.51089505677,70289.20989326874,NA,NA,66.08528097887152,-11.6,NA,NA,NA,NA,99.8,121.7648,-31.9,74.25520843673966,-2.1,NA,NA,NA,NA,NA,NA,6.1,4.54,NA,NA,110.2,NA,NA,NA,53.3,57.9,NA,NA,0.9500314444506937,116.2404,0.1,4.5,6.6,-2.7,-10.6,-26.3,12.7,12.8,-4.1,-0.2,17.6,15.4,NA,NA,0.7,-20.2,-27.4,12.8,-1.8,8,-14.3,76.3,16.2,3.4,4.3,0.2,0.2,16.2,-0.3,84.2,NA,NA,NA,NA,NA,NA,NA,NA,NA,NA,NA,NA,NA,NA,13.9,25,-8.4,4.7,0.1,NA,-16.2,NA,NA,NA,NA,NA,NA,-52.9,-10.8,-3.8,100.2,NA,18.656,0.34737858176231384,-46.522163,0.1775607606721563,0.1091902,28.85818,NA,739.63,0
1987-02-01,NA,NA,NA,NA,NA,NA,NA,NA,67.40698532455798,-13,NA,NA,NA,NA,99.7,NA,-33.6,76.45030901031038,-8.6,NA,NA,NA,NA,NA,NA,6.1,4.03,NA,NA,NA,NA,NA,NA,NA,NA,NA,NA,0.933874621004893,116.5606,-2.1,2.6,5.2,-6.8,-12.8,-21.5,18.2,15.5,-6.2,-3.5,16.1,13.8,NA,NA,1.9,-23.5,-33.8,11.8,-3.8,9.1,-14.3,NA,NA,NA,NA,NA,NA,NA,NA,NA,NA,NA,NA,NA,NA,NA,NA,NA,NA,NA,NA,NA,NA,NA,-3.1,22.9,-8.1,0.3,0.3,NA,-29.9,NA,NA,NA,NA,NA,NA,-54.5,-12.7,-4.5,98.1,NA,17.726,0.37834492325782776,-41.79557,0.2832825094373511,NA,26.11483,NA,511.58,0
1987-03-01,NA,NA,NA,NA,NA,NA,NA,NA,67.01047614400366,-11.4,NA,NA,NA,NA,99.3,NA,-34.3,76.07185218263756,-4.8,NA,NA,NA,NA,NA,NA,6,4.04,NA,NA,NA,NA,NA,NA,NA,NA,NA,NA,0.9376581809257452,115.3589,-1.9,3.6,4.8,-7,-14,-21.2,13.5,18.1,-9.2,-1.9,12.7,13.6,NA,NA,-2.4,-21.6,-29.6,10.8,-1.8,8.5,-15.3,NA,NA,NA,NA,NA,NA,NA,NA,NA,NA,NA,NA,NA,NA,NA,NA,NA,NA,NA,NA,NA,NA,NA,3.9,22.2,-0.7,3.9,0.1,NA,-33.5,NA,NA,NA,NA,NA,NA,-58.1,-10.6,-1.9,99.5,NA,18.305,0.4642355442047119,-35.088418,0.14677417440083185,NA,25.79673,NA,559.42,0
1987-04-01,510127.45412232133,287625.92199052864,99706.89953173936,107313.4399211052,75289.07094054203,71825.63565598776,NA,NA,67.9356713091358,-10.5,NA,NA,NA,NA,98.5,121.3406,-30.4,80.38636742564461,-4,NA,NA,NA,NA,NA,NA,5.8,3.91,NA,NA,110.1,NA,NA,NA,53.2,57.8,NA,NA,0.9259495968463516,114.5254,-2.3,4.4,4.2,-8.7,-14.4,-17.8,16.9,21,-3.8,-3.3,16.4,13.9,NA,NA,-1.1,-21.6,-29.7,8.8,-1.1,11.8,-15.3,75.5,18.4,2,3.7,0.2,0.2,16.2,2.6,84.1,NA,NA,NA,NA,NA,NA,NA,NA,NA,NA,NA,NA,NA,NA,0.9,20.7,-6,7.8,-2.1,NA,-37.4,NA,NA,NA,NA,NA,NA,-51.7,-9.1,-0.4,100.3,NA,18.643,0.6373486518859863,-25.193309,0.11855369148475389,0,27.00743,NA,255.63,0
1987-05-01,NA,NA,NA,NA,NA,NA,NA,NA,68.92694956840064,-10.9,NA,NA,NA,NA,99,NA,-26.6,78.11556274327225,-4.4,NA,NA,NA,NA,NA,NA,5.7,3.81,NA,NA,NA,NA,NA,NA,NA,NA,NA,NA,0.9133206873808052,114.6623,-2.2,4.4,5.5,-10.6,-16,-14,20,24,-8.7,-2.8,12.9,14.4,NA,NA,-1.8,-21.6,-32.7,8.8,-2.3,14,-15.3,NA,NA,NA,NA,NA,NA,NA,NA,NA,NA,NA,NA,NA,NA,NA,NA,NA,NA,NA,NA,NA,NA,NA,9.9,23.9,-4.8,0.9,-2.1,NA,6.8,NA,NA,NA,NA,NA,NA,-48.1,-5.1,-3.9,100.3,NA,19.415,0.4309106469154358,-19.446763,0.0656181867012936,NA,26.43871,NA,244.08,0
1987-06-01,NA,NA,NA,NA,NA,NA,NA,NA,67.6713283168469,-11.1,NA,NA,NA,NA,98.4,NA,-28.5,78.26695275620828,-14.2,NA,NA,NA,NA,NA,NA,6,3.73,NA,NA,NA,NA,NA,NA,NA,NA,NA,NA,0.929682027579084,114.3613,-3.3,3.7,5,-13.8,-16,-10.4,24.7,26.2,-7.5,-5.8,11.4,13.3,NA,NA,-3.9,-22.5,-27.1,9.8,-0.9,14.5,-15.3,NA,NA,NA,NA,NA,NA,NA,NA,NA,NA,NA,NA,NA,NA,NA,NA,NA,NA,NA,NA,NA,NA,NA,-14.1,29.9,-12.5,1.5,-2,NA,-0.5,NA,NA,NA,NA,NA,NA,-46,-11.1,0.4,98.7,NA,20.034,0.6146208643913269,-30.73634,0.07095039406261228,NA,26.88212,NA,112.88,2.3
1987-07-01,513658.1539778225,288868.4105621226,99842.8995652006,107940.36515432435,75572.18887450409,72029.16075702255,NA,NA,66.87830995573826,-9.7,NA,NA,NA,NA,101,121.4214,-29,80.31068152151022,-12.6,NA,NA,NA,NA,NA,NA,6.3,3.86,NA,NA,111,NA,NA,NA,53.7,58.2,NA,NA,0.9443561045694157,114.0199,-3.5,4.1,4.5,-16.1,-19.1,-7.5,28.4,28.1,-7.1,-3.4,14.2,12.9,NA,NA,6.2,-21.5,-26.3,8.8,1.3,16.1,-15.3,76.4,16.6,1.3,3.9,0.2,0.2,15.2,-1,84.1,NA,NA,NA,NA,NA,NA,NA,NA,NA,NA,NA,NA,NA,NA,-8.1,27.2,-10.2,-2.5,3.9,NA,-10.4,NA,NA,NA,NA,NA,NA,-47.6,-10.4,0.1,99.8,NA,21.355,0.33739790320396423,-33.682092,0.06190438826800437,0.0307626,28.626830000000002,NA,32.57,0.62
1987-08-01,NA,NA,NA,NA,NA,NA,NA,NA,68.33218048969012,-7.8,NA,NA,NA,NA,100.7,NA,-30.1,79.85651148270212,-3.6,NA,NA,NA,NA,NA,NA,6.5,4,NA,NA,NA,NA,NA,NA,NA,NA,NA,NA,0.9500314444506937,113.1736,-5,1.9,3.5,-17.9,-20.1,-7.8,29.9,29,-12.8,-5.4,11.8,13.1,NA,NA,-1.7,-18.9,-25.8,7.8,3.3,16.7,-15.3,NA,NA,NA,NA,NA,NA,NA,NA,NA,NA,NA,NA,NA,NA,NA,NA,NA,NA,NA,NA,NA,NA,NA,9.9,28.1,2.7,7.4,3.9,NA,-11.4,NA,NA,NA,NA,NA,NA,-47.2,-13,-4.3,100.5,NA,20.274,0.4927292466163635,-18.800499,0.016089948941938662,NA,29.97634,NA,57.05,0.1
1987-09-01,NA,NA,NA,NA,NA,NA,NA,NA,67.47307903444877,-7.4,NA,NA,NA,NA,101.5,NA,-30.1,78.26695275620828,-6.5,NA,NA,NA,NA,NA,NA,6.7,4.04,NA,NA,NA,NA,NA,NA,NA,NA,NA,NA,0.926716534668146,113.0258,-2.4,5.9,5.9,-13.8,-18.8,-5.9,29.4,29.8,-5,-2.4,14.8,14.1,NA,NA,-0.8,-19.4,-25.3,7.8,5,20,-14.3,NA,NA,NA,NA,NA,NA,NA,NA,NA,NA,NA,NA,NA,NA,NA,NA,NA,NA,NA,NA,NA,NA,NA,1.9,23.6,-4,2.3,4.1,NA,-18.2,NA,NA,NA,NA,NA,NA,-49.6,-10.6,2.3,102.1,NA,19.526,0.530718207359314,-22.34964,0.015470611286164214,NA,29.18398,NA,83.17,0.13
1987-10-01,521876.15364148945,293549.9426314472,100638.24976088741,109412.26570187829,76476.0163168409,73260.336368208,NA,NA,68.53044038784633,-6.6,NA,NA,NA,NA,98.9,121.7521,-29,80.08358739977254,-8.3,NA,NA,NA,NA,NA,NA,6.9,4.74,NA,NA,111.5,NA,NA,NA,53.9,58.4,NA,NA,0.9213990991037052,113.0078,-3.5,4.6,4.3,-15.6,-20.1,-5.9,28.5,32,-7.6,-2.8,12.9,13.8,NA,NA,3.3,-17.6,-24.4,7.8,5.5,17.5,-14.3,76.7,15.5,1.5,4.6,0.2,0.2,14.2,7.4,84.3,NA,NA,NA,NA,NA,NA,NA,NA,NA,NA,NA,NA,NA,NA,-5.1,27.1,-4.2,7.2,-1.6,NA,-17.6,NA,NA,NA,NA,NA,NA,-45.3,-12.7,-3.3,101.8,NA,19.848,0.3020152747631073,-17.349789,0.15025064089015996,0,26.73367,NA,249.78,0
1987-11-01,NA,NA,NA,NA,NA,NA,NA,NA,68.92694956840064,-7.3,NA,NA,NA,NA,98.7,NA,-31.7,81.97592615213844,-3.1,NA,NA,NA,NA,NA,NA,6.4,3.98,NA,NA,NA,NA,NA,NA,NA,NA,NA,NA,0.8595839106670825,115.1271,-5.6,4.1,2.4,-22.8,-24.6,-5.9,32.1,34.8,-9.4,-4.5,14.7,14.4,NA,NA,3.6,-18.3,-23.3,6.8,3.3,15.9,-14.3,NA,NA,NA,NA,NA,NA,NA,NA,NA,NA,NA,NA,NA,NA,NA,NA,NA,NA,NA,NA,NA,NA,NA,3.9,22.3,3.8,8.9,-1.6,NA,-19.6,NA,NA,NA,NA,NA,NA,-49.1,-14.2,-7.4,100.7,NA,18.92,0.28498148918151855,-12.33946,0.3564803050067509,NA,20.3216,NA,385.13,0
1987-12-01,NA,NA,NA,NA,NA,NA,NA,NA,68.99303266253335,-9.4,NA,NA,NA,NA,98,NA,-33.9,81.90024024800405,-1.1,NA,NA,NA,NA,NA,NA,6.5,3.71,NA,NA,NA,NA,NA,NA,NA,NA,NA,NA,0.8350419003696641,115.2838,-6.1,3.1,2,-25.7,-26,-0.4,38.2,37.9,-9.8,-3.6,10.2,12.5,NA,NA,1.2,-17.3,-24.6,7.8,-3.1,5.6,-15.3,NA,NA,NA,NA,NA,NA,NA,NA,NA,NA,NA,NA,NA,NA,NA,NA,NA,NA,NA,NA,NA,NA,NA,13.9,19,-3.6,1.7,-1.5,NA,-18.7,NA,NA,NA,NA,NA,NA,-51,-16.8,-13.8,99.1,NA,17.241,0.3983610272407532,-5.151453,0.20187846497003717,NA,19.58901,NA,490.92,0
1988-01-01,517142.87883520534,287441.1034922356,100915.52482910774,107824.71511130198,72278.49607826253,71449.18546910875,NA,NA,68.66260657611173,-8.8,NA,NA,NA,NA,98.1,121.1222,-33.6,78.64541868621474,-2.1,NA,NA,NA,NA,NA,NA,6.5,3.46,NA,NA,110.2,NA,NA,NA,53.1,58,NA,NA,0.8449098336767511,115.0071,-6.7,3.6,2.2,-29.1,-27.8,-4.8,35.3,39.1,-10.4,-5,11.1,12.2,NA,NA,4.5,-18.1,-22.4,8.8,0.4,10.3,-15.3,78.9,13.6,1.3,4.2,1.2,0.2,16.2,2.7,84.5,NA,NA,NA,NA,NA,NA,NA,NA,NA,NA,NA,NA,NA,NA,16.9,22,-6.5,-1.2,-1.8,NA,-18.4,NA,NA,NA,NA,NA,NA,-52.9,-14.4,-15.2,99,NA,17.16,0.32274797558784485,2.8625339,0.2013385425578896,0.1815651,18.7581,NA,441.09,0
1988-02-01,NA,NA,NA,NA,NA,NA,NA,NA,69.19129256068955,-6.6,NA,NA,NA,NA,98.1,NA,-36.4,78.19126685207388,-7.5,NA,NA,NA,NA,NA,NA,6.3,3.37,NA,NA,NA,NA,NA,NA,NA,NA,NA,NA,0.8679690975187005,114.3411,-7,1.3,2.3,-27.7,-25.7,-5.8,32.5,38.1,-11.2,-5.8,11.4,14,NA,NA,3.2,-16.5,-22.8,7.8,4.4,13.2,-15.3,NA,NA,NA,NA,NA,NA,NA,NA,NA,NA,NA,NA,NA,NA,NA,NA,NA,NA,NA,NA,NA,NA,NA,-0.1,22.9,-6.1,0.4,-1.6,NA,-17.9,NA,NA,NA,NA,NA,NA,-57.4,-15.4,-13,99.8,NA,16.765,0.30350786447525024,14.109333,0.1645332073265035,NA,19.68733,NA,450.56,0
1988-03-01,NA,NA,NA,NA,NA,NA,NA,NA,68.86086647426795,-4.3,NA,NA,NA,NA,101.8,NA,-31.4,81.67315522860001,-2.8,NA,NA,NA,NA,NA,NA,6.2,3.44,NA,NA,NA,NA,NA,NA,NA,NA,NA,NA,0.8582034225878528,113.7709,-6.2,2.2,3.2,-25.5,-25.6,-5.4,31.4,36.7,-12.9,-4.6,10.4,11.2,NA,NA,7.3,-13.5,-19.5,3.8,4.4,15.6,-8.3,NA,NA,NA,NA,NA,NA,NA,NA,NA,NA,NA,NA,NA,NA,NA,NA,NA,NA,NA,NA,NA,NA,NA,6.9,24.2,-4.6,8.9,-1.9,NA,-24.1,NA,NA,NA,NA,NA,NA,-54,-8.7,-11.2,102.4,NA,16.217,0.3630649149417877,19.201659,0.06495454494781176,NA,21.11202,NA,462.04,0
1988-04-01,526517.8284515224,294037.304475125,100789.9747982176,110195.99099342778,79018.52786101254,74745.88710567141,NA,NA,69.32345874895496,-3.4,NA,NA,NA,NA,103.4,121.9064,-30.2,78.41834276914432,1.3,NA,NA,NA,NA,NA,NA,6.3,3.43,NA,NA,110.6,NA,NA,NA,53.2,58.3,NA,NA,0.8544709918551203,113.2823,-5.3,2.3,3.3,-23.1,-23.6,-2.3,29.8,35.6,-12.4,-3.3,14.6,13.9,NA,NA,0.8,-13.5,-19.6,3.8,7,15.8,-8.3,79.2,12.6,2.9,4.9,3.2,0.2,11.2,12.8,85.3,NA,NA,NA,NA,NA,NA,NA,NA,NA,NA,NA,NA,NA,NA,17.9,18.8,-7,4.8,1.9,NA,-39.3,NA,NA,NA,NA,NA,NA,-51.7,-8.7,-8.2,103.7,NA,17.875,0.2484830915927887,11.658671,0.07493977282159082,0.3924207,20.99828,NA,288.99,0
1988-05-01,NA,NA,NA,NA,NA,NA,NA,NA,69.32345874895496,-2.9,NA,NA,NA,NA,103.5,NA,-27.9,82.80855301861938,-9,NA,NA,NA,NA,NA,NA,6.6,3.58,NA,NA,NA,NA,NA,NA,NA,NA,NA,NA,0.865872800805796,112.5982,-6.1,1.6,2.8,-21.5,-24.3,-1.5,33.4,35.2,-13.9,-4.5,9.6,13.2,NA,NA,11.6,-11.6,-19.7,3.8,6.7,19,-8.3,NA,NA,NA,NA,NA,NA,NA,NA,NA,NA,NA,NA,NA,NA,NA,NA,NA,NA,NA,NA,NA,NA,NA,-1.1,28.9,-7.8,2.9,1.8,NA,-15,NA,NA,NA,NA,NA,NA,-48,-7.9,-2.4,102.8,NA,17.438,0.28746750950813293,5.2079084,0.07133781250402928,NA,20.34088,NA,104.26,0
1988-06-01,NA,NA,NA,NA,NA,NA,NA,NA,70.57908000050872,0.2,NA,NA,NA,NA,102.1,NA,-28.5,81.67315522860001,-5.5,NA,NA,NA,NA,NA,NA,6.6,3.93,NA,NA,NA,NA,NA,NA,NA,NA,NA,NA,0.8976751558162008,111.6104,-5.8,2.2,1.7,-20.6,-22.5,0.2,38.3,35.4,-13.4,-4.5,12,13.8,NA,NA,4.8,-8.5,-17.1,-1.2,7.9,21.4,-11.3,NA,NA,NA,NA,NA,NA,NA,NA,NA,NA,NA,NA,NA,NA,NA,NA,NA,NA,NA,NA,NA,NA,NA,1.9,21.9,-8.5,3.3,1.9,NA,-10.6,NA,NA,NA,NA,NA,NA,-48,-9,-0.4,105.3,NA,16.53,0.24245841801166534,-5.1051492,0.08730395175456737,NA,21.51687,NA,65.32,0
1988-07-01,532483.6532073627,297654.60587784695,101375.97494239622,112103.89170317583,80542.93981484376,76516.33798456617,NA,NA,68.92694956840064,-0.4,NA,NA,NA,NA,101.3,122.6417,-25.8,81.21899429212553,-6.7,NA,NA,NA,NA,NA,NA,6.7,4.93,NA,NA,110.2,NA,NA,NA,52.9,58.3,NA,NA,0.942924487302066,110.3158,-6.6,2.8,1.1,-23.4,-24.2,2.6,41.1,35.3,-11.6,-6,12.1,14.1,NA,NA,3.6,-7.5,-14.3,-0.2,6.2,21,-11.3,79.2,10.8,3.2,6,3.2,0.2,8.2,15.2,86.1,NA,NA,NA,NA,NA,NA,NA,NA,NA,NA,NA,NA,NA,NA,-3.1,23.3,-8.3,6.3,0,NA,-12.3,NA,NA,NA,NA,NA,NA,-43.7,-8,0.3,104.3,NA,15.498,0.25804129242897034,-11.464908,0.0909635922590793,0.2421014,22.35164,NA,16.3,2.76
1988-08-01,NA,NA,NA,NA,NA,NA,NA,NA,71.76861815792977,1.2,NA,NA,NA,NA,101.7,NA,-24.1,81.52176521566398,-7.9,NA,NA,NA,NA,NA,NA,6.8,5.37,NA,NA,NA,NA,NA,NA,NA,NA,NA,NA,0.9650122965697427,109.2076,-4.8,2.7,3,-21.1,-21.1,1.7,39.7,33.5,-11.1,-4,15.4,16.7,NA,NA,11.9,-4,-12.9,-0.2,7.2,21.5,-11.3,NA,NA,NA,NA,NA,NA,NA,NA,NA,NA,NA,NA,NA,NA,NA,NA,NA,NA,NA,NA,NA,NA,NA,2.9,25.1,-7.3,-1.5,-0.1,NA,-17.2,NA,NA,NA,NA,NA,NA,-44.3,-4,2.9,105.9,NA,15.524,0.2286585420370102,-9.3991243,0.04175541628642345,NA,22.28995,NA,29.97,0.67
1988-09-01,NA,NA,NA,NA,NA,NA,NA,NA,70.90950608693032,1.9,NA,NA,NA,NA,104.8,NA,-21.7,82.50578209508093,-5.2,NA,NA,NA,NA,NA,NA,6.6,5.02,NA,NA,NA,NA,NA,NA,NA,NA,NA,NA,0.9544285546289812,109.6852,-4.2,3.4,3.2,-17.3,-21,-0.9,33.4,29.7,-11.1,-2.3,14,16,NA,NA,11.1,-2.4,-11.3,0.8,8.8,19.8,-4.3,NA,NA,NA,NA,NA,NA,NA,NA,NA,NA,NA,NA,NA,NA,NA,NA,NA,NA,NA,NA,NA,NA,NA,-1.1,22.6,-4.9,8.2,0.1,NA,-14.6,NA,NA,NA,NA,NA,NA,-38.6,-4.7,7.5,106.8,NA,14.467,0.23892870545387268,-4.8524822,0.023922692957337916,NA,23.12278,NA,111.28,0
1988-10-01,538753.902950744,298189.16009341663,102673.50026163745,113235.01712395983,83123.52540876587,78490.31396449573,NA,NA,71.17384907921924,2.3,NA,NA,NA,NA,107,122.2853,-21.3,81.29468929859355,0.1,NA,NA,NA,NA,NA,NA,6.4,5.1,NA,NA,111,NA,NA,NA,53.2,58.8,NA,NA,0.931318161598912,109.766,-2.8,4.6,4.5,-14.3,-17.3,0.1,33.5,25.3,-8.8,-3.2,16.6,16,NA,NA,7.6,-1.6,-10.4,1.8,10.4,23.3,-4.3,78.3,8.2,3.4,7.6,4.2,0.2,6.2,14.6,87,NA,NA,NA,NA,NA,NA,NA,NA,NA,NA,NA,NA,NA,NA,10.9,22.1,4.8,11.3,5.4,NA,-16.4,NA,NA,NA,NA,NA,NA,-37.2,-5.4,6,107.7,NA,13.798,0.20327436923980713,-1.9444774,0.005708658889727828,0.1645639,24.17154,NA,243.1,0
1988-11-01,NA,NA,NA,NA,NA,NA,NA,NA,71.50427516564086,2.7,NA,NA,NA,NA,106.9,NA,-22,82.50578209508093,-6.4,NA,NA,NA,NA,NA,NA,6.4,4.95,NA,NA,NA,NA,NA,NA,NA,NA,NA,NA,0.8945051461527843,110.4296,-3.6,2.7,3.5,-12.1,-17.1,0.3,36.2,22.4,-7.7,-3.5,13.8,14.3,NA,NA,10.9,-2.3,-9.4,-0.2,10.1,25,-4.3,NA,NA,NA,NA,NA,NA,NA,NA,NA,NA,NA,NA,NA,NA,NA,NA,NA,NA,NA,NA,NA,NA,NA,-1.1,26.3,-1.1,8,5.3,NA,-13.4,NA,NA,NA,NA,NA,NA,-38,-6,6.8,107.4,NA,13.977,0.23765359818935394,7.8308642,0.0046238849917679846,NA,24.12913,NA,442.94,0
1988-12-01,NA,NA,NA,NA,NA,NA,NA,NA,73.09032250361622,2.3,NA,NA,NA,NA,107.9,NA,-21.5,82.8842480250874,-4.1,NA,NA,NA,NA,NA,NA,6.5,5.39,NA,NA,NA,NA,NA,NA,NA,NA,NA,NA,0.8975728974399616,110.1111,-2.9,5.1,3.2,-10.9,-16.6,5.9,41.4,21,-11.6,-3.4,15,16.9,NA,NA,8.7,-0.3,-5.6,0.8,8.1,24,-2.3,NA,NA,NA,NA,NA,NA,NA,NA,NA,NA,NA,NA,NA,NA,NA,NA,NA,NA,NA,NA,NA,NA,NA,7.9,20.9,-3.6,0.8,5.4,NA,-17.5,NA,NA,NA,NA,NA,NA,-38.1,-5,6.7,107.3,NA,16.266,0.34457436203956604,11.300686,0.0039245555429111645,NA,24.49735,NA,452.14,0
1989-01-01,544384.6527202977,300285.57451361633,98791.24930645412,118761.64417989113,86020.17811430672,79462.16444694588,NA,NA,72.0329505344606,2.5,NA,NA,NA,NA,105.6,121.3797,-23,83.18702805095947,-3.1,NA,NA,NA,NA,NA,NA,6.7,5.7,NA,NA,109.9,NA,NA,NA,52.5,58.3,NA,NA,0.9365333387871134,109.2699,-4.3,0.3,1.5,-13.4,-15.8,10.6,41.7,20.2,-10.6,-3.4,12.1,14.7,NA,NA,7.9,-1.1,-3.4,0.8,9.5,20.5,-2.3,80.5,8.4,4.2,7.4,2.2,0.2,3.2,14.4,87.9,NA,NA,NA,NA,NA,NA,NA,NA,NA,NA,NA,NA,NA,NA,8.9,27,-2.5,8.8,0.2,NA,-11.1,NA,NA,NA,NA,NA,NA,-39.9,-6.1,8,106.7,NA,17.983,0.43756166100502014,17.76623,0.007162773713674464,0.1164687,25.46514,NA,476.01,0
1989-02-01,NA,NA,NA,NA,NA,NA,NA,NA,71.76861815792977,3.1,NA,NA,NA,NA,106.4,NA,-19.4,83.71687489156834,-2.9,NA,NA,NA,NA,NA,NA,6.9,6.43,NA,NA,NA,NA,NA,NA,NA,NA,NA,NA,0.9468614347872772,108.8656,-4,0.7,2.7,-14.4,-17,15,41.7,19.7,-9.7,-2.4,14.1,17.2,NA,NA,3.1,2.5,-2.8,1.8,8.6,23.2,-2.3,NA,NA,NA,NA,NA,NA,NA,NA,NA,NA,NA,NA,NA,NA,NA,NA,NA,NA,NA,NA,NA,NA,NA,4.9,18.9,-1.2,5.3,0.4,NA,-7.3,NA,NA,NA,NA,NA,NA,-39.5,0.7,9.1,107.3,NA,17.826,0.3852759599685669,12.201897,0.029733289868537134,NA,25.46321,NA,400.8,0
1989-03-01,NA,NA,NA,NA,NA,NA,NA,NA,72.29730414250758,4.5,NA,NA,NA,NA,107,NA,-21.1,82.20300206920886,0.2,NA,NA,NA,NA,NA,NA,7,6.67,NA,NA,NA,NA,NA,NA,NA,NA,NA,NA,0.9536616168071868,108.6799,-3.6,0.5,3,-13.1,-15,16.9,43.5,19.5,-11.2,-3.2,10.8,16,NA,NA,6.5,4.5,-0.5,0.8,9.7,22.6,-0.3,NA,NA,NA,NA,NA,NA,NA,NA,NA,NA,NA,NA,NA,NA,NA,NA,NA,NA,NA,NA,NA,NA,NA,4.9,16.2,-4.6,12,0.1,NA,-7,NA,NA,NA,NA,NA,NA,-42.1,-0.1,10.2,108.4,NA,19.445,0.2740277945995331,17.521615,0.05642079755392051,NA,25.34946,NA,323.64,0
1989-04-01,546576.0776306106,300601.7999885262,99848.1495664923,115845.09309492038,87272.37186214124,81303.76536116125,NA,NA,74.47810994343538,4,NA,NA,NA,NA,108.9,121.3958,-18.9,83.86826490450437,-2.7,NA,NA,NA,NA,NA,NA,6.9,6.48,NA,NA,110.2,NA,NA,NA,52.6,58.6,NA,NA,0.9561158178369288,108.7211,-3,1.1,3.8,-15.1,-14.7,23.5,47.7,19.6,-11.9,-2.2,18.2,18.4,NA,NA,10,3.5,-0.6,0.8,9.2,16.8,-0.3,77.8,6,5.8,8.2,4.2,0.2,0.2,12.6,88.2,NA,NA,NA,NA,NA,NA,NA,NA,NA,NA,NA,NA,NA,NA,10.9,20.8,1.9,1.8,3.9,NA,-9.6,NA,NA,NA,NA,NA,NA,-39.7,1.9,12.9,108.3,NA,21.04,0.316522479057312,16.952824,0.00964973516251732,0.239521,26.1129,NA,309.03,0
1989-05-01,NA,NA,NA,NA,NA,NA,NA,NA,70.90950608693032,6.4,NA,NA,NA,NA,108.7,NA,-17.7,83.18702805095947,-2.7,NA,NA,NA,NA,NA,NA,7.1,7.02,NA,NA,NA,NA,NA,NA,NA,NA,NA,NA,0.9971725558969848,107.4632,-3.2,1,3.9,-15.8,-13.8,24.6,43.5,18.6,-11.3,-3.8,16.3,18.2,NA,NA,1.5,4.4,0.3,-1.2,13.6,12,-0.3,NA,NA,NA,NA,NA,NA,NA,NA,NA,NA,NA,NA,NA,NA,NA,NA,NA,NA,NA,NA,NA,NA,NA,-0.1,17.9,1.2,9.8,3.8,NA,-12.1,NA,NA,NA,NA,NA,NA,-36,0.6,13.2,109.9,NA,20.032,0.8357241153717041,21.507686,0.04164353140960405,NA,26.13603,NA,121.62,0
1989-06-01,NA,NA,NA,NA,NA,NA,NA,NA,73.75117467645946,6.8,NA,NA,NA,NA,109.3,NA,-14.5,82.73285801215137,-4.6,NA,NA,NA,NA,NA,NA,6.9,7.02,NA,NA,NA,NA,NA,NA,NA,NA,NA,NA,1.0128180874615893,107.4325,-1.4,3.5,4.8,-6.4,-11.3,21.6,37.3,16.9,-9.8,-2.6,15.8,17.1,NA,NA,12.3,5.5,0.8,-2.2,12.7,15.2,0.7,NA,NA,NA,NA,NA,NA,NA,NA,NA,NA,NA,NA,NA,NA,NA,NA,NA,NA,NA,NA,NA,NA,NA,-2.1,16.9,-1.6,5.1,3.9,NA,-12.4,NA,NA,NA,NA,NA,NA,-31,2,18,111.1,NA,20.005,0.3779289424419403,3.0941928,0.04182030223061515,NA,27.62434,NA,79.01,0.09
1989-07-01,551567.6524263234,305581.99758042896,99544.67449182573,119661.16951451878,88742.3351748979,82473.81594200272,NA,NA,74.14769447277186,5.9,NA,NA,NA,NA,108.2,122.9781,-14.1,82.35440118447853,-3.1,NA,NA,NA,NA,NA,NA,6.8,7.09,NA,NA,110.2,NA,NA,NA,52.5,58.7,NA,NA,0.9684379521737574,108.0782,-0.8,4.1,7.1,-4.7,-10.3,17.1,35.2,15.4,-10.2,-3.9,20,19,NA,NA,0,4.5,-2.3,-2.2,11,14.9,0.7,76.9,6.3,8,8.2,4.2,0.2,-1.8,11.8,88.8,NA,NA,NA,NA,NA,NA,NA,NA,NA,NA,NA,NA,NA,NA,-1.1,19.3,-1.5,11.1,1.1,NA,-7,NA,NA,NA,NA,NA,NA,-30.7,2.5,21.6,111,NA,19.644,0.2537619173526764,1.0149469,0.028259800236086062,0,28.78492,NA,22.83,3.42
1989-08-01,NA,NA,NA,NA,NA,NA,NA,NA,73.94943457461567,5.8,NA,NA,NA,NA,108.2,NA,-11.6,85.38212862453018,-1.9,NA,NA,NA,NA,NA,NA,6.8,7.07,NA,NA,NA,NA,NA,NA,NA,NA,NA,NA,0.985412842629472,107.0943,-2,2.6,4.5,-5.8,-10.8,18.5,35.9,16.7,-11.6,-4.3,15.3,16.1,NA,NA,9.6,5,-1.9,-1.2,11.1,18.4,0.7,NA,NA,NA,NA,NA,NA,NA,NA,NA,NA,NA,NA,NA,NA,NA,NA,NA,NA,NA,NA,NA,NA,NA,-0.1,16.1,-1.2,10.6,1,NA,-5.7,NA,NA,NA,NA,NA,NA,-26.3,3.2,21.1,110.3,NA,18.522,0.13410045206546783,2.3946894,0.011454741857171852,NA,30.21732,NA,44.33,3.81
1989-09-01,NA,NA,NA,NA,NA,NA,NA,NA,74.34594375516998,5.5,NA,NA,NA,NA,109.3,NA,-10.4,82.95994303155541,0.5,NA,NA,NA,NA,NA,NA,7,7.41,NA,NA,NA,NA,NA,NA,NA,NA,NA,NA,0.9969169099563868,106.7975,-0.7,4,4.4,0.7,-9.4,17,37,21.5,-8.7,-2.1,20.2,17.3,NA,NA,9.4,6.6,-1.3,1.8,11.7,16.6,2.7,NA,NA,NA,NA,NA,NA,NA,NA,NA,NA,NA,NA,NA,NA,NA,NA,NA,NA,NA,NA,NA,NA,NA,5.9,16.6,-1.8,12.1,1.2,NA,-8.9,NA,NA,NA,NA,NA,NA,-25.6,4.8,23.1,110.5,NA,19.594,0.1702055186033249,3.8694421,0.008072395095375206,NA,31.18125,NA,83.82,0
1989-10-01,557959.2521647383,310295.62534040463,98937.77434250493,122005.32038655394,86727.9354501478,85139.51726532154,NA,NA,74.54420365332619,6.7,NA,NA,NA,NA,112.2,124.1551,-9.5,84.85227268158769,0.5,NA,NA,NA,NA,NA,NA,7.2,8.13,NA,NA,111.5,NA,NA,NA,53.1,59.4,NA,NA,0.95458194219334,108.425,-0.8,5.3,5.3,-5.2,-10.8,20.6,40.2,26.5,-9.5,-2.9,22.8,19.3,NA,NA,10.5,7.4,-1.4,0.8,13.4,16.3,2.7,76.9,6,10.2,8.8,4.2,0.2,-4.8,7.7,89.1,NA,NA,NA,NA,NA,NA,NA,NA,NA,NA,NA,NA,NA,NA,4.9,16.1,5.9,12.5,7.4,NA,-8.4,NA,NA,NA,NA,NA,NA,-26.1,7,24.6,111.3,NA,20.091,0.19389046728610992,10.575259,0.07613245680687541,0.0560758,30.32142,NA,211.57,0
1989-11-01,NA,NA,NA,NA,NA,NA,NA,NA,74.8746297397478,8,NA,NA,NA,NA,112.3,NA,-6.9,85.15505270745976,2.3,NA,NA,NA,NA,NA,NA,7.5,8.29,NA,NA,NA,NA,NA,NA,NA,NA,NA,NA,0.9357664009653192,109.6268,-1,4.9,4.8,-4.1,-12.1,22.9,42.6,30.5,-8.3,-1.6,21,17.1,NA,NA,8.7,7.7,0.6,-1.2,15.1,17.1,2.7,NA,NA,NA,NA,NA,NA,NA,NA,NA,NA,NA,NA,NA,NA,NA,NA,NA,NA,NA,NA,NA,NA,NA,9.9,18.3,7.1,15.2,7.3,NA,-4.9,NA,NA,NA,NA,NA,NA,-21.9,8.1,25.1,112.5,NA,19.82,0.4071560800075531,18.115671,0.10397803190566816,NA,29.44425,NA,444.75,0
1989-12-01,NA,NA,NA,NA,NA,NA,NA,NA,76.13025099130157,7.3,NA,NA,NA,NA,113.9,NA,-6.6,85.76059455453664,7.9,NA,NA,NA,NA,NA,NA,7.5,8.11,NA,NA,NA,NA,NA,NA,NA,NA,NA,NA,0.890363681915095,112.2945,-0.1,5.2,5.8,-3,-8.9,19.8,42.1,32.3,-14.3,-2.4,20.2,17.4,NA,NA,8.3,8.7,0.4,-0.2,13.1,17.4,6.7,NA,NA,NA,NA,NA,NA,NA,NA,NA,NA,NA,NA,NA,NA,NA,NA,NA,NA,NA,NA,NA,NA,NA,17.9,8.9,4.3,14.8,7.4,NA,-4.2,NA,NA,NA,NA,NA,NA,-19.1,5.9,29.2,112.7,NA,21.088,0.5432979464530945,14.527549,0.05009146476395218,NA,31.83094,NA,480.79,0
1990-01-01,569540.8266907461,312584.19929452497,100570.19974414447,128121.2976617263,93059.70242234286,86485.4929334965,NA,NA,75.99807418727806,6.9,NA,NA,NA,NA,112.9,126.2463,-7.6,85.4578236309982,9.9,NA,NA,NA,NA,NA,NA,7.695,8.3,NA,NA,111.4,NA,NA,NA,53,59.5,NA,NA,0.8650036046077625,113.1037,0.3,5.3,6,-0.7,-9,23.3,46.2,33.9,-8.3,-1,19.7,16.8,-66.6,-23,8.4,8.9,-0.4,-0.2,11.6,17.7,6.7,78.1,7.3,8,8,3.2,0.2,-2.8,4.9,89.3,NA,NA,NA,NA,NA,NA,NA,NA,NA,NA,NA,NA,NA,NA,27.9,17,2.5,18.8,5.2,NA,-3.6,NA,NA,NA,NA,NA,NA,-20.9,5.7,31,112.5,NA,22.641,0.20074562728405,16.456449,0.07960633004138173,0.2222346,34.07112,NA,476.02,0
1990-02-01,NA,NA,NA,NA,NA,NA,NA,NA,75.66764810085644,6.2,NA,NA,NA,NA,113.8,NA,-2.6,87.88000922397298,6.1,NA,NA,NA,NA,NA,NA,8.575,8.31,NA,NA,NA,NA,NA,NA,NA,NA,NA,NA,0.8569251928848621,113.0119,-0.4,6.1,6.1,-3.4,-10.1,23.8,48.7,35.9,-9.6,-3.6,17,17.4,NA,NA,7,9.6,-0.8,0.8,9.8,14.3,6.7,NA,NA,NA,NA,NA,NA,NA,NA,NA,NA,NA,NA,NA,NA,NA,NA,NA,NA,NA,NA,NA,NA,NA,16.9,11.8,3.8,13.3,5.4,NA,-2.1,NA,NA,NA,NA,NA,NA,-18.6,13.5,40.1,111.7,NA,22.108,0.4375585913658142,13.019915,0.057280179118574366,NA,34.84419,NA,328.14,0
1990-03-01,NA,NA,NA,NA,NA,NA,NA,NA,76.39459398359047,9.2,NA,NA,NA,NA,112.5,NA,-3.1,87.955704230441,6,NA,NA,NA,NA,NA,NA,8.645,8.48,NA,NA,NA,NA,NA,NA,NA,NA,NA,NA,0.871548140687074,112.2976,-1.7,5.8,3.6,-8.1,-14,24.5,55.4,35,-15,-2.1,19.3,16.9,NA,NA,8,11.5,-0.3,-5.2,10.9,11.7,4.7,NA,NA,NA,NA,NA,NA,NA,NA,NA,NA,NA,NA,NA,NA,NA,NA,NA,NA,NA,NA,NA,NA,NA,21.9,16.2,6.5,12.2,5,NA,-6.1,NA,NA,NA,NA,NA,NA,-17.2,10.9,37.6,113.3,NA,20.418,0.3029361367225647,12.466012,0.028132349490973287,NA,35.63654,NA,326.14,0
1990-04-01,572341.0515761429,316124.9929604899,101627.10000418266,127521.6474386536,90152.29998509308,87421.56839818705,NA,NA,75.07288963790401,9.7,NA,NA,NA,NA,113.8,129.1848,-1.6,87.42585738983213,10.6,NA,NA,NA,NA,NA,NA,8.7625,8.27,NA,NA,109.8,NA,NA,NA,52.2,58.7,NA,NA,0.863162953835456,112.2392,-0.5,5.2,5.4,-2.9,-10.6,19.9,55.7,31.9,-12,-1.9,21.6,18.9,-67.9,-27.8,3.9,11.5,-1.6,-4.2,13.4,15.7,4.7,77.3,7,8.5,9.2,4.2,0.2,-2.8,14.6,89.6,NA,NA,NA,NA,NA,NA,NA,NA,NA,NA,NA,NA,NA,NA,24.9,9.7,9.9,16.7,7.9,NA,-1.4,NA,NA,NA,NA,NA,NA,-14.8,11.6,39.9,114.6,NA,18.582,0.4299754202365875,2.6277123,0.022796022207925173,0.1076079,36.11658,NA,303.64,0
1990-05-01,NA,NA,NA,NA,NA,NA,NA,NA,76.98935244654291,8.8,NA,NA,NA,NA,113.5,NA,-2.7,89.2424920333964,9.6,NA,NA,NA,NA,NA,NA,8.715,8.33,NA,NA,NA,NA,NA,NA,NA,NA,NA,NA,0.8498182357362347,111.9336,-0.8,6.3,6.3,-2.8,-11.4,20.9,56.4,30.9,-10.7,-4.4,20.1,17.8,NA,NA,13.2,11.4,-2.6,-5.2,9.6,13.8,4.7,NA,NA,NA,NA,NA,NA,NA,NA,NA,NA,NA,NA,NA,NA,NA,NA,NA,NA,NA,NA,NA,NA,NA,18.9,9.9,9.1,19.8,7.8,NA,-1.3,NA,NA,NA,NA,NA,NA,-14,8.6,35.7,113.8,NA,18.237,0.6786791682243347,-6.278035,0.01112561890318032,NA,35.46111,NA,111.52,0
1990-06-01,NA,NA,NA,NA,NA,NA,NA,NA,76.98935244654291,8.4,NA,NA,NA,NA,114.2,NA,-1.2,86.82030644042162,17.7,NA,NA,NA,NA,NA,NA,8.8325,8.3,NA,NA,NA,NA,NA,NA,NA,NA,NA,NA,0.8610155279344319,111.0144,-0.7,5.7,5.6,-2,-11,23,55.6,31.7,-15.5,-3.3,17.2,15.9,NA,NA,0.4,10.5,-3.2,-4.2,10.6,14,5.7,NA,NA,NA,NA,NA,NA,NA,NA,NA,NA,NA,NA,NA,NA,NA,NA,NA,NA,NA,NA,NA,NA,NA,35.9,6.9,14.3,23.9,7.9,NA,-5.5,NA,NA,NA,NA,NA,NA,-13.9,11.5,26.3,114.1,NA,16.871,0.4937554597854614,-15.108514,0.010602727798449771,NA,35.35893,NA,73.19,0.02
1990-07-01,584394.176082852,319175.35179111897,101229.44990634541,129484.17316872241,101792.93445893793,94147.09673690247,NA,NA,77.71629832927694,11.2,NA,NA,NA,NA,113.7,130.2448,-3.5,94.38965234755165,10.5,NA,NA,NA,NA,NA,NA,8.545,8.26,NA,NA,109.4,NA,NA,NA,51.9,58.5,NA,NA,0.8383652975974394,110.8549,-0.5,6,6.1,-0.4,-9.8,20.5,53.6,33.8,-13.2,-4.4,23.5,20.2,-64.6,-25.3,9.4,14.4,-4.4,-6.2,12.8,12.7,5.7,70.5,10.6,8.8,10.6,3.2,0.2,-6.8,5.7,89.7,NA,NA,NA,NA,NA,NA,NA,NA,NA,NA,NA,NA,NA,NA,21.9,9.3,11.2,18.9,8.1,NA,-4.9,NA,NA,NA,NA,NA,NA,-12.7,5.7,23,115.2,NA,18.638,0.5281392335891724,-25.092113,0.016137153597786558,0.3772873,37.17883,NA,37.78,1.14
1990-08-01,NA,NA,NA,NA,NA,NA,NA,NA,78.17889060396395,10.7,NA,NA,NA,NA,114.1,NA,-0.9,95.97919286937821,17.8,NA,NA,NA,NA,NA,NA,8.9975,8.45,NA,NA,NA,NA,NA,NA,NA,NA,NA,NA,0.8030861577949003,111.6493,-0.6,6,5.8,-2.7,-10.7,20,55.4,37,-13.7,-3.6,25.2,19.3,NA,NA,13.6,13,-7,-9.2,9.9,15.2,5.7,NA,NA,NA,NA,NA,NA,NA,NA,NA,NA,NA,NA,NA,NA,NA,NA,NA,NA,NA,NA,NA,NA,NA,40.9,8.2,13.8,20.6,8,NA,-4,NA,NA,NA,NA,NA,NA,-11.3,9.5,26.4,115.8,NA,27.174,0.9632875919342041,-16.078707,0.12362648932170761,NA,33.19779,NA,17.26,6.9
1990-09-01,NA,NA,NA,NA,NA,NA,NA,NA,78.90582587093988,13.1,NA,NA,NA,NA,113.4,NA,0.7,94.23828053928285,18.8,NA,NA,NA,NA,NA,NA,9.105,8.47,NA,NA,NA,NA,NA,NA,NA,NA,NA,NA,0.8026259951018239,110.772,-3.3,4.2,3.3,-11.4,-16.4,31.1,61.6,39,-19.9,-4.3,22.9,18.4,NA,NA,12.1,13.6,-11.3,-9.2,16.6,19.4,3.7,NA,NA,NA,NA,NA,NA,NA,NA,NA,NA,NA,NA,NA,NA,NA,NA,NA,NA,NA,NA,NA,NA,NA,36.9,2.6,21.2,22.1,8.2,NA,-14.4,NA,NA,NA,NA,NA,NA,-9.6,11.1,25.6,116.3,NA,33.687,0.8967492580413818,-18.677803,0.2055171328792673,NA,29.8144,NA,160.62,0
1990-10-01,594681.9756618094,321374.02854482917,101721.27502735335,132182.59917254958,107063.32792082014,99081.84918663329,NA,NA,79.03800267496338,11.7,NA,NA,NA,NA,113.8,129.4247,-1.3,92.64874001745629,22.2,NA,NA,NA,NA,NA,NA,9.0675,8.6,NA,NA,109.9,NA,NA,NA,52.2,58.8,NA,NA,0.7795667312598743,111.214,-4.3,2.3,1.8,-11.6,-16,32.5,62.7,38.8,-21.7,-5.5,17.9,17.5,-63.5,-30.3,15.7,14.4,-13.4,-7.2,13.5,21.2,3.7,74.4,9.2,8.9,10.3,4.2,0.2,-9.8,9.7,90,NA,NA,NA,NA,NA,NA,NA,NA,NA,NA,NA,NA,NA,NA,46.9,4,20.1,23.7,9.5,NA,-7.1,NA,NA,NA,NA,NA,NA,-12,9.5,22,114.6,NA,35.922,0.5784187316894531,-14.664085,0.16160155894288797,0.2495757,28.73672,NA,212.17,0
1990-11-01,NA,NA,NA,NA,NA,NA,NA,NA,79.03800267496338,11.7,NA,NA,NA,NA,113.8,NA,-1,93.708433698674,20.7,NA,NA,NA,NA,NA,NA,8.9325,8.88,NA,NA,NA,NA,NA,NA,NA,NA,NA,NA,0.760291027338777,112.025,-3.7,3.5,3.8,-14.3,-18.8,30.7,61.6,37.7,-18.8,-3.2,23.5,17.8,NA,NA,11.8,12.7,-16.5,-8.2,14.1,17.4,3.7,NA,NA,NA,NA,NA,NA,NA,NA,NA,NA,NA,NA,NA,NA,NA,NA,NA,NA,NA,NA,NA,NA,NA,50.9,10.3,19.3,21.4,9.3,NA,-4.8,NA,NA,NA,NA,NA,NA,-11.7,9.7,17.3,115.2,NA,32.3,0.8426060080528259,-9.7030495,0.07078640056778579,NA,28.6731,NA,397.02,0
1990-12-01,NA,NA,NA,NA,NA,NA,NA,NA,79.3684181456269,9.4,NA,NA,NA,NA,111.4,NA,-5.8,91.96743034524235,23.3,NA,NA,NA,NA,NA,NA,8.845,9.21,NA,NA,NA,NA,NA,NA,NA,NA,NA,NA,0.7627963575566383,113.1407,-3.7,4.1,3.7,-8.9,-17,28.6,56.7,36.7,-25,-5.5,23.3,18.3,NA,NA,24.9,7.7,-23.7,-6.2,14.1,15.9,-0.3,NA,NA,NA,NA,NA,NA,NA,NA,NA,NA,NA,NA,NA,NA,NA,NA,NA,NA,NA,NA,NA,NA,NA,51.9,7.9,19.3,25.8,9.4,NA,-2.2,NA,NA,NA,NA,NA,NA,-15.1,3.5,16.7,113.8,NA,27.337,0.6562756299972534,-0.42899827,0.09474162729804532,NA,28.92565,NA,533.7,0
1991-01-01,610852.7,332871.7,101610.1,134406.9,111187.1,100720.3,1.5,NA,81.8,-0.7,5.2,NA,15321155,79815,NA,129.7501,-10.7,98.25004306341874,14.7,NA,NA,NA,NA,NA,77.169,8.9275,9.35,NA,NA,108.6,NA,NA,NA,50.4,59.5,NA,NA,0.77205074060629,112.2917,-5.8,2.7,1.7,-14.4,-22.4,28.6,67.3,37.3,-24,-5.1,19.6,16.5,-66.9,-31.6,7.9,-7.8,-34.3,-1.1,4.8,17.7,NA,62.5,18.6,7.7,3.1,0.2,0.2,1.5,-6.9,88.7,NA,NA,NA,NA,NA,NA,NA,NA,NA,NA,NA,NA,NA,NA,34.3,5.8,17.3,15.5,9.1,30,-16,66.5,NA,5.7,1.6,6.3,14.7,-24,2.6,26,106.8,NA,24.959,1.4355813264846802,0.19572948,0.12482661085513445,0.1681614,27.18286,15,503.92,0
1991-02-01,NA,NA,NA,NA,NA,NA,NA,NA,80.9,-2.2,5.2,NA,NA,NA,NA,NA,-10.5,96.50903970998708,8.5,NA,NA,NA,NA,NA,NA,8.35,9.08,NA,NA,NA,NA,NA,NA,NA,NA,NA,NA,0.7566608549822837,112.7959,-6.7,2.2,0.6,-18.7,-25.3,27.5,70.1,39.9,-21.9,-4.2,20.6,18.1,NA,NA,-8.4,-9,-35,3.1,5.5,17.2,NA,NA,NA,NA,NA,NA,NA,NA,NA,NA,NA,NA,NA,NA,NA,NA,NA,NA,NA,NA,NA,NA,NA,NA,27.2,16.3,13.6,14.7,9.3,29.5,-21,58.5,NA,5.9,1.2,5.4,14.4,-19,-2,25,104.6,NA,20.523,1.0719070434570313,9.9492096,0.0905472167567887,NA,29.08181,16.4,567.67,0
1991-03-01,NA,NA,NA,NA,NA,NA,NA,NA,80.2,-5.6,5.3,NA,NA,NA,NA,NA,-14.7,97.5687333912048,11.2,NA,NA,NA,NA,NA,NA,8.4275,9.09,NA,NA,NA,NA,NA,NA,NA,NA,NA,NA,0.8191918520525813,110.6238,-10.3,-1.5,-5.8,-25.7,-26.4,31.3,72.7,43.7,-17.9,-7.3,16,16.9,NA,NA,-10.3,-16.1,-42,4.1,3.3,13.7,NA,NA,NA,NA,NA,NA,NA,NA,NA,NA,NA,NA,NA,NA,NA,NA,NA,NA,NA,NA,NA,NA,NA,NA,36.5,14.5,11.6,11.7,8.9,31.5,21.4,69.3,NA,7.3,1.2,8.3,17.4,-23,-6.5,26.5,100.8,NA,19.86,0.5525992512702942,17.886873,0.07458436754310213,NA,29.99176,4.9,342.14,0
1991-04-01,607983.7,331875.7,103455.8,135787.8,104666.6,101279.5,1.8,NA,79.5,-6.7,5.3,NA,15167000,79910,NA,131.4477,-17.3,95.97919286937821,10.2,NA,NA,NA,NA,NA,81.294,8.3575,9.18,NA,NA,108.8,NA,NA,NA,50.1,60,NA,NA,0.8699120066672461,108.2096,-8,0.1,-0.2,-23.2,-24.2,32.3,62.7,46.5,-19.9,-7.8,16.6,16.7,-67.2,-31.5,-2.9,-18,-41.6,6.1,3.9,12.8,NA,64.1,20.8,5.5,2.1,NA,NA,5.6,-13.1,88.1,NA,NA,NA,NA,NA,NA,NA,NA,NA,NA,NA,NA,NA,NA,33.4,18.1,11.2,15.3,5,36.2,6.4,63.9,NA,6.8,1.7,7.4,14.5,-25,-9.5,20,101.1,NA,20.823,0.3253534734249115,10.432156,0.07396327083337155,0.2220249,30.7417,7.6,316.64,0
1991-05-01,NA,NA,NA,NA,NA,NA,NA,NA,78.7,-7.4,5.3,NA,NA,NA,NA,NA,-17.9,96.50903970998708,2.6,NA,NA,NA,NA,NA,NA,8.395,9.08,NA,NA,NA,NA,NA,NA,NA,NA,NA,NA,0.8771212221921129,108.1118,-6.9,1.1,1.1,-26.5,-23.8,34.8,66.1,47,-19,-5.9,17.1,15.7,NA,NA,-6,-20.6,-41.1,8.2,6.5,13.5,NA,NA,NA,NA,NA,NA,NA,NA,NA,NA,NA,NA,NA,NA,NA,NA,NA,NA,NA,NA,NA,NA,NA,NA,22.6,20.8,1.4,5.9,4.9,33,-5.4,61,NA,6.8,1.5,8.3,12.1,-27.7,-8.1,11.9,100.9,NA,21.24,0.2472928911447525,14.264996,0.04088966583613589,NA,31.26993,8.7,256.62,0
1991-06-01,NA,NA,NA,NA,NA,NA,NA,NA,81.6,-7.1,5.4,NA,NA,NA,NA,NA,-17.9,98.47705526415375,4,NA,NA,NA,NA,NA,NA,8.4075,9.06,NA,NA,NA,NA,NA,NA,NA,NA,NA,NA,0.9122981036184128,107.6816,-7.7,-0.2,-1.2,-26.2,-23.9,35.2,65,46,-20.8,-5.7,15.6,17.5,NA,NA,1,-20.2,-44.3,6.8,5.6,11.8,NA,NA,NA,NA,NA,NA,NA,NA,NA,NA,NA,NA,NA,NA,NA,NA,NA,NA,NA,NA,NA,NA,NA,NA,28.2,22.8,2.4,6.4,4.9,36.9,-7.6,60.9,NA,6.8,2.1,6.6,11.3,-26.9,-8.9,14.4,100.6,NA,20.195,0.33736851811408997,16.446667,0.021756200134057106,NA,32.09313,36.3,117.36,0
1991-07-01,606940.4,326203,106185.9,135732.5,109734.3,102604,0.8,NA,79,-8.8,5.5,NA,15036969,80022,NA,130.3459,-17.1,97.72019622280988,2.7,NA,NA,NA,NA,NA,81.893,8.6325,9.15,NA,NA,110.3,NA,NA,NA,50.4,61.4,NA,NA,0.914547787895676,108.575,-13.8,-9.3,-8.8,-38,-28.3,49.3,69.2,45.7,-26.5,-8.8,8.1,13.2,-67.9,-33,-0.9,-21.9,-47.1,9.1,4.6,11.4,NA,61.4,25.3,5.3,2.2,NA,NA,15,-8.4,86.9,NA,NA,NA,NA,NA,NA,NA,NA,NA,NA,NA,NA,NA,NA,27.2,23.4,3.1,4.4,2.1,39.1,-10.9,62.4,NA,7,2.4,6.7,9,-25.8,-8.5,15.6,96.3,NA,21.42,0.4669807553291321,7.9710724,0.029082210166505786,0.0541155,30.84773,5,4.21,6.86
1991-08-01,NA,NA,NA,NA,NA,NA,NA,NA,78.2,-10.4,5.6,NA,NA,NA,NA,NA,-14.7,93.55697086706893,-4.1,NA,NA,NA,NA,NA,NA,8.52,9.31,NA,NA,NA,NA,NA,NA,NA,NA,NA,NA,0.8924088494398797,108.9634,-14.2,-11.9,-7.5,-39,-27.8,52.9,68.5,45.7,-24.4,-9.8,8.1,11.5,NA,NA,-4.7,-24.1,-41.9,10.6,3.5,10.6,NA,NA,NA,NA,NA,NA,NA,NA,NA,NA,NA,NA,NA,NA,NA,NA,NA,NA,NA,NA,NA,NA,NA,NA,11.6,24.5,-1.9,0.5,1.9,36.4,-12.7,62.4,NA,7.3,2.9,6.7,8.2,-22.5,-7,14.9,94.9,NA,21.688,0.7230775356292725,2.8074365,0.07945001771967504,NA,30.306,2.6,11.3,4.49
1991-09-01,NA,NA,NA,NA,NA,NA,NA,NA,77.9,-11.7,5.7,NA,NA,NA,NA,NA,-15.6,93.40559905880015,-7.3,NA,NA,NA,NA,NA,NA,8.455,9.27,NA,NA,NA,NA,NA,NA,NA,NA,NA,NA,0.8678668391424613,109.3475,-12.2,-10,-5.1,-39.9,-26.4,50.6,62.8,29.4,-26.6,-7.5,11.7,13,NA,NA,-5.6,-25.3,-42,10.5,0.9,11.4,NA,NA,NA,NA,NA,NA,NA,NA,NA,NA,NA,NA,NA,NA,NA,NA,NA,NA,NA,NA,NA,NA,NA,NA,3.3,28.5,-5.7,3.3,2.2,34.4,-3.5,62.6,NA,7,4.8,6,8.7,-22.2,-9.1,17,95,NA,21.857,0.5756937861442566,5.9135847,0.07471351758502408,NA,30.41589,7.7,67.12,0
1991-10-01,615895.4,331962.3,107301,139212.4,109970.8,102397.9,0.6,NA,79.1,-11,5.8,NA,15107029,80146,NA,129.0533,-16.6,95.44934602876936,-3.8,NA,NA,NA,NA,NA,81.855,8.3475,9.38,NA,NA,111,NA,NA,NA,51,61.3,NA,NA,0.8648502170434036,110.571,-11.4,-9.9,-4.1,-35.2,-24.1,47.3,57.1,29.8,-27.8,-7.7,9.3,13.4,-66.2,-32.8,-2.6,-26.4,-43,11.1,4.4,11.8,NA,62.8,23.5,4.3,1.8,NA,NA,16.7,-14.8,86,NA,NA,NA,NA,NA,NA,NA,NA,NA,NA,NA,NA,NA,NA,15.6,29,-4.9,2,6.6,38.8,-9.2,63.7,NA,6.8,5.9,6.3,6.4,-23.1,-10,18,95.9,NA,23.228,0.31374266743659973,10.253589,0.03378277305385331,0.2162396,29.23796,14.8,284.28,0
1991-11-01,NA,NA,NA,NA,NA,NA,NA,NA,80,-11.9,5.9,NA,NA,NA,NA,NA,-15.7,93.25422725053139,-7.7,NA,NA,NA,NA,NA,NA,8.315,9.43,NA,NA,NA,NA,NA,NA,NA,NA,NA,NA,0.8308493069438551,111.9761,-12.2,-9.7,-3.1,-34,-24.8,45.7,58.1,30.5,-26.3,-11.1,10.4,11.7,NA,NA,-2.6,-28.5,-40.5,13.3,6.2,14.2,NA,NA,NA,NA,NA,NA,NA,NA,NA,NA,NA,NA,NA,NA,NA,NA,NA,NA,NA,NA,NA,NA,NA,NA,9.7,30.3,-12,-2.5,6.4,39.4,-11.2,67.5,NA,6.5,5.4,6.8,7.5,-24.3,-7.1,19.7,94.8,NA,22.465,0.3588932156562805,10.849111,0.02623153013816592,NA,29.36713,11.4,415.93,0
1991-12-01,NA,NA,NA,NA,NA,NA,NA,NA,79.8,-12.9,6,NA,NA,NA,NA,NA,-12,92.57300860165374,-8,NA,NA,NA,NA,NA,NA,8.2125,9.58,NA,NA,NA,NA,NA,NA,NA,NA,NA,NA,0.7998650189433643,113.739,-9.9,-7.4,-1.7,-33.4,-24.5,46.4,59.6,31.7,-23.9,-6.2,12,14.7,NA,NA,-6.2,-26.9,-41.9,14.6,2.9,12.5,NA,NA,NA,NA,NA,NA,NA,NA,NA,NA,NA,NA,NA,NA,NA,NA,NA,NA,NA,NA,NA,NA,NA,NA,7,29.3,-4.7,-1.7,6.5,38.5,-31.8,61.1,NA,4.7,3.1,7.2,6.1,-23.4,-0.7,24.3,95.4,NA,19.517,0.5540385246276855,5.4065556,0.02592181693291811,NA,28.29138,16.8,532.34,0
1992-01-01,624154.8,337786.7,109161.2,143543.9,111272.2,105988.6,0.8,NA,81.1,-12.7,6,NA,15113130,80267,NA,129.2736,-12.7,96.66041151825586,-8.5,NA,NA,NA,NA,NA,83.057,7.9475,9.53,NA,NA,110.9,NA,NA,NA,50.7,61.6,NA,NA,0.806511813398915,113.193,-11.9,-8.4,-2.7,-33.9,-27.5,46.3,57.8,33.1,-25.2,-9.2,10.4,12.7,-67.1,-32.2,-3.4,-26.1,-42.4,14.2,2.1,13.2,NA,63.6,22.7,3.5,1.6,NA,NA,16.1,-7.5,85.8,NA,NA,NA,NA,NA,NA,NA,NA,NA,NA,NA,NA,NA,NA,7,29.6,-6.4,-2.9,1,33.6,-13.2,65.8,NA,4.5,1,5.6,8,-22.1,-3.3,24.9,94.3,NA,18.82,0.34014904499053955,2.5296956,0.044714850593527596,0.268875,29.4963,15.8,525.85,0
1992-02-01,NA,NA,NA,NA,NA,NA,NA,NA,81.9,-14.8,6.1,NA,NA,NA,NA,NA,-15.1,94.01117731521155,-12.1,NA,NA,NA,NA,NA,NA,7.92,9.61,NA,NA,NA,NA,NA,NA,NA,NA,NA,NA,0.8280883307853955,112.5474,-10.6,-6.6,-1.4,-32.3,-26.3,49,60,34.8,-23,-8.3,13.2,13.7,NA,NA,-4.4,-29.2,-46.2,15.6,0.4,14.7,NA,NA,NA,NA,NA,NA,NA,NA,NA,NA,NA,NA,NA,NA,NA,NA,NA,NA,NA,NA,NA,NA,NA,NA,0.8,33.1,-9.6,-3.9,1.3,33.7,-2.2,76.4,NA,4.6,0.6,5.5,9.5,-22.8,-7.4,25.3,93.4,NA,18.995,0.29237455129623413,-10.82729,0.03954144713476833,NA,30.58554,11.6,431.39,0
1992-03-01,NA,NA,NA,NA,NA,NA,NA,NA,80,-15.1,6.2,NA,NA,NA,NA,NA,-18.4,92.80011182572505,-19.6,NA,NA,NA,NA,NA,NA,8.0275,9.7,NA,NA,NA,NA,NA,NA,NA,NA,NA,NA,0.8493069438550386,112.3282,-13.9,-9.9,-5.2,-36.4,-30.1,51,59.8,36.7,-26.6,-10.4,8.4,11.5,NA,NA,-6.4,-29.6,-45.3,15.1,-0.6,14.6,NA,NA,NA,NA,NA,NA,NA,NA,NA,NA,NA,NA,NA,NA,NA,NA,NA,NA,NA,NA,NA,NA,NA,NA,-10.5,35.4,-17.4,-13,0.8,27.2,-0.4,68.8,NA,3.6,0.8,5.2,10.5,-27.1,-9.6,16.1,91.1,NA,18.916,0.32116788625717163,-18.156945,0.009362542076534032,NA,31.04437,12.8,392.49,0
1992-04-01,620416.3,337353.7,110545.4,141997.2,105967,102957,0.8,NA,79.9,-16.8,6.3,NA,15121874,80405,NA,130.0583,-20.9,93.32995866633391,-19.6,NA,NA,NA,NA,NA,85.448,8.035,9.75,NA,NA,111.6,NA,NA,NA,50.9,62.1,NA,NA,0.842762407775727,112.4592,-15.9,-13.9,-7.1,-43,-32.7,53.5,61.9,38.9,-27.5,-9.8,6.5,10.1,-67.4,-34.3,-2.7,-33.8,-46.1,14.9,-1.7,13.3,NA,64.5,23.4,2.2,1.1,NA,NA,22.5,-19.8,80.4,NA,NA,NA,NA,NA,NA,NA,NA,NA,NA,NA,NA,NA,NA,-10.5,34.4,-18.2,-13.8,3,29.9,-10.1,65.9,NA,3.9,0.8,5.4,11.2,-29.3,-12.5,7.9,89.4,NA,20.243,0.294517457485199,-21.975089,0.008418049301957694,0.1526174,31.05208,11.6,293.95,0
1992-05-01,NA,NA,NA,NA,NA,NA,NA,NA,79,-17.6,6.4,NA,NA,NA,NA,NA,-21.3,92.64874001745629,-20.8,NA,NA,NA,NA,NA,NA,8.075,9.79,NA,NA,NA,NA,NA,NA,NA,NA,NA,NA,0.8285996226665917,112.4754,-17.1,-14.4,-7.5,-51.6,-35.7,57.1,63.1,40.3,-28.7,-10.7,5.8,8.8,NA,NA,-10.1,-34.6,-45.9,16.4,-1.7,11.5,NA,NA,NA,NA,NA,NA,NA,NA,NA,NA,NA,NA,NA,NA,NA,NA,NA,NA,NA,NA,NA,NA,NA,NA,-14.2,35.5,-18.2,-12.6,2.8,27.4,-11.5,68.2,NA,3.8,1,5.4,10.9,-30.1,-12.5,8.7,88.2,NA,20.94,0.31605562567710876,-14.309995,0.0054851887561638965,NA,31.2815,5.3,109.64,0.05
1992-06-01,NA,NA,NA,NA,NA,NA,NA,NA,78.2,-17.9,6.5,NA,NA,NA,NA,NA,-20.1,92.19453356931365,-22.1,NA,NA,NA,NA,NA,NA,8.0675,9.75,NA,NA,NA,NA,NA,NA,NA,NA,NA,NA,0.804773421002848,113.3598,-15.2,-13.3,-5.3,-46.1,-33.1,53.1,58.7,40.1,-29,-9.2,3.7,9.7,NA,NA,-9,-36.9,-46,17.1,0.4,9.3,NA,NA,NA,NA,NA,NA,NA,NA,NA,NA,NA,NA,NA,NA,NA,NA,NA,NA,NA,NA,NA,NA,NA,NA,-21.5,34.4,-17,-10.4,2.9,25.5,-11.8,67.9,NA,3.8,1,5.4,9.6,-28.1,-12.2,6.8,89.1,NA,22.375,0.5429550409317017,-22.316763,0.012116151602247167,NA,31.13498,3.5,24.54,0.33
1992-07-01,618851.4,338696,112006.6,137909.7,108873,102486.1,-0.1,NA,76.5,-18.6,6.6,NA,14930696,80584,NA,130.7718,-18.5,93.25422725053139,-22.2,NA,NA,NA,NA,NA,88.466,8.125,9.78,NA,NA,111.7,NA,NA,NA,51.1,62.1,NA,NA,0.7641768456358681,115.1853,-14,-10.3,-3.5,-44.8,-33.3,51.9,55.2,40,-26.6,-8.8,6.8,11.4,-67.8,-32.5,-11.4,-37.9,-46.6,18.1,0.2,8.3,NA,63.9,25.7,1.4,0.7,NA,NA,33.7,-26.6,79.4,NA,NA,NA,NA,NA,NA,NA,NA,NA,NA,NA,NA,NA,NA,-19.3,34.3,-18.1,-12.9,3,20.5,-13.8,67.5,NA,3.7,0.9,6.4,8.4,-27.8,-9.2,1.5,89.4,NA,21.759,0.41627246141433716,-31.745901,0.05176368387212053,0.0524549,29.48088,1.2,6.37,6.03
1992-08-01,NA,NA,NA,NA,NA,NA,NA,NA,77.2,-24.1,6.8,NA,NA,NA,NA,NA,-21.9,92.19453356931365,-28.9,NA,NA,NA,NA,NA,NA,8.04,9.88,NA,NA,NA,NA,NA,NA,NA,NA,NA,NA,0.7419867779919523,116.5471,-14,-9.2,-4.1,-44.4,-33.7,52.1,55.3,40.9,-24.1,-9,8.3,9.8,NA,NA,-14.2,-43.6,-48.6,20.4,-8.3,4.3,NA,NA,NA,NA,NA,NA,NA,NA,NA,NA,NA,NA,NA,NA,NA,NA,NA,NA,NA,NA,NA,NA,NA,NA,-26.8,39.1,-25.4,-20.9,2.8,22,-15.2,67.4,NA,2.8,0.5,5.7,10,-30.8,-13,-5.3,85.5,NA,21.35,0.32548046112060547,-31.700423,0.08090726828485789,NA,26.78572,8.9,8.29,18.05
1992-09-01,NA,NA,NA,NA,NA,NA,NA,NA,76.5,-27.6,6.9,NA,NA,NA,NA,NA,-22.7,93.25422725053139,-22.7,NA,NA,NA,NA,NA,NA,7.6525,9.5,NA,NA,NA,NA,NA,NA,NA,NA,NA,NA,0.7401972564077655,117.4555,-16.1,-10.5,-5.2,-48.9,-37.2,51.1,56.2,43.6,-27.1,-11.5,7.5,11.1,NA,NA,-18.2,-43.9,-53.1,23.8,-15,2.7,NA,NA,NA,NA,NA,NA,NA,NA,NA,NA,NA,NA,NA,NA,NA,NA,NA,NA,NA,NA,NA,NA,NA,NA,-13.4,39,-21,-15.7,3.1,29.9,-10.8,68.7,NA,3.3,0.6,6.3,7.7,-31.9,-13.4,-11.3,82.3,NA,21.902,0.37233224511146545,-33.069031,0.250001574969763,NA,26.25363,3.8,102.37,0
1992-10-01,617025.6,341597.1,112237.3,138406.8,103872,103928.3,0.2,NA,76.4,-34,7,NA,14759942,80743,NA,130.7086,-22.6,92.80011182572505,-24,NA,NA,NA,NA,NA,88.272,7.4525,8.94,NA,NA,111.5,NA,NA,NA,51.6,61.2,NA,NA,0.7574789219921977,118.9185,-16.7,-11,-6.8,-53.1,-39.1,48.4,58.1,46.9,-26.2,-9.9,5.4,10.8,-66.2,-34.1,-21.6,-51.5,-55.4,26,-24.6,-0.3,NA,58,31.9,0.9,0.3,NA,NA,41,-30.8,77.6,NA,NA,NA,NA,NA,NA,NA,NA,NA,NA,NA,NA,NA,NA,-13.3,37.8,-24.5,-20.9,-1.2,33.2,-15.9,64.1,NA,2.7,0.8,5.7,8.9,-35.8,-9.4,-9.1,78.4,NA,21.688,0.2834385633468628,-32.477283,0.29763963816360195,0,25.23958,35,341.97,0
1992-11-01,NA,NA,NA,NA,NA,NA,NA,NA,75.2,-37.1,7.1,NA,NA,NA,NA,NA,-21.3,94.23828053928285,-27.9,NA,NA,NA,NA,NA,NA,7.36,8.94,NA,NA,NA,NA,NA,NA,NA,NA,NA,NA,0.8117269905871164,117.1672,-19.9,-12.7,-9.4,-55.9,-44.9,48.6,63.6,50,-26.8,-12.7,2.7,10.9,NA,NA,-26.6,-55.5,-55.8,29.8,-26,-2.8,NA,NA,NA,NA,NA,NA,NA,NA,NA,NA,NA,NA,NA,NA,NA,NA,NA,NA,NA,NA,NA,NA,NA,NA,-20.3,39.8,-26.3,-23.7,-1.4,38.2,-14.2,61,NA,3.4,1,5.9,8.5,-31.8,-10.8,-2.9,74.7,NA,20.342,0.31010720133781433,-19.712946,0.09129826191066488,NA,25.87384,24,373.73,0
1992-12-01,NA,NA,NA,NA,NA,NA,NA,NA,73.8,-35.7,7.2,NA,NA,NA,NA,NA,-19.9,97.03888655059595,-25,NA,NA,NA,NA,NA,NA,7.32,9.04,NA,NA,NA,NA,NA,NA,NA,NA,NA,NA,0.807738913913786,118.5258,-21.1,-13.3,-10.3,-60.1,-46.8,48.6,63.9,53.2,-24.9,-14.1,3.2,9.8,NA,NA,-26,-54.8,-56.7,27.4,-24.8,-0.4,NA,NA,NA,NA,NA,NA,NA,NA,NA,NA,NA,NA,NA,NA,NA,NA,NA,NA,NA,NA,NA,NA,NA,NA,-7.2,37.9,-23.2,-29.9,-1.3,39.8,-16.3,70.2,NA,3.7,0.8,5,9.6,-31.7,-8.2,-0.5,75.3,NA,19.407,0.22160442173480988,-7.9102812,0.0500725098428686,NA,25.69648,13,513.38,0
1993-01-01,612135.2,339042.4,112722.8,135249.2,100308.3,94061.6,-0.8,NA,73.7,-35,7.3,NA,14647185,80833,NA,129.3562,-18,89.09110202046037,-28.7,NA,NA,NA,NA,NA,88.571,7.1325,8.59,NA,NA,113.3,NA,NA,NA,52,62.8,NA,NA,0.8261454216368498,119.5863,-22.2,-14.2,-11.5,-61.7,-49,49.8,65.8,55,-32.1,-14.1,2.9,9.7,-66.7,-35.2,-25.3,-56.3,-56.1,29.1,-19.6,-5,NA,50.4,40.5,1.4,0.3,NA,NA,45.5,-25.2,76.4,NA,NA,NA,NA,NA,NA,NA,NA,NA,NA,NA,NA,NA,NA,-26.9,39.8,-24.4,-19.3,-7.1,17.6,-16.1,69.3,NA,3.3,0.8,7.5,10.3,-29.8,-6.3,0.7,75.2,NA,19.075,0.32342690229415894,-12.534515,0.022513730549077036,0,26.2999,14.8,477.93,0
1993-02-01,NA,NA,NA,NA,NA,NA,NA,NA,72.5,-37,7.4,NA,NA,NA,NA,NA,-21.1,89.69665296987087,-30.5,NA,NA,NA,NA,NA,NA,6.905,8.4,NA,NA,NA,NA,NA,NA,NA,NA,NA,NA,0.839234493795473,120.3379,-20.7,-14,-9.6,-61,-48.1,52,63.8,56.4,-29.8,-11.2,6.3,9,NA,NA,-21.7,-62.7,-60.1,28.4,-19.9,-4.2,NA,NA,NA,NA,NA,NA,NA,NA,NA,NA,NA,NA,NA,NA,NA,NA,NA,NA,NA,NA,NA,NA,NA,NA,-31.4,38.5,-25,-21.7,-6.8,16.4,-19.5,60.8,NA,2.7,0.4,6,9.5,-32.3,-9.9,-4.3,75.2,NA,20.053,0.3500056564807892,-10.373119,0.03897669727440029,NA,27.76122,16.5,519.23,0
1993-03-01,NA,NA,NA,NA,NA,NA,NA,NA,72.4,-36.1,7.5,NA,NA,NA,NA,NA,-22,91.0591084722934,-24,NA,NA,NA,NA,NA,NA,6.6375,7.98,NA,NA,NA,NA,NA,NA,NA,NA,NA,NA,0.8423022450826504,119.9177,-23.6,-16.2,-11.9,-66.3,-52.4,52.5,63.9,58.1,-29.1,-13.9,1.8,8.9,NA,NA,-18.8,-61.7,-59.8,28,-18.6,-3.3,NA,NA,NA,NA,NA,NA,NA,NA,NA,NA,NA,NA,NA,NA,NA,NA,NA,NA,NA,NA,NA,NA,NA,NA,-16.8,38.9,-26.9,-16.2,-7.4,21.8,-12.5,69.2,NA,2.3,0.5,5.8,9.8,-33.2,-10.9,1.2,74.6,NA,20.347,0.26839709281921387,-2.2567219,0.01579504725488935,NA,28.68081,13.9,429.72,0
1993-04-01,612396,337440.1,112319,134236.6,98044.7,94738.5,0.3,NA,71.8,-37,7.5,NA,14561716,80936,NA,129.6901,-23.2,91.13483988809594,-24,NA,NA,NA,NA,NA,90.131,6.6775,7.92,NA,NA,115.1,NA,NA,NA,52.7,63.9,NA,NA,0.8160218423891648,120.0126,-20.8,-14.7,-7.9,-62.4,-46.6,52,60.4,58.6,-26.5,-14.2,4.3,9.7,-66.5,-37.1,-24.1,-63.9,-60.6,28.3,-18.7,-6,NA,47.1,45.7,0.8,0.2,NA,NA,47.1,-21.7,76,NA,NA,NA,NA,NA,NA,NA,NA,NA,NA,NA,NA,NA,NA,-18.3,34.8,-21.9,-19,-9,17.5,-9.5,72,NA,2.3,0.5,6,9.5,-33.1,-13.3,-5.2,75.5,NA,20.27,0.4091823399066925,1.7725544,0.008002941371733676,0,28.39356,3.1,215.09,0
1993-05-01,NA,NA,NA,NA,NA,NA,NA,NA,71.6,-36.6,7.6,NA,NA,NA,NA,NA,-24.6,87.19877237042807,-26.8,NA,NA,NA,NA,NA,NA,6.83,7.51,NA,NA,NA,NA,NA,NA,NA,NA,NA,NA,0.8211858903892466,118.8377,-21,-14.7,-7.2,-64.4,-48.5,52,57.6,59.6,-25.6,-13.6,3.2,8.3,NA,NA,-21.6,-64.7,-61.9,29.1,-16.1,-6.6,NA,NA,NA,NA,NA,NA,NA,NA,NA,NA,NA,NA,NA,NA,NA,NA,NA,NA,NA,NA,NA,NA,NA,NA,-26.4,36.6,-21.7,-17.5,-9.2,13.7,-15,69.8,NA,2.2,0,5.4,10,-35.4,-13.8,-12.9,75.5,NA,19.94,0.44603031873703003,7.8513168,0.006432177583298697,NA,27.79592,3.9,85.25,0.01
1993-06-01,NA,NA,NA,NA,NA,NA,NA,NA,71.3,-33.9,7.7,NA,NA,NA,NA,NA,-25.2,89.01541611632598,-27.9,NA,NA,NA,NA,NA,NA,6.8075,7.6,NA,NA,NA,NA,NA,NA,NA,NA,NA,NA,0.8447564461123921,117.4834,-21.7,-15.1,-9.3,-65,-47.4,46.8,56.9,60.6,-29,-15.2,1,8.1,NA,NA,-14.4,-60.7,-59.4,28.9,-12,-5.2,NA,NA,NA,NA,NA,NA,NA,NA,NA,NA,NA,NA,NA,NA,NA,NA,NA,NA,NA,NA,NA,NA,NA,NA,-25.1,39.8,-24.3,-18.8,-9.1,14.6,-16.6,68.8,NA,2,0.2,5.4,10.1,-36.7,-13.6,-12.6,76.2,NA,19.07,0.44547274708747864,4.5115483,0.0071797971856147735,NA,28.35886,6.1,63.48,0.04
1993-07-01,615786.6,339778.6,111934.5,134844.1,98348.7,96151.2,0.3,NA,69.8,-35.5,7.8,NA,14509223,80998,NA,129.9942,-26.5,89.69665296987087,-20.6,NA,NA,NA,NA,NA,90.22,6.6075,7.24,NA,NA,116.9,NA,NA,NA,53.6,64.8,NA,NA,0.8766610594990362,116.9907,-23.4,-15.9,-11.3,-69.5,-48.4,51.7,60.3,61.6,-32,-18,1.4,8.7,-66.5,-37.2,-17,-63.8,-62.7,30.5,-12.2,-5.5,NA,47.2,46,0.4,0.5,NA,NA,46,-15.4,76,NA,NA,NA,NA,NA,NA,NA,NA,NA,NA,NA,NA,NA,NA,-14.4,33.4,-17.6,-13.9,-7,12.9,-18.5,66.6,NA,1.4,0.3,4.7,9.4,-37,-16.1,-14.4,74.8,NA,17.866,0.4280058443546295,-6.9736169,0.005577394403657158,0.0973283,29.9532,62.8,45.69,0.24
1993-08-01,NA,NA,NA,NA,NA,NA,NA,NA,72.8,-32.5,7.9,NA,NA,NA,NA,NA,-25.9,91.51331492043603,-18.8,NA,NA,NA,NA,NA,NA,6.3725,6.61,NA,NA,NA,NA,NA,NA,NA,NA,NA,NA,0.8668953845681885,118.1882,-21.4,-15.5,-8.8,-65.9,-45.1,48.4,57,61.6,-30.2,-16.2,0.6,8.4,NA,NA,-13.3,-60.3,-60.4,28.1,-9.3,-5.9,NA,NA,NA,NA,NA,NA,NA,NA,NA,NA,NA,NA,NA,NA,NA,NA,NA,NA,NA,NA,NA,NA,NA,NA,-16.6,31.5,-15,-8.3,-7.2,16.6,-15.1,68.7,NA,2.1,0.4,4.2,8.9,-36.5,-15.4,-11.8,77.8,NA,18.009,0.2742467522621155,-6.2924139,0.007631137430411818,NA,31.61502,29.5,58.98,0.14
1993-09-01,NA,NA,NA,NA,NA,NA,NA,NA,72.4,-31.8,8,NA,NA,NA,NA,NA,-26.5,91.21048028056218,-23.8,NA,NA,NA,NA,NA,NA,6.19,6.63,NA,NA,NA,NA,NA,NA,NA,NA,NA,NA,0.8296222064289841,119.9013,-19.7,-15.1,-8.2,-67.4,-44.4,50.1,56.2,61,-25.4,-11.2,4.8,9.9,NA,NA,-10.6,-59.3,-60.6,27.1,-9.1,-5.9,NA,NA,NA,NA,NA,NA,NA,NA,NA,NA,NA,NA,NA,NA,NA,NA,NA,NA,NA,NA,NA,NA,NA,NA,-22.7,33.5,-20.2,-15.3,-6.9,12.7,-16.5,66.3,NA,1.8,0.3,4.4,9,-37,-16.1,-11.6,78.9,NA,17.514,0.2059912085533142,-4.1255502,0.014677382470703918,NA,31.62851,41.1,144.68,0
1993-10-01,615091.1,341684.1,111646.1,133076.7,100173.1,96357.2,-0.1,NA,72.4,-29.4,8.1,NA,14409974,81019,NA,130.7803,-25.8,89.09110202046037,-30.1,NA,NA,NA,NA,NA,91.103,5.985,6.640000000000001,NA,NA,119.6,NA,NA,NA,55.2,65.8,NA,NA,0.8374961013994059,119.7087,-23,-18.1,-11.4,-70.6,-46.2,45.2,56.6,61.3,-27.8,-16.4,1.3,8.5,-65.5,-35.4,-10.8,-57.9,-59.8,26,-4.3,-6.8,NA,49.9,41.6,0.5,0.8,NA,NA,43.6,-12.3,77,NA,NA,NA,NA,NA,NA,NA,NA,NA,NA,NA,NA,NA,NA,-33.7,37.1,-27.3,-19.3,-6,12.9,-16.5,69.2,NA,2.1,0.6,4.5,8.9,-34.6,-17,-11.5,78.2,NA,18.145,0.28040093183517456,-7.6736376,0.01212494908404377,0.1819588,33.36745,19.5,296.32,0
1993-11-01,NA,NA,NA,NA,NA,NA,NA,NA,72.1,-27,8.2,NA,NA,NA,NA,NA,-25.6,89.39388204633244,-24.1,NA,NA,NA,NA,NA,NA,5.9825,6.3100000000000005,NA,NA,NA,NA,NA,NA,NA,NA,NA,NA,0.8691961980335714,117.8207,-21.8,-15.6,-10.4,-68.9,-45.6,45.6,55.3,60.6,-26.5,-15.5,3.4,9.6,NA,NA,-6.3,-55.1,-57.9,24.1,-1.9,-10.2,NA,NA,NA,NA,NA,NA,NA,NA,NA,NA,NA,NA,NA,NA,NA,NA,NA,NA,NA,NA,NA,NA,NA,NA,-21.7,32.8,-25.8,-17.9,-6.2,11.2,-29.7,37.2,NA,1,0.4,3.5,7.2,-35.3,-15.9,-10.8,80.7,NA,16.699,0.2537727653980255,-13.254556,0.006060082980196201,NA,34.17908,55.4,521.84,0
1993-12-01,NA,NA,NA,NA,NA,NA,NA,NA,72.7,-26.8,8.3,NA,NA,NA,NA,NA,-23.8,88.86402610338995,-22.2,NA,NA,NA,NA,NA,NA,5.83,6.11,NA,NA,NA,NA,NA,NA,NA,NA,NA,NA,0.8743602460336533,117.087,-21,-16.6,-10.4,-69.4,-42.3,40.6,54.4,57.9,-27.5,-14.7,3.4,10.7,NA,NA,-4,-55.4,-56.8,23.1,-2.1,-10.2,NA,NA,NA,NA,NA,NA,NA,NA,NA,NA,NA,NA,NA,NA,NA,NA,NA,NA,NA,NA,NA,NA,NA,NA,-20.3,31.4,-19.3,-14.9,-6.1,16.3,-24.1,47,NA,2,0,3.3,7.5,-32.2,-15.4,-6.6,81.4,NA,14.51,0.23931021988391876,-18.432256,0.00818314875634609,NA,35.73101,27.4,458.33,0
1994-01-01,623980.9,342365.9,115294.3,137113.4,103416.5,98306.7,-0.1,NA,72.2,-24.4,8.4,NA,14508098,81112,NA,130.4561,-21.2,88.3,-26.4,NA,NA,NA,NA,NA,90.705,5.815,5.89,NA,NA,117.4,NA,NA,NA,55.4,63.1,NA,NA,0.8912328781131285,116.6383,-21.9,-18.5,-11.3,-70.2,-41.3,48,55.2,54.8,-30,-16.5,2.2,7.5,-66.6,-33.6,-3.4,-52.7,-54.7,19.9,-0.6,-6.9,NA,53.3,38.4,1.7,1.1,NA,NA,33.6,1,78.5,NA,NA,NA,NA,NA,NA,NA,NA,NA,NA,NA,NA,NA,NA,-30.6,32.9,-19.8,-15.6,-3.2,15.3,-9.8,73.8,NA,2.5,0.3,3.8,8.6,-30.5,-11.9,-7.6,82.4,NA,15,0.25964266061782837,-18.918186,0.01443408688968668,0,35.76378,14.9,463.88,0
1994-02-01,NA,NA,NA,NA,NA,NA,NA,NA,73.4,-21.9,8.5,NA,NA,NA,NA,NA,-23.5,87.9,-22.8,NA,NA,NA,NA,NA,NA,6.135,5.91,NA,NA,NA,NA,NA,NA,NA,NA,NA,NA,0.8882162560140708,116.8071,-21,-19,-11,-65.7,-38.5,44.9,51.3,51.8,-30.1,-15.6,1.1,7.5,NA,NA,-0.4,-50.6,-52.4,18.1,3.1,-6.7,NA,NA,NA,NA,NA,NA,NA,NA,NA,NA,NA,NA,NA,NA,NA,NA,NA,NA,NA,NA,NA,NA,NA,NA,-23,32.2,-19,-13.2,-3.9,11.8,-17.4,59.9,NA,2.5,0.2,4.4,6.8,-30.1,-16.9,-8.2,84.4,NA,14.78,0.4244730770587921,-24.996884,0.011999850045994312,NA,35.2394,17.4,501.84,0
1994-03-01,NA,NA,NA,NA,NA,NA,NA,NA,72.9,-19.8,8.5,NA,NA,NA,NA,NA,-22.6,88.7,-18.9,NA,NA,NA,NA,NA,NA,6.345,5.84,NA,NA,NA,NA,NA,NA,NA,NA,NA,NA,0.8652592505483605,118.1611,-18.9,-16.3,-9.5,-61.4,-34.3,42.4,50.4,48.4,-29,-15.6,2.9,9.4,NA,NA,4.3,-47.9,-50.1,16.2,4.8,-3.9,NA,NA,NA,NA,NA,NA,NA,NA,NA,NA,NA,NA,NA,NA,NA,NA,NA,NA,NA,NA,NA,NA,NA,NA,-18.5,30.4,-15.8,-7.9,-4.6,8.2,-11.8,62,NA,2.2,0.4,4.1,8.3,-30.1,-15.1,-8.1,86.9,NA,14.66,0.1690140813589096,-25.625457,0.012311644705921993,NA,35.21241,19.3,348.47,0
1994-04-01,627719.5,343751.6,115986.4,138678.4,108281.6,102515.6,0,NA,74,-16.6,8.6,NA,14472516,81144,NA,131.4258,-22.7,87.5,-23.2,NA,NA,NA,NA,NA,90.079,6.607,5.59,NA,NA,118,NA,NA,NA,56,63.2,NA,NA,0.8682758726474182,117.6833,-15.9,-15.1,-6.8,-55.1,-28.7,36.5,46.9,44.4,-25.7,-12.9,4.7,10.8,-66,-36.4,2,-45.2,-48.6,13.2,8.7,0.7,NA,61.5,30.4,1.7,2.3,NA,NA,26.5,5.1,80.3,NA,NA,NA,NA,NA,NA,NA,NA,NA,NA,NA,NA,NA,NA,-27.3,33.4,-23,-8.7,-6.1,11.5,-11.3,67.8,NA,2.5,0.6,4.8,7.5,-30.1,-15.4,-8.5,90.2,NA,16.38,0.2675933837890625,-13.402277,0.005554836353835074,0.1521221,36.24574,22.7,284.7,0
1994-05-01,NA,NA,NA,NA,NA,NA,NA,NA,73.6,-15,8.5,NA,NA,NA,NA,NA,-21.1,86.8,-21.7,NA,NA,NA,NA,NA,NA,6.6635,5.2,NA,NA,NA,NA,NA,NA,NA,NA,NA,NA,0.847619680647091,118.6535,-12.7,-12.1,-3.7,-46.4,-23.2,37.1,47.8,39.7,-22.6,-11.6,6.1,10,NA,NA,8.5,-40.9,-46.7,14.2,10,4.2,NA,NA,NA,NA,NA,NA,NA,NA,NA,NA,NA,NA,NA,NA,NA,NA,NA,NA,NA,NA,NA,NA,NA,NA,-21.3,33.5,-20.1,-10.4,-6.2,14.4,-10.6,70,NA,2.4,0.7,3.8,7.9,-29.1,-13.1,-7,92.3,NA,17.88,0.2976190447807312,-0.50332656,0.004494928905879825,NA,36.45588,24,150.4,0
1994-06-01,NA,NA,NA,NA,NA,NA,NA,NA,73.9,-13,8.5,NA,NA,NA,NA,NA,-23.4,87.1,-20.7,NA,NA,NA,NA,NA,NA,7.05238095238095,5.07,NA,NA,NA,NA,NA,NA,NA,NA,NA,NA,0.8330478620329987,119.3154,-9.5,-7.9,0,-32.3,-17.3,31.4,44.5,35.6,-22.3,-12.8,5.4,10.5,NA,NA,9,-37,-45,12.2,10.1,4.7,NA,NA,NA,NA,NA,NA,NA,NA,NA,NA,NA,NA,NA,NA,NA,NA,NA,NA,NA,NA,NA,NA,NA,NA,-23.3,33.8,-20.7,-4.9,-6.1,15,-11.5,71,NA,2.7,1,3.8,7.6,-30.4,-16.4,-6.9,94.8,NA,19.07,0.27558520436286926,-9.8355356,0.023340316427660688,NA,34.20028,7.7,72.9,4.58
1994-07-01,631197.1,344747.6,116044.1,139157.1,107842.4,104605.3,0.5,NA,73.7,-12,8.5,NA,14519366,81157,NA,131.845,-22.8,86.4,-28.9,NA,NA,NA,NA,NA,90.418,6.89619047619048,4.97,NA,NA,119.1,NA,NA,NA,56.7,63.5,NA,NA,0.8031884161711396,120.772,-8.6,-6.5,-0.6,-28.2,-16.3,29.3,45,32.5,-23.5,-11,5.7,11.1,-65.9,-33.3,3.1,-35.7,-43.2,9.7,9.3,5.9,NA,65.3,24.3,1.5,3.9,NA,NA,21.6,7.9,82.1,2.2,5.1,NA,NA,NA,NA,NA,NA,NA,NA,NA,NA,NA,NA,-43.7,32.8,-23.6,-10.3,-5.1,13.1,-12.4,69.5,NA,3.7,0.7,4.4,7.4,-30.3,-15.3,-5.2,95.6,NA,19.65,0.55472731590271,-5.8574461,0.024734692309938012,0.2397507,34.31595,14.6,1.71,31.09
1994-08-01,NA,NA,NA,NA,NA,NA,NA,NA,73.7,-10.1,8.4,NA,NA,NA,NA,NA,-23.3,87.6,-23.9,NA,NA,NA,NA,NA,NA,7.0895652173913,5,NA,NA,NA,NA,NA,NA,NA,NA,NA,NA,0.7999672773196035,121.1331,-7.6,-4.9,0.5,-26.7,-15.2,27.9,44.2,30.3,-22.1,-10.8,7,11.1,NA,NA,5.1,-31.6,-42,10,11.3,8.9,NA,NA,NA,NA,NA,NA,NA,NA,NA,NA,NA,NA,NA,NA,NA,NA,NA,NA,NA,NA,NA,NA,NA,NA,-28.7,30.7,-18.3,-12.3,-5.3,11.5,-10.9,68.6,NA,3.5,0.8,4.7,7.7,-32.1,-14.5,-3.6,97.2,NA,18.38,0.5842536687850952,-0.61416099,0.01141014867830887,NA,35.26254,7.2,24.76,13.36
1994-09-01,NA,NA,NA,NA,NA,NA,NA,NA,74.7,-7,8.4,NA,NA,NA,NA,NA,-23.8,88.4,-22.5,NA,NA,NA,NA,NA,NA,7.51545454545455,5.07,NA,NA,NA,NA,NA,NA,NA,NA,NA,NA,0.7929625785472152,120.2273,-7.7,-5.9,-0.6,-22.8,-13.2,29,46.7,27.3,-24.2,-11.2,9.4,11.8,NA,NA,6.3,-26.3,-38.3,7.6,12.8,11.4,NA,NA,NA,NA,NA,NA,NA,NA,NA,NA,NA,NA,NA,NA,NA,NA,NA,NA,NA,NA,NA,NA,NA,NA,-29.3,31.4,-22.4,-7,-4.9,12.2,-11.3,69.9,NA,3.2,0.4,3.7,8.1,-30.3,-17.3,-3.1,98.8,NA,17.46,0.47353288531303406,3.0612001,0.006539181609490875,NA,34.63984,11.9,112.14,0
1994-10-01,638065.5,346263.3,117255.3,142397.6,108416.7,106577.4,0.8,NA,76.2,-4,8.3,NA,14591626,81177,NA,131.707,-23.5,88,-24.3,NA,NA,NA,NA,NA,90.666,7.5415,5.22,NA,NA,120.3,NA,NA,NA,57.9,63.4,NA,NA,0.7770614010420129,120.5133,-5.6,-3,1.9,-19.3,-10.6,25,43.2,23.8,-20,-10.8,12.3,12.9,-65.9,-28.8,6.1,-23.1,-35.4,5.8,16.8,15.6,NA,68.4,18.4,2.3,5.5,NA,NA,16.6,10,83.2,4.8,6.9,NA,NA,NA,NA,NA,NA,NA,NA,NA,NA,NA,NA,-34.4,31,-21.4,-7.4,-4.8,10.7,-10.5,72.7,NA,2.9,0.5,3.2,7.2,-29.6,-17.5,-3.9,101.5,NA,17.71,0.21207177639007568,19.398131,0.010201169274897039,0.0906413,33.33274,6.1,299.83,0
1994-11-01,NA,NA,NA,NA,NA,NA,NA,NA,75.9,-2.8,8.3,NA,NA,NA,NA,NA,-25.6,87.7,-25.8,NA,NA,NA,NA,NA,NA,7.49142857142857,5.21,NA,NA,NA,NA,NA,NA,NA,NA,NA,NA,0.7867248175966214,120.2305,-7.1,-4.7,-0.2,-19.1,-11,25.6,45.2,22.1,-23.8,-12.5,9.6,13.6,NA,NA,13.4,-20,-30.5,5.4,16.9,19.3,NA,NA,NA,NA,NA,NA,NA,NA,NA,NA,NA,NA,NA,NA,NA,NA,NA,NA,NA,NA,NA,NA,NA,NA,-38.3,30.6,-22,-8.6,-5,12.4,-5.8,76.4,NA,3.3,0.5,3.6,7.9,-32.5,-18.7,-2.8,101,NA,18.1,0.33533602952957153,22.238751,0.0106401057533326,NA,33.71446,7.6,316.91,0
1994-12-01,NA,NA,NA,NA,NA,NA,NA,NA,76.1,-1.5,8.2,NA,NA,NA,NA,NA,-25.6,89.5,-23.3,NA,NA,NA,NA,NA,NA,7.46095238095238,5.4,NA,NA,NA,NA,NA,NA,NA,NA,NA,NA,0.8039042248048144,119.9151,-8.9,-6,-3.8,-20,-12.3,25.6,45.7,22.3,-24.2,-13.4,3.8,10.7,NA,NA,11,-18.9,-27.1,4.7,19.1,20.9,NA,NA,NA,NA,NA,NA,NA,NA,NA,NA,NA,NA,NA,NA,NA,NA,NA,NA,NA,NA,NA,NA,NA,NA,-29.5,31.5,-22.2,-9,-4.8,20.3,-8.2,77.6,NA,2.9,0.8,4.9,9.1,-32.8,-18.4,-3.3,100.9,NA,17.16,0.4216718077659607,29.002678,0.00573554289927905,NA,33.52938,10.6,445.32,0
1995-01-01,635544.2,345462.2,116361.2,138678.4,112673.6,107018.4,0.9,NA,74.7,-1.9,8.2,NA,14558950,81234,NA,130.7782,-28.8,87.5,-24.3,NA,NA,NA,NA,NA,91.926,7.59590909090909,5.16,NA,NA,116.6,NA,NA,NA,57.7,59.5,NA,NA,0.7829412576757694,121.2297,-8.9,-7.3,-4.2,-20.7,-11.7,26.8,47.4,23.6,-25.3,-12.2,6.6,11.9,-64.5,-32.8,12.9,-18.3,-27.4,4.2,16.8,18.9,NA,70.9,13.4,3,9.4,NA,NA,13.9,3.9,84.3,2.8,3.3,NA,NA,NA,NA,NA,NA,NA,NA,NA,NA,NA,NA,-33.7,28.6,-22.1,-10.7,-6.3,16,-15.7,67.5,NA,2.4,0.6,4.5,8.2,-34.8,-22.8,-3.3,100.5,NA,17.99,0.38231077790260315,30.098574,0.01333899751123164,0,33.31154,17.1,548.32,0
1995-02-01,NA,NA,NA,NA,NA,NA,NA,NA,75.7,-1.4,8.1,NA,NA,NA,NA,NA,-31.4,89.4,-22.1,NA,NA,NA,NA,NA,NA,7.424,5.1000000000000005,NA,NA,NA,NA,NA,NA,NA,NA,NA,NA,0.7676536304280025,122.5846,-10.3,-10.9,-3.2,-21,-13.1,27.4,47,24,-24.4,-14,4.8,10.8,NA,NA,8.3,-14.4,-26.8,4.1,14.3,19.6,NA,NA,NA,NA,NA,NA,NA,NA,NA,NA,NA,NA,NA,NA,NA,NA,NA,NA,NA,NA,NA,NA,NA,NA,-27,27.6,-23.1,-11.7,-11,15,-7.5,75.5,NA,2.2,0.3,5.9,9.7,-33.9,-28.8,-4.6,99.8,NA,18.53,0.3077045977115631,28.650491,0.010999364138589951,NA,33.76844,12.7,366.58,0
1995-03-01,NA,NA,NA,NA,NA,NA,NA,NA,75.2,-2.4,8.1,NA,NA,NA,NA,NA,-32.4,89.5,-26.9,NA,NA,NA,NA,NA,NA,7.27739130434783,5.07,NA,NA,NA,NA,NA,NA,NA,NA,NA,NA,0.719183160090601,126.5308,-8.3,-8.5,-0.5,-15.2,-12.1,23.8,47.7,23.4,-22.8,-12.2,9.7,10.5,NA,NA,5.8,-16.8,-29.3,2.5,12,17.4,NA,NA,NA,NA,NA,NA,NA,NA,NA,NA,NA,NA,NA,NA,NA,NA,NA,NA,NA,NA,NA,NA,NA,NA,-33.7,31.1,-26,-15.9,-11.8,14.9,-18.3,70.7,NA,2.2,0.4,5.3,9.1,-37.1,-27.6,-10.9,100.3,NA,18.55,0.44819310307502747,38.467178,0.05043233667139721,NA,32.29941,15.9,442.13,0
1995-04-01,641021.5,348320.1,118072.4,140261.9,113721,109961.7,1,NA,75.6,-6,8.1,NA,14536542,81277,NA,130.8824,-37.9,88.7,-26.7,NA,NA,NA,NA,NA,92.286,7.08833333333333,4.68,NA,NA,117.9,NA,NA,NA,58.2,60.5,NA,NA,0.7058895711794992,126.2412,-8.5,-7.2,-1.1,-15.8,-12.8,25.5,45.7,24.8,-24.7,-13,4.7,11.1,-65.3,-35.3,0.2,-17.9,-30.1,6.1,6,12.2,NA,69.7,13.8,3.8,8.7,NA,NA,16,-8.5,84.6,-9.8,-9.5,29.4,22.3,43.2,NA,NA,NA,NA,NA,NA,NA,NA,NA,-32.9,33.8,-28.3,-13.3,-3.1,12.4,-21,67.7,NA,1.5,0.2,5.2,11.6,-41.8,-34,-15.2,104.4,31.6,19.87,0.3096774220466614,41.02034,0.03879667120419312,0,31.99095,17.1,275.19,0
1995-05-01,NA,NA,NA,NA,NA,NA,NA,NA,76.1,-5.5,8.1,NA,NA,NA,NA,NA,-38.6,90.1,-24.3,NA,NA,NA,NA,NA,NA,6.86238095238095,4.59,NA,NA,NA,NA,NA,NA,NA,NA,NA,NA,0.7197455811599167,124.3783,-8.6,-7,0.4,-19.8,-14,24.1,44.4,27.4,-24.4,-13.8,7.8,11.2,NA,NA,6.1,-15.6,-29.3,6.6,5.7,11.6,NA,NA,NA,NA,NA,NA,NA,NA,NA,NA,NA,NA,29.5,22.5,43.3,NA,NA,NA,NA,NA,NA,NA,NA,NA,-27.9,33,-23.2,-12,-3.3,13.4,-23.4,67,NA,1.4,0.1,5.1,10.3,-42.9,-34.2,-19.9,104.6,31.7,19.74,0.4360940456390381,40.588536,0.012908259211456866,NA,33.19201,26.8,169.76,0
1995-06-01,NA,NA,NA,NA,NA,NA,NA,NA,75.4,-7,8.1,NA,NA,NA,NA,NA,-40,89.9,-25.1,NA,NA,NA,NA,NA,NA,6.783,4.53,NA,NA,NA,NA,NA,NA,NA,NA,NA,NA,0.7159620212390648,123.9551,-8.2,-5.3,1.6,-21.3,-15.9,23.2,44.7,30.4,-22.9,-13,10.7,12.3,NA,NA,-5,-18.2,-30.2,7,4.3,10.4,NA,NA,NA,NA,NA,NA,NA,NA,NA,NA,NA,NA,29.6,22.6,43.2,NA,NA,NA,NA,NA,NA,NA,NA,NA,-31.9,31,-22.7,-12.4,-3.2,11.6,-23,66.7,NA,1.2,0.1,5.7,9.8,-44.4,-35.6,-21.9,104.3,31.8,18.42,0.3326065242290497,29.122201,0.008932370422406445,NA,33.98629,31,108.89,0.01
1995-07-01,642064.8,349532.6,119937.4,139746.3,114531.8,110785.8,0.7,NA,75,-9.2,8.2,NA,14598252,81335,NA,130.0103,-42,88.2,-25.4,NA,NA,NA,NA,NA,92.859,6.86238095238095,4.5600000000000005,NA,NA,118.3,NA,NA,NA,58.6,60.3,NA,NA,0.710388939734026,124.5274,-7.8,-5.5,1.6,-20.3,-16.7,24.1,45.7,33.1,-20.2,-10.4,9.4,12.6,-64.3,-32.6,-2.6,-21.7,-29.9,8.1,2.1,8.1,NA,72.1,14.8,2,6.9,NA,NA,17,-12.1,84,-2.3,-2.5,31.8,24.5,46.3,NA,NA,NA,NA,NA,NA,NA,NA,NA,-33,29.2,-19.7,-13.8,-3.1,9.1,-23.6,67.8,NA,1.3,-0.1,4.8,11.6,-47.2,-36.8,-24,104.4,34.2,17.3,0.413335919380188,27.345147,0.0037736793942188267,0.061546,34.74009,12,3.73,13.76
1995-08-01,NA,NA,NA,NA,NA,NA,NA,NA,74.3,-9.9,8.3,NA,NA,NA,NA,NA,-44.8,89.5,-24.8,NA,NA,NA,NA,NA,NA,6.74608695652174,4.46,NA,NA,NA,NA,NA,NA,NA,NA,NA,NA,0.7388678975166554,122.2911,-9.3,-5.6,0.9,-24.3,-20.5,23.2,45.8,34.9,-21.3,-12.2,6.4,11.9,NA,NA,-1,-20.7,-30.4,9.8,0.8,6.7,NA,NA,NA,NA,NA,NA,NA,NA,NA,NA,NA,NA,33.1,24.8,46.1,NA,NA,NA,NA,NA,NA,NA,NA,NA,-30.7,29.1,-19.7,-14.5,-3.3,11.9,-25.4,66.4,NA,0.6,0.2,4.8,11.5,-49.3,-40.3,-26.7,103.5,34.7,18.03,0.47719627618789673,33.178949,0.00414153863543569,NA,35.52858,11.7,27.08,1.95
1995-09-01,NA,NA,NA,NA,NA,NA,NA,NA,75.6,-12.3,8.3,NA,NA,NA,NA,NA,-47.5,89,-25.2,NA,NA,NA,NA,NA,NA,6.5852380952381004,4.19,NA,NA,NA,NA,NA,NA,NA,NA,NA,NA,0.7476621178732302,121.6105,-9.8,-4.4,0.4,-24.3,-21.4,21.1,43.9,36.3,-22.5,-13.8,8.7,11.7,NA,NA,-5.6,-26.5,-31.1,11.8,1.3,3.4,NA,NA,NA,NA,NA,NA,NA,NA,NA,NA,NA,NA,33.1,25,46.2,NA,NA,NA,NA,NA,NA,NA,NA,NA,-28.4,30,-18.9,-17.2,-2.8,7.4,-25.7,67.6,NA,0.5,0,6.1,10.6,-54.4,-40.7,-31.5,102.3,34.8,18.23,0.28779157996177673,29.358162,0.016644782168954028,NA,35.6404,16.2,125.43,0
1995-10-01,642412.6,351091.5,121552.5,138715.3,116221.1,112022,0.4,NA,73.7,-11.5,8.4,NA,14536046,81386,NA,129.8385,-47.5,87.9,-25,NA,NA,NA,NA,NA,93.564,6.5652380952381,4.09,NA,NA,119.3,NA,NA,NA,59.9,60,NA,NA,0.7231201075758118,123.1511,-10.6,-5.2,-0.6,-28.1,-24.1,22.3,46.6,38.5,-24.8,-12.7,3.4,11.1,-66.9,-34.7,-9.2,-25,-30.8,11.9,2.3,4.1,NA,72.4,17.1,1.4,4.5,NA,NA,22.2,-13.6,83.6,-3,-3.3,32,29.6,43.3,NA,NA,NA,NA,NA,NA,NA,NA,NA,-30,31.9,-22.9,-13.2,-7.6,7,-27.5,66.7,NA,0.7,-0.3,5.1,12.8,-53,-42.1,-31.7,102.4,35,17.44,0.25076353549957275,13.448372,0.02337591508960732,0.2531485,34.21763,9.6,160.84,0
1995-11-01,NA,NA,NA,NA,NA,NA,NA,NA,74.2,-12.2,8.4,NA,NA,NA,NA,NA,-49,89.1,-23.2,NA,NA,NA,NA,NA,NA,6.34181818181818,4.01,NA,NA,NA,NA,NA,NA,NA,NA,NA,NA,0.7242449497144435,122.6895,-11.3,-5,-1.7,-31.8,-26.9,21.5,45,40.9,-24.2,-11.6,6.6,11.6,NA,NA,-4.2,-26.8,-34.2,10.5,0.6,3.9,NA,NA,NA,NA,NA,NA,NA,NA,NA,NA,NA,NA,32.1,29.8,43.4,NA,NA,NA,NA,NA,NA,NA,NA,NA,-27,31,-22.6,-11.7,-7.8,10.4,-25,63.9,NA,0.8,-0.1,5.6,10.9,-55.7,-42.3,-31.4,102.2,35.1,17.99,0.2950623631477356,9.8032309,0.013651496012259016,NA,34.09039,22.7,441.4,0
1995-12-01,NA,NA,NA,NA,NA,NA,NA,NA,74.6,-14.6,8.5,NA,NA,NA,NA,NA,-49.7,88.8,-22.9,NA,NA,NA,NA,NA,NA,6.07473684210526,3.94,NA,NA,NA,NA,NA,NA,NA,NA,NA,NA,0.736618213239392,122.1304,-13,-6.4,-2.2,-37.9,-30.4,20.7,46.5,43.8,-22.4,-13,5.3,10.3,NA,NA,-6.7,-30.3,-34.5,13.4,0,2.3,NA,NA,NA,NA,NA,NA,NA,NA,NA,NA,NA,NA,31.1,30.1,43.5,NA,NA,NA,NA,NA,NA,NA,NA,NA,-31.3,29.2,-17.6,-8.3,-7.6,11.2,-30.4,51.9,NA,1.1,0.3,5,12.6,-53.7,-45.7,-34.2,100.7,34.9,19.04,0.2546756863594055,7.8845358,0.009507507500046348,NA,35.0177,25.8,613.92,0
1996-01-01,637717.7,353224.2,120740.1,131387.3,117868.4,112419.3,0.9,NA,74.5,-17.4,8.5,NA,14379552,81420,NA,128.1854,-49.9,88.6,-23.5,87.9,91.5,93.8,65.7,86.6,93.914,5.88727272727273,3.61,NA,NA,120.1,NA,NA,NA,60.1,60.6,NA,NA,0.7473553427445125,121.1856,-16.2,-11.4,-5.8,-46.7,-33.6,24.2,49.2,47.2,-26.1,-14.2,4.5,9.3,-67.1,-33.4,-8.4,-32.6,-36.2,14.5,-5.1,1.6,NA,70.6,20,1.9,2.8,4.4,NA,27.4,-18.6,82.1,-0.5,0.5,37.8,33.6,36.1,NA,NA,NA,NA,NA,NA,NA,NA,NA,-28.1,28.7,-16.5,-13.7,-6.5,7.1,-28.9,51.5,21,1,0.6,2.9,10.4,-51.8,-48,-36.5,98.4,35.8,18.88,0.23179814219474792,2.8614541,0.023300893187362576,0.0631512,36.38648,20.8,643.97,0
1996-02-01,NA,NA,NA,NA,NA,NA,NA,NA,74.5,-20.4,8.6,NA,NA,NA,NA,NA,-50.4,87.8,-25.7,88.4,92,94.6,66.1,87.4,NA,6.20428571428571,3.35,NA,NA,NA,NA,NA,NA,NA,NA,NA,NA,0.7496050270217759,121.3977,-17.3,-11.6,-5.1,-49.8,-36.7,22.5,46.2,48.8,-24.8,-16,4.4,10.1,NA,NA,-9.6,-38.2,-37.5,16.8,-6.3,-2.4,NA,NA,NA,NA,NA,NA,NA,NA,NA,NA,NA,NA,39.2,34,36.1,NA,NA,NA,NA,NA,NA,NA,NA,NA,-30.2,32.4,-21.7,-14.5,-6.3,6,-39.3,42.9,19.7,1,0.6,2.9,7.6,-50.9,-49.9,-37.7,96.9,36.4,19.07,0.3104724884033203,-4.7471664,0.011892651315239606,NA,37.05159,21.1,579.53,0
1996-03-01,NA,NA,NA,NA,NA,NA,NA,NA,74.7,-22.6,8.6,NA,NA,NA,NA,NA,-49,87.3,-22.8,88.5,92,95.2,66.3,87.3,NA,6.4452380952381,3.36,NA,NA,NA,NA,NA,NA,NA,NA,NA,NA,0.7555360128436521,120.2009,-15.7,-9.3,-4.1,-48.7,-35.7,18.3,44.1,49.5,-25.8,-13.6,4.3,11.1,NA,NA,-15.2,-39,-39.8,19.5,-9.4,-1.9,NA,NA,NA,NA,NA,NA,NA,NA,NA,NA,NA,NA,38.9,34.6,36.2,NA,NA,NA,NA,NA,NA,NA,NA,NA,-26.2,29.2,-21.4,-13,-7.1,5.4,-37.6,39,21.3,0.9,0.3,2.9,7.7,-49.5,-48.5,-37.1,96.6,36.6,21.36,0.2239929437637329,-8.5229191,0.015881389996018853,NA,37.25787,28.9,510.47,0
1996-04-01,646759.7,354826.4,121624.5,141679.6,118375.1,113155,0.1,NA,74.2,-22.4,8.7,NA,14481063,81450,NA,127.2073,-46.3,89.2,-20.5,88.4,91.7,95.5,67,86.9,92.289,6.377,3.33,NA,NA,121.6,NA,NA,NA,60.8,61.4,NA,NA,0.7694431520121892,118.5774,-16.7,-11.6,-5.4,-50.5,-36.1,21.3,46.7,49.9,-25.2,-13.6,1.7,10.6,-66.9,-33.8,-12.5,-39.6,-39.7,18.6,-8.9,-1.7,NA,67,26.6,1.4,1.7,3.6,NA,28.5,-13.5,82,0.5,3.8,31.4,29,38,NA,NA,NA,NA,NA,NA,NA,NA,NA,-21.7,30.1,-18.9,-9.5,-8.1,1.9,-5.5,53.1,20.7,1.4,0.4,2.7,8,-47.4,-45.2,-32.1,95.6,32.8,23.57,0.17574691772460938,-3.7402163,0.025869246227153933,0.1241773,37.60103,24.5,281.48,0
1996-05-01,NA,NA,NA,NA,NA,NA,NA,NA,75.1,-21.6,8.8,NA,NA,NA,NA,NA,-47.5,88.2,-24.3,88.6,92,95.3,66.8,87.4,NA,6.446,3.29,NA,NA,NA,NA,NA,NA,NA,NA,NA,NA,0.7840149706262814,117.4117,-17.3,-11.9,-4.9,-51.5,-37,20.5,46,49.8,-24.4,-15.4,1,9.8,NA,NA,-14.1,-39,-38.3,18.1,-7.8,-0.9,NA,NA,NA,NA,NA,NA,NA,NA,NA,NA,NA,NA,31.5,29.3,38,NA,NA,NA,NA,NA,NA,NA,NA,NA,-27.7,32.9,-24.7,-12.4,-8.3,4.3,-6,55.7,19.6,1.2,0.1,2.5,8.6,-49,-46,-28.8,95.6,33,21.25,0.2159510999917984,-6.5548453,0.028660262090278606,NA,37.48729,31,202.18,0
1996-06-01,NA,NA,NA,NA,NA,NA,NA,NA,75,-21.9,8.8,NA,NA,NA,NA,NA,-49.7,87.8,-25.2,88.7,92.2,95.3,66.2,87.8,NA,6.55894736842105,3.39,NA,NA,NA,NA,NA,NA,NA,NA,NA,NA,0.7809472193391042,117.7303,-17.5,-10.8,-5.4,-52.5,-37.8,20.3,44,50.5,-24.3,-16,1.6,8,NA,NA,-13.6,-40.7,-39.7,18.5,-6.7,-1.1,NA,NA,NA,NA,NA,NA,NA,NA,NA,NA,NA,NA,31.6,29.4,38.1,NA,NA,NA,NA,NA,NA,NA,NA,NA,-32.3,32.2,-18.1,-11.3,-8.2,8,-13.1,56.4,20.5,1.4,0,2.7,9,-52.7,-46.8,-30.1,95.4,33,20.45,0.23334378004074097,-17.235376,0.02467464063107313,NA,38.17939,20.6,86.16,3.02
1996-07-01,649020.1,355389.3,123451,141329.7,121314.2,113920.2,-0.3,NA,74.3,-20,8.9,NA,14467472,81487,NA,126.4526,-50.5,87.9,-15.7,88.9,92.5,95.2,66.3,88.4,92.783,6.47869565217391,3.38,NA,NA,122.7,NA,NA,NA,61.6,61.6,NA,NA,0.7694942812003088,118.5565,-17.9,-12,-6.6,-49.4,-36.7,18.7,44.2,50.8,-25.3,-16.1,3.5,9.6,-69,-37.7,-10.8,-38.8,-39.4,18.3,-3.1,-1.4,NA,64.9,27.1,1,1.3,4.2,NA,24.8,-8.8,81.9,3.6,5,31.8,34,40.8,NA,NA,NA,NA,NA,NA,NA,NA,NA,-15.5,26.5,-15.4,-5.1,-8,10.4,-16.7,56.6,21.4,0,0,3.5,9.3,-52.9,-48,-29.5,97.2,35.5,21.32,0.18056076765060425,-30.166543,0.04512834390913196,0.2059167,37.85165,15.8,53.62,0.01
1996-08-01,NA,NA,NA,NA,NA,NA,NA,NA,75.7,-19.1,9,NA,NA,NA,NA,NA,-50.9,88.5,-19.1,88.8,92.6,94.1,66.6,88.5,NA,6.30227272727273,3.29,NA,NA,NA,NA,NA,NA,NA,NA,NA,NA,0.7581436014377527,119.0909,-16.5,-10.1,-3.2,-47.7,-37.5,18,44,50.6,-20.6,-15.4,5.6,7.8,NA,NA,-8.8,-36.7,-39.8,18.2,-2.5,0.5,NA,NA,NA,NA,NA,NA,NA,NA,NA,NA,NA,NA,33.1,34.2,40.6,NA,NA,NA,NA,NA,NA,NA,NA,NA,-20.6,25.8,-14.5,-11,-8.3,7.9,-18.3,55.9,23.5,0.1,0,3.1,8.7,-52.3,-49.5,-29.4,98,36,21.96,0.19913943111896515,-33.032857,0.032250767098883526,NA,38.18132,24.8,16.57,0.18
1996-09-01,NA,NA,NA,NA,NA,NA,NA,NA,75.9,-17.7,9.1,NA,NA,NA,NA,NA,-50.4,88.8,-17.6,88.8,92.4,93.4,67.7,88.2,NA,6.22666666666667,3.12,NA,NA,NA,NA,NA,NA,NA,NA,NA,NA,0.7699033147052659,117.9289,-16.1,-9,-3.3,-50,-37.2,16.3,42.4,50.6,-20.7,-14.8,5.1,10.6,NA,NA,-2.2,-35.6,-36.6,17,-0.5,-0.8,NA,NA,NA,NA,NA,NA,NA,NA,NA,NA,NA,NA,33.1,34.4,40.6,NA,NA,NA,NA,NA,NA,NA,NA,NA,-22,24.4,-17.8,-6.4,-7.7,3.6,-19.7,55.1,24.3,0,0.2,2.6,8.7,-53.6,-47.1,-30.6,98.9,36,23.99,0.29146990180015564,-38.479653,0.028787935436997557,NA,38.74232,17.5,194.64,0
1996-10-01,655106.1,356645.2,123393.3,141587.5,126719.4,118334.6,0.4,NA,75,-15.2,9.2,NA,14402243,81509,NA,125.531,-50.5,87.8,-17.5,88.7,92.2,93.1,68.5,87.8,92.263,6.00863636363636,3.12,NA,NA,124.3,NA,NA,NA,63,61.7,NA,NA,0.7814073820321807,116.7734,-17.2,-11.9,-5.3,-49.1,-37.9,16.8,43.6,50.6,-23.1,-13.7,6.7,8.5,-67.1,-34.4,-4,-33.4,-33.6,14.3,2,-1.6,NA,71.1,21.1,1,1.2,3.4,NA,23.6,-7.9,82,4.3,3.5,34,30.5,45,NA,NA,NA,NA,NA,NA,NA,NA,NA,-21.4,27,-12.9,-4.2,-6.3,6.5,-21.4,54,23.9,0.6,0.3,3.4,9.6,-54.2,-46.9,-28.7,99.8,36.5,24.9,0.12675094604492188,-29.188483,0.024890619021087752,0.2148074,39.92025,23.4,252.3,0
1996-11-01,NA,NA,NA,NA,NA,NA,NA,NA,75.9,-15.8,9.3,NA,NA,NA,NA,NA,-52.8,87.9,-18,88.6,92.1,93.1,68.3,87.4,NA,5.85952380952381,3.19,NA,NA,NA,NA,NA,NA,NA,NA,NA,NA,0.7729199368043235,116.7714,-17.5,-11.8,-5,-49.2,-38.2,16.5,45.1,50.6,-23.7,-15.2,4.5,8.5,NA,NA,-4.7,-34.5,-34.4,15.8,2.9,-1.4,NA,NA,NA,NA,NA,NA,NA,NA,NA,NA,NA,NA,34.1,30.7,45.1,NA,NA,NA,NA,NA,NA,NA,NA,NA,-24.4,25.2,-17.1,-4.4,-6.6,9,-23.4,50.5,25.3,0.5,0.2,2.8,8.2,-57,-48.6,-30.8,99.4,36.6,23.71,0.12212911993265152,-4.7193009,0.015003721091977557,NA,40.45234,28.4,396.15,0
1996-12-01,NA,NA,NA,NA,NA,NA,NA,NA,76,-15.3,9.4,NA,NA,NA,NA,NA,-51.9,87.4,-18.8,89,92.4,93.3,68.6,88.1,NA,5.79,3.23,NA,NA,NA,NA,NA,NA,NA,NA,NA,NA,0.7932693536759331,115.9345,-18.7,-12.2,-6.9,-49.3,-38.8,17.6,47.5,50.9,-22.3,-16.8,2.7,9.9,NA,NA,-7.4,-35.1,-35.5,15.1,4.3,-3.3,NA,NA,NA,NA,NA,NA,NA,NA,NA,NA,NA,NA,33.1,30.8,45.1,NA,NA,NA,NA,NA,NA,NA,NA,NA,-23.8,28.3,-17.6,-4.3,-6.4,5.9,-21.7,48.8,26.5,0.7,0.3,2.4,7.5,-54.5,-49.2,-31.5,99.1,36.3,25.39,0.21923193335533142,-2.2828758,0.033948168577075416,NA,41.47411,23.9,624.26,0
1997-01-01,651693.9,357576.1,123989.3,137021.4,129085.2,121815,0.4,NA,75.5,-12.4,9.5,NA,14280805,81516,NA,123.7082,-48.9,88.4,-16,89.5,92.7,95.1,69.3,88.5,92.781,5.80409090909091,3.14,NA,NA,124.8,NA,NA,NA,63,62.3,NA,NA,0.8200610482506149,115.2909,-16.9,-11,-4.6,-53,-39.1,12.9,45,50.6,-21.9,-13.1,5.5,10,-68.8,-36.9,2,-32.2,-33,11.7,6.7,-3.2,NA,70.5,20.6,1.9,2,3.5,NA,21.2,-1.3,83.4,7.4,8.6,33.8,28.2,44.2,NA,NA,NA,NA,NA,NA,NA,NA,NA,-16.1,26.1,-16.3,-5.8,-13.6,4.3,-27.5,47.5,27.5,0.7,0.5,2.3,7.9,-51.7,-46.1,-32.2,101.1,35.4,25.17,0.12067274749279022,-3.9356149,0.012687013933957016,0.2944294,43.10701,20.8,640.37,0
1997-02-01,NA,NA,NA,NA,NA,NA,NA,NA,75.9,-11.5,9.5,NA,NA,NA,NA,NA,-46.8,86.5,-22.8,89.9,93.2,95.3,69,89.4,NA,5.5445,3.19,NA,NA,NA,NA,NA,NA,NA,NA,NA,NA,0.8567206761323837,114.0029,-19.1,-13.6,-7.5,-57.9,-40.9,17.7,44.9,50.1,-22.1,-14.5,2.2,8.8,NA,NA,-0.7,-29.2,-29.5,10.6,5.3,0.6,NA,NA,NA,NA,NA,NA,NA,NA,NA,NA,NA,NA,35.3,28.6,44.2,NA,NA,NA,NA,NA,NA,NA,NA,NA,-30.5,29.2,-19.1,-8.7,-13.5,4.4,-17.5,53.1,28.9,0.9,0.8,3,9.2,-53.5,-40,-33.9,100.6,36,22.21,0.14687523245811462,-5.6149883,0.006434771144012293,NA,46.11447,14.5,378.44,0
1997-03-01,NA,NA,NA,NA,NA,NA,NA,NA,76.8,-10.5,9.6,NA,NA,NA,NA,NA,-46.9,86.6,-21.5,89.8,93.2,94.9,68.6,89.5,NA,5.71526315789474,3.26,NA,NA,NA,NA,NA,NA,NA,NA,NA,NA,0.8666397386275904,113.6131,-17.9,-10.5,-5.1,-54.9,-40,17.2,44.4,50.1,-23.7,-15.9,3.9,8.9,NA,NA,-5.4,-27.2,-31.5,9.3,4.9,-1.3,NA,NA,NA,NA,NA,NA,NA,NA,NA,NA,NA,NA,33.3,28.9,44.3,NA,NA,NA,NA,NA,NA,NA,NA,NA,-25.2,27.1,-22.1,-12.2,-14.5,4,-9.7,57.7,28.2,1,0.6,2.8,8.2,-51.7,-42.2,-32.8,101.3,35.5,20.99,0.20289285480976105,-3.1740947,0.006726531105548448,NA,48.4896,9.5,359.78,0
1997-04-01,659257.6,358355.6,124469.9,139985.7,132835.2,122962.8,0.5,NA,76.4,-9.1,9.7,NA,14386513,81532,NA,122.9023,-48.9,87.4,-21.7,89.5,92.8,95.4,68.4,88.7,91.564,5.86681818181818,3.23,NA,NA,125.8,NA,NA,NA,63.7,62.6,NA,NA,0.8748204087267298,112.6347,-17.5,-12.3,-3.8,-50.8,-38,16,43.6,49.8,-19.5,-15.8,6.3,8,-67.7,-35.9,12.1,-24.1,-29.3,8,4.7,2.3,NA,73.1,18.4,2.1,2.3,3.4,NA,18.6,1.2,83.9,7.4,9.2,40.1,25.9,45.5,NA,NA,NA,NA,NA,NA,NA,NA,NA,-22.7,30.8,-20.3,-11.7,-19,3.3,-13.8,54.5,27.5,0.5,0.3,2.4,8.6,-53.6,-44.2,-32.8,102.2,37.2,19.72,0.22929592430591583,-9.4575396,0.0062131114890337305,0.0618697,48.36814,10.8,342.64,0
1997-05-01,NA,NA,NA,NA,NA,NA,NA,NA,75.9,-9.8,9.7,NA,NA,NA,NA,NA,-50.8,86.5,-21.4,89.9,93.2,96.3,68.4,89.3,NA,5.76111111111111,3.17,NA,NA,NA,NA,NA,NA,NA,NA,NA,NA,0.8702187817959639,112.812,-16.1,-10,-3.6,-50.5,-36.7,15.6,44.6,50.4,-19.5,-14,6.3,8.1,NA,NA,-3.9,-24.3,-28.8,9,3.8,2.5,NA,NA,NA,NA,NA,NA,NA,NA,NA,NA,NA,NA,38.4,26.1,45.7,NA,NA,NA,NA,NA,NA,NA,NA,NA,-25.7,27.9,-18.6,-10.8,-21.5,5.9,-21.2,50.7,29.3,1,0.3,3.4,7.7,-55.5,-46.2,-29.6,102.2,36.8,20.83,0.16984029114246368,-16.893029,0.008198099090209219,NA,51.18475,12.9,155.4,0
1997-06-01,NA,NA,NA,NA,NA,NA,NA,NA,78,-7.3,9.7,NA,NA,NA,NA,NA,-50.2,87.7,-26.2,90,93.3,96.8,68.1,89.7,NA,5.71857142857143,3.14,NA,NA,NA,NA,NA,NA,NA,NA,NA,NA,0.882643174509032,111.9447,-17.1,-10.5,-5.6,-53,-37.4,17.6,45.8,51.3,-19.3,-14.8,4.7,8.8,NA,NA,10.1,-20.3,-27.7,7.2,5.7,2,NA,NA,NA,NA,NA,NA,NA,NA,NA,NA,NA,NA,38.5,26.3,46,NA,NA,NA,NA,NA,NA,NA,NA,NA,-32.7,33.7,-20.6,-12,-21.5,3.5,-20,50.2,30.1,0.2,0.1,2.5,9.4,-56.2,-44.2,-30.4,102.7,37,19.17,0.12291723489761353,-17.385683,0.005907696303249111,NA,53.17816,23.6,61.99,0.5
1997-07-01,661431,357576.1,124450.7,140225,139929.6,127053.7,0.6,NA,78.9,-5.2,9.7,NA,14396355,81520,91.4,121.3856,-51.1,86.4,-21.6,90.3,93.8,96.3,68.2,90.5,91.4,5.55652173913044,3.14,NA,NA,126.3,NA,NA,NA,64.2,62.6,NA,NA,0.916183921915504,111.2166,-16.9,-10.4,-4.2,-52.8,-36.8,17.5,45.7,51.3,-21,-16.3,6,10.1,-67.6,-35.4,5,-17.4,-22,7.1,8.9,4.5,-9,77.3,15,1.6,1.9,2.3,NA,13.3,5.4,84.8,9.6,14.4,38.8,25.1,44.1,NA,NA,NA,NA,NA,NA,NA,NA,NA,-28.3,29.3,-14.6,-7.3,-17,11.6,-20.7,50,30.7,0.1,0.2,2.6,9.5,-58.8,-43.4,-28.9,103.3,36,19.63,0.1189383864402771,-12.216112,0.03678003986848326,0.1613077,58.02674,22.2,10.87,0
1997-08-01,NA,NA,NA,NA,NA,NA,NA,NA,76.5,-4.6,9.7,NA,NA,NA,90.3,NA,-51.1,84.4,-28.8,90.4,93.9,95.5,69.6,90.7,NA,5.66,3.26,NA,NA,NA,NA,NA,NA,NA,NA,NA,NA,0.942004161915913,110.6493,-15.7,-10.7,-2.1,-49.5,-34.6,14.1,43.6,50,-16.9,-15.7,5.4,9.6,NA,NA,-0.5,-18.6,-21.8,6.6,11.2,4.7,-8.6,NA,NA,NA,NA,NA,NA,NA,NA,NA,NA,NA,40.2,25.5,43.8,NA,NA,NA,NA,NA,NA,NA,NA,NA,-40,34.8,-23.5,-11.7,-19.9,8.3,-23.7,50.8,29.9,0.6,0.1,3.4,8,-58.5,-43.8,-25.2,103.9,36.5,19.93,0.10061409324407578,-15.793311,0.06680251619221858,NA,58.56654,8.7,5.12,7.18
1997-09-01,NA,NA,NA,NA,NA,NA,NA,NA,77.2,-2.7,9.7,NA,NA,NA,92,NA,-50.2,86.3,-25,90.1,93.6,95.3,69.3,90.1,NA,5.59272727272727,3.31,NA,NA,NA,NA,NA,NA,NA,NA,NA,NA,0.91536585490559,111.454,-14.9,-9.9,-1.9,-47.3,-33,19.4,46,49.3,-19.4,-15,5.9,9.7,NA,NA,7.5,-14.1,-20.1,4.9,11,3.6,-7.1,NA,NA,NA,NA,NA,NA,NA,NA,NA,NA,NA,40.1,25.7,43.9,NA,NA,NA,NA,NA,NA,NA,NA,NA,-32.9,33.5,-24.4,-8.7,-17.5,7.2,-21.8,50.3,32.6,0.6,0.2,2,9.2,-57.6,-42.7,-24.4,105.1,36.6,19.79,0.08207754790782928,-15.64518,0.07743931639032446,NA,56.49023,0.7,98.88,0
1997-10-01,666299.6,360131.2,122508.9,141771.6,141821.5,128701.9,0.8,NA,78.3,-2,9.7,NA,14358961,81473,91.9,121.0479,-51.8,87.8,-21.3,90,93.4,95.3,69.5,89.7,91.454,5.57818181818182,3.58,NA,NA,127.5,NA,NA,NA,64.9,63,NA,NA,0.8984932228261148,112.0713,-13.4,-7.6,0.5,-42.5,-31.8,21.3,46.2,49.8,-15.5,-14.6,14.1,11.3,-69.1,-30.8,8.3,-11.5,-18.5,4.4,9.8,6.6,-6.8,76.6,12.5,2.8,2.9,3.5,NA,11.4,2.5,85.6,9.9,8.3,38,26.5,47.8,NA,NA,NA,NA,NA,NA,NA,NA,NA,-22.8,32.7,-22.2,-8.3,-18.2,7.5,-21.6,51.4,33.5,0.6,0,2.2,8.1,-61,-42.7,-24.6,106.3,37.4,21.26,0.09135200828313828,-13.605748,0.04224787869093385,0.129828,57.03389,9.1,289,0
1997-11-01,NA,NA,NA,NA,NA,NA,NA,NA,78.7,-2.1,9.7,NA,NA,NA,91.6,NA,-50.3,85.7,-25.3,90,93.5,95.5,69.1,89.7,NA,5.5565,3.74,NA,NA,NA,NA,NA,NA,NA,NA,NA,NA,0.887909480885353,112.5315,-13.8,-9.3,-0.7,-41.7,-30.9,20.1,48,50.4,-16,-14.3,9.6,9.5,NA,NA,3.7,-11.6,-18.2,4.4,9.6,5.6,-7,NA,NA,NA,NA,NA,NA,NA,NA,NA,NA,NA,38.1,26.7,47.9,NA,NA,NA,NA,NA,NA,NA,NA,NA,-33.8,30.7,-24.8,-11.3,-19.4,7.4,-19.3,56.1,34.4,0.5,0,2.9,10.2,-60.7,-39.9,-22.7,106,37.6,20.17,0.1321353018283844,-20.361339,0.12319913184847557,NA,53.602290000000004,8.9,413.58,0
1997-12-01,NA,NA,NA,NA,NA,NA,NA,NA,79.4,-0.3,9.7,NA,NA,NA,93.2,NA,-48.1,86,-22.9,90.2,93.7,96,68.8,90.1,NA,5.32736842105263,3.74,NA,NA,NA,NA,NA,NA,NA,NA,NA,NA,0.9088213188262784,113.2196,-13.5,-8.2,-0.2,-44.5,-31.2,20.1,47.8,50.4,-17.7,-14.6,11.6,9.4,NA,NA,4.6,-10.5,-15.3,3.4,13,4.3,-3.2,NA,NA,NA,NA,NA,NA,NA,NA,NA,NA,NA,37,26.6,48.1,NA,NA,NA,NA,NA,NA,NA,NA,NA,-25.7,32,-20.8,-10.9,-19.8,8.5,-21.3,54.5,32.5,0.6,0.2,3.5,7.6,-57.7,-38.4,-23.5,107,37.2,18.32,0.15100781619548798,-20.419967,0.05209011047346455,NA,56.87195,14.4,487.93,0
1998-01-01,672603.2,362090.6,127065.5,145454,144870.9,133580.2,1,NA,79.9,0.2,9.7,NA,14359786,81493,95.7,120.2755,-50.3,86.8,-20.8,90.1,93.6,97,67.6,89.8,90.853,5.11238095238095,3.5700000000000003,NA,NA,127.5,NA,NA,NA,64.6,63.4,NA,NA,0.92886396056917,113.1366,-13.3,-10.2,0.2,-44,-29.4,20,51.9,49.1,-18.1,-13.9,10.1,7.8,-68.1,-30.7,6.1,-9.3,-16,3.3,13.3,5.4,-4.9,76.8,11.8,2.9,3,4.1,NA,8.4,4.5,85.7,8,4.3,43.9,35,40.3,NA,NA,NA,NA,NA,NA,NA,NA,NA,-24,28.5,-16.7,-9.9,-11.9,14.4,-21.6,52.8,33.9,0.8,0.5,3.9,9.3,-60.3,-40.2,-29.2,107.9,39.7,16.71,0.12580932676792145,-26.989012,0.06363619329466635,0.1182942,58.63016,15.3,477.26,0
1998-02-01,NA,NA,NA,NA,NA,NA,NA,NA,79.8,-1.4,9.7,NA,NA,NA,95,NA,-48.5,86.5,-21.5,90.4,94,97,67.4,90.6,NA,4.989,3.51,NA,NA,NA,NA,NA,NA,NA,NA,NA,NA,0.9270744389849832,112.5854,-13.8,-9.5,-0.8,-43.4,-29.8,18.1,50.1,46.3,-12.8,-15.2,7.9,9.8,NA,NA,5.2,-10.7,-18.1,3.5,9.8,5.2,-4.7,NA,NA,NA,NA,NA,NA,NA,NA,NA,NA,NA,45.4,35.4,40.1,NA,NA,NA,NA,NA,NA,NA,NA,NA,-31,28.2,-18.4,-5.3,-14,16.9,-18,57.2,36.4,0.9,0.7,3.1,10.5,-57.9,-39.2,-27.7,107.2,40.3,16.06,0.22824445366859436,-42.831945,0.04943616270208342,NA,62.47817,8.6,373.81,0
1998-03-01,NA,NA,NA,NA,NA,NA,NA,NA,80.8,0.5,9.6,NA,NA,NA,96.6,NA,-48.6,88,-20.3,90.2,93.9,96.7,66.9,90.4,NA,4.89954545454545,3.52,NA,NA,NA,NA,NA,NA,NA,NA,NA,NA,0.933874621004893,111.5418,-11.2,-7.6,1.1,-37.2,-24.4,14.7,47.7,42.5,-10.8,-13.9,10.4,10,NA,NA,10.9,-6.3,-15.9,1.6,9.6,4.1,-2.7,NA,NA,NA,NA,NA,NA,NA,NA,NA,NA,NA,45.1,35.7,40.2,NA,NA,NA,NA,NA,NA,NA,NA,NA,-21.7,28.8,-17.7,-10.5,-11.8,22.4,-20.9,52,35.7,0.7,0.4,3.8,8.2,-56.1,-41,-27.5,108.8,40.3,15.02,0.23945800960063934,-35.801496,0.020528894539404364,NA,66.73682,8.2,393.16,0
1998-04-01,670081.7,360618.3,127507.7,143815.4,147337.3,136699.7,1.2,NA,80.4,-1.4,9.6,NA,14418013,81465,97.2,120.2632,-45,86.4,-21.1,90.3,93.9,97.1,67.4,90.1,92.057,4.902,3.63,NA,NA,128.1,NA,NA,NA,65.1,63.5,NA,NA,0.9278413768067776,111.5822,-11.4,-7.7,0.8,-36.7,-23.6,15.6,53.5,39.4,-13.4,-15.2,10.3,9.5,-67,-29.4,4,-9.2,-17.1,4.5,9.6,3.2,-2.4,77,11.9,3.2,3.6,3.6,NA,8.8,-1.8,86.1,10.1,7.3,50.4,34.3,47.6,NA,NA,NA,NA,NA,NA,NA,NA,NA,-24.5,29.2,-21.8,-9.6,-12.3,12.5,-20.7,47.2,33.9,0.9,0.2,3.2,9.2,-54.6,-35.4,-28.7,109,44.1,15.44,0.1706431657075882,-42.726884,0.03274735541768815,0.1439125,71.17669,8.6,260.6,0
1998-05-01,NA,NA,NA,NA,NA,NA,NA,NA,80.7,-2.9,9.5,NA,NA,NA,96.4,NA,-44.2,86.3,-21.4,90.6,94.2,97.7,67,90.6,NA,4.96473684210526,3.63,NA,NA,NA,NA,NA,NA,NA,NA,NA,NA,0.9074919599351682,112.9303,-10.9,-8.9,1.3,-34,-20.5,16.8,43.2,36.2,-16.1,-15.5,9.1,8.2,NA,NA,0.5,-10,-15.4,6,7.2,2.5,-3.9,NA,NA,NA,NA,NA,NA,NA,NA,NA,NA,NA,50.4,34.6,47.8,NA,NA,NA,NA,NA,NA,NA,NA,NA,-27.7,27.7,-22.6,-8.9,-12.4,10,-19.8,50.7,31.8,0.4,0.1,3.2,8,-52.9,-35.4,-27.1,108.5,44.3,14.86,0.36400291323661804,-43.113525,0.060819978474197116,NA,72.50498,9.8,117.79,0.05
1998-06-01,NA,NA,NA,NA,NA,NA,NA,NA,79.9,-3.2,9.4,NA,NA,NA,95.8,NA,-43.6,85.5,-22,90.7,94.4,97.9,66.7,90.9,NA,4.7985,3.56,NA,NA,NA,NA,NA,NA,NA,NA,NA,NA,0.915928275974906,113.4104,-9.4,-7.8,1.4,-30.2,-19,16.6,41.1,32.4,-12.5,-12.4,11.8,9.9,NA,NA,0.2,-8.8,-17.5,6,5.2,2.6,-5.8,NA,NA,NA,NA,NA,NA,NA,NA,NA,NA,NA,50.5,34.8,48.2,NA,NA,NA,NA,NA,NA,NA,NA,NA,-28.3,26.5,-20.4,-11.2,-12.4,11.5,-20.1,50,32.3,1.1,0.1,2.5,7.7,-53.5,-33.6,-20.4,108.9,44.5,13.66,0.29423415660858154,-52.023102,0.03885003577604197,NA,75.49702,14.6,43.61,2.26
1998-07-01,672864,363346.3,127526.9,145288.3,145749.3,137523.8,1.1,NA,81.9,-4.4,9.4,NA,14495638,81425,97,119.7382,-40,87.4,-17.5,91,94.8,97.1,66.9,91.8,92.285,4.68478260869565,3.54,NA,NA,129.4,NA,NA,NA,65.5,64.4,NA,NA,0.9190982856383224,113.7393,-5.8,-4.2,4.6,-21.6,-13.8,13,37.2,27.9,-9.5,-9.9,14,10.6,-67.2,-30.2,5,-10,-18.6,7.9,4.9,1.6,-4,76.1,11.2,3.8,3,3.1,NA,12.6,-8.4,85.5,6.5,-3.3,53.8,39.6,46.1,NA,NA,NA,NA,NA,NA,NA,NA,NA,-19.4,26.1,-18.1,-6.9,-12.3,9.8,-19.4,52,30.8,1,0.1,2.3,6.7,-50,-29.9,-15.2,110.5,46.5,14.08,0.15581925213336945,-58.66889,0.037202699313017396,0.0547016,78.63173,27.4,38.09,4.04
1998-08-01,NA,NA,NA,NA,NA,NA,NA,NA,80.4,-5.8,9.3,NA,NA,NA,96.5,NA,-41.2,86.1,-16.6,90.9,94.9,96.3,66.5,91.9,NA,4.42523809523809,3.5,NA,NA,NA,NA,NA,NA,NA,NA,NA,NA,0.914547787895676,114.1744,-6.8,-4.3,4.1,-23,-14.4,10.9,35.5,25.5,-13,-12.6,12.8,9.6,NA,NA,-5.4,-13.2,-21.6,9.7,5.6,1.8,-6,NA,NA,NA,NA,NA,NA,NA,NA,NA,NA,NA,55.2,40.2,45.5,NA,NA,NA,NA,NA,NA,NA,NA,NA,-19.9,26.7,-19.9,-3.2,-11,6.2,-20.4,49.5,31,0.6,0.3,3.7,7.8,-50.7,-31.7,-17.3,109.6,47,13.36,0.2733004093170166,-63.630451,0.09718749428375018,NA,71.28079,21.8,46.81,7.07
1998-09-01,NA,NA,NA,NA,NA,NA,NA,NA,79.6,-7.8,9.2,NA,NA,NA,95.1,NA,-40.9,86.5,-18,90.6,94.6,95.8,66.3,91.3,NA,4.06090909090909,3.49,NA,NA,NA,NA,NA,NA,NA,NA,NA,NA,0.8707300736771602,115.887,-6,-3.4,5.2,-24.5,-14.5,8.2,34.5,23.1,-9.8,-11.5,13.5,10.2,NA,NA,0.8,-15.1,-24,9.1,0.7,-0.7,-8.5,NA,NA,NA,NA,NA,NA,NA,NA,NA,NA,NA,55.1,40.3,45.7,NA,NA,NA,NA,NA,NA,NA,NA,NA,-18.7,27.6,-19.6,-7.8,-12.1,5.7,-21,49.6,30.3,1.4,0,2.2,6.6,-51.6,-30.1,-16.8,109.1,47,14.95,0.15746654570102692,-54.783776,0.31158302150996964,NA,63.45752,41.6,110.41,0
1998-10-01,672516.2,366334.2,127353.8,144017.9,143215.5,136935.2,1.1,NA,80,-11.4,9.1,NA,14496541,81402,93,120.2751,-39,86.6,-23.3,90.4,94.5,95.3,66.1,90.9,93.167,4.06454545454545,3.5700000000000003,NA,NA,131.9,NA,NA,NA,67,65.3,NA,NA,0.8372404554588078,116.5664,-4.7,-4.2,6.7,-24.3,-10.7,8.2,34.9,19.3,-10.3,-10.6,12.9,8.7,-67.2,-29.5,-7.4,-18.5,-27.7,10.9,-4.9,-2.3,-11.4,73.9,15.4,2.8,2,3.3,NA,18.5,-11.4,84.5,3.4,-4.6,57,39.5,44.7,NA,NA,NA,NA,NA,NA,NA,NA,NA,-25.2,33.1,-22.9,-11.5,-14.1,3.5,-21.7,42.6,25.4,1.1,0.2,3.4,7.1,-48.6,-29.4,-15.1,107.8,47.1,14.39,0.26629650592803955,-42.77947,0.35301935055836997,0.1479436,58.25037,100.4,277.7,0
1998-11-01,NA,NA,NA,NA,NA,NA,NA,NA,79,-12.1,9.1,NA,NA,NA,91.4,NA,-38.8,88.1,-21.2,90.4,94.5,95.5,65.8,90.8,NA,4.12047619047619,3.63,NA,NA,NA,NA,NA,NA,NA,NA,NA,NA,0.8586124560928098,115.4028,-4.2,-2.1,4.8,-16.6,-11.6,4.6,38.2,16.6,-8.3,-8,14.7,11,NA,NA,-9.3,-19.9,-28.2,11,-5.4,-2.1,-14.4,NA,NA,NA,NA,NA,NA,NA,NA,NA,NA,NA,57,39.6,45.1,NA,NA,NA,NA,NA,NA,NA,NA,NA,-19.1,33.7,-22.3,-10.9,-14.6,0.3,-23.6,35.3,25.9,1,0,2.2,6.9,-47.5,-30.1,-15.2,107.9,47.2,12.85,0.1972799301147461,-45.309895,0.22623828929864337,NA,64.17469,64.3,488.65,0
1998-12-01,NA,NA,NA,NA,NA,NA,NA,NA,79.1,-12.6,9,NA,NA,NA,93.2,NA,-35.7,87.5,-18.8,90.4,94.6,95.8,65.1,91,NA,3.8635,3.38,NA,NA,NA,NA,NA,NA,NA,NA,NA,NA,0.853346149716489,115.7904,-5.5,-2.1,4.3,-19.1,-12.9,3.3,39.4,16,-7.6,-11.2,13,10.9,NA,NA,-11.2,-22.1,-29.4,12.9,-2.9,-3.7,-13.4,NA,NA,NA,NA,NA,NA,NA,NA,NA,NA,NA,55.8,39.2,44.8,NA,NA,NA,NA,NA,NA,NA,NA,NA,-15.6,31.6,-21.2,-9.3,-11.8,-3.2,-23.9,44.9,24.2,1.4,0.1,2.8,5.8,-43.1,-28.2,-12.5,107.2,46.6,11.28,0.2338368147611618,-57.510725,0.15629222384974056,NA,63.8084,29.1,526.9,0
1999-01-01,680319.2,371920.4,131271.2,148676.1,144060.1,142571,1,NA,80.5,-14.7,8.9,NA,14497996,81402,93,120.0224,-33.7,86.8,-20.9,90.3,94.3,96.6,64.9,90.6,92.141,3.702,3.1321,NA,NA,129.4,NA,NA,NA,67.9,61.4,NA,NA,0.861525983,115.2061,-5.6,-3.1,6,-15.4,-13.9,-1.6,33.8,16.3,-11.5,-11.5,14.7,11.8,-66.7,-27.4,-9.9,-24.1,-30,12.5,-7.4,-6.1,-14.1,74.3,16.5,2.7,0.6,4.4,NA,23.7,-12,84,-1.5,-4.3,57.9,41.8,47.7,NA,NA,NA,NA,NA,NA,NA,NA,NA,-23.1,29.4,-21.2,-10.1,-11.9,4.4,-13.8,54.7,26.5,1.5,0.3,3,5.8,-40.7,-26.8,-12.7,107.3,49.2,12.47,0.1943516582250595,-63.098479,0.14403293394944822,0.1132439,67.82799,16.7,472.26,0
1999-02-01,NA,NA,NA,NA,NA,NA,NA,NA,79,-17.1,8.8,NA,NA,NA,90.6,NA,-31.8,86.9,-23.1,90.5,94.7,96.6,64.6,91.2,NA,3.849,3.0934,NA,NA,NA,NA,NA,NA,NA,NA,NA,NA,0.8923797552,114.4108,-5,-2.5,5.1,-14.6,-13.7,0,33.7,17.2,-6.2,-9.1,12.1,9.5,NA,NA,-12.3,-27.2,-33.1,15.3,-8.9,-4.4,-18.7,NA,NA,NA,NA,NA,NA,NA,NA,NA,NA,NA,59.5,42.5,46.8,NA,NA,NA,NA,NA,NA,NA,NA,NA,-27.8,29.6,-25.3,-11.9,-13.8,0.7,-24.3,41.7,24.3,1.4,0.7,2.7,4.8,-40.1,-23.5,-17.3,106.5,49.6,12.01,0.2926563620567322,-58.906081,0.13296523516735217,NA,66.34932,19.1,492.25,0
1999-03-01,NA,NA,NA,NA,NA,NA,NA,NA,79.6,-17.3,8.8,NA,NA,NA,93.6,NA,-30.7,87.8,-15,90.6,94.7,96.5,65.3,91.2,NA,4.03782608695652,3.0466957,NA,NA,NA,NA,NA,NA,NA,NA,NA,NA,0.9186893681,113.3372,-6.6,-2.7,5.2,-16.6,-16.1,-1.9,37.2,20.1,-6.9,-12.8,14.3,10,NA,NA,-5.5,-28.4,-35.8,15.7,-7.8,-4.2,-16.4,NA,NA,NA,NA,NA,NA,NA,NA,NA,NA,NA,58.5,42.8,47.3,NA,NA,NA,NA,NA,NA,NA,NA,NA,-5.2,29.2,-22.6,-10.5,-8.8,0.5,0.7,61.9,23.5,1.7,0.6,2.2,6.3,-37.2,-24.2,-19,106.2,49.5,14.66,0.381419837474823,-44.244783,0.1866994425519745,NA,65.0403,10.2,376.7,0
1999-04-01,679971.4,373392.7,130406,149670.3,151560.4,147044.7,0.3,NA,80.3,-17.6,8.7,NA,14500971,81413,90.5,119.3726,-31.4,85.2,-22.4,91,94.4,96.8,69.4,90.6,93.581,3.85,2.6964545,NA,NA,131.5,NA,NA,NA,69.2,62.4,NA,NA,0.9343411465,112.7782,-7.4,-3.2,3.5,-22.9,-19.5,10,52.8,23.1,-5.6,-10.3,15,11.3,-64.9,-27.6,-14.9,-29.7,-34.7,15.9,-7.2,-2.6,-18,72.7,20.3,2.2,1,4.2,NA,19.9,-5.6,83.7,0.9,-0.5,54,33.2,44.1,NA,NA,NA,NA,NA,NA,NA,NA,NA,-21.1,31.8,-20.7,-14.2,-13.9,0.6,-4.3,61.5,23,2,0.2,2.1,6.2,-36,-26.8,-15.9,103.9,43.8,17.34,0.6110042929649353,-49.293676,0.11471799285412973,0.1481994,67.76051,6.3,260.64,0
1999-05-01,NA,NA,NA,NA,NA,NA,NA,NA,80.6,-17.9,8.6,NA,NA,NA,90.3,NA,-30.9,85.1,-23.3,91,94.5,96.8,68.6,90.9,NA,4.01210526315789,2.5789524,NA,NA,NA,NA,NA,NA,NA,NA,NA,NA,0.9409123945,112.3067,-8.1,-3.9,3.5,-24.2,-19.4,11.5,45.4,24.7,-10.4,-12.8,11.1,11,NA,NA,-12.3,-31.6,-37.9,16.4,-5.7,-0.2,-17.6,NA,NA,NA,NA,NA,NA,NA,NA,NA,NA,NA,53.4,33.5,45,NA,NA,NA,NA,NA,NA,NA,NA,NA,-21.3,36.4,-22.4,-12.1,-15.3,0.1,-7.9,59.1,22,2.1,0.3,2,6.5,-37.5,-24.2,-12.6,103.5,44,17.75,0.5258386135101318,-35.175096,0.04839687860469915,NA,68.24248,12.4,126.58,0
1999-06-01,NA,NA,NA,NA,NA,NA,NA,NA,80.5,-15.7,8.6,NA,NA,NA,91.8,NA,-29.3,86.2,-19.3,91.1,94.7,96.2,69.4,91.2,NA,4.36047619047619,2.6266818,NA,NA,NA,NA,NA,NA,NA,NA,NA,NA,0.9636387318,111.4462,-8.6,-4.7,2.9,-26.4,-20.2,13.9,46.9,25.7,-11,-12.6,12.5,9.7,NA,NA,0.7,-29,-33.8,15.3,-2.8,3.5,-15.3,NA,NA,NA,NA,NA,NA,NA,NA,NA,NA,NA,53.4,33.5,46,NA,NA,NA,NA,NA,NA,NA,NA,NA,-15.6,32.2,-17.6,-10,-14.7,5.4,-9.9,59.6,20.6,2.1,0.3,2.9,6.9,-36.3,-22.3,-12.3,104.6,44.3,17.89,0.5082047581672668,-42.225693,0.05665234245055354,NA,68.60685,13,69.39,0.06
1999-07-01,688839.5,373306.1,131444.2,152119.1,154905.1,150635.5,0.9,NA,81.1,-14.7,8.5,NA,14528467,81435,93,118.9959,-28.8,85.6,-17.8,91.5,95.3,95.3,70.6,92.4,92.854,4.67636363636364,2.6764545,NA,NA,132.9,NA,NA,NA,69.6,63.3,NA,NA,0.9662252,111.8195,-7.8,-3.5,3.4,-25.2,-18.7,12,44.2,25.4,-9.4,-12.4,10.8,9.4,-67.9,-30.1,-9.6,-27,-32.2,15,-2.3,3.4,-14.7,75,17.5,2.8,1,4.2,NA,18.2,-1.5,84.1,2.9,3.4,4.8,40.1,38.2,NA,NA,NA,NA,NA,NA,NA,NA,NA,-16.8,31,-15.6,-5.5,-12.1,7.6,-10.7,59.5,18.4,2.8,0.1,3.3,7.6,-33.8,-23.8,-11.2,101,27.7,20.07,0.14532127976417542,-43.702253,0.0694496660820224,0.0537346,71.27886,4.8,6.77,4.61
1999-08-01,NA,NA,NA,NA,NA,NA,NA,NA,81.9,-12.5,8.5,NA,NA,NA,92.2,NA,-30.2,86.5,-17.8,91.5,95.2,94.4,71.4,92.3,NA,4.87909090909091,2.6950455,NA,NA,NA,NA,NA,NA,NA,NA,NA,NA,0.9435675375,112.0504,-8.2,-3.5,3.9,-21.4,-19.2,11,39.4,25.1,-10,-13.9,12.7,11.2,NA,NA,-5.2,-25.1,-29.8,13.2,0.8,2.8,-15.4,NA,NA,NA,NA,NA,NA,NA,NA,NA,NA,NA,6.2,40.9,36.9,NA,NA,NA,NA,NA,NA,NA,NA,NA,-14.5,32,-18.7,-7,-13.6,3.4,-14.9,57.5,21.4,2.6,0.4,3.1,6.7,-37.7,-22.8,-10.5,101.9,28,21.26,0.15384112298488617,-36.95271,0.09787680300628898,NA,68.21935,5,20.18,0.33
1999-09-01,NA,NA,NA,NA,NA,NA,NA,NA,81.4,-11.3,8.4,NA,NA,NA,92.5,NA,-33.6,84.4,-21.6,91.3,94.9,93.9,72,91.5,NA,5.04045454545455,2.7266818,NA,NA,NA,NA,NA,NA,NA,NA,NA,NA,0.9509796476,110.868,-7.8,-5.7,4.5,-26.4,-18.8,12.1,43.2,24.7,-12.1,-11.2,12.4,10.5,NA,NA,1.3,-22.5,-29.1,11.7,0.4,4.2,-13.8,NA,NA,NA,NA,NA,NA,NA,NA,NA,NA,NA,6.1,40.6,36.9,NA,NA,NA,NA,NA,NA,NA,NA,NA,-24.7,35.2,-19.8,-5.1,-13.5,3.4,-14.5,58,21.4,2.2,0,3,8,-40.4,-26.8,-13.2,102.3,27.9,23.88,0.21470068395137787,-28.075313,0.09419314461994921,NA,69.04832,9.2,19.51,0.17
1999-10-01,692143.3,377679.6,130406,151069.7,158047.2,150782.7,0.7,NA,82.4,-9.7,8.4,NA,14563396,81440,92,119.1512,-34.7,86.8,-17,91.2,94.7,93.7,71.8,91.2,93.049,5.29238095238095,3.3756667,NA,NA,136.4,NA,NA,NA,70.1,66.3,NA,NA,0.9339608478,110.9964,-6.7,-3,4.8,-23.9,-18,13.9,45.1,23.5,-11,-10.8,12.9,9.3,-62.8,-26,0.5,-21.9,-28.1,10.9,3.5,4.3,-14.3,77.5,14.1,2.1,1.3,4,NA,14.2,1.2,84.6,5.6,4.2,58.9,39.8,46.7,NA,NA,NA,NA,NA,NA,NA,NA,NA,-13.7,29.7,-17.4,-7.6,-14.5,4,-14.7,59.8,23.6,2.2,-0.2,2.2,6.9,-44.1,-25.3,-13.3,109,48.5,22.64,0.27055031061172485,-12.524384,0.1688322980170827,0.1046956,68.88446,7.3,259.7,0
1999-11-01,NA,NA,NA,NA,NA,NA,NA,NA,82.4,-7.9,8.3,NA,NA,NA,92.5,NA,-36.8,86.4,-14.7,91.3,94.9,93.8,71.8,91.5,NA,5.04,3.4676818,NA,NA,NA,NA,NA,NA,NA,NA,NA,NA,0.968291072,109.8545,-6.8,-3.8,4.4,-24.2,-16,10.9,39.8,21.7,-10.3,-11.7,10.5,8.2,NA,NA,3,-19.3,-24.5,9.1,4.7,6,-13,NA,NA,NA,NA,NA,NA,NA,NA,NA,NA,NA,59,39.6,47.3,NA,NA,NA,NA,NA,NA,NA,NA,NA,-11.7,31.8,-19.4,-0.6,-14.2,4.3,-21.9,53.1,22.6,1.9,0,3.1,6.6,-46.4,-27.2,-13.8,109.8,48.6,24.97,0.19416895508766174,-12.911794,0.10600162116919383,NA,74.05113,34,430.52,0
1999-12-01,NA,NA,NA,NA,NA,NA,NA,NA,82.6,-4.9,8.2,NA,NA,NA,94.4,NA,-35.7,86.7,-13.8,91.6,95.1,94,73,91.8,NA,5.14761904761905,3.4460455,NA,NA,NA,NA,NA,NA,NA,NA,NA,NA,0.9882430935,108.9604,-5.9,-2.2,4.4,-21.5,-15.6,13.8,44.5,19.2,-7.6,-10.1,16.6,11.1,NA,NA,-1.3,-15.5,-22.3,8.1,8.9,6.4,-8,NA,NA,NA,NA,NA,NA,NA,NA,NA,NA,NA,57.7,38.3,47.2,NA,NA,NA,NA,NA,NA,NA,NA,NA,-7.6,33.3,-16.1,-0.6,-15.5,2.9,-22.8,51.3,25.4,1.7,0.4,4.3,6.5,-47,-24.5,-11.5,111.1,47.7,26.08,0.26677677035331726,-12.311638,0.09785907629975583,NA,80.2627,21.7,489.32,0
2000-01-01,702902.4,380169.6,134044.5,154162.8,165386.6,155903.1,0.5,NA,81.9,-5.1,8.2,NA,14648024,81452,96.4,118.7667,-37.9,86.3,-17.5,91.8,94.9,95,74.5,91.6,93.001,5.53952380952381,3.3431429,6.96,NA,138.8,NA,NA,9.31606898769708,69.8,69,60.6,NA,0.9865996552,109.0254,-5.7,-3.9,4.3,-17.2,-13.4,18.8,48,17.2,-11,-9.8,17,11.4,-65.9,-27.5,1.2,-16.6,-23,8.3,9.6,7.4,-6.1,75.3,13.1,3.4,2.6,4.7,NA,7.7,6.6,85.6,5.5,7.5,57.1,44.1,34.4,NA,NA,NA,NA,NA,NA,NA,NA,NA,-20.7,27.2,-19.3,-4.6,-12.3,6.8,-24.5,49,31.5,1.6,0.6,3.4,8.5,-49.2,-26.5,-12.7,110,45.2,27.18,0.11390204727649689,-10.378952,0.10921147500739435,0,86.16582,17.4,527.08,0
2000-02-01,NA,NA,NA,NA,NA,NA,NA,NA,83.7,-3.1,8.1,NA,NA,NA,97,NA,-40.6,87.7,-12.2,92,95,95.6,74.9,91.8,NA,5.50857142857143,3.5367619,7.06,NA,NA,NA,NA,NA,NA,NA,NA,NA,1.0158312604,107.9607,-4.6,-2.6,5.3,-14.6,-13.4,17.3,41.9,16.1,-10.3,-7.5,16.2,12.1,NA,NA,12.4,-13.3,-20.7,6.9,10.8,7.2,-5.6,NA,NA,NA,NA,NA,NA,NA,NA,NA,NA,NA,58.7,45.2,33.1,NA,NA,NA,NA,NA,NA,NA,NA,NA,-7.2,27.8,-11.7,-1.5,-10.9,7.9,-17.2,52.5,30.5,1.4,0.5,3.2,8.7,-51.8,-29.5,-14.5,111.4,45.7,29.35,0.16994932293891907,-9.0346292,0.18336604795698377,NA,95.00121,12.2,399.68,0
2000-03-01,NA,NA,NA,NA,NA,NA,NA,NA,83.6,-1.5,8.1,NA,NA,NA,97.1,NA,-41,86.5,-18.6,91.9,94.7,94.9,76.9,91.5,NA,5.33304347826087,3.7470435,6.96,NA,NA,NA,NA,NA,NA,NA,NA,NA,1.0362688143,106.6713,-4.3,-3.5,7.2,-15.5,-11.5,20.1,44.4,15.3,-10.3,-9.4,16.5,9.8,NA,NA,10,-8.7,-17.5,5.4,9.7,10.2,-3.7,NA,NA,NA,NA,NA,NA,NA,NA,NA,NA,NA,58.2,45,34.1,NA,NA,NA,NA,NA,NA,NA,NA,NA,-21.5,30.8,-15.1,-3.4,-11.7,3.1,-15.4,56.8,29.5,1.8,0.3,3.6,8.1,-50.2,-31.9,-15.5,111.8,45.8,29.89,0.15328606963157654,5.6405123,0.18114692826985598,NA,99.83437,10.7,385.83,0
2000-04-01,708814.3,383504,133352.4,154144.4,171637.2,160465.1,0.8,NA,84.8,-1.2,8,NA,14660738,81454,97.1,118.8579,-39.7,87.8,-14.3,91.9,94.9,95.4,75.6,91.8,92.934,5.22555555555556,3.9252778,6.91,NA,141.5,NA,NA,9.117819151389872,70.1,71.4,60,NA,1.057506551,105.7086,-5.4,-4.6,4.8,-14.9,-11.9,19.7,40.1,13.8,-13.7,-10.1,12.9,11.7,-64.7,-30.3,-0.7,-10.1,-16.5,3.2,9.6,11.9,-2.7,74.4,10.3,6.2,4.4,4.1,NA,3.1,1.8,86.4,10,11.5,44.5,19.1,49.1,NA,NA,NA,NA,NA,NA,NA,NA,NA,-14.3,25.6,-13.8,-3.1,-13.3,8.9,-20.8,54.9,30.3,1.3,0.3,4,8.2,-49.8,-29.6,-18.3,109.7,37.6,25.74,0.12592947483062744,8.7239624,0.12235834904020192,0,92.57018,4.7,223.76,0
2000-05-01,NA,NA,NA,NA,NA,NA,NA,NA,86.8,0.1,8,NA,NA,NA,98.5,NA,-40.7,87.9,-12.5,91.8,94.5,95.7,76.2,91.3,NA,5.37818181818182,4.3620455,7.21,NA,NA,NA,NA,NA,NA,NA,NA,NA,1.1019083056,104.5921,-2.3,0.5,7.7,-7.4,-7.7,17.7,40,11.1,-8.5,-9.6,17.4,11.6,NA,NA,14,-6.9,-14.2,4.1,11.4,12.3,-2.6,NA,NA,NA,NA,NA,NA,NA,NA,NA,NA,NA,44.4,19,50.9,NA,NA,NA,NA,NA,NA,NA,NA,NA,-10.9,24.9,-15.3,-1.8,-10.1,13.3,-20.7,52.4,32.3,1.4,0.1,2.9,6.4,-51.3,-30,-14.3,111.3,38.1,28.78,0.2159520387649536,4.7363075,0.23564354625339387,NA,90.46495,10.9,91.25,0
2000-06-01,NA,NA,NA,NA,NA,NA,NA,NA,84.3,-0.5,8,NA,NA,NA,96.3,NA,-40.8,86.8,-20.4,92.3,94.7,95.8,79.1,91.7,NA,5.19136363636364,4.5017273,7.2,NA,NA,NA,NA,NA,NA,NA,NA,NA,1.0529837192,106.3712,-5.7,-3.4,5.1,-14.3,-11.7,28.8,49.3,9.6,-13.5,-12.8,16.1,9.6,NA,NA,-1.5,-6.3,-14.8,5.3,10.2,13.1,-2,NA,NA,NA,NA,NA,NA,NA,NA,NA,NA,NA,44.4,19,52.4,NA,NA,NA,NA,NA,NA,NA,NA,NA,-28.9,28.3,-22,-3.8,-15.5,11.9,-23.4,49.7,33.4,1.4,0,3.3,7.3,-50,-31.6,-15.1,109.6,38.6,31.83,0.16319285333156586,3.5041066,0.22539980666416878,NA,90.39555,9.6,60.7,6.36
2000-07-01,708988.1,383547.3,133179.4,155617.4,174644.2,165763,1.1,NA,86.4,0.4,7.9,NA,14652615,81459,97.2,118.0871,-42.2,86.6,-17,92.7,95.3,95.3,79.5,92.8,93.69,5.26619047619048,4.5829048,7.28,NA,141.9,NA,NA,9.413398450174792,70.2,71.7,60.1,NA,1.0654109333,106.339,-3.8,-1.8,5.6,-12.4,-9.9,24.4,43.3,8.2,-12.3,-9,16.3,10.1,-64.4,-29.4,3.7,-5.7,-13.4,5.3,12.3,11.6,-1.2,71.8,10,7,7.1,4.1,NA,2.9,4.7,87,7.6,11.2,42.8,19.7,62.2,NA,NA,NA,NA,NA,NA,NA,NA,NA,-23.2,25.1,-15.2,-2.7,-14,10.8,-24.8,47.3,34.9,1.6,0,3.1,8,-52,-32.3,-15.6,111.9,41.6,29.77,0.15419742465019226,5.1877684,0.1756280485322568,0.0601757,89.34293,46.8,56.1,0.01
2000-08-01,NA,NA,NA,NA,NA,NA,NA,NA,86.9,1.7,7.9,NA,NA,NA,96.8,NA,-44.6,87.2,-16.1,92.4,95.1,94.5,79.5,92.5,NA,5.2104347826087,4.777087,7.32,NA,NA,NA,NA,NA,NA,NA,NA,NA,1.1059381633,104.6003,-3.8,-0.6,7.1,-9,-8,23.2,40.7,6,-13.3,-13.6,18.1,11.1,NA,NA,3.2,-3.2,-12.5,4.2,12.5,10.3,-1.2,NA,NA,NA,NA,NA,NA,NA,NA,NA,NA,NA,44.2,21.5,58.9,NA,NA,NA,NA,NA,NA,NA,NA,NA,-19.3,25.8,-8.8,-3.1,-14.4,11.7,-23.3,50.4,32.7,1.4,0,3.3,7.1,-54.7,-34.4,-15,112.1,41.5,31.22,0.13323070108890533,6.6423245,0.16469447806731538,NA,88.97086,14,10.37,0.8
2000-09-01,NA,NA,NA,NA,NA,NA,NA,NA,87,0.6,7.9,NA,NA,NA,94.8,NA,-44.1,86.4,-20.5,92.7,94.8,94.1,83.8,91.9,NA,5.26333333333333,4.8528095,7.34,NA,NA,NA,NA,NA,NA,NA,NA,NA,1.1483974476,103.1913,-6,-4.5,4.1,-14.4,-11.7,31.6,45.9,5.6,-18.6,-11.8,10.2,12.2,NA,NA,8.1,-3.3,-11.5,3.4,8.5,12.6,0.2,NA,NA,NA,NA,NA,NA,NA,NA,NA,NA,NA,43.9,20.2,59.7,NA,NA,NA,NA,NA,NA,NA,NA,NA,-20.1,29.9,-15.5,-11.4,-20.5,11.6,-21,51.8,32.3,1.5,0,3.4,6.8,-53.9,-34.3,-16.9,110.7,41.2,33.88,0.1482475996017456,10.645149,0.15984532812508154,NA,87.19337,11.9,89.38,0
2000-10-01,706032.2,383157.6,133679.3,153776.2,183665.3,174298.3,0.9,NA,86.7,1.5,7.8,NA,14641498,81462,96.4,117.7555,-42.5,86.7,-21.7,92.5,94.7,94.1,82.8,91.8,94.471,5.20714285714286,5.0412727,7.29,NA,147.7,NA,NA,5.755102634599107,70.5,77.3,59.2,NA,1.171642344,102.2968,-7.2,-5.6,3.8,-17.5,-14,34.3,46.5,6.1,-17.6,-12.9,9.1,12.1,-66.5,-32.2,4.2,-2.4,-11.3,3,9.9,14.2,1.4,71.8,8.7,8,7.1,4,NA,5.6,-2.5,87.7,8.4,11.5,51.7,39.8,59.6,NA,NA,NA,NA,NA,NA,NA,NA,NA,-29,26.8,-21.1,-9.4,-19,12,-24.3,48.9,36.4,1.2,0,3.1,6.8,-54,-30.9,-17.6,113.6,50.4,33.08,0.17047953605651855,11.914355,0.20920996389603247,0.0667156,82.56457,18.4,211.94,0
2000-11-01,NA,NA,NA,NA,NA,NA,NA,NA,87.1,0.5,7.8,NA,NA,NA,97.2,NA,-42,86.8,-20.9,92.6,94.7,94.5,83.4,91.6,NA,5.15363636363636,5.0919545,7.25,NA,NA,NA,NA,NA,NA,NA,NA,NA,1.1678184071,102.507,-5.4,-3.2,5.3,-15.6,-11.2,36.1,50.2,6.3,-14.3,-12.5,15.5,11.2,NA,NA,5.4,-1.7,-9.8,4.6,7.7,13.6,0.7,NA,NA,NA,NA,NA,NA,NA,NA,NA,NA,NA,51.9,39.3,61.4,NA,NA,NA,NA,NA,NA,NA,NA,NA,-28,28.8,-22,-6,-16.7,12.9,-19.3,55.4,36.5,1.8,-0.2,3.5,7.4,-54.6,-29.5,-18.1,113.7,50.8,34.4,0.10011401772499084,11.212551,0.19512384118787693,NA,81.7915,8,348.13,0
2000-12-01,NA,NA,NA,NA,NA,NA,NA,NA,87.5,-0.7,7.7,NA,NA,NA,98.1,NA,-40.9,87,-17.4,93.6,96.1,95.2,82.1,94,NA,4.89052631578947,4.9391579,6.96,NA,NA,NA,NA,NA,NA,NA,NA,NA,1.1108472407,105.1252,-5.7,-3.1,5,-14.2,-13.8,35,50.7,7.4,-14.9,-10.9,13.6,11,NA,NA,-2.3,-3.8,-9.7,5.4,7.1,12.4,0.6,NA,NA,NA,NA,NA,NA,NA,NA,NA,NA,NA,50.5,36.7,60.4,NA,NA,NA,NA,NA,NA,NA,NA,NA,-23,27.1,-17.2,-2.1,-14.8,12.8,-23.9,55,37.3,1.2,0.1,3.8,7.4,-53.5,-28.3,-17.7,113,49.2,28.46,0.0987989753484726,4.3608476,0.2025370709770009,NA,76.86002,10.3,457.08,0
2001-01-01,720899.2,387953.4,134275.3,154862.5,183090.4,167617.1,0.9,NA,87.2,-1.4,7.7,NA,14606195,81476,95.4,117.0161,-41,88.6,-14.1,93,95.1,96.7,81.5,92.5,92.745,4.80318181818182,4.7707273,6.66,NA,148.2,NA,NA,3.707458870719482,69.9,78.4,58.1,NA,1.0651099201,106.3646,-4.7,-1.7,6.5,-11.5,-12.4,29.3,48.6,9,-13.7,-11.1,15,11.3,-66.7,-29.1,5.5,-4.8,-12,5.7,6.4,10.5,-2.5,73.4,9.2,8.7,6,4.4,NA,7.9,-7.9,87.9,5.6,5.7,33.3,27.9,32.4,NA,NA,NA,NA,NA,NA,NA,NA,NA,-16.7,24.5,-12.1,-1.2,-18,17,-23,51.6,35.6,1.2,0.6,3.2,6.9,-53.7,-28.4,-18.9,107.5,31.2,29.58,0.08683319389820099,1.2459248,0.14879989158649212,0.1257466,77.22632,14.3,530.15,0
2001-02-01,NA,NA,NA,NA,NA,NA,NA,NA,88.2,-4.7,7.7,NA,NA,NA,99.9,NA,-42,87,-24.2,93.6,95.5,97,83.8,93.1,NA,4.7775,4.7558,6.63,NA,NA,NA,NA,NA,NA,NA,NA,NA,1.0853814393,106.0145,-5.8,-2.2,5.5,-17.8,-16.3,30.7,50.5,11.6,-15.5,-10.1,15.9,12.2,NA,NA,-1.1,-6.4,-13,8.2,0.4,9.5,-5,NA,NA,NA,NA,NA,NA,NA,NA,NA,NA,NA,28,21.7,28.8,11.4,NA,NA,NA,NA,NA,NA,NA,NA,-34.8,27.4,-24.1,-10.2,-19.1,6.4,-20.7,49.2,36.8,1.5,0.6,2.4,8.1,-53,-31,-17.6,103.7,26.2,29.61,0.14532588422298431,-4.53244,0.09078925050305425,NA,76.47831,11.9,433.35,0
2001-03-01,NA,NA,NA,NA,NA,NA,NA,NA,87.1,-7.4,7.6,NA,NA,NA,94.9,NA,-42.6,87.5,-18.5,93.6,95.4,97.9,83.7,92.8,NA,4.66772727272727,4.7086364,6.52,NA,NA,NA,NA,NA,NA,NA,NA,NA,1.1010139483,105.6878,-5.2,-1,6.7,-15.4,-15.1,30.4,48.7,13.9,-15.7,-11.5,20.7,12.7,NA,NA,0.4,-9.8,-16.8,10.8,-1.7,6.5,-6,NA,NA,NA,NA,NA,NA,NA,NA,NA,NA,NA,20.4,0.8,25.4,3.8,NA,NA,NA,NA,NA,NA,NA,NA,-23.8,22.4,-20.1,-9.3,-18.3,10,-22,48.8,36.5,0.9,1,1.6,7.1,-53.9,-31.3,-21.4,99.6,15.6,27.24,0.16975603997707367,-2.8810971,0.13519878821271156,NA,70.57133,14.5,418.24,0
2001-04-01,719421.2,384792.2,133717.7,151732.5,183901.3,168117.5,1.6,NA,86,-11.6,7.6,NA,14579226,81506,95.7,116.0348,-43.8,87.4,-22.3,94,95.5,99.5,84.7,93,93.069,4.82789473684211,4.682,6.49,NA,148.7,NA,NA,4.214784799446081,69.6,79,57.6,NA,1.118874966,105.4898,-6.1,-0.8,6.3,-14.8,-18,33.5,50.8,16.6,-10.9,-11.8,19.7,15.1,-66.3,-31.3,-13.3,-16.4,-20.9,11,-7.5,2.9,-9.1,74.1,13.8,7.2,3.7,2.9,NA,14.7,-16.7,84.6,6.3,4.9,19.6,15.5,26.5,7.1,NA,NA,NA,NA,NA,NA,NA,NA,-30.4,24.4,-19.8,-12.1,-20.3,13.4,-21,46,36.4,1.3,0.1,1.6,7,-54.7,-32.9,-21.1,99.3,20.5,27.41,0.1176009401679039,-7.1712144,0.19919873585894188,0.0638162,70.48458,18.2,316.38,0
2001-05-01,NA,NA,NA,NA,NA,NA,NA,NA,86.8,-12.7,7.7,NA,NA,NA,97.3,NA,-44.2,87.2,-24.3,94.4,95.5,101.2,86.7,92.9,NA,5.04681818181818,4.6366818,6.6,NA,NA,NA,NA,NA,NA,NA,NA,NA,1.143491682,104.173,-7.6,-2.9,5,-20.6,-19.5,49,57.1,20.7,-12.9,-13,16.3,10.8,NA,NA,-3.3,-16.3,-20.4,12.7,-9.1,2.5,-10.2,NA,NA,NA,NA,NA,NA,NA,NA,NA,NA,NA,19.4,19.2,26.4,10.7,NA,NA,NA,NA,NA,NA,NA,NA,-30.2,25.4,-19.9,-17.2,-22.2,14.9,-23.8,45.6,40.3,1,0.1,3.2,6.4,-55,-33.5,-25.3,98.5,21.7,28.64,0.19362187385559082,-6.8916267,0.11637623732307463,NA,72.59945,10.5,105.02,0
2001-06-01,NA,NA,NA,NA,NA,NA,NA,NA,86.7,-15.6,7.7,NA,NA,NA,100.8,NA,-45,86.8,-23.4,94.5,95.8,101.5,86,93.4,NA,5,4.4535714,6.56,NA,NA,NA,NA,NA,NA,NA,NA,NA,1.1708814672,103.3928,-10.2,-4.9,2.8,-27.5,-23.9,49.4,58.9,24.7,-16.9,-15,14.6,10.7,NA,NA,-14.8,-21.1,-24.5,15.2,-10.6,-0.1,-13.2,NA,NA,NA,NA,NA,NA,NA,NA,NA,NA,NA,22.4,16.9,19.1,16.2,NA,NA,NA,NA,NA,NA,NA,NA,-31.2,24.7,-21.9,-14.1,-19.1,17.9,-23.1,45.3,39.6,1,0,2.5,6.7,-55.1,-34.8,-23,95.6,19.5,27.6,0.23222579061985016,-11.979578,0.06624141823941954,NA,70.97619,9.5,103.69,0.01
2001-07-01,719160.4,386524.4,133467.8,149357.3,183597.2,164850.5,1.2,NA,84.5,-13.8,7.8,NA,14539333,81531,91.4,115.7494,-43.3,86.8,-25.2,94.7,96.4,101,84.1,94.4,93.149,5.01590909090909,4.4671364,6.57,NA,149.4,NA,NA,2.5460625542442106,69.6,79.8,57.9,NA,1.1609328566,104.3135,-10.2,-5.5,2.4,-34.7,-25,48.6,52.8,28.3,-14.1,-13,13.1,10.9,-65.4,-29.6,-13.7,-21.1,-24.9,14.1,-6.2,3.6,-16.3,73,16.8,5.6,3.1,2.7,NA,21.4,-24.2,83.9,2.7,2,11.7,8.8,12.5,2.8,NA,NA,NA,NA,NA,NA,NA,NA,-34.6,26,-21,-14.9,-20,19.2,-21.5,45.4,41.3,0.7,0.3,3.1,5.6,-53.9,-32.7,-22.7,93.9,11,26.45,0.23838649690151215,-24.822532,0.0971363223608854,0.2694837,68.39285,11.7,13.63,1.91
2001-08-01,NA,NA,NA,NA,NA,NA,NA,NA,86.8,-16.2,7.8,NA,NA,NA,91.9,NA,-44.1,86.7,-25.5,94.4,96.3,99.5,83.8,94.3,NA,4.82391304347826,4.3535217,6.39,NA,NA,NA,NA,NA,NA,NA,NA,NA,1.1085936288,105.6321,-11.8,-5.9,0.8,-36.8,-27.9,47.3,55.4,31.5,-15.8,-14.2,11.9,9.4,NA,NA,-12.4,-23.9,-26.2,15.7,-8.9,0.5,-17.2,NA,NA,NA,NA,NA,NA,NA,NA,NA,NA,NA,10,1.7,18.4,3.4,NA,NA,NA,NA,NA,NA,NA,NA,-36.5,25.3,-23.1,-14.8,-18.5,20,-24.4,43.6,40.6,1.3,0.3,3.6,7.5,-55.5,-32.8,-26.1,92.2,10,27.47,0.1714036464691162,-45.491588,0.08264560203458762,NA,64.60268,12.3,12.19,10.03
2001-09-01,NA,NA,NA,NA,NA,NA,NA,NA,85.6,-20.6,7.9,NA,NA,NA,89.3,NA,-47.8,86.3,-29.8,94.3,96.1,99.3,84.9,93.8,NA,4.813,3.98285,6.26,NA,NA,NA,NA,NA,NA,NA,NA,NA,1.0958313556,105.6184,-11.4,-7,1.3,-36.9,-26.4,41.2,53.5,33.9,-14.7,-13.5,13.7,11.1,NA,NA,-15.4,-28,-28,16.4,-17.6,-1.5,-20.4,NA,NA,NA,NA,NA,NA,NA,NA,NA,NA,NA,7.5,2.4,11,2.7,NA,NA,NA,NA,NA,NA,NA,NA,-38.8,30,-25.4,-20.5,-23.5,15.1,-25.5,39,44.3,0.5,0.1,2.4,7.2,-59.2,-36.5,-26.2,89.2,7,25.88,1.5528137683868408,-49.357157,0.23458468948027916,NA,53.48083,63.9,166.42,0
2001-10-01,717073.9,387823.5,134698.2,147460.9,185793.3,162760.8,0.2,NA,84,-23.4,8,NA,14505423,81557,87.5,115.3014,-47,85.1,-32.3,94,96,99.4,82.2,93.6,94.202,4.5995652173913,3.5998696,6.02,NA,149.1,NA,NA,4.803214955473534,69.2,79.8,58,NA,1.1038487339,105.3727,-11,-5.1,3.2,-38,-28.9,40.9,58,35.8,-16.4,-13.3,17.2,9.7,-67.7,-32.1,-16.1,-32.7,-31.1,18,-19.6,-2.3,-21.7,67.6,22.9,3.9,1.8,3.6,NA,25.6,-22.8,82.4,1.8,1.8,-4.5,-1.6,3.6,0.7,NA,NA,NA,NA,NA,NA,NA,NA,-39.8,33.4,-22.2,-23.8,-24.9,10.7,-24.6,43.1,43.2,0.8,-0.1,3.2,6.6,-58.8,-35.2,-22,85.9,-0.8,22.21,1.2134917974472046,-54.012499,0.23050862299657285,0.1302083,55.64197,18.7,145.44,0
2001-11-01,NA,NA,NA,NA,NA,NA,NA,NA,83.2,-23.3,8,NA,NA,NA,87.5,NA,-45.6,87.5,-27.8,93.8,96,98.8,80.9,93.5,NA,4.44772727272727,3.3856818,5.84,NA,NA,NA,NA,NA,NA,NA,NA,NA,1.1257230773,104.2029,-12.4,-4.9,0.2,-41.6,-29.5,39.1,56.4,38,-16.9,-15.4,12.3,9.4,NA,NA,-19.9,-33.8,-34.2,18.7,-17.3,-4.5,-20.6,NA,NA,NA,NA,NA,NA,NA,NA,NA,NA,NA,-15.2,-12.9,-2.4,-0.2,NA,NA,NA,NA,NA,NA,NA,NA,-34.8,29.3,-27,-19.2,-23.7,13.1,-27.3,41.1,43.5,0.4,0,2.2,7,-57.5,-33.7,-20.6,82.9,-10.2,19.67,0.8492075204849243,-58.698029,0.12844461972148094,NA,59.63264,32.5,424.27,0
2001-12-01,NA,NA,NA,NA,NA,NA,NA,NA,84.1,-19.5,8.1,NA,NA,NA,89.1,NA,-43,86.2,-28.5,94.9,97.5,99.4,80.1,95.8,NA,4.73588235294118,3.3448889,6.09,NA,NA,NA,NA,NA,NA,NA,NA,NA,1.1198899849,105.3944,-13.1,-7.6,-0.3,-45.4,-30.1,38.9,56.6,38.6,-16.5,-14.3,10.8,10.3,NA,NA,-17.9,-33.9,-32.5,16.5,-8.1,-4.1,-21.2,NA,NA,NA,NA,NA,NA,NA,NA,NA,NA,NA,-8.5,-11.6,-0.7,1.8,NA,NA,NA,NA,NA,NA,NA,NA,-36.8,25.5,-27.8,-23.1,-22.9,8.3,-25.7,31.4,44.1,0.9,0.3,2.2,7,-56.7,-29.4,-16.7,85.5,-6.9,19.33,0.5233764052391052,-56.737492,0.10464058812715102,NA,60.74888,32.8,569.21,0
2002-01-01,713704.8,384824.7,135063.5,144041,184813.2,157095.6,-0.4,NA,83.9,-21.7,8.1,NA,14473392,81569,87,114.1562,-52.2,83.9,-29.9,95,96.7,102.3,81.8,94.4,94.301,4.86272727272727,3.3387727,6.2,NA,148.4,NA,NA,6.765775091710746,68.9,79.6,58.9,-2.9,1.1329108656,104.7181,-14.3,-10.3,0,-49.1,-28,52.6,46.2,37.8,-27.8,-18.9,12.4,10.2,-69,-31.5,-25.2,-34.1,-31.9,17.4,-13.8,-3.8,-24.2,65,27.4,4.1,1.4,3.2,2.1,25.6,-15.7,82.3,2.3,2.3,-11.5,-13.3,9.1,1.2,NA,NA,NA,NA,NA,NA,NA,NA,-38.3,25.9,-30.5,-25.4,-22.7,2.3,-5.5,42.5,38.6,1.1,0.5,1.7,7.4,-56.1,-48.3,-22.6,84.2,-5.2,19.67,0.3745204210281372,-49.964844,0.1360309011557926,0.1183362,62.08489,17.5,525.36,0
2002-02-01,NA,NA,NA,NA,NA,NA,NA,NA,84.1,-19,8.2,NA,NA,NA,87.6,NA,-49.1,84.1,-33.4,95.2,97.1,101.7,82.3,95,NA,4.9195,3.3571,6.36,NA,NA,NA,NA,NA,NA,NA,NA,NA,1.1485257019,104.3394,-15.3,-13.5,-1,-52,-27.9,63.5,41,35.9,-33.3,-18.8,7.9,6.1,NA,NA,-23.1,-33.7,-29.7,15.2,-8.1,-2.4,-22.2,NA,NA,NA,NA,NA,NA,NA,NA,NA,NA,NA,-8.6,-15.4,18.1,1.5,NA,NA,NA,NA,NA,NA,NA,NA,-45.9,32.4,-31.3,-21.7,-24.5,8.7,-25.4,47.9,40.3,1.2,0.4,2.3,8.6,-56.9,-41.3,-24.3,86.2,-1.9,20.74,0.364081472158432,-46.901117,0.07006107698813244,NA,59.86592,11.4,357.53,0
2002-03-01,NA,NA,NA,NA,NA,NA,NA,NA,84.6,-16.5,8.2,NA,NA,NA,88.7,NA,-49.3,84.4,-33.5,95.4,97.1,101.5,83.8,95,NA,5.161,3.3908,6.62,NA,NA,NA,NA,NA,NA,NA,NA,NA,1.1407623889,104.2256,-14.8,-14.7,0.1,-51,-25.2,66,34.6,34.1,-34.9,-19.2,10,6.4,NA,NA,-16.6,-34.6,-31.3,15.9,0.9,0,-22.4,NA,NA,NA,NA,NA,NA,NA,NA,NA,NA,NA,-4,-12.9,19.7,1.8,NA,NA,NA,NA,NA,NA,NA,NA,-45.8,36.2,-30.6,-18.6,-21.4,9.4,-26,42.5,40.6,0.8,1,2.5,7.6,-61.6,-37.1,-22.5,88.2,0.9,24.42,0.3735881745815277,-36.636935,0.018927223068320103,NA,63.73899,15,381.77,0
2002-04-01,716660.9,381836.9,135371.2,141905.1,190489.3,160421.2,0.4,NA,84.8,-16,8.3,NA,14444926,81579,87.1,113.8046,-50.4,85.4,-32.4,95.3,96.8,101.5,85.5,94.5,93.947,5.1552380952381,3.4069048,6.7,NA,150.4,NA,NA,5.573437085432409,68.9,81.5,58.9,0.6,1.1276855728,103.711,-15.9,-17.1,-1.8,-53.6,-26.2,70.9,35.5,33.2,-37.5,-18.7,5.2,5.5,-69.4,-32,-10,-34.7,-30.8,15.5,2.1,2.9,-19.5,67.2,27.4,2.5,1.1,4.1,2.3,23.9,-7,82.1,-0.1,0.6,-11.7,-6.5,11.9,-0.9,NA,NA,NA,NA,NA,NA,NA,NA,-42.7,34.6,-33.9,-20,-23.3,7.9,-30.7,42.2,42.3,0.9,0.7,3.8,6.8,-61.6,-39.1,-19.6,87.2,-2.1,26.27,0.38343557715415955,-35.798645,0.00425862987119566,0.4455335,62.64397,17.5,295.18,0
2002-05-01,NA,NA,NA,NA,NA,NA,NA,NA,84.1,-14.6,8.4,NA,NA,NA,87.1,NA,-50.3,85,-32.7,95.4,97.1,101.4,84.5,95.1,NA,5.16772727272727,3.4671364,6.7,NA,NA,NA,NA,NA,NA,NA,NA,NA,1.0891203166,104.7783,-16.2,-19.8,-0.7,-52.8,-23.3,72.5,29.4,32.9,-34.8,-20.9,5,3.4,NA,NA,-8.3,-31.3,-28.5,14.9,2.5,4.4,-20.2,NA,NA,NA,NA,NA,NA,NA,NA,NA,NA,NA,-16.6,-10.7,7.9,-0.3,NA,NA,NA,NA,NA,NA,NA,NA,-40.8,36,-32.1,-21.2,-24.6,5.4,-28.6,38.9,43.8,0.8,0.3,3.9,8.4,-63.6,-37,-21.9,86.2,-6.5,27.02,0.42558255791664124,-39.91634,0.008685758333668966,NA,59.85628,30.4,117.48,0
2002-06-01,NA,NA,NA,NA,NA,NA,NA,NA,85.8,-14.9,8.5,NA,NA,NA,84.6,NA,-49.6,84.2,-37.5,95.4,97.2,100.5,83.7,95.5,NA,5.0175,3.464,6.58,NA,NA,NA,NA,NA,NA,NA,NA,NA,1.0454304451,106.3538,-17.2,-21.9,-1,-52,-24.4,77.2,26.1,33.1,-40.5,-21.6,6.1,4.1,NA,NA,-9.7,-32.6,-26.9,14.9,2.9,4.2,-19,NA,NA,NA,NA,NA,NA,NA,NA,NA,NA,NA,-24.5,-14.3,7.7,-4.8,NA,NA,NA,NA,NA,NA,NA,NA,-53.5,34.4,-31,-24.7,-24.7,-3.6,-27.7,40.6,44.4,0.6,0,4.2,7.1,-64.6,-34.7,-20.8,84.6,-10.4,25.52,0.39484238624572754,-43.555,0.04761116439209776,NA,54.31367,21,34.72,6.32
2002-07-01,721268.7,384694.8,135967.2,140929.3,193597.7,160744.9,0.3,NA,84.5,-15.1,8.6,NA,14381752,81582,82,113.3968,-51.2,85.5,-39.1,95.7,97.8,99.9,83.7,96.6,94.018,4.86739130434783,3.41,6.42,NA,150.7,NA,NA,6.011420193450268,68.9,81.8,59.5,-1.7,1.0083493024,107.5286,-15.6,-18.5,1,-54.6,-22.5,75.5,21.4,33.6,-34.1,-22.2,6.7,6.4,-73.1,-33.7,-5.1,-32,-28,13.7,0.5,2.5,-18.2,70.5,24.2,1.7,1.2,2.9,2.5,21.7,-8.3,82.6,3.4,2.7,-26.3,-16.4,4.8,-7.2,NA,NA,NA,NA,NA,NA,NA,NA,-54.6,35.6,-35.1,-26.9,-29.6,1.5,-28.4,38.6,46.7,0.7,-0.1,4.4,7,-65.1,-37.3,-21.4,84.2,-12.6,26.94,0.2818150222301483,-44.318466,0.13005690099058115,0,49.32436,16.7,18.41,5.42
2002-08-01,NA,NA,NA,NA,NA,NA,NA,NA,86.3,-16.3,8.7,NA,NA,NA,80,NA,-48.3,84.9,-33.8,95.5,97.6,98.9,83.9,96.4,NA,4.58954545454545,3.3519091,6.09,NA,NA,NA,NA,NA,NA,NA,NA,NA,1.0224667614,107.0633,-17.1,-21.5,1.1,-59.9,-25.6,74.5,25.9,33.1,-35.1,-22.3,4.2,2.6,NA,NA,-6.6,-33.6,-28.4,13.9,-1.3,-0.3,-18.9,NA,NA,NA,NA,NA,NA,NA,NA,NA,NA,NA,-27.1,-19.1,1.7,-10.6,NA,NA,NA,NA,NA,NA,NA,NA,-40.5,33,-39.6,-27.8,-28.5,1.9,-24.5,40.9,44.6,0.3,0.1,2.2,8,-60.8,-35.7,-21.9,82.9,-14.8,28.38,0.32270556688308716,-43.023792,0.20705934077933993,NA,45.62287,53.5,3.07,1.41
2002-09-01,NA,NA,NA,NA,NA,NA,NA,NA,85.5,-16.8,8.9,NA,NA,NA,84.9,NA,-46.5,85.7,-39.2,95.4,97.3,98.7,84.7,95.8,NA,4.38523809523809,3.3101429000000002,5.87,NA,NA,NA,NA,NA,NA,NA,NA,NA,1.018930549,106.7718,-16.3,-21.5,0.6,-57.4,-24.1,72.4,23.1,32.1,-35.1,-20.1,8.2,5.3,NA,NA,-15,-33.7,-27.7,15.5,-1.1,0.4,-18.9,NA,NA,NA,NA,NA,NA,NA,NA,NA,NA,NA,-22.8,-19.5,7.1,-3.3,NA,NA,NA,NA,NA,NA,NA,NA,-53.4,31,-44,-33,-28.3,-1.2,-26.3,42.6,43.1,0.6,-0.1,3.5,8.2,-59.7,-33.2,-18.9,83.7,-11.7,29.67,0.5897167921066284,-26.503859,0.1598846042062867,NA,40.29811,25.4,123.84,0
2002-10-01,719529.9,386556.8,137140,140027,197044,164600.2,-0.1,NA,84.8,-16,9,NA,14297957,81584,78.8,112.9731,-49.1,85.5,-39.1,95.2,97.2,98.4,85.1,95.6,94.406,4.46391304347826,3.2612609,5.78,NA,151.6,NA,NA,4.970395531898841,69.1,82.5,59.7,-0.5,1.0185576368,106.6623,-18.6,-21,-2,-56.3,-28.6,67.2,27.8,34.6,-36.1,-22.8,2.2,3.7,-69.7,-34.3,-9.3,-31.7,-24.8,14.2,-2.1,0.4,-20.4,68.5,25.3,1.6,1.7,3,3.2,22.1,-11.6,82.8,0.8,1.3,-26.8,-18.7,-0.3,-10.3,NA,NA,NA,NA,NA,NA,NA,NA,-49.7,33.1,-47.4,-34.4,-33.1,3.2,-27.3,42.3,44.3,0.4,0.1,2.8,7.6,-61.7,-36.6,-22.7,81.9,-15.3,28.85,0.41480982303619385,-12.165195,0.1764833407784269,0.1026905,37.23088,16.9,293.95,0
2002-11-01,NA,NA,NA,NA,NA,NA,NA,NA,85.9,-15.4,9.1,NA,NA,NA,82.3,NA,-50.2,84.8,-35.3,94.9,97.1,98,83,95.3,NA,4.47761904761905,3.1241429,5.71,NA,NA,NA,NA,NA,NA,NA,NA,NA,0.998391457,106.4952,-23.7,-25.8,-8.3,-63.6,-33.9,67.5,32.4,39.1,-40.1,-26.8,-2.2,0.7,NA,NA,-4.5,-29.5,-25.9,13.7,-2.9,-3,-20.6,NA,NA,NA,NA,NA,NA,NA,NA,NA,NA,NA,-29.5,-15.1,2.7,-5.2,NA,NA,NA,NA,NA,NA,NA,NA,-46.1,32.7,-40.1,-27.2,-31.2,-1.8,-25.5,37.4,47.7,0.8,0.2,2.7,8.7,-60.8,-39.6,-27.4,80.9,-14,26.27,0.4389841556549072,-5.4374124,0.16739379659234951,NA,40.224850000000004,29.1,372.46,0
2002-12-01,NA,NA,NA,NA,NA,NA,NA,NA,84.5,-16.9,9.2,NA,NA,NA,81.2,NA,-51.3,84.9,-39.3,95.9,98.4,98.3,83.5,97.5,NA,4.33555555555556,2.94105,5.57,NA,NA,NA,NA,NA,NA,NA,NA,NA,0.9816505964,107.886,-24.5,-27.2,-8.2,-71.7,-37.2,68.3,30.2,43,-34.5,-25.2,-4.8,-0.4,NA,NA,-7.3,-30.8,-27.2,14,-6,-8.2,-22.3,NA,NA,NA,NA,NA,NA,NA,NA,NA,NA,NA,-30.6,-16,3.1,-5.2,NA,NA,NA,NA,NA,NA,NA,NA,-51.2,34.4,-37.5,-32.3,-33.5,-1.2,-23.7,42.7,44.7,0.8,0.4,1.8,8.4,-61.3,-41.4,-30.3,79.8,-14.5,29.42,0.4770595133304596,7.7613536,0.14571391026848093,NA,38.59581,15.5,549.2,0
2003-01-01,709596.9,385842.5,135991.2,139750.9,190979.4,168065.8,0.4,NA,85.3,-17.8,9.4,NA,14237093,81579,82.6,111.6944,-52.1,83.4,-39,95.9,97.3,99.4,87.5,95.8,95.644,4.18,2.8318182,5.32,NA,152.1,NA,NA,3.287479614989497,68.8,83.3,61,-2.6,0.94040941,108.8075,-22.6,-25.1,-6,-69,-35.6,66.3,29.8,44.8,-31.4,-23.8,-1.5,1.4,-69.9,-32.2,-9.9,-31.6,-26.7,15.1,-6.9,-3.8,-22.2,66.6,27.2,2.1,1.9,3.7,2.7,25.7,-11.4,82.6,1.4,-0.4,-36.2,-19.2,10.3,-3.8,NA,NA,NA,NA,NA,NA,NA,NA,-53.4,35,-37.2,-28.5,-31,-2.3,-26.9,40.3,39.4,0.5,1,2.7,7.5,-60.3,-43.8,-30.8,80,-15,32.94,0.8275533318519592,9.1539883,0.1393912527177526,0.1085482,36.67373,17.3,570.94,0
2003-02-01,NA,NA,NA,NA,NA,NA,NA,NA,85.6,-16.1,9.5,NA,NA,NA,79.9,NA,-51.2,83.7,-31.9,96.4,97.7,99.8,89.3,96.4,NA,3.955,2.68745,5.13,NA,NA,NA,NA,NA,NA,NA,NA,NA,0.9275953902,109.6708,-23.9,-25.8,-7.5,-68.3,-36.8,58.3,32,45.3,-33.7,-25.6,-0.3,1.9,NA,NA,-6.8,-28.4,-24.3,13.8,-6.1,-2.4,-20,NA,NA,NA,NA,NA,NA,NA,NA,NA,NA,NA,-33.1,-12.3,6.2,-9.5,NA,NA,NA,NA,NA,NA,NA,NA,-40.9,27.9,-32.9,-27,-29.7,3,-27.9,38.5,38.7,0.6,1.3,2.5,7.6,-61.9,-40.6,-29,81.1,-13.1,35.87,1.2924844026565552,7.5851829,0.19854216380655326,NA,33.06863,17.9,551.38,0
2003-03-01,NA,NA,NA,NA,NA,NA,NA,NA,85.6,-17.7,9.6,NA,NA,NA,82,NA,-49,83.5,-34.4,96.5,97.7,100.2,89.9,96.3,NA,4.00047619047619,2.5299524,5.02,NA,NA,NA,NA,NA,NA,NA,NA,NA,0.9265309166,109.6911,-22.9,-24.3,-7.1,-67,-36.9,57.2,32.8,46.3,-31.1,-23.2,-1.5,1.1,NA,NA,-10.5,-31.2,-27.4,14.2,-7.7,1.6,-20.8,NA,NA,NA,NA,NA,NA,NA,NA,NA,NA,NA,-30.9,-8.5,11,-6.2,NA,NA,NA,NA,NA,NA,NA,NA,-42.2,33.6,-30,-27.5,-29.2,3.2,-26,41.1,39.4,0.8,0.6,3.3,7.3,-58.4,-39.7,-26.4,82,-9.5,33.55,1.5936365127563477,17.583892,0.27492093095365794,NA,31.58996,20.2,378.51,0
2003-04-01,710727.1,386058.9,135952.7,139143.3,190303.8,166152.6,0.4,NA,85.3,-18.1,9.7,NA,14181744,81560,83.8,111.3735,-46.6,84.2,-32,96.3,97.7,100.4,87.1,96.4,95.461,4.147,2.53335,4.98,NA,153.2,NA,NA,5.968105904139054,69,84.3,61.7,0.4,0.9199372046,109.3616,-21.6,-23.8,-5.3,-63.6,-35.6,55.5,31.9,48.7,-32.9,-21.6,-3.1,3.3,-70.2,-32.8,-9.4,-32.9,-30.1,15.1,-6.2,0.2,-19.2,65.4,29.5,1.7,1.8,4.5,2.9,25.6,-12.9,82.9,1.3,-2.4,-7.3,-4.1,11.1,-4.9,-9.5,NA,NA,NA,NA,NA,NA,NA,-42.8,30.5,-26.6,-22.6,-27.5,-1.9,-18.9,43.1,40.8,0.5,0.2,2.8,6.7,-56.9,-36.3,-27.9,85.1,-0.1,28.25,0.9793634414672852,29.076289,0.2433737368835482,0.3159724,35.17,21.2,282.04,0
2003-05-01,NA,NA,NA,NA,NA,NA,NA,NA,84.8,-18.8,9.7,NA,NA,NA,78.5,NA,-47.7,84.2,-27.6,96,97.6,100.5,85.5,96.2,NA,3.8152380952381,2.4005238,4.9,NA,NA,NA,NA,NA,NA,NA,NA,NA,0.8642839574,110.87,-20.3,-16.9,-3,-69.7,-37.3,48.4,23.4,51.6,-33.3,-23.8,-2.7,11.8,NA,NA,-12.3,-31.9,-30.9,15.9,-8.6,-1.5,-23,NA,NA,NA,NA,NA,NA,NA,NA,NA,NA,NA,-12.6,-7.2,6.1,-12.3,-7.3,NA,NA,NA,NA,NA,NA,NA,-33.1,31,-24,-18.9,-25.7,-0.8,-22.4,43.9,42.7,0.7,0.1,2.2,7,-58.1,-37.4,-27.2,83.9,-4.6,28.14,0.511107325553894,37.185594,0.24682778984668174,NA,36.39034,17.1,114.97,0.02
2003-06-01,NA,NA,NA,NA,NA,NA,NA,NA,84.3,-18.6,9.8,NA,NA,NA,80.1,NA,-47.1,84,-29.7,96.3,97.8,100.8,86,96.7,NA,3.61666666666667,2.1518571,4.76,NA,NA,NA,NA,NA,NA,NA,NA,NA,0.8568760615,111.7287,-18.6,-14.8,-3.5,-66.6,-35.4,44,21.8,52.6,-31.1,-20.7,-1.7,14.3,NA,NA,-10.2,-33.3,-30.8,15.1,-7.3,-3.2,-22.6,NA,NA,NA,NA,NA,NA,NA,NA,NA,NA,NA,-4.4,0.3,12.7,-9.8,-4.8,NA,NA,NA,NA,NA,NA,NA,-35.8,36.2,-30.7,-17,-26,2.7,-22.4,44.7,43.4,0.4,0.2,2.1,7.2,-56.7,-37.5,-25.6,86.9,2.9,30.72,0.4097990095615387,32.889812,0.24506377820238864,NA,39.18766,7.6,7.06,4.66
2003-07-01,716986.8,388656.9,137337,139290.6,195945.7,167477.1,-0.2,NA,85.9,-19.3,9.8,NA,14193655,81540,83.7,110.5217,-48.4,84.2,-30.6,96.5,98.2,100.2,86.3,97.5,95.486,3.97260869565217,2.1300435,4.6,NA,153.3,NA,NA,7.587391255696363,69.2,84.1,62.7,-2.6,0.8796626356,111.3924,-16.4,-11.6,-1.8,-63.4,-32.5,41.8,19,52,-31.4,-19.6,2.2,16.9,-74.2,-31.6,-15,-34.3,-30.7,15.3,-8.5,-4.4,-21.9,63.6,30.7,1.1,1.4,4.9,3.1,26,-10.1,82.5,-0.6,-4.7,-2.4,-1.8,18.3,-4.2,-2.6,29.3,47.1,0.8,0,23.3,23.8,NA,-44.5,31.8,-24.1,-15.6,-26.9,3.8,-23.2,45.2,44.2,0,0,2,6.5,-59.4,-37.3,-24,87.9,4.7,30.76,0.2300684005022049,35.315611,0.22900532505209495,0.1071984,40.98829,6.8,4.81,8
2003-08-01,NA,NA,NA,NA,NA,NA,NA,NA,84.2,-16,9.8,NA,NA,NA,86.1,NA,-46.4,83.4,-27.7,96.6,98.3,99.2,87.2,97.8,NA,4.13,2.1404286,4.71,NA,NA,NA,NA,NA,NA,NA,NA,NA,0.8969280973,110.5976,-18.3,-15.8,-2.9,-62.4,-32.4,45,25.2,51.1,-31.3,-22.3,4.4,17.2,NA,NA,-1.3,-31.2,-29.6,15.5,-1.3,-0.5,-19.1,NA,NA,NA,NA,NA,NA,NA,NA,NA,NA,NA,5.7,8.6,21,-1.6,-0.7,NA,NA,NA,NA,NA,NA,NA,-36.9,32,-24.7,-14.2,-27.3,8,-21.4,45,43,0.6,0.2,2.8,6.6,-57.4,-35.4,-20.8,90.8,11.8,31.59,0.3325563371181488,39.244992,0.1933514370344441,NA,42.4631,15.7,9.52,37.91
2003-09-01,NA,NA,NA,NA,NA,NA,NA,NA,83.7,-13.9,9.8,NA,NA,NA,87.6,NA,-45.9,84.1,-25,96.5,98.1,99.6,86.7,97.2,NA,4.17136363636364,2.1473182,4.84,NA,NA,NA,NA,NA,NA,NA,NA,NA,0.8885194569,110.115,-18.5,-16.3,-2.9,-62.3,-32.8,38,28.1,50.6,-30.3,-22,1.5,16.8,NA,NA,-11.1,-31.6,-29.5,15.5,5.4,-0.6,-18.5,NA,NA,NA,NA,NA,NA,NA,NA,NA,NA,NA,9,7.6,21.8,-0.3,4.5,NA,NA,NA,NA,NA,NA,NA,-38.2,29.4,-23,-7.4,-25.2,8.3,-24.4,43.2,42.3,0.7,0.1,3.9,7.9,-57.7,-34.2,-21.1,92.1,12.8,28.29,0.4589585065841675,46.54298,0.23608330540432265,NA,43.39233,7.9,101.49,0
2003-10-01,717943.1,388656.9,137779.3,139364.3,200607.8,172598.6,0,NA,86,-12.5,9.8,NA,14124420,81517,86.4,109.7931,-47.7,85,-22.1,96.4,97.9,99.7,87,96.8,95.266,4.22130434782609,2.1435652,4.81,NA,152.5,NA,NA,8.165774181814767,69.3,83.3,63.2,1,0.8546855464,110.8226,-18,-14.8,-2.5,-60.9,-32,41.4,23.3,48.9,-29.1,-22.9,2.4,14.8,-75.2,-28.7,-3.4,-29.6,-27.6,14.5,6.7,-3,-18,68.1,24.5,1.2,1.5,5,3.6,26.3,0.5,83.2,1.9,-2.2,8.9,10.5,22,-2.3,1.2,31.7,43.1,2.9,1.1,21.3,24.8,NA,-29.2,29.1,-18.9,-7.9,-24.4,4.2,-21.1,43,43.1,0.8,0.1,2.6,8,-57.7,-37.7,-20.9,93.2,13.8,30.33,0.40172553062438965,99.301681,0.22374479569950026,0.0527176,43.40968,10.1,363.97,0
2003-11-01,NA,NA,NA,NA,NA,NA,NA,NA,86.6,-10.5,9.8,NA,NA,NA,89.2,NA,-46.4,84.1,-19.9,96.2,97.7,99.5,86.6,96.5,NA,4.353,2.15905,4.93,NA,NA,NA,NA,NA,NA,NA,NA,NA,0.8534178999,110.5764,-16.1,-12.8,-3.4,-58.2,-30.5,37.4,24.7,46.1,-25.9,-17.8,2.6,16.8,NA,NA,2.5,-25.8,-23,12.8,7.1,-2.7,-17.2,NA,NA,NA,NA,NA,NA,NA,NA,NA,NA,NA,15.3,14.1,21.1,-0.2,0.6,NA,NA,NA,NA,NA,NA,NA,-25.1,26.7,-15.9,-8.1,-19.5,0.3,-22.3,48,41.6,0.8,-0.2,3.2,8.4,-58.2,-34.6,-22.3,95.6,16.8,31.09,0.4453672766685486,101.48092,0.1127736061736448,NA,46.01037,3.8,353.09,0
2003-12-01,NA,NA,NA,NA,NA,NA,NA,NA,87,-11.5,9.8,NA,NA,NA,87.6,NA,-46.7,84.4,-25.5,97,99,99.7,86.4,98.6,NA,4.29105263157895,2.1463333000000002,4.98,NA,NA,NA,NA,NA,NA,NA,NA,NA,0.8131120243,112.8596,-17.7,-14,-5.9,-57.6,-30.2,36.2,22,44.6,-31.7,-20.9,2.2,16.8,NA,NA,-2.5,-27.2,-25.1,13.3,6,-2.1,-19.3,NA,NA,NA,NA,NA,NA,NA,NA,NA,NA,NA,17.2,15.6,21.7,-1.1,-2.1,NA,NA,NA,NA,NA,NA,NA,-35.3,32.1,-21.7,-9,-21.1,1.2,-16.8,53.6,39.9,0.4,0.6,3.4,6,-55.9,-37.5,-23.3,94.6,18.2,32.15,0.37589195370674133,109.48522,0.02264746895332544,NA,47.69532,4.1,500.34,0
2004-01-01,716813.1,388841.1,136332.5,136763.6,208598.1,174106.8,-0.3,NA,87.1,-9.6,9.8,NA,14187240,81500,85.2,108.3843,-45.2,84.4,-25,97,98.7,100.6,87.3,97.6,95.756,4.17095238095238,2.0894762,4.94,NA,149.3,NA,NA,9.402714350850694,68.4,80.9,64.9,-2.8,0.7927523477,113.0291,-19.7,-15.5,-6.6,-58.4,-30.6,39.2,24.6,44,-35.3,-26.2,2.6,15.7,-75.5,-28.4,3.2,-25.6,-24.2,11.9,8.8,-1.2,-18,70,23.2,1.7,1.7,3.9,3.2,20.4,3.4,83.5,3.9,-8.4,2.9,1.1,3.8,-6.8,2.1,30.5,31.1,4.9,0.1,22.4,35.8,NA,-34.4,30.3,-27.4,-10.4,-17.9,7.9,-19.7,48.9,38.4,0.7,0.8,4.1,7.6,-56.1,-34.3,-22.1,89.9,2.6,34.27,0.2684483826160431,121.8408,0.0226361385101911,0.333381,50.06466,10.3,558.86,0
2004-02-01,NA,NA,NA,NA,NA,NA,NA,NA,87.3,-9.1,10.1,NA,NA,NA,86.7,NA,-45.4,84.7,-26.1,97.2,99,100.2,87.1,98.2,NA,4.11,2.07055,4.86,NA,NA,NA,NA,NA,NA,NA,NA,NA,0.791426784,112.9327,-16.7,-14,-3.2,-54.7,-28.7,34.6,22.3,43.5,-29.3,-21,4.8,17.8,NA,NA,-0.4,-26,-24.5,11.9,10.5,0.7,-18,NA,NA,NA,NA,NA,NA,NA,NA,NA,NA,NA,15.3,13.5,16.8,-3.5,0.4,NA,NA,NA,NA,NA,NA,NA,-38.2,23.5,-31.9,-16.6,-20.6,7,-18.6,45.9,39.6,0.7,0.7,2.8,6,-56.9,-34,-21.7,95.2,15.2,34.74,0.2989306151866913,125.93089,0.033082383308658606,NA,50.18226,14,438.73,0
2004-03-01,NA,NA,NA,NA,NA,NA,NA,NA,86.6,-9.5,10.3,NA,NA,NA,84.5,NA,-46,85.3,-30.1,97.6,99,100,88,98.1,NA,3.91347826086957,2.0288261,4.77,NA,NA,NA,NA,NA,NA,NA,NA,NA,0.8155332247,111.8031,-17.4,-14.7,-4.3,-54.2,-30.3,34.7,22.1,44.9,-29.4,-20.2,4.9,17,NA,NA,-3.3,-26.6,-23.2,10.4,8.3,1.6,-18,NA,NA,NA,NA,NA,NA,NA,NA,NA,NA,NA,6.5,6.3,11.6,-6.2,7,NA,NA,NA,NA,NA,NA,NA,-41.7,27.7,-34,-20.8,-22.6,1.2,-20.8,44.9,40.8,0.8,0.5,3.6,6.4,-58,-34,-20.6,92.6,8.1,36.76,0.5919528603553772,119.85037,0.1070817522688604,NA,48.62262,18.6,417.85,0
2004-04-01,721073.1,388451.4,135871,138070.9,217855.6,177579.5,-0.4,NA,87.9,-7.4,10.3,NA,14122840,81471,84.7,108.0694,-45.8,86,-26.4,97.9,99.2,100.1,89.4,98.2,95.203,4.097,2.04875,4.66,NA,147.7,NA,NA,8.270098351818467,68.1,79.5,64.8,0.2,0.833518721,110.8781,-17.7,-13.7,-3.2,-54,-30.7,31.6,19.6,46.9,-30,-23.5,0,15.1,-76.9,-29,6.6,-21.2,-18.2,8.6,7.6,3.5,-16.4,70.3,22.8,1.1,5.2,3.1,3,18.3,1.8,83.9,5,-0.2,2.7,3.9,12.6,-6.9,5.5,33,36.1,1,0,26,29.8,NA,-29.3,28.9,-31.3,-20.9,-21.5,2.6,-24,41.7,43.2,0.8,0.5,3.5,7.2,-58.4,-33.2,-22.3,92.9,6.4,36.69,0.41125282645225525,106.4881,0.10521770288698645,0.0523642,49.86609,21.9,247.39,0
2004-05-01,NA,NA,NA,NA,NA,NA,NA,NA,88.6,-7.4,10.3,NA,NA,NA,88.8,NA,-48.3,83.8,-28.6,98.1,99.1,100.3,91.7,98.1,NA,4.25333333333333,2.0858571,4.72,NA,NA,NA,NA,NA,NA,NA,NA,NA,0.8324215129,111.2462,-18.1,-16.1,-4.3,-54.8,-31.5,35.3,25.2,47.8,-33.5,-20.5,1.5,16.3,NA,NA,2.7,-20.1,-18.8,8.6,6.4,8.4,-15.6,NA,NA,NA,NA,NA,NA,NA,NA,NA,NA,NA,3.3,0.8,14.1,-1.3,0.6,NA,NA,NA,NA,NA,NA,NA,-37.4,28.8,-25.9,-19.6,-19.7,7,-24.6,43.3,44.6,0.6,0.5,2.5,7.4,-61.3,-35.3,-22.9,92.5,6.1,40.28,0.29630932211875916,84.046343,0.08814508448366136,NA,47.48711,13.8,186.49,0
2004-06-01,NA,NA,NA,NA,NA,NA,NA,NA,87.9,-8.2,10.3,NA,NA,NA,85.9,NA,-47.6,85.3,-31.6,98.1,99.3,100.5,90.2,98.5,NA,4.31272727272727,2.1126818,4.75,NA,NA,NA,NA,NA,NA,NA,NA,NA,0.8231777259,111.1194,-17.4,-13.8,-2.9,-51.7,-30.2,35.3,25.1,47.3,-29.7,-22.8,2.1,16.4,NA,NA,-0.5,-19.1,-16.3,11.1,5.5,7.5,-15.1,NA,NA,NA,NA,NA,NA,NA,NA,NA,NA,NA,0.6,2.8,12.5,-4.9,4.2,NA,NA,NA,NA,NA,NA,NA,-41.5,29.2,-30.6,-24.3,-23.3,3.6,-24.4,45.1,41.8,0.9,1,2.6,6.4,-61.5,-33.7,-21.4,91.8,5.3,38.02,0.534296452999115,62.3979,0.03572132823943935,NA,48.68238,12.4,63.7,0.3
2004-07-01,718725.7,387065.7,136813.1,137573.7,214037.7,181022.8,0.6,NA,89.1,-6.3,10.3,NA,14124350,81442,86.9,107.4243,-49,85.5,-29.1,98.5,99.7,99.9,91.3,99.4,95.585,4.23681818181818,2.1160455,4.73,NA,146.2,NA,NA,8.568792148448946,68.3,77.9,65.4,-1.8,0.815449971,111.548,-18.2,-15.1,-3.7,-54.7,-31.1,34.2,22.3,46.6,-33.3,-22.8,-0.8,16,-75.8,-32.1,6.7,-15.3,-11.2,8.7,5.1,8.8,-14.7,69,20.3,1.3,7.2,4.1,3.6,16.8,3,84.3,4.2,2,5.4,8.4,8,-3.2,-0.6,34.6,32.1,0,0.1,23.3,31.8,NA,-38.8,27,-28.6,-21.6,-24,-0.1,-25,43.2,45,0.5,0.3,2.4,6.6,-63.7,-34.3,-23.2,92.9,7.3,40.69,0.21714872121810913,88.836549,0.005558204523085895,0,47.50061,34.6,32.15,0.59
2004-08-01,NA,NA,NA,NA,NA,NA,NA,NA,88.2,-5.6,10.4,NA,NA,NA,86.8,NA,-49,84.4,-29.9,98.6,99.9,99,92.7,99.7,NA,4.08045454545455,2.1142727,4.8,NA,NA,NA,NA,NA,NA,NA,NA,NA,0.8202851114,111.4214,-17.5,-11.3,-3.9,-52.3,-32.8,29.6,24.6,46.2,-29.6,-21.9,3.4,19.1,NA,NA,3,-15.1,-11.7,7.9,6.1,8.7,-13.9,NA,NA,NA,NA,NA,NA,NA,NA,NA,NA,NA,-0.4,0.5,11.6,-4.6,0.3,NA,NA,NA,NA,NA,NA,NA,-39.4,28.5,-32.1,-21.7,-21.3,2.8,-23.8,42.8,47.4,0.2,0.1,2.4,6.1,-63,-34.9,-23.9,92.5,3.9,44.94,0.2887801229953766,98.796832,0.013043916016424057,NA,45.9294,9.8,13.79,4.29
2004-09-01,NA,NA,NA,NA,NA,NA,NA,NA,88,-5.3,10.4,NA,NA,NA,87.9,NA,-49,85,-28.6,98.2,99.5,98.4,92.1,99,NA,4.01636363636364,2.1185909,4.77,NA,NA,NA,NA,NA,NA,NA,NA,NA,0.8178968621,111.0037,-16,-10,-2.5,-51.6,-31.2,28.7,23.7,46.4,-28.4,-20.3,4,19.3,NA,NA,-1,-13.9,-11.7,9,6.9,8.6,-11.9,NA,NA,NA,NA,NA,NA,NA,NA,NA,NA,NA,4.8,6,13.7,-3.3,-0.5,NA,NA,NA,NA,NA,NA,NA,-41.5,27.4,-32.7,-16.9,-21.5,9.6,-23.4,44.7,45.7,-0.1,0.5,2.5,6.7,-60.8,-37.2,-20.1,94.4,8.2,45.95,0.3858463168144226,97.971328,0.005738544093095641,NA,47.64905,2.2,92,0
2004-10-01,718291,389274.1,134986.6,136874.1,214848.6,181582,0.2,NA,89.1,-5.2,10.5,NA,14081064,81413,90.6,106.7541,-49,84.6,-27.8,98.5,99.4,98.3,95.1,98.8,95.604,3.8947619047619,2.1473333,4.66,NA,144.8,NA,NA,8.907846043461,68.1,76.6,65.2,1.7,0.8010767148,111.0708,-17.1,-9.4,-4.2,-52.4,-34.1,26.1,24.2,48.4,-30.1,-20.6,1.6,18.3,-75.7,-29,1.3,-12.9,-11.1,9.5,6.8,9.5,-12.4,69.5,19.2,1.4,7.6,4.6,3.2,17.2,0.6,84.1,3.4,1.5,7.7,5.3,12.5,0.7,5.2,35.8,34.1,1.7,1.1,21.3,23.8,NA,-41.8,25.1,-30.1,-16.4,-20.2,5.8,-24,44,43.7,0.3,-0.1,3.3,7.6,-61.3,-36.7,-22.3,94.1,8.5,53.13,0.3148614466190338,106.78779,0.005628243383486971,0.3167965,48.32766,7.2,220.13,0
2004-11-01,NA,NA,NA,NA,NA,NA,NA,NA,87.6,-6,10.6,NA,NA,NA,89.5,NA,-48.2,85.7,-27.3,98.1,99.2,98.2,92.6,98.4,NA,3.78045454545455,2.1703182,4.64,NA,NA,NA,NA,NA,NA,NA,NA,NA,0.7693685486,111.4256,-17,-9.3,-4,-55.1,-34,25.8,21.5,49.7,-29.8,-20.9,3,20,NA,NA,-5.1,-13,-12.1,9.4,4.3,9.2,-12.6,NA,NA,NA,NA,NA,NA,NA,NA,NA,NA,NA,8.2,7.6,15.1,-0.2,-0.5,NA,NA,NA,NA,NA,NA,NA,-38.7,22.6,-26.9,-20.5,-22.9,0.3,-24.1,44.4,44,-0.1,0.3,2.5,7.2,-61.1,-35.4,-21.1,94.4,10.3,48.46,0.5643781423568726,122.15189,0.007615711202768125,NA,49.97405,9,402.41,0
2004-12-01,NA,NA,NA,NA,NA,NA,NA,NA,87.7,-5.5,10.7,NA,NA,NA,88.7,NA,-48.6,84.9,-23.4,99.2,100.5,99.2,90.5,100.7,NA,3.57952380952381,2.1731739,4.53,NA,NA,NA,NA,NA,NA,NA,NA,NA,0.7454376067,113.1097,-16.4,-10.1,-3.6,-51.7,-34.1,22.8,19.6,49.6,-28.3,-17.8,3.8,19.8,NA,NA,1.3,-10.6,-12.8,10,4.2,12.7,-15.6,NA,NA,NA,NA,NA,NA,NA,NA,NA,NA,NA,5.3,4.1,0.4,-1.1,2.7,NA,NA,NA,NA,NA,NA,NA,-31.9,22.4,-24.4,-16,-20.2,2.1,-24.8,45.2,45.6,0.5,0.2,2.1,5.7,-60.4,-36.8,-21.7,92.6,3.2,43.33,0.3620081841945648,126.19621,0.009036643601498095,NA,51.29464,8.8,519.88,0
2005-01-01,719703.8,391948.1,135640.3,134862.7,220347.1,178816,-0.9,NA,89.6,-5.6,10.7,65.19444,13943851,81383,87.9,106.2822,-47.4,85.5,-24.1,98.6,99.4,99.6,92,99.1,95.682,3.5647619047619,2.1454286,4.47,NA,143.8,NA,NA,9.504751402589328,67.3,76.4,66.2,-2.1,0.7628096826,111.3282,-14.4,-9,0.6,-47,-30.2,20.9,21.7,48.4,-26.1,-19.1,6,21.5,-76.8,-28.8,1.9,-11.1,-11.2,8.8,3,11.3,-16,68.8,20.2,1.8,8.2,4.1,2.7,15.9,-7.9,83.9,6,-2.3,6.6,6.5,9.9,-2.6,1.7,38.3,37.9,4.7,0.4,18.1,22,NA,-32.5,21.2,-30.8,-18.6,-19.6,-1.6,-21.4,48.4,42.1,0.8,0.8,3,6.4,-59.9,-34.9,-22.9,94.8,7.7,46.84,0.2805768549442291,106.04591,0.010292623940833195,0.1088376,51.82673,8.2,488.18,0
2005-02-01,NA,NA,NA,NA,NA,NA,NA,NA,88.6,-7.4,10.9,NA,NA,NA,89.4,NA,-48.3,84.1,-26.5,99,99.7,100.3,92.8,99.6,NA,3.544,2.13835,4.41,NA,NA,NA,NA,NA,NA,NA,NA,NA,0.7676513351,110.852,-14.8,-9.3,-0.2,-47.5,-31.5,24.8,21,48.5,-24.6,-18.2,5.7,20.3,NA,NA,-3.4,-15,-11,10.6,3.3,9.8,-16.4,NA,NA,NA,NA,NA,NA,NA,NA,NA,NA,NA,2.3,5.2,12.7,-0.4,2.3,NA,NA,NA,NA,NA,NA,NA,-36.6,27.1,-22.4,-15.8,-19.1,4.3,-22,45.1,40.8,0.9,1.1,4.1,5.3,-60.5,-36,-24.8,93.7,6.8,47.97,0.5340539813041687,106.45841,0.0021833428615233345,NA,53.03743,14.2,521.07,0
2005-03-01,NA,NA,NA,NA,NA,NA,NA,NA,89.6,-10.1,10.9,NA,NA,NA,87.2,NA,-46.3,84.6,-32.5,99.4,99.8,100.6,95.4,99.5,NA,3.69619047619048,2.1371905,4.4,NA,NA,NA,NA,NA,NA,NA,NA,NA,0.7588134294,111.1189,-14.8,-9.5,-1.3,-52.1,-32.7,22.9,20.8,47.4,-23.7,-15.7,1.8,20.6,NA,NA,-8.3,-18,-13.1,13.3,0.8,5.8,-18.7,NA,NA,NA,NA,NA,NA,NA,NA,NA,NA,NA,2.1,4.4,7.4,-2.4,-0.7,NA,NA,NA,NA,NA,NA,NA,-44.3,26.5,-33.4,-26.6,-20.9,5.6,-41.2,34.1,38.4,0.8,0.8,2.9,5.7,-57.9,-34.6,-26.8,91.6,4.6,54.31,0.2806254029273987,109.43098,0.0016723975495827222,NA,53.24178,25.6,431.32,0
2005-04-01,723790.1,393074,137351.4,137495.5,224097.2,187674.4,-0.1,NA,90.2,-10.5,11.2,65.19944,14016804,81353,85.8,105.3522,-44.2,83.4,-27.8,99.4,99.5,100.4,97.4,99.1,94.821,3.48238095238095,2.1372381,4.41,NA,145,NA,NA,10.189075350967135,67.5,77.5,66.7,0.1,0.7726796173,110.2895,-15.3,-10.8,-0.6,-52.6,-31.1,27.3,20.8,44.7,-30.6,-18.9,0.7,18.6,-76.6,-26.7,-4.1,-19.7,-14.7,12.5,0.8,2,-18.3,65.7,24.6,1.9,6.9,4.6,3,19.5,-8.3,83.6,3,1,4.6,7,8.3,-6.2,-0.3,38.5,36.8,4.4,0.8,19,25.5,NA,-31.9,25.4,-34.5,-26,-17.7,5.7,-20,40.6,42.1,0.4,0.5,2.8,6.1,-58.8,-29.6,-23.8,92.2,6.6,53.04,0.2442685216665268,106.11502,0.004442491351566761,0.1131734,52.37231,32.3,250.38,0
2005-05-01,NA,NA,NA,NA,NA,NA,NA,NA,89.2,-10.7,11.2,NA,NA,NA,88.7,NA,-42.2,83.9,-27.5,99.7,100,100.9,97.2,99.8,NA,3.30409090909091,2.1256364,4.32,NA,NA,NA,NA,NA,NA,NA,NA,NA,0.7885121195,109.8393,-14.8,-9,-2.1,-49.4,-30.3,22.2,20.4,42.8,-26,-17.8,1,19.7,NA,NA,-3.9,-19,-13,13,-0.3,-0.3,-17.1,NA,NA,NA,NA,NA,NA,NA,NA,NA,NA,NA,6.4,10.8,9.7,-2.8,-0.5,NA,NA,NA,NA,NA,NA,NA,-30.4,24.6,-30.2,-27.5,-16.1,3.6,-16.1,43.1,41.7,0.9,0.3,3.8,4.4,-55.3,-29.2,-24.4,93,9,49.83,0.3767942488193512,85.152721,0.002389559123464187,NA,52.04265,46.1,160.05,1.32
2005-06-01,NA,NA,NA,NA,NA,NA,NA,NA,91,-11.1,11.2,NA,NA,NA,88.2,NA,-44.6,84.5,-27,99.9,99.8,101.1,99.4,99.7,NA,3.12636363636364,2.1110455,4.2,NA,NA,NA,NA,NA,NA,NA,NA,NA,0.8225777413,108.621,-15,-10.8,-2.2,-54.6,-29.7,24.8,22.3,42.3,-30,-17.4,-0.8,17.8,NA,NA,-7.5,-20.7,-15.5,13.7,1.1,-0.7,-15.1,NA,NA,NA,NA,NA,NA,NA,NA,NA,NA,NA,5.2,8.4,9.6,-4.3,1.7,NA,NA,NA,NA,NA,NA,NA,-33.8,28.4,-24.8,-18.8,-15.9,-2.1,-19.4,43.1,45.5,0.6,0.1,4.1,5.4,-59.8,-29.3,-25,92.3,7.7,56.26,0.2559701204299927,56.452422,0.0047558673347287625,NA,54.81299,17,70.22,3.93
2005-07-01,729615.2,392987.4,136986.1,139594.4,233117.9,192618.6,-0.1,NA,92.2,-8.9,11.2,65.5234,14086351,81326,90.9,104.374,-43.2,84.2,-27.3,100.3,100.2,100.2,101.9,100.7,94.054,3.20571428571429,2.1194286,4.14,NA,145.5,NA,NA,10.91908578167411,67.3,78.2,67.3,-1.3,0.8299360787,109.1975,-15.5,-10.9,-3,-55.3,-30.1,28.8,28.6,41.4,-25.6,-18.1,-1,18,-75.8,-32,2.9,-18.5,-13.9,11.2,3.2,1.1,-14.6,69.3,21.5,1.6,4.8,4.8,3.3,16.9,2.1,83.9,3.4,3.5,10.1,10.1,9.9,0.4,3.4,41.2,34.2,5.3,0.5,20.7,22.4,NA,-33.2,28.8,-26.7,-19.7,-18.3,1,-14.6,47.3,40.6,0.6,0.3,3.4,5.3,-57.7,-28.7,-23.8,93.8,10,58.7,0.4090728759765625,34.626825,0.00876490735167624,0.205381,56.88544,9.7,18.91,5.22
2005-08-01,NA,NA,NA,NA,NA,NA,NA,NA,89.8,-8,11.2,NA,NA,NA,87.7,NA,-41,84.6,-21.1,100.5,100.3,99.4,103.4,100.9,NA,3.23260869565217,2.1324783,4.12,NA,NA,NA,NA,NA,NA,NA,NA,NA,0.8133932101,109.1725,-13.9,-9.3,-2.4,-51.3,-27.5,28.3,26.4,39.4,-21.4,-16.6,3.2,20.7,NA,NA,-4.6,-18.2,-15,10.8,4.9,0.8,-13.9,NA,NA,NA,NA,NA,NA,NA,NA,NA,NA,NA,8.8,12.9,9.5,-6,1.1,NA,NA,NA,NA,NA,NA,NA,-24.5,25.1,-21.7,-13.8,-15.2,4,-16.4,47.2,40.4,0.3,0.6,3.4,4.4,-54.4,-27.5,-19.2,95.2,10.4,64.97,0.4175567924976349,33.590713,0.004678761353675197,NA,58.80945,16.6,37.69,0.01
2005-09-01,NA,NA,NA,NA,NA,NA,NA,NA,91.9,-6.3,11.1,NA,NA,NA,92.7,NA,-37,84,-19.5,100.8,100.1,99.3,106.7,100.1,NA,3.06772727272727,2.1391364,4.11,NA,NA,NA,NA,NA,NA,NA,NA,NA,0.8166935065,108.4323,-13.9,-10.3,-3.7,-51.2,-26.1,34.3,31.1,36,-25.2,-15.7,1.6,17.9,NA,NA,0.2,-14.3,-11.9,10,5.3,4.9,-11,NA,NA,NA,NA,NA,NA,NA,NA,NA,NA,NA,12.8,12.6,9.8,-0.9,5.2,NA,NA,NA,NA,NA,NA,NA,-24.5,24.3,-19.1,-9.7,-11.6,6.3,-16.2,46.3,42.1,0.4,0.2,3.7,5.3,-51.1,-22.9,-14.1,96.3,11.7,65.57,0.3767853379249573,56.329549,0.009314878370885115,NA,59.70398,13.7,72.1,0.1
2005-10-01,732223.4,392511.1,137120.7,143700.1,236564,199887.8,0.4,NA,93.6,-4.2,11,65.89368,14172946,81287,94.1,104.1981,-34.9,84,-21.2,100.9,100.1,99,107.1,100.1,94.041,3.23857142857143,2.196619,4.12,NA,145.7,NA,NA,10.372373254386911,66.9,78.7,67.2,0.7,0.8312796932,108.2321,-12.8,-9,-1.5,-48,-23.1,32.1,29.5,33.2,-22.4,-17.6,1.3,19,-77.9,-27.2,4.3,-11.3,-9.1,9.3,7.9,3.9,-10.1,71.3,19,1.8,3.8,3.7,3.1,15.3,4.5,84.4,7.9,4.9,11.2,11,14.2,2.7,8,42.1,30.5,6.3,0.7,15,25.9,NA,-28.9,27.1,-18.3,-7.5,-16.4,3,-13.8,48.9,37.7,0.2,0.4,3.3,5.8,-46.5,-23.3,-13.4,97.6,12.1,62.37,0.2413099706172943,68.327912,0.013881964501622638,0.1142139,59.60951,4,187.2,0
2005-11-01,NA,NA,NA,NA,NA,NA,NA,NA,92.7,-5.1,10.9,NA,NA,NA,92.5,NA,-34.9,84.4,-21.3,100.3,99.9,99.2,103.4,99.6,NA,3.44818181818182,2.3608636,4.19,NA,NA,NA,NA,NA,NA,NA,NA,NA,0.8479040994,107.5603,-12.3,-7.3,-3,-47.4,-25.2,30.4,36.3,31.5,-21.6,-13.7,2.6,18.9,NA,NA,1.2,-11.9,-9.9,8.8,5.4,6.6,-11.9,NA,NA,NA,NA,NA,NA,NA,NA,NA,NA,NA,12.7,11.8,9.1,0.5,3.4,NA,NA,NA,NA,NA,NA,NA,-28.3,26,-22.7,-9.7,-15.2,2.7,-12.4,50,36.6,0.6,0.9,3.5,5.3,-45.7,-24.2,-13.9,97.2,11.2,58.3,0.2531336843967438,60.928884,0.011328687520011345,NA,61.13445,2.5,401.97,0
2005-12-01,NA,NA,NA,NA,NA,NA,NA,NA,92.7,-3.8,10.7,NA,NA,NA,94.6,NA,-36.3,83.8,-19.5,101.3,101.1,100,103.5,101.8,NA,3.33761904761905,2.4728571,4.27,NA,NA,NA,NA,NA,NA,NA,NA,NA,0.8431824679,108.2855,-11.8,-9.4,-3.1,-42.5,-20.7,28.2,33.2,29.7,-17.3,-14.2,1.1,19.9,NA,NA,9,-9.1,-6.5,9.3,7.1,4.7,-11.3,NA,NA,NA,NA,NA,NA,NA,NA,NA,NA,NA,16.3,14.5,13.2,3.2,2.4,NA,NA,NA,NA,NA,NA,NA,-21.6,29.3,-21.6,-7.5,-14,7.7,-15.2,45.3,37.6,0.2,0.8,2.8,6.1,-47.3,-25.3,-13.5,98.6,14.7,59.43,0.32926714420318604,49.623755,0.004699180916847032,NA,63.95299,16,526.93,0
2006-01-01,740569.8,396365,137952.2,141624.3,244123.8,204744.5,0.5,NA,93.7,-1.3,10.6,66.40794,14232340,81241,98.3,102.6332,-31.6,84.2,-14.1,100.7,99.8,100.9,106.1,99.9,93.32,3.32136363636364,2.5116818,4.35,NA,146.7,NA,NA,10.25066136343582,66.4,80.3,67.5,-0.9,0.8252306086,107.9707,-8.5,-6.1,0.9,-35.5,-17.6,26.8,27.4,29.3,-8.8,-11.4,1.9,20.7,-76.7,-24.8,4.9,-6.8,-7.2,7.4,10.3,4.9,-11.3,73.3,16.2,2.5,3.8,4.5,2.6,11.9,10.8,85,7.2,6.9,14.8,15.7,13,6.7,3.8,45,27.1,6.6,1.9,11.9,23.1,NA,-15.5,26.2,-15.3,-0.7,-9.2,10.1,-16,43.9,32.4,0.8,1,2.2,4.8,-43.2,-19.9,-11.5,101.4,14.5,65.51,0.517082154750824,35.258629,0.007064322334605398,0,66.11412,17.2,629.34,0
2006-02-01,NA,NA,NA,NA,NA,NA,NA,NA,93.9,0.1,10.5,NA,NA,NA,100.7,NA,-28.1,84.1,-10.2,101.1,100.3,101.3,106.4,100.5,NA,3.4725,2.60035,4.34,NA,NA,NA,NA,NA,NA,NA,NA,NA,0.8375599006,107.5179,-8.8,-5.9,0,-33.8,-17.7,28.6,31.5,30,-14.3,-11.5,4.8,21.5,NA,NA,7.6,-4.2,-4.1,6.4,10.8,7.2,-10.1,NA,NA,NA,NA,NA,NA,NA,NA,NA,NA,NA,14.8,15.5,17,9.1,7.6,NA,NA,NA,NA,NA,NA,NA,-10.1,25.7,-10.5,5.2,-7.9,18.1,-21.4,39.9,28.8,1.3,1.1,2.9,4,-42.5,-13.8,-13.2,102.5,15.8,61.63,0.35979241132736206,43.11214,0.0033815101158191354,NA,69.63632,20.5,505.35,0
2006-03-01,NA,NA,NA,NA,NA,NA,NA,NA,93,0.9,10.5,NA,NA,NA,100.2,NA,-26.7,83.7,-9.5,101.2,100.3,101.2,106.7,100.3,NA,3.63739130434783,2.7226087,4.43,NA,NA,NA,NA,NA,NA,NA,NA,NA,0.8311872662,107.7161,-8.7,-6.3,0,-34.1,-18.3,25.3,32.5,29.5,-9,-10.1,4.9,20.5,NA,NA,7.9,-2.8,-3.4,6.8,12.2,6.9,-8,NA,NA,NA,NA,NA,NA,NA,NA,NA,NA,NA,13.6,17.3,17.1,7.5,5.5,NA,NA,NA,NA,NA,NA,NA,-11.3,24.5,-11.4,7.2,-8.2,18.1,-29.4,37.5,26.9,1.1,0.5,2.8,3.7,-41.1,-12.2,-10.6,103.1,16,62.9,0.26685795187950134,49.275882,0.00544231871935514,NA,71.12463,29,498.67,0
2006-04-01,753263.4,398270.3,137663.8,151529.9,251860.4,207922.9,0.3,NA,94.9,4.1,10.3,66.9909,14363820,81201,101.9,103.5386,-20.3,83.7,-9.1,101.6,100.3,101.6,109.9,100.3,92.233,3.895,2.7937778,4.53,NA,147.4,NA,NA,9.402361558780758,65.8,81.7,67.3,2,0.8141953955,108.0387,-8.7,-6.2,-0.2,-30.1,-16.8,27.8,37.1,27.4,-2.4,-11.5,4.1,20.2,-77.1,-25.5,14.2,2.7,1.4,3.5,13.1,8.6,-8.4,73.2,13.2,2.9,4.9,5.7,2.8,7,18.1,86.3,9.5,8.2,11.7,15,16.5,10,7.9,45.9,24.6,8.6,1.4,13,25.6,NA,-11.2,26.5,-11.8,10.5,-8.1,16.5,1.6,37.3,24,1.9,0.9,2.9,3.9,-30.6,-10.1,-6.8,104,14.4,69.69,0.2694995403289795,43.647893,0.003990043600257193,0,72.76139,55.3,281.33,0
2006-05-01,NA,NA,NA,NA,NA,NA,NA,NA,95.8,4,10.2,NA,NA,NA,100.5,NA,-18.8,84.7,-9.7,101.8,100.4,102.4,110.4,100.4,NA,3.96272727272727,2.889,4.61,NA,NA,NA,NA,NA,NA,NA,NA,NA,0.7829057142,108.4564,-6.6,-6.3,0.5,-23.8,-15.4,28.1,44.2,24.4,6.2,-5.4,3.9,21.7,NA,NA,5.3,2.6,0.2,4.1,13.5,8.2,-7.1,NA,NA,NA,NA,NA,NA,NA,NA,NA,NA,NA,16.3,20.5,17.1,8.4,10.1,NA,NA,NA,NA,NA,NA,NA,-10.1,26,-15.6,7,-11.1,18.3,7.1,61.8,22,1.4,1.1,2.8,4,-27.7,-9.8,-4.5,105.8,18,70.94,0.40401017665863037,42.57695,0.020362595597180053,NA,70.18191,30.8,129.07,0
2006-06-01,NA,NA,NA,NA,NA,NA,NA,NA,95.5,5.2,10.1,NA,NA,NA,103.6,NA,-17.4,85.1,-6.6,101.9,100.5,102.5,111.1,100.8,NA,3.96045454545455,2.9856818,4.68,NA,NA,NA,NA,NA,NA,NA,NA,NA,0.7897520166,109.1681,-7.5,-5.8,-2,-21.7,-16.6,28.2,52.5,22,8,-5.6,-0.1,18.9,NA,NA,16.4,6.6,2.9,0.8,9.7,8.2,-5.3,NA,NA,NA,NA,NA,NA,NA,NA,NA,NA,NA,13.9,17.1,13.1,11.2,6.7,NA,NA,NA,NA,NA,NA,NA,-5.3,22.6,-12.3,8.1,-7.1,22.3,8.3,63,19.8,1.7,1,2.3,3.6,-23.4,-11.3,-2.9,105.1,14.7,70.96,0.3717247545719147,53.201775,0.0324252060960292,NA,65.23695,42.2,61.8,1.7
2006-07-01,759001.5,398227,138817.5,151806.1,258819.9,211719.4,0.6,NA,97.1,5.9,10,67.47513,14433609,81150,102.1,104.4304,-16.3,84.1,-12.8,102.4,101,102.3,112.2,101.9,92.486,4.01,3.1021905,4.75,NA,147.3,NA,NA,9.276608626637174,65.3,82.1,67.3,0.4,0.7878321157,109.6961,-8.3,-4.9,-1.5,-19.5,-17.1,28.5,53.5,21,13.7,-9.7,4.1,19.9,-76.2,-29.8,10.8,8.3,3.5,1.7,11,10.2,-5,71.2,12.2,4.1,8,4.8,2.8,2.9,14.9,87.2,8.8,5.1,14.1,15,17.2,8.5,8.7,46.7,24.3,10.3,1.6,11.4,23.1,NA,-14.7,27.9,-16.2,4.1,-6.6,22.3,3.5,62.7,21.4,2.1,1.6,3.1,4,-23.7,-8.9,-0.9,104.9,15.4,74.41,0.4287892282009125,64.347696,0.013900184497099432,0.1518065,66.27413,4.7,0.08,34.03
2006-08-01,NA,NA,NA,NA,NA,NA,NA,NA,97.6,6,9.9,NA,NA,NA,99.9,NA,-14.6,84.3,-12.7,102.3,100.9,102,111.6,101.8,NA,3.88391304347826,3.2264783,4.8,NA,NA,NA,NA,NA,NA,NA,NA,NA,0.7806007433,109.067,-8.5,-5.9,-1.5,-21.7,-17,27.4,59.4,19.9,11.7,-9.6,-1.9,20.5,NA,NA,9,7.8,3.1,1.3,11.5,10.4,-3.4,NA,NA,NA,NA,NA,NA,NA,NA,NA,NA,NA,12.4,16.9,15.3,5.3,9.5,NA,NA,NA,NA,NA,NA,NA,-11.9,24.7,-14.9,-1.7,-9.2,27.7,0.9,61.8,19.8,2.6,1.6,3.1,4.1,-21.6,-7.6,-0.3,104.9,14.9,73.05,0.45502951741218567,83.03727,0.007161538527761978,NA,68.15572,13.8,38.58,0
2006-09-01,NA,NA,NA,NA,NA,NA,NA,NA,97.3,8.5,9.8,NA,NA,NA,104.7,NA,-14.7,82.8,-8.3,101.8,100.8,102.3,107.5,101.2,NA,3.75380952380952,3.335381,4.78,NA,NA,NA,NA,NA,NA,NA,NA,NA,0.785348419,108.6274,-8.5,-5.1,-2.2,-18.4,-17,29.5,61.2,19.2,18.6,-9.6,6.1,22.5,NA,NA,14,11.7,5.8,1,14.8,14.1,0,NA,NA,NA,NA,NA,NA,NA,NA,NA,NA,NA,12.4,16.2,13.3,9.6,10.1,NA,NA,NA,NA,NA,NA,NA,-2.4,18.6,-6.6,-4,-3.6,28.4,0.1,62.1,17.8,3,2.3,2.9,3,-21.1,-8.3,-3.6,105.7,14,63.87,0.4765518307685852,92.812565,0.0024662380486826334,NA,69.94864,22.5,14.51,0.07
2006-10-01,770130,402470.9,139432.7,155967.2,273516,218400,-0.5,NA,96.9,10.3,9.7,67.7817,14563524,81103,104.8,103.0161,-16,83,-6.3,101.9,100.9,101.9,106.9,101.2,91.333,3.78772727272727,3.502,4.75,NA,146,NA,NA,9.3675021047686,64.1,81.8,66.4,2.1,0.7922798054,108.378,-9.4,-4.8,-1.8,-17.4,-17.3,31,66,18.1,19.7,-13.8,2.4,20.8,-78.6,-28.1,12.8,14.9,7.6,-0.9,14.9,13.1,0.9,70.6,9.7,5.3,11.2,4.3,2.9,-0.9,18.7,87.9,7.5,4.2,16.6,22,11,9.3,6.7,49.9,20.1,0,1.4,12.4,21.5,NA,4,17.9,-4.8,-4.9,-3.6,34.9,-3.5,60.6,18.4,3.7,4.1,3.3,3.3,-23.7,-8.3,-2.7,106.7,16.5,58.88,0.2649203836917877,93.149631,0.0020891670312581188,0.0572836,73.06985,4.5,150.51,0
2006-11-01,NA,NA,NA,NA,NA,NA,NA,NA,98.6,11.6,9.6,NA,NA,NA,107.1,NA,-16.4,83.6,-7.5,101.8,100.8,102.1,106.4,100.8,NA,3.71409090909091,3.5971818,4.76,NA,NA,NA,NA,NA,NA,NA,NA,NA,0.7758053555,108.3907,-8.3,-4.2,-2,-13.6,-15.6,29.4,66.7,14.2,20.5,-11.5,2.2,20.7,NA,NA,14.7,16.1,8.3,-0.3,18.4,12,1.9,NA,NA,NA,NA,NA,NA,NA,NA,NA,NA,NA,15.1,19,18.7,12.6,16.3,NA,NA,NA,NA,NA,NA,NA,8.5,17.8,-7.5,-13.1,-4,35.8,-2.7,62.6,16.9,3.5,4,3.5,3,-25.4,-7.5,-2.5,107.9,17.6,59.37,0.20039471983909607,97.208198,0.0017469362935746047,NA,75.3987,7,316.47,0
2006-12-01,NA,NA,NA,NA,NA,NA,NA,NA,99.5,11.3,9.4,NA,NA,NA,106.3,NA,-16.8,86.1,-6.9,102.7,102,102.5,106.3,102.9,NA,3.77052631578947,3.6842105,4.73,NA,NA,NA,NA,NA,NA,NA,NA,NA,0.7576693085,109.3188,-8,-3.9,-4,-5.2,-10.1,32.2,64.2,8.7,15.7,-13.9,-2.1,19,NA,NA,20.4,19.2,10,-1.6,13.2,12.2,2.5,NA,NA,NA,NA,NA,NA,NA,NA,NA,NA,NA,20.1,23.7,13.4,10.5,15.1,NA,NA,NA,NA,NA,NA,NA,7.1,19.4,-14.9,-8.2,-2.3,35.4,0.8,69.6,17.1,3.7,5.4,3.6,3.2,-27.5,-6.1,-3.2,107.9,19.1,62.03,0.24380730092525482,100.25528,0.0013947083158177814,NA,77.1145,3.4,414.94,0
2007-01-01,771064.9,396516.6,140278.6,156027.1,271539.9,220548.9,1.1,NA,99.2,10.7,9.2,68.48769,14599271,81050,106.9,101.7374,-19.2,82.4,-7.9,102.5,101.4,103.5,107.8,101.7,91.855,4.01681818181818,3.7518636,4.81,NA,143.6,NA,NA,8.968460609056095,62.8,80.8,65.5,1.7,0.7692050272,108.939,-8,-4.4,-1,-2.7,-8.4,34.5,49.8,4.2,-22.3,-18.1,3.7,22.4,-76.8,-26.9,12.3,16.1,8.5,-1.2,14.7,15.9,4.9,68.4,9.8,6.7,12.6,5.1,3.2,-5.3,12.3,88,9,5.7,17.8,19.3,17.9,10.9,13.4,47,21.9,0,2.5,8.2,20.3,NA,0.8,20.2,-14.9,-4.3,-3.6,26.5,-1,70.9,21.7,3.3,3.1,4.9,2.6,-32.4,-6,4.3,107.4,18.3,54.57,0.24088944494724274,103.11898,0.002102931142602259,0.073524,79.7364,3.6,407.05,0
2007-02-01,NA,NA,NA,NA,NA,NA,NA,NA,100.1,8.9,9.1,NA,NA,NA,106.9,NA,-24.6,83.5,-16.1,103,101.9,103.4,108.7,102.3,NA,4.049,3.8182,4.91,NA,NA,NA,NA,NA,NA,NA,NA,NA,0.7641653326,109.1181,-5.9,-4,0.4,0.2,-5,35.5,35.9,1.1,-25.2,-14.9,5.5,21.3,NA,NA,16.2,14.8,7.9,-1,10.8,13.1,4,NA,NA,NA,NA,NA,NA,NA,NA,NA,NA,NA,12.9,17.5,13.6,11.8,11.3,NA,NA,NA,NA,NA,NA,NA,-18.1,25.3,-15.2,-4.7,-4.4,16.4,-9.2,63,31.3,2,2.1,5,3.2,-40.4,-8.8,2,105.9,14.7,59.26,0.42574256658554077,101.45218,0.004564556490829039,NA,82.63397,9.6,381.85,0
2007-03-01,NA,NA,NA,NA,NA,NA,NA,NA,100.6,8.8,8.9,NA,NA,NA,107.9,NA,-24.8,83.6,-13.9,103.2,101.9,103.3,110.4,102.2,NA,3.94090909090909,3.8909091,4.91,NA,NA,NA,NA,NA,NA,NA,NA,NA,0.7547579095,109.1404,-4.9,-2.9,2.8,1.4,-4.5,33.1,30,-0.4,-22.7,-14.8,3.3,21,NA,NA,12.4,13.4,8.3,0.9,13.8,12,5.4,NA,NA,NA,NA,NA,NA,NA,NA,NA,NA,NA,16.3,19.8,17.5,12.9,10.5,NA,NA,NA,NA,NA,NA,NA,-14.4,25.4,-17.5,-1.8,-4.7,10.1,-4.3,67.9,32.8,2.4,1.3,3.3,3.4,-41.5,-8.1,-0.5,107.3,17.9,60.56,0.2775689661502838,116.35756,0.02014499579244514,NA,80.48441,8.1,349.33,0
2007-04-01,776107.4,399331.3,140759.3,154609.3,278432.2,221726.1,0.6,NA,99.8,8.8,8.7,68.81258,14667772,81014,104.7,100.7472,-25.7,84.4,-7.7,103.6,102.1,104.3,111.9,102.5,91.882,4.1521052631579,3.9752632,4.93,NA,143,NA,NA,8.822941027492192,62,81,65.5,4.5,0.7401965351,109.5062,-3.2,-2.5,4.6,4.9,-1.7,35.8,28.3,-1.7,-19,-13.1,5.4,22.7,-74.5,-24.2,13.6,14.4,7.1,1.8,13.8,9.8,3.2,67.5,10.2,7.3,11.7,4,2.6,-6.7,14.4,88.5,11.5,7.1,20.6,25.1,16.3,8.1,11.3,53.5,16.6,14.8,1.6,7.6,16.7,NA,-5.1,22.5,-14.1,4.7,-2.8,14,-10.2,60.8,31,1.9,2,3.4,2.5,-42.7,-8.7,-1.9,108.8,20.7,63.97,0.16986089944839478,127.83846,0.003183890239297339,0.1401738,86.42415,7.6,180.34,0
2007-05-01,NA,NA,NA,NA,NA,NA,NA,NA,101.6,9,8.6,NA,NA,NA,104.8,NA,-24.9,81.7,-7.8,103.8,102.3,104.2,112.5,102.9,NA,4.27904761904762,4.0713636,4.98,NA,NA,NA,NA,NA,NA,NA,NA,NA,0.74015873,109.1627,-1.3,-1.6,5.1,8.2,0.8,36.3,29.4,-2.9,-17.4,-9.5,8.1,23.9,NA,NA,7.8,13.6,7.6,1.3,14.8,9,5.2,NA,NA,NA,NA,NA,NA,NA,NA,NA,NA,NA,17.7,16.9,17.3,8.2,12.6,NA,NA,NA,NA,NA,NA,NA,-6.9,20.3,-9.3,3.9,-4.5,15.3,-16.8,57.7,30.5,2.4,1.8,2.6,3.1,-40.4,-9.3,-1.7,108.7,17.3,63.46,0.25957170128822327,138.26253,0.002429366291625109,NA,89.08846,1.4,113.17,0.13
2007-06-01,NA,NA,NA,NA,NA,NA,NA,NA,101.8,9.9,8.5,NA,NA,NA,107.6,NA,-25.3,82.4,-11.6,103.9,102.4,104.3,112.9,103.1,NA,4.56047619047619,4.1477619,5.13,NA,NA,NA,NA,NA,NA,NA,NA,NA,0.7450341002,108.8413,-1.8,-1.2,4.8,8.5,0.3,34.7,29.8,-2.9,-12.8,-11.1,3.9,21.7,NA,NA,12.5,13.7,9,0.1,16.2,12.9,6.5,NA,NA,NA,NA,NA,NA,NA,NA,NA,NA,NA,17.6,18.2,17.5,12.7,11.2,NA,NA,NA,NA,NA,NA,NA,-14.8,23.7,-15.2,3.6,-6.5,16.3,-14.5,54.5,32.1,2.6,1.6,3.5,2.4,-42.2,-8.4,-3.8,108.9,17.7,67.48,0.3677169978618622,127.83696,0.013315881896345926,NA,91.62746,7.6,22,0.7
2007-07-01,780280.4,398941.5,140913.1,155253.7,283838,226552.6,1.1,NA,102.5,8.9,8.5,69.18359,14670706,80972,108.2,100.7906,-25.8,82.1,-9.9,104.4,102.9,104.2,113.9,104.3,91.978,4.505,4.2161818,5.27,NA,141.7,NA,NA,6.724866999532231,61.2,80.5,64,1.8,0.728967982,109.591,-1.8,1.1,4.2,6.2,-0.2,34.6,27.9,-2.1,-13.4,-12.4,4.6,21.6,-78.3,-26.9,9.3,13.4,8.6,0.5,13.9,12,6.8,65.9,11.9,9.8,11.9,3.6,2.5,-5,9.7,88.4,9.8,6.8,18.3,18.6,18,13,11.4,48.7,17.3,0,1.5,9.2,22.6,NA,-7.1,23.5,-15.3,1,-4.9,13,-17.4,49.8,31.8,2,1.4,4.3,3.3,-42.5,-9.2,-7.3,108.6,18.3,74.18,0.23953646421432495,140.80402,0.030129662351878837,0.214148,92.03423,66.7,29.58,8.84
2007-08-01,NA,NA,NA,NA,NA,NA,NA,NA,102.7,8.6,8.4,NA,NA,NA,109.3,NA,-24.1,82.4,-9.9,104.3,102.9,104.5,112.5,104.2,NA,4.29652173913043,4.5436087,5.31,NA,NA,NA,NA,NA,NA,NA,NA,NA,0.734198174,109.2383,-4.1,-2.6,1.6,4.1,-3.6,50.3,55,0.1,-15.2,-11.9,5.4,21.7,NA,NA,9.3,13.4,8.2,-0.1,12.2,13.4,6.7,NA,NA,NA,NA,NA,NA,NA,NA,NA,NA,NA,18.9,18,16.9,13.7,15.6,NA,NA,NA,NA,NA,NA,NA,-5.1,24.4,-13.4,-0.3,-2.3,15.6,-15.6,52.4,30.8,2.3,1.8,3.1,2.9,-39.9,-8.2,-11.1,107.6,17.9,72.39,0.21582505106925964,149.99502,0.09488748799412239,NA,86.60923,38.7,26.59,0.31
2007-09-01,NA,NA,NA,NA,NA,NA,NA,NA,103.6,7.8,8.4,NA,NA,NA,104.3,NA,-23.9,81.9,-12.8,104.5,102.9,104.9,113.9,103.6,NA,4.226,4.7417,5.27,NA,NA,NA,NA,NA,NA,NA,NA,NA,0.718849564,109.5396,-5.5,-2.5,0.1,0.3,-5.9,54.5,53.7,1.3,-18.1,-13.8,6,22.5,NA,NA,10.7,11.8,7.5,2.2,13.8,12.5,6.8,NA,NA,NA,NA,NA,NA,NA,NA,NA,NA,NA,13.9,16.2,13.6,8.4,12,NA,NA,NA,NA,NA,NA,NA,-7.4,26,-18.3,-5.1,-9.1,16.3,-15.1,50,30.9,2.8,1.6,3.2,3,-38.6,-9.2,-12.7,105.6,14.6,79.93,0.28465965390205383,167.27197,0.07504507839565518,NA,88.50817,47.6,128.2,0
2007-10-01,786279.2,398465.2,142258.9,158236.5,286236.9,226640.9,0.6,NA,103.8,7,8.3,69.36181,14759898,80936,106,100.1115,-23,81.9,-14,104.7,102.9,106.5,113.6,103.6,92.035,4.28260869565217,4.6873913,5.24,NA,141.9,NA,NA,5.509996307521758,60.4,81.6,63.6,3.2,0.7027786407,109.4607,-5.5,-4,-0.3,-1,-6.4,62.2,50.6,0.3,-20.8,-11.2,0.1,21.1,-78.1,-26.7,3.2,11.3,8.1,3.9,13.7,12.7,5.1,69.4,9.9,9.6,10.4,4,2.3,-4.1,4.4,88.5,7.5,4.3,14.2,14.9,20,11.4,13.4,52.2,16.7,0,3.3,9.5,17.3,NA,-12.4,25,-18.8,-4.7,-8.6,16.3,-14.5,51.2,32,2.2,1.8,2.9,3.3,-38.4,-7.6,-11.5,105.9,16.4,86.2,0.3003518283367157,186.67637,0.020177551799209596,0,92.34847,22.1,278.3,0
2007-11-01,NA,NA,NA,NA,NA,NA,NA,NA,103.5,7.1,8.2,NA,NA,NA,107.6,NA,-24,81.1,-13,105.2,102.8,107.6,118.1,103.3,NA,4.08909090909091,4.6385455,5.22,NA,NA,NA,NA,NA,NA,NA,NA,NA,0.6807399048,110.1427,-7.8,-5.6,-0.5,-2.2,-9.8,65.6,50.1,-0.3,-26,-15.3,2.2,20.9,NA,NA,11.1,10.5,7.2,3.5,14.2,15,5.6,NA,NA,NA,NA,NA,NA,NA,NA,NA,NA,NA,11.7,11.9,12.9,12.5,17.7,NA,NA,NA,NA,NA,NA,NA,-11.2,22.7,-11.8,-5,-4.8,22.9,-15,51.5,32.5,2,0.4,2.9,3.2,-38.2,-9.9,-11.3,103.8,12.2,94.62,0.25465112924575806,187.18409,0.07088208364245965,NA,89.10388,16.7,422.4,0
2007-12-01,NA,NA,NA,NA,NA,NA,NA,NA,104.4,6.9,8.1,NA,NA,NA,103.9,NA,-22.8,80,-20.4,105.9,104,108.3,115.4,105.4,NA,4.20588235294118,4.8483684,5.22,NA,NA,NA,NA,NA,NA,NA,NA,NA,0.6867732256,110.3264,-7.7,-5.5,-1,-3.8,-10.6,67.9,42.7,0.5,-21.2,-13.6,4.6,21.7,NA,NA,8.2,12,7.6,4.5,13.2,16.1,7.2,NA,NA,NA,NA,NA,NA,NA,NA,NA,NA,NA,11.8,14.2,12.3,7.5,22.2,NA,NA,NA,NA,NA,NA,NA,-22.2,27.4,-18.8,-11.5,-8.9,17.5,-16.7,49.6,30.2,1.7,0.7,4,2.7,-37.2,-8.4,-11.1,103.6,12.8,91.73,0.3499789237976074,180.30125,0.13445380742512744,NA,91.16476,19.8,501.45,0
2008-01-01,790583.3,399428.7,144277.6,160238.8,288829.7,228296.5,0.7,NA,105.3,5.2,8,69.81321,14834417,80852,102.8,101.6117,-21.6,82.9,-20.2,105.5,102.9,109.8,118,103.8,92.629,4.02772727272727,4.4815455,5.23,NA,141.1,NA,NA,3.0941286058225215,59.4,81.7,63.8,1.8,0.6796661957,109.7489,-8.1,-5.5,-0.7,-2.6,-11.1,65,43.5,2.3,-22.6,-15.3,1.7,20.5,-76.8,-30.4,4.3,9,4.5,4.3,10.8,17.6,3,68,10.7,9.7,11,5.4,2,-0.3,6.1,88.2,9.3,3.2,9.4,14.3,13.8,7.7,19.7,49.6,15.5,0,2.5,9.8,19.4,NA,-23,27.3,-17.5,-10.4,-10.4,16.3,-12.1,58.7,30.4,2.1,0.7,3.5,2.8,-36.6,-6.7,-8.3,102.9,12.5,92.95,0.199296236038208,148.3249,0.19993092259864456,0,83.74442,10.7,439.79,0
2008-02-01,NA,NA,NA,NA,NA,NA,NA,NA,104.9,5.2,7.9,NA,NA,NA,106.2,NA,-25.7,82.9,-11.5,106.1,103.5,110,118.5,104.6,NA,3.95285714285714,4.3620952,5.09,NA,NA,NA,NA,NA,NA,NA,NA,NA,0.6786291452,109.3117,-8.9,-6.4,0.4,-6.9,-14.7,62.8,41.2,4.4,-22.5,-14.8,1,21.1,NA,NA,6.5,9.3,4.6,3.2,9.7,14.1,2.2,NA,NA,NA,NA,NA,NA,NA,NA,NA,NA,NA,10.1,15.5,13,11.8,16.6,NA,NA,NA,NA,NA,NA,NA,-4.8,25.9,-13.6,-3.7,-4.9,19.1,-1.6,66.1,34.2,2.1,0.7,3.8,3.1,-40.4,-11.1,-12.3,103.1,12.8,95.35,0.21614061295986176,144.03247,0.2853748773981698,NA,79.16575,7.5,398.75,0
2008-03-01,NA,NA,NA,NA,NA,NA,NA,NA,104.8,5.2,7.8,NA,NA,NA,105,NA,-23.6,81.2,-9.1,106.6,103.8,110.5,121.2,104.9,NA,3.79947368421053,4.5963684,5.02,NA,NA,NA,NA,NA,NA,NA,NA,NA,0.6440975906,110.4924,-9.2,-6.5,-0.2,-6.8,-15.8,64.8,42.7,4.9,-20.8,-14.3,2.8,21.3,NA,NA,10.1,9.7,5.9,4.3,10.1,14.2,2,NA,NA,NA,NA,NA,NA,NA,NA,NA,NA,NA,9.6,15.8,11.4,9,14.5,NA,NA,NA,NA,NA,NA,NA,-3.3,22.2,-6.9,-1.6,-2.5,23.5,-3,65,34.9,2.1,1.1,3.6,1.7,-37.5,-9.7,-10.2,102.9,12.3,105.56,0.145537868142128,159.79427,0.40410971274250057,NA,74.68154,8.1,408.97,0
2008-04-01,787540.2,397913.1,147084.7,157256,287376.9,225677.1,0.4,NA,105.4,3,7.7,69.80685,14783861,80797,103.4,101.9611,-25.4,80.4,-16.1,106.3,103.2,110.9,122.2,103.8,93.953,4.04,4.7835,5.07,NA,141.1,NA,NA,1.3701109149240498,59.1,82,64.8,4,0.6350929536,110.1363,-8.8,-5.4,1.8,-6.8,-16.5,62,41.6,4.7,-18.4,-15,4.6,21.5,-78.7,-28.2,-1.6,4.6,2.6,3.7,8.1,12.9,0,67.7,12.4,10.2,9.3,3.7,2.3,-0.4,-8.4,87.6,4.6,-3.2,8.3,8.1,11.6,8.7,13.9,50.3,19.3,0,3.8,11.8,18,NA,-14.7,26.9,-15,-6.7,-6,22.9,-19.5,54,34.4,2,0.3,3.1,2.1,-38.3,-12.5,-11.1,101.2,9.3,112.57,0.1361793726682663,162.46834,0.37012484820995056,0.2314279,77.65237,21.6,296.16,0
2008-05-01,NA,NA,NA,NA,NA,NA,NA,NA,103,2.9,7.5,NA,NA,NA,103.4,NA,-22,81.6,-14,107,103.5,110.9,126.5,104.5,NA,4.20190476190476,4.857381,5.12,NA,NA,NA,NA,NA,NA,NA,NA,NA,0.6425454545,109.7849,-11,-7.2,-1.6,-12.1,-19.9,72.2,46.4,6.9,-25.4,-15.3,-0.6,20.1,NA,NA,8.7,6.8,1.4,3.6,5.4,11.5,1.8,NA,NA,NA,NA,NA,NA,NA,NA,NA,NA,NA,11.9,13.5,7.8,6.6,16.3,NA,NA,NA,NA,NA,NA,NA,-5.3,26,-15.4,-10.7,-3.1,20.9,-13.2,51.5,32.9,2.3,0.1,3.2,2.3,-36.7,-7.3,-8.9,100.9,11.1,125.39,0.1862311065196991,188.93573,0.22345388260039958,NA,79.98895,30,104,0.25
2008-06-01,NA,NA,NA,NA,NA,NA,NA,NA,104.1,-0.7,7.4,NA,NA,NA,103,NA,-22.9,80.6,-17.5,107.4,103.5,110.9,128.8,104.7,NA,4.52047619047619,4.9405238,5.24,NA,NA,NA,NA,NA,NA,NA,NA,NA,0.6429047619,109.3281,-13.3,-8.2,-2.5,-13.5,-22.9,75.8,55.3,11.1,-27.3,-19.5,-0.2,20.1,NA,NA,-1.6,2.1,-0.9,5.7,1.6,14.9,-2.7,NA,NA,NA,NA,NA,NA,NA,NA,NA,NA,NA,9.3,11.8,10.7,7.9,18.7,NA,NA,NA,NA,NA,NA,NA,-12,26.7,-18,-13.7,-3.5,20.3,-14.8,53.4,34.5,1.5,0.7,2.6,2.3,-36.3,-9.5,-6.2,98.4,10.6,133.93,0.3392484486103058,182.37615,0.2608241214144545,NA,75.89803,7.5,37.36,0.49
2008-07-01,783280,398086.3,146450.2,157440.2,284843,229974,1.1,NA,102.5,-3.3,7.3,70.35694,14752639,80744,99.6,100.6432,-22.1,80.9,-28.6,108.1,104.2,111.1,130.6,106.1,95.065,4.4904347826087,4.961,5.42,NA,141.5,NA,NA,0.4647212347436369,58.9,82.7,64.4,1.8,0.6346086957,109.6192,-16.1,-10.4,-5.7,-20.7,-28.2,76.4,53.3,16.8,-29.9,-20.1,-0.9,19.1,-78.7,-29.5,-4.5,-1.8,-3.9,6,-2,19.4,-4.5,64.5,16.7,9.6,9.4,4.5,3,3.3,-22.2,86.5,3.2,-0.3,4,7.5,3.4,5.5,20.9,46.4,19.4,0,1.7,9.9,26,NA,-27.3,28.1,-28.9,-30.5,-9.7,23.4,-12.4,55.2,32.1,1.9,1.6,2.5,2.3,-34.5,-9.6,-6.4,94.3,4.9,133.44,0.45245879888534546,168.15938,0.3163855453219927,0,70.8663,5.2,16.5,7.06
2008-08-01,NA,NA,NA,NA,NA,NA,NA,NA,104.1,-6.9,7.1,NA,NA,NA,96.8,NA,-25.8,81.4,-25.2,107.7,104.3,110.7,126.6,106,NA,4.20238095238095,4.9651905,5.48,NA,NA,NA,NA,NA,NA,NA,NA,NA,0.669,108.2322,-16.9,-9.7,-4.1,-25.4,-33,72.6,46.4,21.9,-30.5,-20.9,1,19.2,NA,NA,-2.7,-4.3,-6.8,9.2,-7.2,17.5,-7.5,NA,NA,NA,NA,NA,NA,NA,NA,NA,NA,NA,-2.4,-0.8,3.3,3.5,13.5,NA,NA,NA,NA,NA,NA,NA,-21.3,28.9,-26.9,-25.4,-12.1,17.2,-14.9,52.8,32.5,1.4,1.2,3.8,3.1,-38.2,-13.4,-9,91,0,116.61,0.37038272619247437,149.65307,0.36887286636960964,NA,71.6066,7.3,12.11,1.52
2008-09-01,NA,NA,NA,NA,NA,NA,NA,NA,102.1,-9.4,7,NA,NA,NA,93.9,NA,-26,82.3,-29.1,107.6,104.1,110.5,127.4,105.2,NA,4.09409090909091,5.0191818,5.39,NA,NA,NA,NA,NA,NA,NA,NA,NA,0.6970454545,107.475,-16,-9.8,-3.7,-26.7,-33,67.4,41.9,25.6,-23.1,-17.3,1.5,20,NA,NA,-13.7,-9.3,-12.2,10.7,-8.3,11.9,-10.9,NA,NA,NA,NA,NA,NA,NA,NA,NA,NA,NA,-2.7,-1.5,2.2,0.7,13,NA,NA,NA,NA,NA,NA,NA,-28.7,32,-26.9,-26.5,-13.5,17,-16.5,54.9,32.2,0.9,0.6,2.9,2.9,-39.4,-12.6,-13.3,90.2,-0.7,103.9,0.33522099256515503,109.98661,0.4770784823337138,NA,68.08054,9.3,145.87,0
2008-10-01,771281.7,395747.9,147815.3,155157.1,268727.5,222292.5,0.7,NA,100,-17.2,7,70.43853,14670258,80665,91.7,101.9472,-25.6,81.4,-26.4,107.3,104.1,110.7,124.5,105,97.582,3.88347826086957,5.113087,5.37,NA,143.3,NA,NA,-2.184377713071428,58.8,84.5,65.3,2,0.7533478261,106.4612,-18,-7.9,-3.3,-30.3,-41,67.2,45.3,31.1,-25.8,-19.8,0.3,19.5,-78.3,-33,-15.8,-16.1,-19,14.8,-20.6,6.2,-15.5,65.2,23,6.2,5.5,4,3.5,21.7,-54.9,84.9,-0.5,-2.7,-5,-2.8,-5.6,-2,8.2,49.6,20.7,0,3.9,14.1,21,NA,-23.3,26.2,-26.7,-29.7,-10.5,10.9,-17.4,52,31.9,0.8,0.5,3.3,3.3,-37.4,-13.9,-19.9,85.2,-4.5,76.65,0.17182131111621857,9.7947734,0.7522253054427159,0.199005,53.88569,14.8,252.87,0
2008-11-01,NA,NA,NA,NA,NA,NA,NA,NA,95.6,-28.8,7,NA,NA,NA,83.8,NA,-26.3,81.5,-34.3,106.7,104.2,109.8,119.5,105,NA,3.5565,4.2383,5.21,NA,NA,NA,NA,NA,NA,NA,NA,NA,0.7861,106.2306,-17.2,-7.2,-1.5,-37.1,-43.5,56.2,30.4,39.4,-21,-16.7,-0.7,19.7,NA,NA,-26.8,-31.2,-30,20.3,-34.9,-2.4,-26.2,NA,NA,NA,NA,NA,NA,NA,NA,NA,NA,NA,-8.7,-5.6,-9.1,-8.1,2.9,NA,NA,NA,NA,NA,NA,NA,-28.8,33,-37.5,-41.2,-16.5,5.2,-16.5,51.4,32.1,1.1,0.7,3.7,3,-38.5,-14.1,-22.6,79.6,-7.8,57.44,0.18583592772483826,-67.443055,0.8142881468464447,NA,50.31721,15.1,377.56,0
2008-12-01,NA,NA,NA,NA,NA,NA,NA,NA,92.1,-36.9,7.1,NA,NA,NA,80,NA,-28.1,81.6,-33.7,107.1,105.4,110.4,114.5,107.1,NA,3.04789473684211,3.292619,4.9,NA,NA,NA,NA,NA,NA,NA,NA,NA,0.74475,109.7913,-19.8,-7.8,-3.4,-45.4,-49.8,43.8,24.3,49.1,-20.7,-18.3,1.4,20.7,NA,NA,-48.4,-41.4,-39.7,26.6,-42.8,-7.7,-33.8,NA,NA,NA,NA,NA,NA,NA,NA,NA,NA,NA,-18.5,-11.9,-6.9,-9.8,-0.6,NA,NA,NA,NA,NA,NA,NA,-29.4,30.9,-40.4,-40.8,-20.1,-0.7,-19,49,32.5,1.4,0.5,3.5,2.9,-40.1,-16,-26.9,74.2,-12.4,41.02,0.10813229531049728,-76.19009,0.8537171732165262,NA,48.95422,18.8,518.5,0
2009-01-01,735005.6,398779.2,149367.8,142402.2,237577.5,208658.4,-0.4,NA,85.7,-37.5,7.1,69.247559999999993,14519597,80575,80.3,101.7013,-29.7,79.8,-29.8,106.5,104.1,110.9,117,105.3,101.577,3.07095238095238,2.4565238,4.76,NA,144.8,NA,NA,-3.4102810288563212,59.3,85.5,67.3,0.9,0.7583,109.5234,-19.6,-7.6,-4.3,-50.5,-50.5,41.6,26,57.2,-12.6,-15.9,-0.6,20.3,-78.8,-31.8,-42.8,-47.8,-45.3,23.3,-41.4,-11.5,-34.3,43.6,48.7,3.1,2.6,2.7,5.9,44.2,-51,75.3,-3.4,-6.7,-16,-10.6,-7.1,-9.3,-1.2,47.4,31,7.7,1,19.9,15.7,NA,-23.3,27.8,-37.3,-38.3,-19.2,0,-18.1,49.9,29.1,1.2,0.8,2.6,3.9,-41,-18.3,-29.8,75.1,-11.2,41.74,0.14167732000350952,-56.55395,0.8334349835694904,0.3290556,48.43948,19.1,617.04,0
2009-02-01,NA,NA,NA,NA,NA,NA,NA,NA,82.9,-41.3,7.2,NA,NA,NA,79.1,NA,-29.8,78.8,-25.9,107.2,105,111,117.1,106.3,NA,3.1275,1.94305,4.5,NA,NA,NA,NA,NA,NA,NA,NA,NA,0.78065,110.0783,-19.9,-7.3,-2.7,-58.1,-51,30.6,16,64.4,-11.6,-18.5,0.3,21.8,NA,NA,-46.6,-56.7,-54.1,28.5,-38.7,-12.1,-34.5,NA,NA,NA,NA,NA,NA,NA,NA,NA,NA,NA,-17,-11.7,-7,-12.2,-3.5,NA,NA,NA,NA,NA,NA,NA,-18.1,24.3,-32.1,-35.3,-16.4,-0.1,-19.2,46.7,31.8,2.1,0.5,2.1,3,-42,-17.7,-24.8,73.5,-11.9,39.16,0.18426594138145447,12.893116,0.7896003438233876,NA,45.3067,19.2,481.4,0
2009-03-01,NA,NA,NA,NA,NA,NA,NA,NA,83,-42,7.3,NA,NA,NA,78.2,NA,-28.7,78.8,-26.9,107,105,110.4,115.7,106,NA,3.01954545454545,1.6354545,4.34,NA,NA,NA,NA,NA,NA,NA,NA,NA,0.7668636364,110.4061,-20.6,-8.5,-2.8,-68.3,-54.7,22.6,16.8,71.1,-11.8,-16.4,3,22.3,NA,NA,-46.5,-61,-57.9,28.9,-36,-14,-40.4,NA,NA,NA,NA,NA,NA,NA,NA,NA,NA,NA,-19.8,-14.7,-7.1,-11.3,-4,NA,NA,NA,NA,NA,NA,NA,-21.4,21.5,-35.8,-37.8,-17.2,-2.1,-22.6,47.5,31.1,1.6,0.7,2.8,2.7,-40.7,-16.7,-24.6,72.8,-13.9,47.98,0.14572201669216156,20.685627,0.722256588447857,NA,42.06982,23.9,409.88,0
2009-04-01,736831.3,400381.4,150482.9,142715.2,235685.6,198063.7,-1.6,NA,80.5,-39.7,7.4,69.34782,14337578,80495,78.6,100.1994,-29.5,80.3,-22.3,107.1,105.1,110.1,115.9,106.1,101.272,3.133,1.4223,4.25,NA,146.2,NA,NA,-3.3717940496948873,60.2,86,70.7,1.2,0.7574090909,109.4793,-19.3,-6.2,-1.6,-71.4,-52.3,15,15.4,76.2,-12.2,-17.2,1.5,20.9,-78.6,-29.8,-38.8,-61,-60.1,30,-28,-13,-40.5,37.8,61.2,1.3,1.8,3.7,6.2,55,-26.8,70.3,-7.2,-9.7,-13,-11.4,-8,-10.3,-5.6,48.4,31,6.3,1.8,18.7,16.1,NA,-8,21.9,-30.9,-37.1,-17.7,1.3,-15.4,49.8,32.5,1.7,0.6,2.5,3.4,-41.3,-17.6,-23.3,75.1,-10.8,49.79,0.22411799430847168,4.1791242,0.6803094944721915,0.4146796,47.93052,26.4,168.64,0
2009-05-01,NA,NA,NA,NA,NA,NA,NA,NA,84,-37.9,7.5,NA,NA,NA,80.8,NA,-30.5,79.2,-21.3,107,105,109.5,116.5,106,NA,3.371,1.2817,4.21,NA,NA,NA,NA,NA,NA,NA,NA,NA,0.731952381,109.3449,-18.7,-6.7,-1.7,-73,-49.9,10.6,9.2,78.3,-11.1,-16.6,0.3,21.3,NA,NA,-34.5,-62.8,-60.9,28.3,-22.5,-11.6,-37.9,NA,NA,NA,NA,NA,NA,NA,NA,NA,NA,NA,-9.8,-8.5,-3.9,-8.9,-4.1,NA,NA,NA,NA,NA,NA,NA,-8.6,19.9,-30.7,-35.5,-14.5,-4.9,-17.4,52.5,32.8,1,0.8,3.3,3.2,-41.9,-19.1,-23.5,77.3,-7.4,59.16,0.11867088824510574,46.791998,0.5717188408089738,NA,50.52928,15.8,118.86,0.09
2009-06-01,NA,NA,NA,NA,NA,NA,NA,NA,85.4,-34.7,7.5,NA,NA,NA,84.4,NA,-30.1,77.6,-17.4,107.4,105,109.9,118.8,106.2,NA,3.47363636363636,1.2279091,4.23,NA,NA,NA,NA,NA,NA,NA,NA,NA,0.7135681818,110.1163,-17.8,-8.1,-0.5,-74,-45.5,7.7,11.1,77.7,-11.1,-17.4,2.1,21,NA,NA,-28.2,-62.5,-60.4,26.5,-15,-8.9,-34.7,NA,NA,NA,NA,NA,NA,NA,NA,NA,NA,NA,-8.7,-5.5,1,-5.7,-2.9,NA,NA,NA,NA,NA,NA,NA,-9.5,18.7,-26.5,-24.1,-11.5,1.7,-20.8,52.4,33.6,0.9,0.1,3.3,3.9,-43.3,-16.8,-25.3,80.3,-4.4,69.68,0.22184620797634125,87.017607,0.5356681787117581,NA,50.80304,8.6,77.99,0.01
2009-07-01,741526.2,398995.7,151732.6,142825.7,242983.2,204862,-1.1,NA,84.4,-31.2,7.6,69.17874,14319125,80451,86.1,99.9698,-29.2,78.5,-18.9,107.3,105.6,108.7,115.7,107.7,101.267,3.33782608695652,0.9749565,4.22,NA,146.2,NA,NA,-2.005556747553394,60.9,85.4,71.7,-2.4,0.709826087,110.0804,-15.7,-6.2,0.2,-72,-41.1,-1.1,8.5,75,-5.3,-15.9,1,20.2,-77.6,-30,-21,-60,-58.4,23.9,-9.6,-8.9,-32.7,38.6,59.6,0.7,2.1,5.1,8.1,55.8,-1,70.8,-4.2,-6.2,-7.4,-7.1,2.8,-3.2,-3.5,48.2,28.7,6.5,1.5,17.3,17.5,NA,-7,20.4,-27.8,-29.2,-13.1,-1.5,-20.9,48.9,35.6,1.2,0.6,3.2,3.3,-42.1,-16.4,-22.7,82.6,-3.9,64.09,0.14519333839416504,74.362474,0.4689490430287072,0.194723,51.02667,27.1,12.97,0.91
2009-08-01,NA,NA,NA,NA,NA,NA,NA,NA,85.6,-25.2,7.5,NA,NA,NA,89.1,NA,-27.1,78,-16.8,107.6,105.8,107.7,117.9,107.6,NA,3.3052380952381,0.8604762,4.18,NA,NA,NA,NA,NA,NA,NA,NA,NA,0.701,109.9408,-13.1,-4.9,2,-68,-36.1,-13.4,-0.1,71.3,-3.2,-13.4,0.9,21.5,NA,NA,-3,-53.8,-53.7,20.1,-1.8,-3.7,-27.8,NA,NA,NA,NA,NA,NA,NA,NA,NA,NA,NA,2.7,3.3,4.8,-1.8,-1.7,NA,NA,NA,NA,NA,NA,NA,-4.8,21.9,-23.8,-23.8,-10.2,-3.6,-17.1,51.1,34.4,1.2,0.6,3.1,2.9,-42.3,-11.8,-19,88.4,3.6,71.06,0.13604353368282318,51.707666,0.4155793463124286,NA,55.71909,10.3,6.05,3.38
2009-09-01,NA,NA,NA,NA,NA,NA,NA,NA,89,-23.6,7.5,NA,NA,NA,87.2,NA,-29.1,78.5,-14.8,107.1,105.4,107.4,116.1,106.6,NA,3.26318181818182,0.7720909,4.14,NA,NA,NA,NA,NA,NA,NA,NA,NA,0.6864545455,110.0207,-11.5,-3.6,2.7,-61.9,-32.6,-13.2,2.1,68,-0.2,-12.4,3.4,21.9,NA,NA,-7,-51.2,-51.5,18.5,-1.1,-6.5,-29.3,NA,NA,NA,NA,NA,NA,NA,NA,NA,NA,NA,3.8,5.4,8.9,-4.5,1.8,NA,NA,NA,NA,NA,NA,NA,-5.4,20,-23.9,-19,-8.6,-2.5,-15.9,52.5,34,0.3,0.8,3.2,3.6,-42.3,-15.8,-18.8,90.4,6,69.46,0.6297659277915955,38.395775,0.3183431023072432,NA,58.02095,6.5,64.98,0.02
2009-10-01,747177.4,399212.2,151636.5,141426.4,249807.8,203066.7,-1.3,NA,87.3,-19.6,7.4,69.81402,14281526,80413,89.4,100.2548,-26.9,78.9,-17.4,107.2,105.6,107.3,115.9,106.6,101.039,3.20909090909091,0.7375,4.08,NA,146.6,NA,NA,0.38193583695012023,60.9,85.7,72.4,-1.8,0.675,110.2122,-10,-1.7,2.1,-60.9,-28.6,-17.1,3.7,66,-4.8,-11.7,2.7,22.6,-77.5,-29.4,1.4,-49.6,-49.3,15.1,6,-5.1,-24.3,43.5,49.1,1.5,3.9,3,6.1,47.1,5.6,72.8,-1.4,-3,7,4,8.1,-4.2,0.6,48.5,29.4,7.1,1.2,20.1,16.3,NA,-11.1,24.3,-27.2,-16.7,-5.3,-0.5,-16.9,54,30.2,0.4,0.7,2.7,2.8,-38.9,-15,-20.2,92.6,6.3,75.82,0.252471387386322,53.791494,0.34471389353348375,0.2721829,59.17189,10.3,288.24,0
2009-11-01,NA,NA,NA,NA,NA,NA,NA,NA,87.8,-19.3,7.2,NA,NA,NA,88.3,NA,-26.2,78.5,-15.8,107,105.2,107.6,116.6,106.3,NA,3.21714285714286,0.7161905,4.06,NA,NA,NA,NA,NA,NA,NA,NA,NA,0.6702333333,109.8931,-11.4,-4.7,1.3,-61.8,-30.2,-12.2,8.3,64.8,-4.9,-12.1,2.6,21.9,NA,NA,5.2,-47.3,-47,15.9,5.4,-5.9,-23.3,NA,NA,NA,NA,NA,NA,NA,NA,NA,NA,NA,6.8,8.1,12,-5.3,-0.5,NA,NA,NA,NA,NA,NA,NA,-8.7,22.6,-22.7,-16.2,-8.2,-2.4,-16.7,50.4,30.5,1,0.3,2.1,3.6,-38.1,-14.3,-17.2,93.1,8.9,78.08,0.23634353280067444,89.751121,0.4023083138254954,NA,58.65136,24.8,309.36,0
2009-12-01,NA,NA,NA,NA,NA,NA,NA,NA,88.2,-17.5,7.2,NA,NA,NA,91.6,NA,-27.2,79.6,-15.7,108,106.6,108.3,115.6,108.3,NA,3.1385,0.7120455,4.05,NA,NA,959096,NA,NA,NA,NA,NA,NA,0.6863478261,110.1035,-9.5,-2.5,2.4,-56.7,-26.4,-6.6,11.9,62.2,-7.4,-11.5,4.2,21.6,NA,NA,3.4,-44.8,-44.5,14.4,6.9,-9,-19.8,NA,NA,NA,NA,NA,NA,NA,NA,NA,NA,NA,7.5,7.9,9.1,-1.3,-2.6,NA,NA,NA,NA,NA,NA,NA,-13.1,20.5,-19.3,-13.5,-8.6,-2.5,-13.1,52.9,32.7,1.8,0.5,2.5,2.9,-41.5,-13,-21.3,94.2,8.2,74.3,0.22527958452701569,80.033241,0.3550772962015643,NA,60.76237,13.9,542.98,0
2010-01-01,752567.8,396722.5,153083.2,142559,257578.4,216487.7,0.1,NA,89.4,-14.9,7.1,69.9057,14437761,80318,90.4,99.1917,-27.3,78.2,-16.2,107.3,105,109.5,118.2,106.3,101.054,3.2575,0.67975,3.99,NA,145,956598,NA,2.5779340559767716,60.2,84.8,72.6,-2.6,0.7001428571,108.0718,-11.4,-4.8,2,-63.3,-26.6,-6.7,14.6,59.1,-3,-16.1,4,22.1,-78.5,-26.6,3.5,-39.2,-39.4,12,6.6,-8.2,-19.1,46.2,46.7,1.9,4.4,4.2,4.9,44.5,16,74.5,4.9,2.7,5.9,10.5,9.6,-3.6,-0.5,47.5,27.8,7.7,1.7,17.7,13.3,NA,-11,20.1,-20.9,-17.5,-7.7,-1.6,-15,44.5,30.9,2,0.8,3,2.5,-39.1,-15.5,-22.1,94.5,8.7,78.22,0.19594070315361023,68.130878,0.22097293221435735,0,61.14987,23,668.79,0
2010-02-01,NA,NA,NA,NA,NA,NA,NA,NA,88.5,-12.5,7,NA,NA,NA,91.6,NA,-26.6,79.4,-21,107.7,105.7,109.7,117.2,107,NA,3.17,0.6617,3.97,NA,NA,955511,NA,NA,NA,NA,NA,NA,0.73085,106.6628,-10.4,-4,2,-57.3,-26.1,-5.5,13.5,53.3,-7.6,-13.4,4.3,22.5,NA,NA,4.5,-38.6,-36.3,9.3,10.3,-6.3,-14.6,NA,NA,NA,NA,NA,NA,NA,NA,NA,NA,NA,1.3,7.6,11.4,-3.1,1.3,NA,NA,NA,NA,NA,NA,NA,-21.8,18.9,-22.7,-22.3,-8.6,-1.2,-18.7,46.3,25.4,2.3,0.5,2,2.3,-39.2,-14.1,-23.3,95.5,6.8,76.42,0.2657928168773651,51.588087,0.32173079548131867,NA,58.19446,22.6,509.71,0
2010-03-01,NA,NA,NA,NA,NA,NA,NA,NA,90.6,-9.2,6.9,NA,NA,NA,95.8,NA,-24.3,80.1,-18.2,108.3,105.9,110.6,120.3,107.2,NA,3.10217391304348,0.6449565,3.88,NA,NA,955899,NA,NA,NA,NA,NA,NA,0.737,106.0787,-9.1,-2.7,2.4,-54,-22,0.6,14.8,45.4,-7,-13.9,4.6,23.2,NA,NA,12,-34.6,-31.7,6.3,13.3,-1.2,-12.4,NA,NA,NA,NA,NA,NA,NA,NA,NA,NA,NA,5.6,12.3,11.1,2.3,4.8,NA,NA,NA,NA,NA,NA,NA,-17.4,21.3,-18.9,-15.9,-8.3,2.4,-18.6,40.1,24.8,2,0.6,2,3.3,-35.7,-12.9,-22.5,98.2,9.7,81.24,0.19685038924217224,69.746531,0.23884665466641036,NA,62.05019,30.7,410.44,0
2010-04-01,768825.9,400662.9,151891.2,151967.2,275788.6,232056.2,-0.1,NA,92.4,-4.3,6.8,70.25774,14558994,80288,98.7,99.7786,-22.2,78.3,-3.6,108.2,105.3,111.4,121.8,106.3,99.596,3.0645,0.6447,3.88,NA,144.7,956415,NA,3.034151431329457,59.7,85,73.4,0.5,0.7465454545,105.0057,-5.9,-2,4.9,-43.8,-16.2,7.4,18.2,37.4,-7.9,-10.5,6.5,23.6,-78.8,-27.2,20.8,-23.7,-23.5,3.6,14.5,1.7,-7.6,55.4,33.8,2.5,9,3.1,4.6,25.5,22.1,79.4,7.3,8.5,16.6,18,14.8,3.5,6.2,52.8,25,8.6,1.1,14.7,14.9,NA,6.2,13.7,-12,-3.4,-4.7,9,-3.4,46.2,27.5,1.4,0.5,1.8,3.9,-34.9,-9.6,-17.6,103.8,16.5,84.48,0.27406036853790283,64.639332,0.19099009550913038,0.0978282,64.68172,37.7,267.06,0
2010-05-01,NA,NA,NA,NA,NA,NA,NA,NA,95.4,-1.6,6.7,NA,NA,NA,98.9,NA,-22.2,80.1,-7.5,108.3,105.6,110.7,122.2,106.7,NA,2.73428571428571,0.6865238,3.8,NA,NA,956941,NA,NA,NA,NA,NA,NA,0.7954285714,103.4211,-8.4,-3.5,3.6,-43.6,-20.1,7.8,24.1,31.9,-8.7,-13.5,3.2,21.9,NA,NA,19.1,-19.3,-19.6,3.4,18,7.8,-4.4,NA,NA,NA,NA,NA,NA,NA,NA,NA,NA,NA,15.2,15.9,13.9,2.5,7.9,NA,NA,NA,NA,NA,NA,NA,-1.4,16.2,-10.2,-4.8,-4.5,14.4,-6.5,54.9,26.8,1.9,0.7,2,3.3,-35.1,-9.2,-14.8,103.2,15,73.84,0.2729630172252655,88.067084,0.5167941271430158,NA,60.69875,40.4,216.1,0
2010-06-01,NA,NA,NA,NA,NA,NA,NA,NA,94.4,1.3,6.6,NA,NA,NA,99,NA,-21.2,80.5,-9.3,108.3,105.6,110.9,122.1,106.9,NA,2.54318181818182,0.7275909,3.68,NA,NA,957093,NA,NA,NA,NA,NA,NA,0.8189545455,102.5253,-7.2,-1.7,1.7,-43.4,-17.9,8,29.2,26.7,-4.4,-11,-2.4,21.3,NA,NA,17.4,-13.9,-15.5,-0.6,17.1,9.9,-3.3,NA,NA,NA,NA,NA,NA,NA,NA,NA,NA,NA,18.6,17.5,8.5,1.6,7.6,NA,NA,NA,NA,NA,NA,NA,-3.1,13.6,-13.1,-11.2,-2.5,15.4,-7.3,53.1,27.1,2.4,1.1,2.6,3.7,-33.1,-9.4,-16.6,104.6,14.8,75.35,0.25799793004989624,66.531203,0.5317004129176125,NA,61.53352,57.8,57.56,0.61
2010-07-01,776302.9,402611.4,153736.9,153458.5,280011.7,231438.1,0,NA,94.4,4.5,6.5,70.4456,14637048,80267,103.1,100.5221,-18.7,81,-2.4,108.6,106.1,111.1,121,108.3,99.549,2.61590909090909,0.8488182,3.56,NA,143.7,959001,NA,2.8181366272510333,59.1,84.6,73.4,-6.5,0.7820454545,103.7478,-4.1,0,4.8,-27.6,-8.6,10.1,22.2,19.7,-5.7,-12.4,2.4,23.3,-76.6,-30.3,24,-6.9,-9.5,-1.3,19.1,10.4,1.1,61.4,20.9,4.2,13.7,4.1,4,13.7,23.9,82,9.5,13.3,19.2,23.9,12.4,4.7,9,50.4,20.9,12.1,1.5,14.1,15.7,NA,5.9,11.4,-5.6,-1.7,1.6,14.8,-4.6,59.7,24.2,1.5,1,1.7,2.2,-29.6,-7.9,-13.6,108.1,18.5,76.37,0.23563340306282043,18.467422,0.37508042826073823,0,61.42941,14.3,4.31,31.28
2010-08-01,NA,NA,NA,NA,NA,NA,NA,NA,95.6,5.8,6.4,NA,NA,NA,106.6,NA,-19.1,80.4,0.3,108.7,106.4,110.3,120.8,108.4,NA,2.35,0.8955,3.62,NA,NA,960712,NA,NA,NA,NA,NA,NA,0.7754090909,103.3826,-2.3,0.1,5.9,-12.8,-4.3,6.4,22.3,12.8,-5.7,-10.9,6.3,24,NA,NA,23,-2,-5.4,-0.8,18.5,9.8,3.4,NA,NA,NA,NA,NA,NA,NA,NA,NA,NA,NA,21.3,20.7,16.7,9,11.6,NA,NA,NA,NA,NA,NA,NA,8.3,11.6,-6.3,4.1,2.7,12.9,-9.1,56.5,24.1,1.6,0.4,3.1,2.5,-29.2,-8.9,-11,109.3,19.6,76.82,0.18773701786994934,42.647472,0.35492389109471234,NA,62.0232,23,29.24,0.12
2010-09-01,NA,NA,NA,NA,NA,NA,NA,NA,96.8,6.7,6.4,NA,NA,NA,106.1,NA,-16.8,80,3,108.5,106.1,110.2,121.3,107.4,NA,2.30045454545455,0.8805,3.52,NA,NA,962061,NA,NA,NA,NA,NA,NA,0.7639090909,103.1608,-0.4,2.2,7.4,-8.4,-1.8,7.3,24.1,7,-3.4,-9.5,6.7,24.6,NA,NA,22.8,-0.3,-3.4,-0.2,20.2,11.6,3.5,NA,NA,NA,NA,NA,NA,NA,NA,NA,NA,NA,24.8,23.5,16.7,7.4,9.4,NA,NA,NA,NA,NA,NA,NA,13.3,11.7,-0.4,7.3,4.5,17.3,-8.4,52.7,21.9,2.9,0.9,3.5,2.2,-26.6,-7,-11.7,111,21.7,75.31,0.2074834704399109,53.806106,0.2758487812320882,NA,63.14136,77.9,139.94,0
2010-10-01,781258.6,404733.2,154256,151783,285316,234263.4,0.4,NA,98.9,7.7,6.3,70.65317,14743225,80267,108.9,100.5002,-15,80.3,2.7,108.6,106.2,110.1,121.7,107.4,99.801,2.34571428571429,0.9976667,3.45,NA,141.7,963621,NA,2.76166129141846,58.4,83.4,81.2,0.6,0.72,104.557,-0.6,1.9,5.6,-1.6,-0.6,8.3,20.9,2.4,-6.5,-9.6,5.9,24.9,-75,-28.4,26,2.9,-3.2,0.2,20.4,10.6,9.8,60.5,18.2,7.7,16.5,3.9,3.6,8.5,21.8,83.5,7.7,7.5,24.6,25.9,19.7,9,10.8,55.2,15.1,15.5,1,12.4,13.1,NA,14,14.9,2,8.8,5,21,-8.6,53.5,22.1,3.7,0.9,2.7,2.6,-26.1,-3.9,-9,111.7,23.4,81.9,0.3452357351779938,52.662699,0.17930701234103627,0.0754091,65.5589,41.3,285.59,0
2010-11-01,NA,NA,NA,NA,NA,NA,NA,NA,98.3,8,6.2,NA,NA,NA,109.5,NA,-14.5,80,5.7,108.7,106.1,111,122.4,107,NA,2.53272727272727,1.0420455,3.53,NA,NA,965311,NA,NA,NA,NA,NA,NA,0.7334545455,103.8892,1.2,3.5,6.9,8.5,3,8.5,23.2,-0.8,0.5,-8.8,8,25.2,NA,NA,21.6,2.2,-1,-0.5,21.3,13.4,9.4,NA,NA,NA,NA,NA,NA,NA,NA,NA,NA,NA,27.1,27.6,18,10.1,11.5,NA,NA,NA,NA,NA,NA,NA,17.5,13.6,1.7,13.4,4.9,19.6,-8.1,56.2,19.4,3.1,0.5,3,2.5,-24.3,-4.7,-11.1,112.8,24.2,84.14,0.3878271281719208,37.708874,0.1526547059491665,NA,68.64348,22.2,389.26,0
2010-12-01,NA,NA,NA,NA,NA,NA,NA,NA,100.2,9.4,6.1,NA,NA,NA,109,NA,-15.5,79.9,10.4,110,107.3,112.1,125,109,NA,2.9147619047619,1.0216957,3.61,NA,NA,965090,NA,NA,NA,NA,NA,NA,0.7567826087,103.0354,0.7,3.8,6,8.2,1.3,15.1,26.7,-1.6,-0.6,-8.4,8.2,25,NA,NA,20,5.2,0.2,-0.9,22.1,15.5,10.5,NA,NA,NA,NA,NA,NA,NA,NA,NA,NA,NA,24.4,26,18.7,9.3,14.6,NA,NA,NA,NA,NA,NA,NA,25.3,11,6.1,17,3.9,25.6,-17.8,37.9,18.4,2.8,1.3,3.4,3,-26.8,-4.3,-10.4,113,23,89.04,0.35499829053878784,24.126045,0.2115176893665841,NA,71.57575,45.8,674.59,0
2011-01-01,795430.1,403607.6,153823.4,159322.7,292715,240311.6,1.1,NA,99.5,8.5,6,71.222,14797360,80246,109.9,100.2425,-13.9,80.6,3.9,109.4,105.9,112.6,128.3,107.4,99.267,3.01666666666667,1.0172381,3.69,NA,138,963171,NA,2.175907508438124,57.3,80.7,80.1,0.6,0.7484095238,102.3012,0.4,2.6,6,8.3,1.4,20,35.1,-1.5,-1,-8.2,5.9,24.7,-76,-27.4,21.5,6.1,3.5,-0.8,18.5,17.8,11.2,61.6,15.6,7.1,18.4,5.3,2.6,4.1,21.6,84.7,11.2,11.7,19.8,22.7,17,9.7,10.7,52.8,13.8,15.1,1.5,12.2,14.4,90,15.5,15,1.3,11.1,5.5,24.7,-23.4,31.2,16.9,2.7,0.8,1,1.6,-25.7,-2,-8.2,111.3,19.8,89.42,0.25704148411750793,-13.166928,0.1452496341055215,0,72.21966,34.3,524.11,0
2011-02-01,NA,NA,NA,NA,NA,NA,NA,NA,100.5,10.5,5.9,NA,NA,NA,110.7,NA,-11.1,81.9,6.1,110.1,106.5,113.4,129.1,108.2,NA,3.199,1.08675,3.9,NA,NA,963440,NA,NA,NA,NA,NA,NA,0.73225,102.9874,0.9,2.8,7,9.4,0.7,26,37.5,-1.4,-2.1,-7,6.8,25.4,NA,NA,18.7,9.7,3.3,-1,20.8,23.1,12.6,NA,NA,NA,NA,NA,NA,NA,NA,NA,NA,NA,21.5,24.9,18,9.7,17.8,NA,NA,NA,NA,NA,NA,NA,18,13,6.7,13.4,6.9,29.8,19.7,55.6,18.1,2.8,1.4,1.5,2.1,-21.8,-0.5,-3.1,112.9,21.4,89.58,0.30944183468818665,-30.405325,0.09232975719757529,NA,74.39622,20.7,468.76,0
2011-03-01,NA,NA,NA,NA,NA,NA,NA,NA,100.9,10.5,5.7,NA,NA,NA,112.5,NA,-11.4,79.8,6.1,110.8,106.9,113.8,132.8,108.1,NA,3.21173913043478,1.1755217,3.97,NA,NA,963812,NA,NA,NA,NA,NA,NA,0.7135652174,103.8404,0.1,4.8,6.2,7.6,-1.5,35.2,38.7,-1.4,-3,-9.1,8.2,25.9,NA,NA,18.1,10.4,5.8,-3.3,17.9,22.9,14.4,NA,NA,NA,NA,NA,NA,NA,NA,NA,NA,NA,21.6,22.4,18.1,12.1,20.7,NA,NA,NA,NA,NA,NA,NA,20.2,14,4.1,12,6.4,33,18.2,62,19.5,3.9,1.2,2.7,1.9,-23,0.2,-3.8,112.5,20.7,102.94,0.5290300846099854,-7.3137402,0.1361729466092542,NA,71.13428,21,390.6,0
2011-04-01,797864.4,405469.6,154630.9,160869.4,296803,246256.8,1.3,NA,101.1,10.9,5.6,71.75186,14790531,80251,113.5,99.9615,-8.7,80.2,4.9,111.1,107,113.9,134.5,108.4,100.09,3.34052631578947,1.3212105,4.07,NA,137.1,964231,NA,2.240872822888673,56.7,80.3,79.5,3.4,0.6917142857,104.0547,-1,3.1,5.4,8,-2.7,35.6,42.2,-1.9,-2.8,-9.7,7.6,26.5,-74.6,-25,17.9,11.8,6.9,-3.1,17.7,24.7,14,60.5,11.5,9.8,17.4,4.5,2.8,-0.6,12.8,85.8,11.6,8.9,21.7,24.3,15.5,13.8,20.1,55.4,13.8,16.2,1.5,11.1,17.5,90.3,19.2,14.1,3.9,9.7,6.2,30.9,3.9,69,18,4.9,1.1,3.8,2.2,-16.9,-0.5,-0.6,112.1,20.5,110.04,0.24330030381679535,-18.205204,0.15072472576810633,0.0956023,73.68677,11.3,172.98,0
2011-05-01,NA,NA,NA,NA,NA,NA,NA,NA,102.1,10.7,5.6,NA,NA,NA,110.9,NA,-7.6,79,5.1,110.9,106.8,114.4,133.7,108,NA,3.06090909090909,1.4250909,4.15,NA,NA,965989,NA,NA,NA,NA,NA,NA,0.6984545455,103.2752,-1.4,3.8,4.5,9.3,-3.6,44.1,43.3,-2,-3.5,-10.4,8.9,26.4,NA,NA,12.4,11.8,5.7,-4.3,16.1,20.5,14,NA,NA,NA,NA,NA,NA,NA,NA,NA,NA,NA,18.8,23.5,15.1,10.5,18.8,NA,NA,NA,NA,NA,NA,NA,21.1,11.9,-1,6.1,4.7,29.3,-2.3,66,17.6,3.9,1,3.4,1.8,-13.9,-1.2,-0.3,111.6,19.1,101.33,0.2356385439634323,-17.660375,0.15840436992767717,NA,73.44771,2.3,111.51,0.23
2011-06-01,NA,NA,NA,NA,NA,NA,NA,NA,100.5,9.5,5.5,NA,NA,NA,111.1,NA,-6.7,81,1.8,110.9,107,113.8,133.1,108.7,NA,2.89090909090909,1.4885909,4.1,NA,NA,967269,NA,NA,NA,NA,NA,NA,0.6941818182,103.5558,-0.5,3.3,7.5,7.9,-4.2,42.4,41.1,-1.1,-2.5,-8.7,9.2,26.2,NA,NA,15.4,12.2,5.2,-3.1,13.2,18.2,12.3,NA,NA,NA,NA,NA,NA,NA,NA,NA,NA,NA,20.8,22.8,14.6,11.8,19,NA,NA,NA,NA,NA,NA,NA,18.3,16.3,0.5,3.3,3.2,24.8,-2.6,65.6,16.9,5,0.6,3,2.1,-13.2,-0.1,-0.1,111.3,19.4,96.29,0.2592445909976959,-11.690382,0.22123866963435632,NA,71.42152,7.5,39.59,1.84
2011-07-01,802124.6,407288.2,154765.5,163078.9,299809.9,246315.7,1,NA,103.7,8,5.5,71.83895,14818968,80283,110.8,100.7799,-7.1,81,-1.5,111.4,107.5,113.7,133.9,110,100.087,2.74380952380952,1.597619,4,NA,137.9,969051,NA,0.820671172450127,56.5,81.4,79.2,0.4,0.700047619,103.2383,-0.9,4,5.8,10.1,-5.9,39.9,40.2,1.8,-2.5,-7.3,9.4,26.4,-74.6,-25.1,6,10.6,4.6,-2.2,11.2,15,12,62.1,13.2,12,13.9,4.2,3.1,-2.3,0.7,85.9,7.6,6.9,18.4,21.2,17.8,11.9,18,54.7,13.2,19.5,2.2,9.7,12.9,90.3,11.2,19.9,-2.9,4.4,2.2,25.5,-7.3,62.9,15.3,6,0.8,3.9,1.9,-13.2,-1,-1,110.4,19.2,97.19,0.17330382764339447,-16.626568,0.3259318008137689,0,72.65536,14.6,41.58,0.01
2011-08-01,NA,NA,NA,NA,NA,NA,NA,NA,102.9,4.8,5.4,NA,NA,NA,106.7,NA,-6.2,81.3,-5,111.4,107.7,113.4,132.8,109.9,NA,2.21347826086957,1.552087,3.97,NA,NA,970525,NA,NA,NA,NA,NA,NA,0.6976521739,103.3347,-3.8,2.7,4.7,1.7,-13.6,39.1,40,7,-2,-9,8.1,25.8,NA,NA,1.9,7.8,1.6,0.5,7.1,11.6,6.4,NA,NA,NA,NA,NA,NA,NA,NA,NA,NA,NA,13.5,18,13.8,8,13.2,NA,NA,NA,NA,NA,NA,NA,9.7,20.5,-10.7,-4.2,0.6,21.4,-6.3,61.6,14.5,5.5,1,3,1.2,-12.4,-0.1,-3.6,106.7,15.1,86.33,0.23606999218463898,-15.219332,0.5728256071664887,NA,59.23936,30.5,22.28,6.26
2011-09-01,NA,NA,NA,NA,NA,NA,NA,NA,101.3,2.3,5.4,NA,NA,NA,107.3,NA,-7.4,80.8,-6.9,111.6,107.5,113.8,134.9,108.9,NA,1.82909090909091,1.5364545,3.73,NA,NA,972471,NA,NA,NA,NA,NA,NA,0.727,103.1587,-3,4.8,5.2,-1.9,-15.5,37.8,39.5,11.2,-4.1,-6.5,8.2,25.7,NA,NA,7.1,5.2,-0.8,3.1,4.8,9.5,8.1,NA,NA,NA,NA,NA,NA,NA,NA,NA,NA,NA,10.3,15.7,10.4,7.5,13,NA,NA,NA,NA,NA,NA,NA,6.9,21.5,-8.9,-6,2.8,19.5,-9.3,61.2,15.4,5.3,0.8,3.2,1.6,-14.6,-0.1,-6.8,104.9,12.1,85.61,0.18465909361839294,13.016885,0.6280923925942603,NA,54.41392,31.4,59.17,0.03
2011-10-01,801863.8,408587.2,155803.7,162397.6,298188.2,243931.7,0.7,NA,102.5,0.6,5.3,72.24863,14822134,80323,107.3,100.4089,-9.8,81.3,-10.6,111.7,107.6,114.1,135.3,108.7,100.897,2.00238095238095,1.5758571,3.56,NA,138,973702,NA,-0.09729322852252142,56.1,81.9,78.6,2,0.7288571429,103.3244,-5.1,3.9,5.6,-6.6,-19.6,40.1,40.7,13,-2,-10.4,5.9,24.7,-75.3,-23.3,6.7,3.7,-0.5,4.5,2.6,7.8,7.1,65.5,16.7,10.8,9.3,2.7,3,7.4,-6.2,85.6,5.1,3.9,13,16.9,10.8,9.1,13.7,55.8,13.7,19.4,1.8,11.6,14.4,90.3,1.1,24.5,-14.1,-8.5,0.3,20.3,-5.4,62,15.5,4.4,1.1,3.5,1.4,-16.2,-3.4,-11.3,103.6,13.6,86.41,0.14398595690727234,24.990154,0.6480563509228148,0.0897022,58.46436,16.2,237.98,0
2011-11-01,NA,NA,NA,NA,NA,NA,NA,NA,101.8,-1.5,5.2,NA,NA,NA,106.8,NA,-8.5,80.6,-6.4,111.7,107.4,114.4,136,108.4,NA,1.87409090909091,1.4846818,3.53,NA,NA,975843,NA,NA,NA,NA,NA,NA,0.7371363636,103.2942,-4.9,2.6,4.9,-6.8,-20.6,38.3,41.7,12.5,0.8,-6.7,6.4,24.8,NA,NA,-3.6,-0.4,-4.6,5.2,1.2,6.3,3.7,NA,NA,NA,NA,NA,NA,NA,NA,NA,NA,NA,9.9,15,12.8,8.6,15.9,NA,NA,NA,NA,NA,NA,NA,7.1,20.4,-10.6,-5.9,2.5,20.2,-10.2,61.4,16.8,4.7,1.4,4.2,1.7,-16,-1,-10.6,103.1,12.6,97.21,0.26685643196105957,12.817837,0.6703120558649283,NA,58.11156,4.3,389.7,0
2011-12-01,NA,NA,NA,NA,NA,NA,NA,NA,100.7,-1,5.2,NA,NA,NA,105.4,NA,-10.8,80.9,-8,112.5,108.5,115,134.9,110.6,NA,1.92761904761905,1.4260952,3.49,NA,NA,976375,NA,NA,NA,NA,NA,NA,0.7606363636,102.3911,-4,4.1,5.3,-4.6,-20,39.4,41.6,11.5,-3.7,-5.6,5.8,25,NA,NA,1.4,-0.2,-3.9,5.3,2.5,8.3,1.7,NA,NA,NA,NA,NA,NA,NA,NA,NA,NA,NA,10.7,16.2,13.4,8.2,17.7,NA,NA,NA,NA,NA,NA,NA,7.5,25.9,-11.4,-5.5,-0.2,16,-3.1,69.4,16.2,5.3,1,2.8,1.4,-20.2,-1.4,-10.2,103.7,13.4,98.57,0.28525787591934204,14.767913,0.4929959913292992,NA,58.37954,4.8,430.68,0
2012-01-01,804124.3,410503.5,155746.1,162172,304303.3,243784.5,-0.5,NA,101.1,0,5.1,71.77951,14815140,80374,107,100.75,-10.4,79.8,-8.5,111.9,107.3,116.2,137.4,108.9,101.864,1.82090909090909,1.2222273,3.46,NA,137.4,974998,NA,0.3411427675882983,55.7,81.7,79.3,1.5,0.775,100.9029,-4.3,4.1,5.4,-1.6,-18.3,33.7,37.5,11.7,-0.1,-8.2,8.9,26.9,-75.7,-23.7,3.6,0.3,-2.3,4.4,4.2,7.4,3.2,67.6,16.6,8.8,6.7,3,2.9,6.7,-7.3,84.8,3.8,6.4,10.8,14.9,11.3,9.7,14.5,55.1,13.7,19.6,2.3,11.1,15.3,89.4,8.9,28.1,-10.7,-6.3,0.5,19.9,-4.5,66.4,18.7,4.6,0.9,4.8,1.9,-20.8,0,-8.2,103.6,12.4,100.24,0.24517087638378143,-44.00732,0.33400911842375663,0.0894774,62.40877,12.5,489.55,0
2012-02-01,NA,NA,NA,NA,NA,NA,NA,NA,101.5,0,5.1,NA,NA,NA,106.4,NA,-9.2,80.5,-8.6,112.9,108,117.5,139.2,109.8,NA,1.85190476190476,1.0482857,3.39,NA,NA,975015,NA,NA,NA,NA,NA,NA,0.7554761905,101.0722,-4.8,3.7,6.8,-3.7,-19.8,35.2,39.9,13.2,-0.2,-9.8,9,26.3,NA,NA,0.2,0,-3,5.3,5.4,9,1.7,NA,NA,NA,NA,NA,NA,NA,NA,NA,NA,NA,13.6,15.5,13.8,9.1,17.4,NA,NA,NA,NA,NA,NA,NA,7.9,27.3,-10.5,-6.5,1.1,19.4,-8.5,53.9,16.6,4.4,0.6,5,2,-18,-0.4,-5.2,104,14.3,102.25,0.29327747225761414,-83.212401,0.3678059795892241,NA,67.23806,21.4,588.63,0
2012-03-01,NA,NA,NA,NA,NA,NA,NA,NA,102.3,-2.5,5.1,NA,NA,NA,107.7,NA,-9.5,81.1,-5.7,113.4,108.3,117.9,141.3,109.5,NA,1.83045454545455,0.8584545,3.27,NA,NA,976164,NA,NA,NA,NA,NA,NA,0.7571363636,101.1402,-4.8,2.5,5.8,-3.6,-19.3,40.7,41.5,14.9,0,-8,7.1,25.9,NA,NA,-0.9,-3.7,-7.4,5.5,1.9,8.1,1.7,NA,NA,NA,NA,NA,NA,NA,NA,NA,NA,NA,15.6,14.2,16.2,11,18.9,NA,NA,NA,NA,NA,NA,NA,10.8,21.3,-8.8,-6.8,1.6,17.4,-10.5,55.6,17.7,4.4,1.5,2.7,1.5,-18.4,-0.6,-2.3,103.7,15.3,106.19,0.17587420344352722,-63.166406,0.3104418208648702,NA,68.83047,24.5,325.46,0
2012-04-01,805254.5,411716,156534.3,162613.9,306837.2,244638.1,-0.9,NA,100.8,-1.5,5.1,71.97988,14790611,80383,105.5,101.5903,-9.5,80.1,-4.3,113.5,108.5,117.7,142,109.7,103.031,1.62421052631579,0.7443158,3.3,NA,137.6,975053,NA,-0.532105762289814,55.6,82,80.5,3.8,0.759952381,100.5683,-4.7,4,5.6,-6.7,-20,44.8,42.9,16.6,-4.4,-8.3,4.3,24.3,-72.7,-20,-1.3,-3.5,-6.3,4.6,3.5,9.9,3.1,67.1,19.1,8.9,6.3,3.7,2.5,9.8,-12,84.4,2.9,5.3,19,19.4,13.9,7.8,19,55.4,13.9,19.2,1.4,10,16.5,89.6,15.8,23.3,-9.3,-5.5,-0.3,18.3,1.7,69.7,18.9,4.6,0.4,4,2,-17.5,-1.4,-7.1,104.7,17.4,103.33,0.3566685616970062,-45.931562,0.3151644051861218,0.6603566,66.66934,12.9,284.54,0
2012-05-01,NA,NA,NA,NA,NA,NA,NA,NA,102.5,-4.3,5.1,NA,NA,NA,106.3,NA,-8.2,80.9,-12.2,113.3,108.4,117.3,140.1,109.7,NA,1.33681818181818,0.6849091,3.18,NA,NA,976941,NA,NA,NA,NA,NA,NA,0.7817826087,100.2355,-5.4,2,5.3,-4.1,-17.9,40.9,35.5,18,-3.4,-11,3.5,24.2,NA,NA,-5.9,-8.9,-11.2,5.1,1,8.1,-1.2,NA,NA,NA,NA,NA,NA,NA,NA,NA,NA,NA,16.1,16.4,16.4,11.1,17.6,NA,NA,NA,NA,NA,NA,NA,0.6,25.5,-14.3,-11.7,-1.9,12.9,-3.3,65.6,17.3,4.7,1,3.5,2,-17.3,0.9,-5.9,102.8,16.3,94.7,0.28901734948158264,-37.944718,0.3123739482437782,NA,62.91772,12.6,108.74,0.44
2012-06-01,NA,NA,NA,NA,NA,NA,NA,NA,101.4,-5.4,5.1,NA,NA,NA,103.8,NA,-9.6,81.4,-13.3,113.1,108.4,117.7,138.4,109.8,NA,1.30047619047619,0.6588571,3.03,NA,NA,979230,NA,NA,NA,NA,NA,NA,0.7977142857,99.95985,-4.6,5,6.5,-7.4,-21.5,35.7,36.2,20.6,-2.6,-8.4,8.9,25.5,NA,NA,-5.2,-10.1,-10.2,5.6,-0.3,4.2,-1.3,NA,NA,NA,NA,NA,NA,NA,NA,NA,NA,NA,12.7,14,13.4,7.1,13.8,NA,NA,NA,NA,NA,NA,NA,-1,26.7,-19.8,-12.4,-1.4,10.6,-7.8,64.8,18.6,4.1,0.9,4.2,2.1,-18.9,-0.2,-8.7,101.9,13.4,82.41,0.27307072281837463,-53.805966,0.4061639618007268,NA,59.9411,13.9,66.42,1.8
2012-07-01,806384.7,413145,157111.1,162208.8,310283.3,245432.7,-1.1,NA,102.2,-8.7,5.1,72.06709,14793857,80385,102.9,101.2097,-8.2,80.4,-12.6,113.5,108.8,117,139.7,111.3,103.441,1.24227272727273,0.4970455,2.99,NA,137.2,981122,NA,-0.16371661807473847,55.6,81.7,79.9,1.6,0.8140909091,99.22162,-5.6,4,6,-12.9,-22.9,33.5,37.5,23.1,-1.3,-9.3,4.4,24.4,-73.3,-23.3,-10.4,-12.6,-14.2,8.2,-5.4,2.2,-4.8,67.6,22.6,8.2,3.5,2.9,3,15.1,-15.6,83.5,1,3.8,7.7,8.2,12.1,7,11.5,56.5,14.8,18.8,1,9,14.8,89.4,0.2,25.2,-17.3,-12.9,-1.1,9.2,-8.5,62.8,16.4,3.8,1.2,3.5,2.1,-14.9,-1.5,-10.6,98.9,9.3,87.93,0.22334322333335876,-41.715708,0.38841724111603904,0.3448474,63.28787,22.3,21.57,3.13
2012-08-01,NA,NA,NA,NA,NA,NA,NA,NA,102.4,-9.6,5,NA,NA,NA,101.9,NA,-8.8,80.7,-15.1,113.9,109,117,142.5,111.3,NA,1.34173913043478,0.3323913,2.92,NA,NA,984128,NA,NA,NA,NA,NA,NA,0.806173913,99.1213,-6.1,5.9,5.2,-19,-26.8,33.3,38.1,25.2,-1.7,-8.7,7.2,25.9,NA,NA,-7.7,-14,-15.4,8.7,-6.2,4.5,-5.7,NA,NA,NA,NA,NA,NA,NA,NA,NA,NA,NA,7.9,11.7,9.6,6.7,15.4,NA,NA,NA,NA,NA,NA,NA,-5.2,24.7,-18.4,-15.3,-3.3,11.3,-10.1,62.2,15.6,4.8,1.4,4.4,1.8,-14.7,-3,-10.9,98.5,9.7,94.16,0.16068759560585022,-74.957912,0.3020060007166874,NA,66.81779,15.2,7.56,10.29
2012-09-01,NA,NA,NA,NA,NA,NA,NA,NA,101.1,-11.9,5,NA,NA,NA,101.4,NA,-8.8,81,-18.1,113.9,108.8,116.9,144,110.3,NA,1.4905,0.2463,2.86,NA,NA,986936,NA,NA,NA,NA,NA,NA,0.77715,99.98592,-7.1,3.2,4.3,-21,-26.3,39.2,41.3,26.3,-1.3,-9.8,5.6,24.2,NA,NA,-8,-17.1,-18,9.4,-9.2,3.5,-7.9,NA,NA,NA,NA,NA,NA,NA,NA,NA,NA,NA,8.7,10.6,9.4,7.2,16.9,NA,NA,NA,NA,NA,NA,NA,-6.8,30,-22.9,-17.6,-5.2,13.1,-8.1,62.6,16.3,4.3,1,4.1,1.5,-17.4,-0.2,-10.9,97,9.6,94.72,0.1869090348482132,-82.598199,0.14886734758783424,NA,69.60355,6,104.49,0
2012-10-01,804124.2,411542.8,157553.3,161067.3,304979,243490.2,-0.8,NA,99.7,-14.6,5,72.14186,14810890,80402,100.4,101.7357,-10.8,80.6,-15.3,114,108.9,117.6,142.6,110.1,104.447,1.46695652173913,0.207913,2.83,NA,137,990343,NA,0.499317108317765,55.5,81.5,79.8,2,0.7706086957,99.97711,-7.2,3.5,5.2,-22.1,-26.6,40,43.9,27,-1.2,-10.8,5,23.9,-73.7,-23.2,-18.7,-22.2,-22.7,11.4,-10.3,2.7,-8.4,64.7,26.5,6.2,3.3,2.5,2.9,23.2,-10.3,82.5,-1.3,3.4,7.5,10,9.9,5,15.8,54.2,16.5,18.6,1.7,9,15.3,89.6,-1,28.3,-23.1,-16.7,-2.6,8.6,-14.5,59.7,19.1,4.2,0.4,4,1.9,-19.1,-2.5,-11.5,95.9,9.1,89.57,0.2407536655664444,-52.910482,0.0780046048039499,0.3195782,69.99876,17.1,262.56,0
2012-11-01,NA,NA,NA,NA,NA,NA,NA,NA,99,-11.8,5,NA,NA,NA,102,NA,-9.4,80.4,-14.5,113.8,108.7,118.9,141.1,109.8,NA,1.33590909090909,0.192,2.8,NA,NA,994413,NA,NA,NA,NA,NA,NA,0.7792272727,99.96131,-6.5,2.9,3.8,-21.4,-25.2,37.6,43.3,28.2,-2.9,-7.3,4.2,24.4,NA,NA,-8.9,-20.7,-20.6,8.2,-6.5,1.4,-6.7,NA,NA,NA,NA,NA,NA,NA,NA,NA,NA,NA,8,9.7,8.7,7.7,15.8,NA,NA,NA,NA,NA,NA,NA,-6.3,23,-20.7,-14.2,-5,10,-9.6,58.6,18.3,4,0.4,4.3,1.4,-17.9,-0.8,-10.9,97.5,8.8,86.66,0.19870135188102722,-45.270256,0.09023762451817673,NA,69.72694,19,373.95,0
2012-12-01,NA,NA,NA,NA,NA,NA,NA,NA,99.5,-10.4,5,NA,NA,NA,103.9,NA,-11.9,80.3,-15.7,114.8,110.1,119.9,139.9,112.3,NA,1.29941176470588,0.1854737,2.79,NA,NA,995393,NA,NA,NA,NA,NA,NA,0.7617619048,100.777,-6.7,3.9,4,-21.9,-26.5,41.4,43.4,28.5,-6.2,-8.3,5.5,25.5,NA,NA,-7.5,-19.3,-18.3,8.6,-3.2,1.6,-7.5,NA,NA,NA,NA,NA,NA,NA,NA,NA,NA,NA,9.3,10.2,10.9,10.8,12.1,NA,NA,NA,NA,NA,NA,NA,-8.1,24.6,-21.7,-14.4,-3.9,11.4,-13.9,57.7,18.2,2.9,0.5,4.4,1.5,-19.7,-4.1,-9.6,98.2,10.1,88.25,0.2407580018043518,-63.111921,0.05466916912323373,NA,72.98695,19.6,510.68,0
2013-01-01,799885.6,410211.2,158807.8,154917.7,304083.9,244049.3,0,NA,98.6,-8.8,5.1,72.18896,14692977,80468,103.1,102.2951,-7.4,81,-14.3,114,108.5,120.8,143.2,110.4,105.436,1.51227272727273,0.2049091,2.75,NA,138.1,994761,NA,-0.6286522492538138,55.1,83,79.1,0.9,0.752,100.924,-5.4,5.3,6,-18.4,-24.4,36.8,40.8,27.7,-2.9,-8.5,8.2,27.4,-76,-22.8,-9.5,-19.3,-18.2,6.5,-0.6,3,-6,63.6,25.7,6.9,2.9,3.8,2.1,20.7,-9.2,82.6,0.7,5.2,10.3,11,12.5,8.4,13.7,57.1,15.9,15.8,1.7,8.3,13.8,89.2,-5.2,24.5,-21.8,-13.3,-3.5,11.4,-14.6,46.8,16.8,4,0.7,4.8,1.6,-15.1,0.3,-10.7,100.1,11.3,94.69,0.2605409026145935,-73.619557,0.036452205312897314,0.3521333,74.69118,23.2,549.27,0
2013-02-01,NA,NA,NA,NA,NA,NA,NA,NA,99.3,-6.8,5.1,NA,NA,NA,102.9,NA,-6.3,80.3,-15.3,114.9,109.3,120.8,144.9,111.4,NA,1.5435,0.22335,2.77,NA,NA,995524,NA,NA,NA,NA,NA,NA,0.74955,101.4725,-5.4,2.7,5.1,-18.3,-22,36.7,38.7,26.4,-1.1,-7.3,8.7,25.8,NA,NA,-2.3,-16,-16.2,6.7,2.3,4,-4.6,NA,NA,NA,NA,NA,NA,NA,NA,NA,NA,NA,7.1,11.7,14.2,9.1,16.3,NA,NA,NA,NA,NA,NA,NA,-8.4,24.1,-20.9,-13.6,-7.7,6.1,-15.2,49.3,16.3,3.9,1.2,2.7,1.2,-13.1,0.5,-5.5,100.7,11,95.32,0.3276100158691406,-77.380126,0.06527337964614698,NA,74.36344,22.7,515.09,0
2013-03-01,NA,NA,NA,NA,NA,NA,NA,NA,101.1,-7.8,5,NA,NA,NA,103,NA,-6.1,80.5,-17.8,115.4,110.2,121.8,142.8,112.1,NA,1.3545,0.20605,2.78,NA,NA,996851,NA,NA,NA,NA,NA,NA,0.772047619,100.9768,-5.2,3,5.5,-17.4,-21.1,35.1,38.9,25.2,-0.2,-8,4.2,25.1,NA,NA,-4.5,-19.7,-18.4,7,3.4,3,-4.6,NA,NA,NA,NA,NA,NA,NA,NA,NA,NA,NA,11.8,14.2,15.1,9.6,17.2,NA,NA,NA,NA,NA,NA,NA,-10.1,27.3,-24.1,-16,-8.1,7.9,-16.3,40.8,14.6,4.1,0.9,3.4,1.5,-9.8,-2.3,-2.8,101.2,13.7,93.05,0.1950216293334961,-60.717216,0.11303750340472743,NA,76.44746,31.2,541.36,0
2013-04-01,810145,414151.8,158654,161012.1,304996.1,248140.3,0.2,NA,101,-7.4,5,72.47352,14794721,80507,101,103.1172,-4.2,80.6,-20.4,114.8,109.2,121.9,143.5,110.4,104.93,1.19619047619048,0.2089048,2.78,NA,138.7,997892,NA,-0.21114319864651288,55,83.7,78.6,3.9,0.7677727273,100.5487,-4.8,3.7,5.2,-18.7,-21.5,36.9,40.3,25,0.3,-6.7,7.3,25.6,-72.5,-23.1,-10.2,-19.7,-18.4,6.5,4,1.1,-7,65.5,25.7,6.3,2.6,4,2.9,21.3,-2.1,82.5,-1.1,2.1,4.9,6.7,13.8,7.2,16.7,53.3,16.7,16,1.5,8.8,16.5,89.3,-13.2,29.6,-23.3,-18.4,-8,3.4,-21.8,32.8,12.5,3.6,0.7,3.2,0.8,-8.5,0.1,-3.8,99.9,8.5,92.07,0.23210541903972626,-60.583178,0.06819577363394683,0.2114016,74.61021,71.5,278.07,0
2013-05-01,NA,NA,NA,NA,NA,NA,NA,NA,100.2,-8,5,NA,NA,NA,102,NA,-4.2,81.4,-13.5,115.1,109.6,122.9,142.8,111.1,NA,1.29409090909091,0.2012273,2.68,NA,NA,999981,NA,NA,NA,NA,NA,NA,0.7707142857,101.004,-4.7,4,5.4,-19.9,-20.4,32.2,35,25.1,0.9,-7.9,3.1,25.8,NA,NA,-0.2,-18.9,-17.6,6.7,1.8,0.3,-5.8,NA,NA,NA,NA,NA,NA,NA,NA,NA,NA,NA,10.8,12.6,12.2,7.6,16.2,NA,NA,NA,NA,NA,NA,NA,-1.1,24.8,-20.7,-14.6,-6.1,7.6,13.3,62.8,12.8,4.9,0.7,4.8,1.9,-8.5,0.1,-5.1,100.8,11.8,94.8,0.19481925666332245,-63.081646,0.04348724907545684,NA,78.491,53.4,171.8,0
2013-06-01,NA,NA,NA,NA,NA,NA,NA,NA,102,-5.7,4.9,NA,NA,NA,100.3,NA,-5.2,80.9,-15.3,115.2,109.7,123.2,142.8,111.6,NA,1.5305,0.21025,2.62,NA,NA,1002326,NA,NA,NA,NA,NA,NA,0.758586,102.0223,-4.6,4.1,6.1,-18.5,-19.6,29.9,35.9,24.3,0.6,-8.8,5.6,24.7,NA,NA,0.6,-14.9,-15.7,7.5,5.1,1.7,-6.6,NA,NA,NA,NA,NA,NA,NA,NA,NA,NA,NA,8.7,10.6,14.5,5.8,14.5,NA,NA,NA,NA,NA,NA,NA,-7.9,25,-19.8,-13.1,-7.6,6.2,4.8,57.5,11.2,3.9,0.8,5.5,0.8,-9.9,-0.6,-4.9,101.3,11.3,95.8,0.3234521746635437,-53.1992,0.03310328170631085,NA,76.11973,116.7,73.28,8.32
2013-07-01,813448.9,415840.6,159769.1,161269.8,310164.9,251966.5,0.1,NA,100.4,-6.3,4.9,72.3993,14892919,80533,101.8,103.2994,-5.2,81,-13.9,115.7,110.1,122.9,144.2,112.9,105.306,1.56565217391304,0.2214348,2.67,NA,138.9,1005412,NA,0.6244120295183286,54.9,84,77.4,1.1,0.7646421739,102.5065,-3.8,4.6,7.1,-18.2,-18.4,31.1,37.3,23,2.2,-8.3,8.5,27,-74,-21,-1.2,-16.4,-15.3,6.9,4.3,2.1,-3.7,70.1,21.7,5.4,2.2,3.8,3.1,17.1,4.6,83.1,2.4,3.8,10.8,14.2,12.4,6.2,16.4,56.8,15,18.3,1.7,8.9,12.9,89.1,-9.7,23.2,-20,-8.8,-5.6,7.6,0.1,63.6,13.6,5.6,0.4,4.4,1.3,-11.8,1.3,-5.4,101.9,12.5,104.61,0.2002827525138855,-35.483401,0.06959438488489575,0.1805543,76.90051,45,3.31,10.45
2013-08-01,NA,NA,NA,NA,NA,NA,NA,NA,102.4,-2.1,4.9,NA,NA,NA,103.6,NA,-4.2,81.1,-10.8,115.7,110.3,121.8,144,113.1,NA,1.735,0.2258636,2.76,NA,NA,1008922,NA,NA,NA,NA,NA,NA,0.7510654545,103.0086,-3.9,4.6,6.2,-17,-17.7,41.4,41.2,21.9,2.9,-9,7.7,26.6,NA,NA,6.3,-9.4,-10.8,4.1,7.2,4.1,-3.2,NA,NA,NA,NA,NA,NA,NA,NA,NA,NA,NA,12.2,14.3,14.7,8.5,17.1,NA,NA,NA,NA,NA,NA,NA,-2.2,21.7,-18,-8.4,-4.5,11.2,-2.2,65.4,15.2,5,0.8,4.2,1.3,-9.3,1,-6.9,104,13.7,106.57,0.28697147965431213,-38.725951,0.024745787381436273,NA,78.8091,5.7,10.71,8.88
2013-09-01,NA,NA,NA,NA,NA,NA,NA,NA,102.1,-1.7,4.9,NA,NA,NA,104,NA,-3,81.3,-8.9,115.7,110.2,121.5,144.5,112.1,NA,1.88809523809524,0.2232381,2.83,NA,NA,1010890,NA,NA,NA,NA,NA,NA,0.7491161905,102.7995,-3,5,5.8,-15.9,-15.4,40,40.2,21.6,3.9,-7.5,5.5,25.3,NA,NA,4.8,-9.9,-11.6,4,8.7,4.6,-0.1,NA,NA,NA,NA,NA,NA,NA,NA,NA,NA,NA,13.9,14.7,18.6,7.8,16.2,NA,NA,NA,NA,NA,NA,NA,-1.9,20.9,-15.2,-3.8,-3.9,9.9,-7.1,64.1,13.5,5.6,0.5,5.1,1.5,-7.1,1.2,-3.5,105.2,15.7,106.29,0.338643878698349,4.8690552,0.03346218552867227,NA,80.3456,5.3,122.51,0.42
2013-10-01,814839.9,413415.7,159826.8,164363,315333.8,252054.8,-0.6,NA,101.4,1,4.8,72.46169,14906623,80563,103.9,102.7198,-3.7,80.7,-8.7,115.4,110,121.6,142.5,111.6,105.861,1.76217391304348,0.2258261,2.84,NA,138.7,1013588,NA,0.8947549421722822,54.5,84.2,77.3,2,0.7330056522,102.9408,-2.6,6,5.7,-13.4,-15,37.3,40.1,21.2,5.5,-7.3,3.8,24.6,-73.9,-19.8,4.4,-7.7,-10.1,3.1,13.7,3.6,0.9,69.2,20.3,6.5,2.4,3.6,2.9,16.4,6.1,83.8,2.8,1.3,11.4,12.1,13.1,7.6,13,54.8,14.9,18.7,1.8,9.5,14.5,89.6,-0.7,20.5,-17.2,-5,-5.3,9.1,-1.9,64.8,12.4,6,0.7,5.1,1.7,-9.7,2.4,-7.3,105.3,12.2,100.54,0.318275511264801,16.365861,0.015405725635980243,0.3017957,83.1757,16.5,203.79,0
2013-11-01,NA,NA,NA,NA,NA,NA,NA,NA,103.1,0.9,4.8,NA,NA,NA,105.3,NA,-4.8,81.8,-8.1,115.6,110.5,122,141.2,112.3,NA,1.67714285714286,0.223381,2.87,NA,NA,1016300,NA,NA,NA,NA,NA,NA,0.7413595238,103.3151,-1.8,4.7,6.7,-10.9,-12.6,35.1,37.4,19.9,5,-6,3.9,25.2,NA,NA,10.6,-6.9,-6.4,3.4,13,4.3,2.1,NA,NA,NA,NA,NA,NA,NA,NA,NA,NA,NA,12.9,14.8,15,9.4,15.3,NA,NA,NA,NA,NA,NA,NA,-2.1,20,-14.9,-2.1,-5.2,10.8,-7.3,63.2,12.8,5.3,0.8,4.4,1.3,-10.7,1.2,-8.8,106.2,14.2,93.86,0.4847566783428192,-2.553975,0.014069500178827847,NA,86.68056,21.8,393.17,0
2013-12-01,NA,NA,NA,NA,NA,NA,NA,NA,103.3,0.3,4.8,NA,NA,NA,105.1,NA,-6.2,80.5,-6.2,116.2,110.9,123.7,141.8,113.4,NA,1.79777777777778,0.2735,2.8,NA,NA,1015480,NA,NA,NA,NA,NA,NA,0.7297122727,104.3672,-1.3,7.7,6.3,-10.7,-12.3,37.6,38.8,19.3,8.1,-7,7.3,28.4,NA,NA,5.9,-7.3,-7.9,3.1,11.2,4.9,0.5,NA,NA,NA,NA,NA,NA,NA,NA,NA,NA,NA,15.3,15,14,9.6,18.1,NA,NA,NA,NA,NA,NA,NA,1.9,20.1,-14.8,-0.4,-4.3,8.9,-6.2,64.1,14.3,4.7,0.9,4.6,1.3,-11.5,-0.8,-5.3,106.1,14.7,97.63,0.24146544933319092,30.795073,0.0053784251104034946,NA,87.57316,13.5,439,0
2014-01-01,823599.2,414238.4,160552.6,167166.3,315215.9,252459.3,0.2,NA,102.6,0.5,4.8,72.45535,14999718,80622,103.8,103.4158,-8.6,81.3,-7.3,115.4,109.8,124.6,140.8,112,106.174,1.75590909090909,0.2920455,2.81,NA,137.9,1013731,NA,2.3078395891738657,53.9,84,76.1,1.9,0.7340834783,103.8659,-0.4,6.3,7,-7.4,-9.5,32,37,18.1,6,-5.3,5.1,25.6,-75.1,-19,6.6,-7.6,-8.6,1.6,10.6,4.7,1,69.9,18.3,7.3,3.6,3.5,3,10.9,8,84,4.9,6,13.7,14.6,17.2,7.3,17.4,57.4,15.6,18.3,1.4,6.7,13.7,89.6,-1.2,21.2,-12.7,0.6,-4,9.5,-8.4,73.4,15,4.1,0.6,5.7,1.3,-15.9,-1.2,-5.9,106.8,15.1,94.62,0.2985074520111084,-8.4354566,0.009902037779969518,0.4171384,89.84804,8.2,486.07,0
2014-02-01,NA,NA,NA,NA,NA,NA,NA,NA,102.6,0.8,4.8,NA,NA,NA,107.2,NA,-6.4,81.9,-3.3,116,110.6,124.5,141.2,113.1,NA,1.5585,0.2881,2.83,NA,NA,1015515,NA,NA,NA,NA,NA,NA,0.731746,104.3051,-0.1,5.8,8,-7.1,-10.3,32.2,34.6,16.4,7.3,-3.7,3.9,26,NA,NA,7.7,-6.3,-7.1,1.5,10.2,3.9,1.2,NA,NA,NA,NA,NA,NA,NA,NA,NA,NA,NA,15,15.3,15.9,12.4,19.7,NA,NA,NA,NA,NA,NA,NA,7.5,20.4,-11.6,3,-4.3,10.4,3.1,72.8,19.2,5.1,0.4,5.4,1.3,-12.8,0,-3.9,107.3,15.4,100.82,0.4479469060897827,-33.980788,0.020262889440757548,NA,89.74779,11.6,369.08,0
2014-03-01,NA,NA,NA,NA,NA,NA,NA,NA,102.9,1.2,4.8,NA,NA,NA,107.9,NA,-7.9,82.3,-2.1,116.4,111.2,123.9,140.7,113.3,NA,1.50857142857143,0.3053333,2.72,NA,NA,1016307,NA,NA,NA,NA,NA,NA,0.7231647619,104.7515,-0.6,6.3,7.5,-3.6,-9.6,29.1,33.1,15.2,10.6,-6.5,9.3,26.2,NA,NA,8.5,-5.5,-7.8,1.2,10.4,3.8,2.4,NA,NA,NA,NA,NA,NA,NA,NA,NA,NA,NA,17,14.4,14.9,11.9,16.8,NA,NA,NA,NA,NA,NA,NA,10.1,17,-8,0.7,-1.1,10.3,14.1,80.7,21.6,4.6,0.6,6.5,1.6,-15.9,0,-3.8,107.2,15.5,100.8,0.9860464930534363,-7.6257044,0.022721238580161108,NA,88.25562,6.2,325.44,0
2014-04-01,824120.8,416187,161552.3,165453.9,318087.7,256697.4,0.6,NA,102.5,0.5,4.8,72.56762,14982687,80696,107.4,105.3804,-9.3,81.7,0.1,116.1,110.7,123.5,141.7,112.6,106.855,1.4565,0.32975,2.71,NA,137.9,1018017,NA,3.440612811223165,53.6,84.3,75.6,3.8,0.7240890909,104.0371,-0.4,7,8.7,-4.8,-9.9,27.8,32.9,14.2,6.3,-7.6,10.3,28.4,-71,-18.3,4.4,-6.3,-10.5,0.8,8.6,3.2,1.3,69.1,17.6,8.4,3.8,3.5,2.9,9,-1.1,84.4,4.4,2.4,15.7,14.8,18.1,12.4,16.2,54.1,13.7,19.9,2.2,7.5,16.2,88.9,13.5,17.3,-5.6,4.2,-2.8,7.7,1.6,73.6,20.6,4.9,0.1,5.7,1.2,-16.4,-2.1,-5.5,107.3,16.2,102.07,0.5126789212226868,-42.695506,0.009116920921568992,0.3018412,89.13858,3.4,196.89,0
2014-05-01,NA,NA,NA,NA,NA,NA,NA,NA,102,0.8,4.7,NA,NA,NA,104.9,NA,-10.9,81,-3,115.8,110.4,123.2,141.7,112.3,NA,1.32714285714286,0.3245714,2.63,NA,NA,1020860,NA,NA,NA,NA,NA,NA,0.7281081818,103.4207,0,6.5,7.9,-3.2,-8.5,25.2,30.3,13.5,7.5,-5.8,12.1,28.5,NA,NA,6.2,-6.3,-8.8,1.2,9.8,2.3,1.1,NA,NA,NA,NA,NA,NA,NA,NA,NA,NA,NA,13.6,13.5,17.8,8.8,17.5,NA,NA,NA,NA,NA,NA,NA,9.9,16.9,-8.4,-1.9,-3.1,6.5,-6,65.1,20.8,4.4,0.3,4.7,1.8,-18.8,-3,-7.5,107,15,102.18,0.5079962611198425,-48.01447,0.003090206977254007,NA,89.8037,11.4,159.91,0
2014-06-01,NA,NA,NA,NA,NA,NA,NA,NA,102.1,-1.1,4.7,NA,NA,NA,103.4,NA,-8.5,82.5,-4.9,116.3,110.9,123.1,142.4,113.3,NA,1.26428571428571,0.2414286,2.55,NA,NA,1022512,NA,NA,NA,NA,NA,NA,0.7355752381,103.3084,-0.5,5.3,8.2,-2.4,-8,21.6,27,13.8,11.3,-7.4,4.1,24.6,NA,NA,2.5,-6.9,-9,1.4,4.9,1.8,-0.5,NA,NA,NA,NA,NA,NA,NA,NA,NA,NA,NA,10.1,13.3,15.6,7.5,15.8,NA,NA,NA,NA,NA,NA,NA,7.1,16.7,-10.9,-5.1,-4.6,7.2,-3.5,66.6,18,4.8,0.2,4.7,1.6,-14.6,-2.3,-7.4,105.4,13,105.79,0.41640228033065796,-56.381344,0.00176672559777951,NA,91.3672,8.7,51.57,4.02
2014-07-01,827946.3,419694.6,162667.4,165251.4,323696,258316.1,-0.2,NA,103.8,-0.8,4.7,72.71908,14974369,80791,103.2,105.4355,-11.3,81,-10.4,116.6,111.4,123.1,142.1,114.5,107.229,1.11434782608696,0.2050435,2.46,NA,136.5,1025897,NA,3.2832194288242356,53.4,83.1,75,1.4,0.7388569565,103.4149,-0.1,7.5,8.4,-2.8,-7.7,19.6,27.4,14.9,8.5,-8.8,8.7,27.3,-73.3,-20,-1.4,-8,-11.3,2.6,8.1,1.8,-1,70.2,17.4,8.2,3.6,3.6,2.7,10.8,-5.4,84.3,2.3,1.6,12.1,12.2,14.4,7.8,17.5,56.8,12.7,19.6,2,6.3,17.7,89.1,-1.6,22,-15.6,-7.5,-5.5,8.9,-4.2,65.6,18.2,3.4,0,5.7,1.5,-18.6,-3.9,-10.8,105.1,12.9,103.59,0.8747156262397766,-69.940534,0.002639108464108449,0.2255173,89.57235,7.9,11.39,6.24
2014-08-01,NA,NA,NA,NA,NA,NA,NA,NA,100.1,-2.9,4.7,NA,NA,NA,104.5,NA,-11,82.4,-10.3,116.6,111.6,122.4,141.3,114.7,NA,0.956190476190476,0.1915714,2.41,NA,NA,1030295,NA,NA,NA,NA,NA,NA,0.75092,103.2098,-1.5,5.9,7.6,-6.5,-13,19.6,27.2,15.9,6.1,-6.6,8.5,28.1,NA,NA,6.8,-8.5,-11.2,3.1,2.8,2.6,-2.7,NA,NA,NA,NA,NA,NA,NA,NA,NA,NA,NA,10.6,12.9,13.7,10.4,17.2,NA,NA,NA,NA,NA,NA,NA,-1.4,21,-14.9,-8.4,-5.3,6.7,-4.5,64,19,4.1,0.8,4.2,1.8,-18.3,-3.7,-6.9,103.8,12.4,96.54,0.8069187998771667,-53.385807,0.011187001919659897,NA,85.20767,16.8,46.85,0.37
2014-09-01,NA,NA,NA,NA,NA,NA,NA,NA,102.6,-5.4,4.7,NA,NA,NA,103.2,NA,-10.1,81.4,-11,116.6,111.5,122.7,141.5,113.8,NA,0.921363636363636,0.0970909,2.3,NA,NA,1032897,NA,NA,NA,NA,NA,NA,0.7751895455,102.4026,-2.1,7,6.8,-9.3,-13.8,15.9,22.2,16.2,4.6,-8.6,7,26.9,NA,NA,-0.4,-12,-13.9,6.1,2,1.8,-0.5,NA,NA,NA,NA,NA,NA,NA,NA,NA,NA,NA,12.9,11.4,13.5,8.4,14.1,NA,NA,NA,NA,NA,NA,NA,-0.9,23.1,-18.6,-9,-8.1,6.9,-5.3,63.2,18,4.1,0.7,5.1,1.3,-18.1,-2.2,-11.6,102.5,12.6,93.21,0.6061335802078247,-35.155351,0.007526603622568526,NA,88.18429,29.4,60.5,0
2014-10-01,834901.6,421989.7,163667.2,166632.3,329743.6,262966.2,-0.3,NA,102.9,-6.4,4.7,72.56705,15013281,80925,102.7,105.6971,-9.2,82.4,-13.9,116.2,111.2,122.6,139.5,113.4,107.102,0.790909090909091,0.0826087,2.25,NA,132.5,1036713,NA,2.9302353066192444,53.1,79.4,74.4,2.4,0.7890443478,101.944,-1.3,7.6,8.5,-10.7,-14.4,15.5,24.2,16.2,6.5,-6.8,7,26.7,-73.3,-22.5,-3.7,-13.6,-15,7.1,1.4,1.1,-4.8,67.8,21,9.3,2.9,3.4,2.5,16.8,-6.1,84.2,-0.5,-1.2,11,13.7,12.8,9.6,18.3,54.8,15.4,18,2.1,7.4,17.9,89.4,-7.9,23.7,-16.6,-10,-9.1,1.4,-6.7,63.7,19.4,3.3,0.2,4.5,2.3,-17.3,-1.1,-9.7,102.4,12.5,84.4,0.3763972222805023,-36.928692,0.02554490976724268,0.3369954,82.40456,16.3,160.48,0
2014-11-01,NA,NA,NA,NA,NA,NA,NA,NA,102.8,-4.6,4.6,NA,NA,NA,99.8,NA,-12.7,82.3,-13.3,116.2,111.5,122.3,137.9,113.8,NA,0.719,0.0809,2.17,NA,NA,1040072,NA,NA,NA,NA,NA,NA,0.801368,102.4208,-1.9,7.2,8,-13.3,-14.2,11.7,21.3,16.3,6.7,-8.6,5.8,25.9,NA,NA,2.2,-10.4,-12.9,6.3,3,-0.7,-5.1,NA,NA,NA,NA,NA,NA,NA,NA,NA,NA,NA,8.9,11.6,13.7,4.8,18.5,NA,NA,NA,NA,NA,NA,NA,-5.1,26.3,-17.6,-8.3,-7.4,4.6,-4.8,64.6,16.5,4.9,0.3,4.7,1.9,-21.2,-4.2,-15.3,102.3,11.4,75.79,0.40236592292785645,-17.51376,0.007670854334803412,NA,87.26277,8.4,333.33,0
2014-12-01,NA,NA,NA,NA,NA,NA,NA,NA,104.5,-4.5,4.6,NA,NA,NA,102.1,NA,-11.4,82.4,-11.2,116.3,112.2,122.7,132.6,115,NA,0.588947368421053,0.0809048,2.13,NA,NA,1044888,NA,NA,NA,NA,NA,NA,0.812196087,103.2757,-1.4,6.3,7.2,-10,-12.9,9.7,19.7,15.2,10.4,-6.2,3.7,26.1,NA,NA,-3.2,-9.7,-11.8,6.1,2.4,-3.6,-3.6,NA,NA,NA,NA,NA,NA,NA,NA,NA,NA,NA,10,10.6,16.2,7.8,19.5,NA,NA,NA,NA,NA,NA,NA,-1.2,25.8,-19.8,-6.8,-8,1.6,-4.2,65.2,17,6,0.5,5.1,2.5,-20.7,-2,-15.9,103,12.3,59.29,0.26126715540885925,-55.193044,0.015048898872172931,NA,90.31265,7,470.11,0
2015-01-01,833141.2,423775.8,164570.9,166130.6,331677.7,267653,-0.2,NA,102,-3,4.5,72.70393,15052683,81109,102.9,107.7566,-11.7,84,-10.1,114.8,110.8,123.2,128.3,113.4,108.174,0.39,0.0626667,1.96,NA,133.1,1044208,NA,4.218195215442622,52.8,80.3,74.1,1.8,0.8599027273,100.8984,-0.5,7.2,8,-7.9,-11.5,0.3,12.3,13.6,13.1,-5.6,6.7,27.4,-73.1,-21.9,4.6,-8.7,-10.8,4.8,4.5,-4.6,-2.2,69.5,19,9.1,2.1,3.3,1.8,12.9,-0.2,84,2.3,3.4,11.4,12.9,14.3,8.3,17.1,57.7,14.5,19.1,1.8,5.4,15.4,89.1,1.2,26.3,-12.7,-5.2,-7,6.6,-2.8,68.2,19,5.5,0.5,5,1.9,-21.3,-2.1,-12.8,104.1,12.9,47.22,0.5653976798057556,-77.047248,0.03953933512174044,0.2985966,93.31048,9.1,485.83,0
2015-02-01,NA,NA,NA,NA,NA,NA,NA,NA,103.1,-2.1,4.5,NA,NA,NA,103.9,NA,-11.7,84,-8.2,115.9,111.7,124.2,130.9,114.6,NA,0.302,0.0482,1.96,NA,NA,1046039,NA,NA,NA,NA,NA,NA,0.880563,100.061,-0.1,7,8.2,-3,-11.2,-7.1,11.4,11.9,16,-4.6,6.7,26.3,NA,NA,0.1,-8,-10.3,5.1,6.9,-1,-0.9,NA,NA,NA,NA,NA,NA,NA,NA,NA,NA,NA,9.6,10.3,16.8,8.2,18,NA,NA,NA,NA,NA,NA,NA,4.2,21.9,-11.8,-6.9,-3.4,13.1,-7.7,63.4,19.6,5.6,0.6,7.2,1.8,-19.2,-4.1,-8.2,104.6,12.2,50.58,0.8620689511299133,-106.73308,0.06689948064320829,NA,100.9564,15.3,472.27,0
2015-03-01,NA,NA,NA,NA,NA,NA,NA,NA,103.1,-0.1,4.5,NA,NA,NA,106.2,NA,-12.1,83.9,-5.9,116.6,112.4,124.1,132.8,114.9,NA,0.227272727272727,0.0271818,1.88,NA,NA,1047136,NA,NA,NA,NA,NA,NA,0.9244727273,98.55064,0.5,8.2,8.5,0.8,-9.3,-3,15.3,10.3,19.3,-5.6,6.9,26.8,NA,NA,2.4,-4.9,-10.4,5.3,9.9,-0.6,1,NA,NA,NA,NA,NA,NA,NA,NA,NA,NA,NA,13.4,15,16.7,11,17.5,NA,NA,NA,NA,NA,NA,NA,4.8,20.1,-10.9,-2.5,-3.3,15.9,-15.5,61.1,21.7,5.7,0.7,6.1,1.2,-21.3,-3,-8.5,106.3,15,47.82,0.6261070370674133,-100.27997,0.05557765348192714,NA,107.9198,18.9,382.91,0
2015-04-01,838357.6,426114.3,165570.6,166756.6,337590.2,268241.7,-0.8,NA,103.9,-0.3,4.4,72.51228,15123598,81277,106.3,109.003,-9.3,83.9,-4.1,117.3,113,125,133.4,115.8,108.971,0.122,0.0047,1.87,NA,133,1049913,NA,3.058667348553268,52.7,80.3,72.3,3.6,0.9246854545,98.11572,0.7,9.4,8.5,-0.1,-10.3,3,17.6,10.9,14.9,-5,7,27.2,-72,-21.1,3.2,-4.6,-8.8,4.4,8.1,1.3,2,71.3,16.6,9.2,3,3.6,1.8,10.2,-3.7,84.3,3.6,10.4,12.6,16.4,16.9,10.8,13.4,58.1,12.3,18.2,3.2,5.9,15.2,89.5,10.5,18.7,-10.5,-4.1,-3.9,16.9,-7.9,58.4,21.2,5.4,0.4,5.1,1.4,-17.1,-1.6,-7.6,106.6,15.3,54.45,0.4591251015663147,-97.581223,0.04963262157241169,0.1058649,109.3831,28.2,273.92,0
2015-05-01,NA,NA,NA,NA,NA,NA,NA,NA,104.1,-0.8,4.4,NA,NA,NA,106.2,NA,-11.5,85.8,-3.8,117.7,113.4,125,134.7,116.5,NA,0.55578947368421,-0.0103684,1.77,NA,NA,1053803,NA,NA,NA,NA,NA,NA,0.8961171429,98.8755,0.1,8.7,8.8,0.9,-10.2,6.6,21.9,12.4,17.4,-6.9,5.9,27.7,NA,NA,5.5,-6.3,-8.1,5,8.9,0.7,1.9,NA,NA,NA,NA,NA,NA,NA,NA,NA,NA,NA,16.7,18.2,16.1,11,15.2,NA,NA,NA,NA,NA,NA,NA,13.2,21.3,-11.3,-3.3,-3.9,16.2,-3.4,61.6,19.4,5.3,0.8,5.5,1.7,-18.5,-4.4,-6.8,106.6,17,59.27,0.25225532054901123,-96.794541,0.11316176796257237,NA,105.1591,31.4,161.25,0
2015-06-01,NA,NA,NA,NA,NA,NA,NA,NA,104,-1.2,4.4,NA,NA,NA,106.5,NA,-11.4,85.2,-5.1,117.6,113.4,124.2,134.1,116.9,NA,0.792727272727273,-0.0139091,1.85,NA,NA,1057052,NA,NA,NA,NA,NA,NA,0.8915577273,99.7082,-0.2,7.5,9.7,-5.1,-12.6,5.2,21,13.8,13.2,-5.5,7.8,27.4,NA,NA,-1.2,-6.7,-9.5,4.8,7.9,1,1.2,NA,NA,NA,NA,NA,NA,NA,NA,NA,NA,NA,16.1,18.7,20.5,11.9,17.6,NA,NA,NA,NA,NA,NA,NA,8,19.4,-11,-3.8,-4.5,17,-4.7,65.1,20.6,4.7,1.1,4.5,1.2,-18.2,-4.5,-7.2,107,18.4,59.82,0.4503724277019501,-81.126077,0.14072519854901155,NA,101.2552,12.7,62.69,0.35
2015-07-01,842530.7,429275.5,167204.8,167732.4,337488.9,271008.3,-0.6,NA,105.5,-0.7,4.3,72.63486,15087966,81427,106.8,109.3101,-10.3,86.2,-1.7,118,114.2,123.4,133.5,118.6,109.301,0.71,-0.0187391,1.99,NA,133,1062392,NA,2.542877506148433,52.7,80.3,71.8,2.1,0.9087826087,99.58206,-0.6,8.1,9.6,-4.8,-14.3,5,20.3,15.6,11.7,-5.8,6.5,26.5,-72.5,-18.8,6,-5.2,-8.3,4.4,7.6,0.6,0.6,70.5,17.7,10,2.9,3.3,1.6,11.2,-0.9,84.3,3,4.8,15.1,20.4,17.9,12.6,15.2,58.5,11.7,19.9,2.6,4.4,12.5,89.4,14.9,17.1,-10.1,-3,-5.3,12.5,-3.5,63.9,19.7,4.6,0.7,5.3,1.5,-18.8,-1.9,-6.5,107.1,17.8,50.9,0.6060868501663208,-47.811737,0.16367851971731098,0.0673945,101.8991,11.7,14.63,27.44
2015-08-01,NA,NA,NA,NA,NA,NA,NA,NA,102.9,-2,4.3,NA,NA,NA,106.7,NA,-8.6,86.4,1.5,118,114.5,123.1,130.7,118.8,NA,0.608571428571429,-0.0276667,2.06,NA,NA,1066248,NA,NA,NA,NA,NA,NA,0.8983647619,101.1469,-1,7.7,8.8,-5.3,-14.3,2.9,14.3,18.3,9.8,-6.4,7.6,26.9,NA,NA,5.6,-5.9,-10.1,5.2,5.3,0.4,-2.8,NA,NA,NA,NA,NA,NA,NA,NA,NA,NA,NA,19.3,20.3,20.6,11.8,14.3,NA,NA,NA,NA,NA,NA,NA,21,20.1,-5.5,3.8,-0.5,13.4,-1.7,64.2,17.9,5.5,0.9,5.2,1.3,-17.3,0.2,-5.7,107.1,20.1,42.87,0.2968617379665375,-38.801087,0.11044363451650509,NA,98.31521,7.3,6.07,26.56
2015-09-01,NA,NA,NA,NA,NA,NA,NA,NA,103.1,-1.8,4.3,NA,NA,NA,106.4,NA,-8.6,86.1,0.3,117.6,114.3,123.7,128.4,117.6,NA,0.654090909090909,-0.0370455,2.03,NA,NA,1070706,NA,NA,NA,NA,NA,NA,0.8914286364,101.7745,-2.1,7.5,7.8,-5.5,-17.7,3.3,20.6,22.2,9.9,-5.8,7.9,26.9,NA,NA,0.4,-9.1,-12.3,5.4,9.2,-1.3,-0.9,NA,NA,NA,NA,NA,NA,NA,NA,NA,NA,NA,20.3,24.3,20,11.1,15.2,NA,NA,NA,NA,NA,NA,NA,15.8,19.2,-5.5,4.3,-1,8.4,-1.3,66,17,4.5,0.4,4.6,1.3,-15,-2.2,-7.4,107.5,21.5,45.48,0.5263615846633911,-56.561778,0.2039844982414224,NA,91.18983,14.4,126.22,0.45
2015-10-01,846964.6,432566.6,169704.1,171525.3,335529.3,274069.2,-0.6,NA,104,-3.4,4.2,72.76367,15106226,81573,108,111.3915,-7.6,86.1,-0.1,117.6,114.3,124.3,127.3,117.3,109.731,0.518181818181818,-0.0535909,2.05,NA,132.8,1075419,NA,3.5637680815757022,52.6,80.2,71.2,1.8,0.8903236364,101.3623,-3.2,9.3,7.9,-6.9,-20.2,-3.4,15.5,25.2,8.1,-9.7,10.4,27.3,-74.2,-24.4,2.1,-10.1,-13.7,6.3,6,0.3,-2.2,69.1,19.1,9.5,2.6,3.6,1.8,17.1,-0.8,84.1,2.3,2.4,15.4,20.9,24.9,14.4,14.5,57.9,11.5,21.4,3.2,4.6,14.7,89.7,16.5,21.3,-7.9,4.5,-2.4,7.7,-1.4,65.2,15.4,5.4,0.5,4.9,1.9,-14.1,-1,-6.2,106.1,20.4,46.22,0.3487287759780884,-67.887274,0.17074969201262158,0.2837282,93.41651,10.2,281.58,0
2015-11-01,NA,NA,NA,NA,NA,NA,NA,NA,102.7,-2.7,4.2,NA,NA,NA,109,NA,-5.4,86.4,-0.7,116.5,112.7,124.4,127.5,114.9,NA,0.516190476190476,-0.087619,2.02,NA,NA,1078683,NA,NA,NA,NA,NA,NA,0.93277,99.36266,-3.2,8.2,7.3,-9.9,-21,-3.7,19.6,26.2,7.6,-7.5,9.1,26.8,NA,NA,4.2,-9.8,-14.3,5.1,6.9,0.8,-1,NA,NA,NA,NA,NA,NA,NA,NA,NA,NA,NA,19.2,21.7,23.6,15,17.2,NA,NA,NA,NA,NA,NA,NA,16.1,19.9,-11.2,1.5,-1.8,8.8,-0.8,66,16.2,5.1,0.4,5.6,1,-13.4,2.6,-5.3,106.9,21.5,42.44,0.7214611768722534,-98.736032,0.08337191924601826,NA,99.70134,6.8,303.14,0
2015-12-01,NA,NA,NA,NA,NA,NA,NA,NA,103.2,-3,4.2,NA,NA,NA,109.8,NA,-5.3,87.5,-2.6,116.6,113.4,123.9,123.9,116.5,NA,0.5455,-0.1263182,1.95,NA,NA,1081022,NA,NA,NA,NA,NA,NA,0.9184513043,100.5694,-1.8,8.8,8.3,-7.9,-19.2,-1,19.2,27.3,9.2,-5.2,9.8,28.1,NA,NA,-0.7,-8,-13.5,7.3,6.3,-1.4,-1.7,NA,NA,NA,NA,NA,NA,NA,NA,NA,NA,NA,17.3,20,21.5,15.5,13.3,NA,NA,NA,NA,NA,NA,NA,10,20,-10.3,2.4,0.9,8.1,1.4,68.6,15.1,5.2,0.2,5,1.6,-12.8,2.2,-1.3,106.4,19.6,37.19,0.5361007452011108,-109.92886,0.10307255862805581,NA,97.49394,6.5,349,0
2016-01-01,854268,435619.4,171823.9,174337.7,338823.4,279072.3,-0.4,NA,104.8,-3.8,4.1,72.93497,15167838,81728,109.9,114.1666,-5.3,87.2,-2.7,115.3,112,124.2,120.9,114.7,109.618,0.4305,-0.14615,1.97,NA,133.4,1080749,NA,2.0960166103300537,52.3,81.1,70.9,1.9,0.9217671429,100.9079,-2.2,8.3,8.5,-7.2,-19.8,-2,18,28.7,9.3,-5.9,8.7,27.3,-72.4,-21,4.7,-6.6,-11.5,7.7,2.9,-2.2,-2.4,68.9,18.5,9.1,1.9,3.9,2.1,15.1,-1.8,84.3,1.6,3,16.6,19.4,23.2,16.4,12.6,56.8,12,19.6,2.3,4.7,13.7,88.5,11.7,21.6,-10.1,1.7,0.3,7.3,3.3,70.5,15.2,6.1,0.8,4.2,1.4,-10.1,-0.6,-4.9,105.8,19.8,31.68,0.47738227248191833,-139.27907,0.1307540222230135,0.4385965,90.35313,8.6,521.68,0
2016-02-01,NA,NA,NA,NA,NA,NA,NA,NA,104.6,-4.3,4.1,NA,NA,NA,106.7,NA,-3.6,87.1,-5.1,115.7,112.7,125,119.8,115.7,NA,0.172857142857143,-0.1835714,1.96,NA,NA,1082533,NA,NA,NA,NA,NA,NA,0.901702381,101.5288,-2.2,9,9.1,-9.1,-19.8,-1.9,16.4,29.9,10.5,-7,9.5,27.8,NA,NA,-5.9,-9.6,-12.9,5.3,2.1,-3.2,-3.6,NA,NA,NA,NA,NA,NA,NA,NA,NA,NA,NA,12.6,19.3,20.4,12,13.3,NA,NA,NA,NA,NA,NA,NA,7.8,20.3,-12.1,-2.7,-0.6,9.2,0.8,69.2,16.3,5.8,0.7,5.6,1.5,-9.2,2,-3.3,105.2,17.5,30.32,0.6605343222618103,-161.98868,0.29372758290132167,NA,85.18068,13.1,413.58,0
2016-03-01,NA,NA,NA,NA,NA,NA,NA,NA,103.8,-3.8,4,NA,NA,NA,105.8,NA,-3.1,86.3,-3.2,116.8,113.9,125.6,120.9,116.8,NA,0.17142857142857101,-0.2285238,1.82,NA,NA,1085234,NA,NA,NA,NA,NA,NA,0.8985226087,101.3148,-2.6,8,8.4,-10.2,-20.5,-0.7,16.4,30.6,10,-6.6,10.7,27.5,NA,NA,-0.2,-8.9,-12.9,5.1,2.7,-5.5,-3.4,NA,NA,NA,NA,NA,NA,NA,NA,NA,NA,NA,11.1,20.2,21.2,10.1,15.4,NA,NA,NA,NA,NA,NA,NA,14.5,21.9,-11.8,-2.2,0.4,6.8,-1.9,61.4,17.2,6,0.6,4.9,1.5,-9.5,3.4,-4,105.4,17.5,37.55,0.4753066897392273,-139.89992,0.2697535645854989,NA,90.18927,19,419.7,0
2016-04-01,856702.3,435359.6,173188.9,172533.4,342708.6,277424.1,-0.6,NA,104.5,-2.8,4,72.99041,15203731,81847,107.5,116.3282,-4.5,85.6,-3.4,116.9,113.8,125.9,122.1,116.3,110.045,0.134285714285714,-0.2491905,1.88,NA,133.8,1089431,NA,2.720004509820684,52.4,81.4,70.4,3.5,0.881817619,101.3198,-1.7,7.8,9.1,-7.4,-18.5,-1.7,16.6,29.7,12.7,-5,6.5,26.1,-73.3,-19.3,-5.3,-10.6,-12.5,4.1,6.3,-2.4,-3.2,68.2,19.2,11,1.8,3.9,1.9,15.2,0.8,84.3,1.2,0.1,16.1,18.1,20.5,13.2,16.2,56.6,13.3,20.4,3.2,6.5,13.4,89.3,13.3,19.7,-14.5,-3.7,-0.4,6.1,-6.7,67,16.2,5.5,0.5,5,1,-10.3,1.2,-2.7,106.4,18.2,40.75,0.30673420429229736,-94.076438,0.20454160555572248,0.2682943,91.52528,25,287.8,0
2016-05-01,NA,NA,NA,NA,NA,NA,NA,NA,102.8,-2.3,4,NA,NA,NA,106.8,NA,-0.1,86.6,-0.4,117.6,114.5,125.2,124,117.6,NA,0.132857142857143,-0.2571818,1.79,NA,NA,1092132,NA,NA,NA,NA,NA,NA,0.8846081818,101.8817,-2,7.9,8.7,-8.6,-17.9,-3.2,13.7,28.1,13.4,-6.9,8.7,27.9,NA,NA,5.3,-8.2,-11.4,3,4.4,0.6,-1.7,NA,NA,NA,NA,NA,NA,NA,NA,NA,NA,NA,11.8,16.6,20.5,10.5,20.2,NA,NA,NA,NA,NA,NA,NA,17.8,18.6,-11.7,-0.3,1.7,6.1,-0.2,66.4,14.3,5.5,0.3,4.4,1.2,-3.8,3.6,-0.5,106.1,16.3,46.71,0.4006009101867676,-92.123041,0.15439913575202222,NA,90.31651,37.6,116.61,0
2016-06-01,NA,NA,NA,NA,NA,NA,NA,NA,104.7,-1.4,4,NA,NA,NA,106.1,NA,1.2,86.4,-3.7,117.7,114.6,124.6,125.5,118.1,NA,-0.016818181818182,-0.2679091,1.76,NA,NA,1096695,NA,NA,NA,NA,NA,NA,0.8902813636,101.6424,-1.1,8.3,10.2,-8.7,-15.9,-3.3,18,26.7,11.7,-7.1,9.7,28,NA,NA,1.1,-7.9,-12.6,3.7,7.5,1.8,-0.6,NA,NA,NA,NA,NA,NA,NA,NA,NA,NA,NA,14.9,21.2,17.4,9.4,18.1,NA,NA,NA,NA,NA,NA,NA,11.6,19.6,-8.1,-3.2,0.1,6.5,1.2,65.1,13.4,5.5,0.5,4.8,1.5,-3.9,6.2,0.1,107.1,17.8,48.76,0.35871052742004395,-94.196004,0.2316223091554383,NA,88.58336,49.5,20.54,3.88
2016-07-01,860179.9,437827.8,173919.5,174392.9,341999.2,279425.5,-0.7,NA,103.4,-0.8,3.9,73.40694,15264761,81923,107.9,117.7027,1.4,87.3,-3,118.4,115.6,125,124.1,120.3,110.628,-0.154285714285714,-0.2945238,1.73,NA,134.7,1101961,NA,3.843310267323053,52.5,82.2,69.6,1,0.9043114286,101.8316,-1.5,9,9,-6.9,-17.5,-0.7,17.4,25.8,11.3,-6.5,8.1,27.9,-72.8,-19.8,5.2,-5.1,-10.2,3.4,6,4.2,-0.5,69.2,16.9,11.3,1.9,5.1,1.7,11.8,2.9,84.6,4.2,1.1,13,19,19,12.4,16,54.8,13.7,22.9,2.4,5.3,14.7,88.7,13.7,21.2,-11.6,-1.3,-0.6,5.5,3.4,65.2,12.8,7.3,0.8,4.4,0.8,-2.1,4.8,0.7,106.8,17,44.65,0.6482345461845398,-78.812005,0.3278647748243166,0.0946342,89.41234,48.6,11.15,3.12
2016-08-01,NA,NA,NA,NA,NA,NA,NA,NA,105,-2.8,3.9,NA,NA,NA,108.5,NA,2,87.8,-6.5,118.3,115.6,124.4,123,120.2,NA,-0.131739130434783,-0.2982174,1.68,NA,NA,1106080,NA,NA,NA,NA,NA,NA,0.89225,101.8554,-1.2,9.5,9.6,-9.8,-16.5,1.3,19.9,26.1,12.2,-7.6,10.2,28.1,NA,NA,-5.2,-9.8,-12.9,5.6,7,2.6,0.3,NA,NA,NA,NA,NA,NA,NA,NA,NA,NA,NA,14.3,17.2,19.8,13.4,16.6,NA,NA,NA,NA,NA,NA,NA,6.6,21.9,-15,-4.2,-1.7,4.8,-0.1,67.1,11.5,6.5,0.3,4.3,0.5,-1.8,5.7,-1.6,106,17.1,44.72,0.3462890088558197,-83.83439,0.1187985674848438,NA,94.28597,24.5,19.59,7.6
2016-09-01,NA,NA,NA,NA,NA,NA,NA,NA,104.7,-0.7,3.8,NA,NA,NA,110.2,NA,4,87,-4.1,118.2,115.4,124.6,123.8,119,NA,-0.084090909090909,-0.3016364,1.64,NA,NA,1110984,NA,NA,NA,NA,NA,NA,0.8919186364,101.8677,-1.5,10.1,8.6,-10.8,-17,0.2,19.8,26,10.4,-7.8,10,28.6,NA,NA,7.8,-5,-9.8,4.8,7.7,2.9,1.5,NA,NA,NA,NA,NA,NA,NA,NA,NA,NA,NA,15.7,17.5,19.4,14.6,18,NA,NA,NA,NA,NA,NA,NA,13.1,21.5,-12.3,-4,0.4,6.2,2.2,66.5,12.4,7.5,0.4,4.5,1.6,-0.3,8.3,0.5,106.9,17.5,45.18,0.2722322940826416,-63.218521,0.08739509067661469,NA,94.27055,16.7,32.23,1.13
2016-10-01,864092.2,441378.6,174861.6,175221.4,343181.6,285723.9,-0.2,NA,105.4,0.4,3.7,73.49893,15256647,81971,111.3,119.6046,2,89.3,-4.8,118.4,115.4,124.6,125.6,118.7,111.358,0.002,-0.309,1.62,NA,134.8,1114732,NA,3.2342806254175738,52.4,82.4,68.4,2.8,0.9076771429,101.524,-1.7,8.3,7.8,-9.8,-15.3,2.1,20.9,24.8,9.8,-7.8,8.3,27.5,-72.8,-19.9,5.2,-5.5,-9.5,4.9,11.7,4.3,4.1,67.5,17.3,13.2,3.9,3.8,1.8,10.9,9.7,85.2,0.7,2.3,16.2,19.5,21.2,15.4,17.1,55,10.8,23.1,3.2,4.8,14.7,89.8,8.2,21.3,-12.6,-1.3,0.8,9.6,0.2,66.8,12.3,8.2,0.2,5,1.3,-2.4,6.3,-0.1,107.7,18.9,49.78,0.3484833538532257,-58.487354,0.1377494773872529,0.2058037,95.15737,7.5,279.85,0
2016-11-01,NA,NA,NA,NA,NA,NA,NA,NA,105.2,0.3,3.7,NA,NA,NA,111.7,NA,2.2,87.4,-2.9,117.3,113.9,126,124.2,116.2,NA,0.189090909090909,-0.3126818,1.62,NA,NA,1118626,NA,NA,NA,NA,NA,NA,0.9276704545,100.6628,-0.9,9.3,7.8,-8.5,-14.9,6.9,26.2,22.7,11.1,-5.6,9.1,28.1,NA,NA,0.2,-5.5,-8.5,4.9,11.2,3,3.5,NA,NA,NA,NA,NA,NA,NA,NA,NA,NA,NA,18.2,19,19.3,16.7,20.8,NA,NA,NA,NA,NA,NA,NA,14.6,23,-11.4,-0.3,-0.3,6.1,2.2,66.1,12.1,6.9,0.4,4.2,1.2,-1.1,5.6,-0.4,107.9,18.8,45.66,0.41023537516593933,-37.403016,0.1336507319137864,NA,94.19344,13,413.62,0
2016-12-01,NA,NA,NA,NA,NA,NA,NA,NA,102.8,2.5,3.7,NA,NA,NA,112.1,NA,5.5,88.9,-4,118.4,114.8,127.1,126.9,118,NA,0.251904761904762,-0.3157619,1.66,NA,NA,1121118,NA,NA,NA,NA,NA,NA,0.9488513636,100.7527,-0.3,10,9.4,-6.3,-14.1,6,25,20.5,10.7,-6.4,8,26.9,NA,NA,9.8,-2.3,-6.6,4.2,13.9,3.1,3.6,NA,NA,NA,NA,NA,NA,NA,NA,NA,NA,NA,20.4,22.3,18.2,17.2,18.3,NA,NA,NA,NA,NA,NA,NA,13.7,22.1,-12.2,-3.6,-1.1,7.2,0.8,66.6,11.8,8.4,0.5,3.9,0.9,2,9,-2.8,109.4,20.3,51.97,0.6870269775390625,-39.591598,0.16536550365057595,NA,99.25215,12,482.33,0
2017-01-01,875177.1,442602,174837.6,175944.1,349406.5,286651,0.3,NA,104.6,2.5,3.7,73.40896,15293023,81998,111,120.1404,5.1,87.9,-6.4,117.3,113.1,128.1,128.1,115.8,111.016,0.250909090909091,-0.3255455,1.77,NA,135.2,1121138,NA,3.9442234784591967,52.2,83,67.1,2.4,0.9407472727,100.0647,-0.1,9.6,9.8,-3.3,-12.9,8.3,29.7,19,12.9,-6.9,10.4,28.9,-72.9,-19.5,13.5,-1.6,-5.7,2.8,11.9,8.7,5.3,69.3,14.1,12.7,3.3,3.7,2.1,9.6,13.5,85.4,5,4.2,17.1,19.6,21.2,15.9,19.5,54.8,13.1,22.6,2.7,4.5,12.8,88.8,9.4,25.1,-10.5,-3.4,-3.3,12.1,2.6,65.9,11.3,8.4,1,4.3,1.1,3.2,7,-0.8,109.1,19.3,52.5,0.45583468675613403,-54.409804,0.10466431747457196,0.180538,102.892,13.2,617.3,0
2017-02-01,NA,NA,NA,NA,NA,NA,NA,NA,105.4,3.8,3.6,NA,NA,NA,111.3,NA,4.7,88.9,-6.9,118.2,113.9,130.4,128.4,116.9,NA,0.258,-0.3286,1.81,NA,NA,1123183,NA,NA,NA,NA,NA,NA,0.939364,99.85933,-1.4,7.7,8.2,-4.7,-14.3,13.1,30.1,18,9.4,-7.2,8.6,27.3,NA,NA,8.8,2.4,-4.8,2.8,11.8,11.9,7.3,NA,NA,NA,NA,NA,NA,NA,NA,NA,NA,NA,19,21.4,19.1,14,20.3,NA,NA,NA,NA,NA,NA,NA,8.8,25.4,-10.5,-4,1.1,12.6,-4.6,57,11.4,7.9,0.6,3.3,0.6,1.8,7.7,3.5,109.1,19.8,53.47,0.6223152279853821,-72.174481,0.056175503838335805,NA,104.0024,19,411.85,0
2017-03-01,NA,NA,NA,NA,NA,NA,NA,NA,104.9,5.5,3.6,NA,NA,NA,109.9,NA,8.7,90.2,-4.7,118.5,114.8,128.3,127.2,117.3,NA,0.348260869565217,-0.3293478,1.82,NA,NA,1127089,NA,NA,NA,NA,NA,NA,0.9353173913,100.1311,-0.4,8.5,7,-4.8,-12,19.8,32.9,16.2,12.6,-5.3,12.7,29,NA,NA,9.3,2.5,-3.1,1.5,15.4,12.7,5.1,NA,NA,NA,NA,NA,NA,NA,NA,NA,NA,NA,19.7,22.4,17.3,12.3,17.2,NA,NA,NA,NA,NA,NA,NA,11.5,21.5,-10.2,-4.2,1.6,9.6,2.1,58.6,11.1,7.7,0.8,4.9,1,7.8,9.6,6.8,110.4,19.8,49.33,0.3316669762134552,-31.221867,0.019101061615932443,NA,106.4354,22.7,321.56,0
2017-04-01,881784.8,446369.4,175587.4,180142,356501.5,294332.3,0,NA,106.9,7.9,3.6,73.59332,15383807,82028,113.5,121.4367,11,89.7,3.3,119.2,115.6,127.9,128.3,118.4,111.29,0.225555555555556,-0.3303889,1.85,NA,134.6,1132021,NA,4.20827666192809,52.2,82.4,66.2,2.9,0.9333455,99.97704,0.4,9.1,9.6,-2.6,-10.2,17.3,29.8,14.3,14.2,-7.1,11,29.8,-72.3,-17.8,19.5,7.7,-1.2,-0.1,15.9,10.9,7.9,68.5,11.5,15.5,4.7,3.5,2,4.7,14.7,86.3,4.6,6.8,18.8,24.2,18.4,16.1,18.2,53.9,10.4,27.6,2,4,15,89.5,27.2,18.9,-5.4,1.4,2.9,13.4,8.6,64.9,12.5,7.5,1.5,5.3,1,9.2,12.7,10.1,112.1,20.4,51.06,0.4570768177509308,-24.369748,0.015793280890843364,0.0636699,108.0953,26.8,305.31,0
2017-05-01,NA,NA,NA,NA,NA,NA,NA,NA,107.2,8.3,3.6,NA,NA,NA,111.6,NA,10.3,90.3,-5.7,119.2,115.7,127.9,126.5,118.6,NA,0.336363636363636,-0.3294545,1.83,NA,NA,1136283,NA,NA,NA,NA,NA,NA,0.9044721739,100.9998,1.3,9.8,9.4,-1.9,-8.9,15.5,28.6,13.1,13.4,-5.2,10.8,28.3,NA,NA,12,7.8,-0.3,1.3,18.3,12.9,8.9,NA,NA,NA,NA,NA,NA,NA,NA,NA,NA,NA,15.5,22,15.4,13.7,16.2,NA,NA,NA,NA,NA,NA,NA,10.3,24,-9.4,-3.5,0.5,10.6,6.7,64.4,10.4,9.6,2.3,4.7,0.7,9.6,11.1,7.8,111.2,17.6,48.48,0.4874086081981659,-46.884997,0.02294604648677009,NA,110.7981,49.2,116.51,0.68
2017-06-01,NA,NA,NA,NA,NA,NA,NA,NA,107,10.3,3.5,NA,NA,NA,113.2,NA,13,90.6,-0.5,119.7,116.5,127.7,125.4,120.4,NA,0.25047619047619,-0.33,1.82,NA,NA,1142665,NA,NA,NA,NA,NA,NA,0.8900081818,101.721,2,9.8,10,0.6,-7.5,13.4,29.2,12.5,13.9,-4.4,14.2,29.8,NA,NA,16,13.1,4.2,-0.1,17.6,10.3,9.2,NA,NA,NA,NA,NA,NA,NA,NA,NA,NA,NA,15.3,22,17.4,15.7,17.8,NA,NA,NA,NA,NA,NA,NA,20.4,19.4,-5,-2.6,1.4,9.8,7.1,65.1,9.8,11.3,1.7,6,0.8,13.3,12.8,11.2,112.7,18.2,45.18,0.495356023311615,-59.118557,0.015555462588990827,NA,110.8772,18.1,15.96,3.41
2017-07-01,889262,446975.6,176337.2,181394.1,359778.6,294950.4,0,NA,107.5,11.9,3.5,73.71531,15456190,82051,114.7,122.5549,12.3,90.3,-2.3,120.4,117.5,128.1,125.1,122.4,111.178,0.455714285714286,-0.3304286,1.82,NA,134.2,1147632,NA,4.141023989288484,52.1,82,65.2,2,0.8681657143,102.9594,2,9.5,10.8,0.5,-6,15.1,26,12.6,12.1,-6.4,12.1,29.4,-71.4,-15.2,12.4,13.1,4.8,-2,20.6,10,11.2,63.4,10.1,19.5,7.4,4.8,1.9,-1.4,18,87,7.1,5.3,17.8,20.4,16.9,17.2,19.1,54.1,10,29.5,2.5,4.7,12.1,90,17.7,21.3,-6.7,-3.2,2.1,9.9,4.3,65.4,9.9,11.5,1.7,5.8,1.4,13.3,11.4,9.1,113.3,18.3,46.63,0.7206061482429504,-53.796785,0.011283242053270777,0.1719099,108.4056,16.1,12.22,3.11
2017-08-01,NA,NA,NA,NA,NA,NA,NA,NA,110,10.7,3.5,NA,NA,NA,112.8,NA,12.3,90.1,-6.6,120.5,117.6,127.9,125.7,122.3,NA,0.346086956521739,-0.329087,1.87,1.84,NA,1152576,16485,NA,NA,NA,NA,NA,0.8466469565,103.6339,1.4,10.3,9.9,-1.2,-8.3,15.5,26.9,12.8,12.8,-6.2,12.3,29.5,NA,NA,16.2,13.9,4.2,-0.3,18.1,9,12.4,NA,NA,NA,NA,NA,NA,NA,NA,NA,NA,NA,14.4,20.8,19.5,14.3,19.6,NA,NA,NA,NA,NA,NA,NA,11,23.8,-10.3,-7,0.7,7.1,5.8,64.1,9,12.5,2.7,5.7,1.3,12.7,11.9,7.1,112.4,18.2,48.04,0.4539628326892853,-30.891351,0.003574848835843927,NA,106.8961,30.4,13.85,1.81
2017-09-01,NA,NA,NA,NA,NA,NA,NA,NA,108.9,11.9,3.4,NA,NA,NA,113.9,NA,11.7,91.6,-4.8,120.5,117.2,128.5,127.2,121,NA,0.347142857142857,-0.329381,1.86,1.85,NA,1158160,14074,NA,NA,NA,NA,NA,0.8394861905,103.5352,1.3,9.4,9,-1.3,-7,18.1,30.4,12.6,12.4,-6.4,15,29.6,NA,NA,20.8,15.2,7.3,-0.3,20.1,12.2,11.4,NA,NA,NA,NA,NA,NA,NA,NA,NA,NA,NA,13.9,20.1,19.4,16.5,22.3,NA,NA,NA,NA,NA,NA,NA,14.3,24.3,-9.8,-4.4,0.6,10.3,5.1,62.4,8.4,14.6,2.7,5.5,1,12.5,10.9,7.4,112.6,17.8,49.82,0.4943326413631439,-13.486652,0.009723877200274948,NA,109.8785,38.2,124.56,0
2017-10-01,898565,450872.9,178048.3,182222.6,363022,299659.2,0.7,NA,107.3,13.3,3.4,73.96857,15492712,82076,114.7,125.2546,10.9,89.7,-2.5,120.2,116.7,129.4,127,119.9,111.332,0.3725,-0.3295455,1.85,1.83,134.1,1162060,14173,4.294293058308618,51.8,82.3,63.9,2.2,0.8506872727,103.0277,1.6,9.2,8.6,0.2,-5.6,17.8,27.7,11.6,14.9,-5.8,11.5,29.4,-74.1,-18.8,15.4,18,7.9,0.5,22.4,11.8,14.2,60.9,10.2,21.7,10.7,4.3,1.7,-1.3,22.3,87.5,6.1,4.7,18,21.3,19.3,16.2,22.6,53.8,8.9,28.5,2,5.1,12.4,89.9,16.7,24.3,-8.2,0.2,2.4,9.1,6.8,62.6,7.8,14.3,2.7,6.8,0.6,12.4,9.3,8.7,113.6,19.5,51.58,0.568135678768158,-4.9169299,0.016155699287844515,0.928103,114.4746,33.7,188.4,0
2017-11-01,NA,NA,NA,NA,NA,NA,NA,NA,111.1,13.2,3.4,NA,NA,NA,114,NA,12.1,91,-2.2,119.4,115.4,129.6,128.8,117.8,NA,0.308181818181818,-0.329,1.84,1.83,NA,1166148,15268,NA,NA,NA,NA,NA,0.8517459091,102.6448,1.5,9.3,7.8,1.6,-4.7,20.6,30.8,10.7,13.8,-6.5,12.4,29.1,NA,NA,15.7,16.8,8.6,-1.6,21.3,12.1,14,NA,NA,NA,NA,NA,NA,NA,NA,NA,NA,NA,20,22.2,20.3,14.7,19.3,NA,NA,NA,NA,NA,NA,NA,12.7,23.1,-4.5,3.7,3.6,10.6,2.8,61.8,8.2,15.2,2.9,5.4,1.3,14.4,9.8,7.1,114.1,20.8,56.64,0.2987712621688843,-7.0853365,0.013846148341348423,NA,115.9012,20.7,376.76,0
2017-12-01,NA,NA,NA,NA,NA,NA,NA,NA,110.3,14.5,3.4,NA,NA,NA,116.9,NA,12.2,91.7,0.1,120.2,116.3,130.6,128.5,119.5,NA,0.296842105263158,-0.3278947,1.79,1.78,NA,1169587,14231,NA,NA,NA,NA,NA,0.8452995238,103.0748,1.4,8.6,9.3,2.2,-5.3,16.7,27.4,9.4,13.4,-6.9,13.8,30.7,NA,NA,22.2,18.8,9,-1.9,22.6,15.9,16.5,NA,NA,NA,NA,NA,NA,NA,NA,NA,NA,NA,20.8,22.7,21.2,18,19.1,NA,NA,NA,NA,NA,NA,NA,20.4,21.8,-3.3,1.8,4.3,10.8,4.8,61.3,6.8,15.1,2.1,5.9,0.9,13.8,10.7,9.8,114.9,21.5,57.88,0.24673306941986084,3.6083088,0.010359686511903264,NA,115.7334,15.1,470.91,0
2018-01-01,894022,451684.9,176957.3,183239.8,367245.1,303875.3,0.3,NA,109.6,14.8,3.3,74.03748,15378723,82118,118.8,126.3962,13.5,90.4,-2,119,114.4,131.7,129,117.3,113.259,0.474545454545455,-0.3284545,1.82,1.79,133.4,1170118,15114,3.6822717540178296,51.1,82.3,62.7,3.1,0.8199269565,102.6253,2.3,10.3,9.5,4,-3.2,16.9,28.5,8.1,12.9,-7.5,16.1,30.9,-72.3,-17.1,19.9,21.5,12,-1.6,21.3,14.7,15,57.8,8.4,25.4,14.8,4.6,2.2,-7.2,18,87.9,10.1,7.8,24.1,24.7,20.2,20.6,20.9,51.7,10.7,29.8,1.9,3.8,11.3,90.3,16.8,24.2,-4,1.3,6.2,12.3,1,65.6,6.8,15.1,2.2,6,1.1,13.8,13.2,13.9,115.4,23,63.7,0.4251627027988434,-23.140381,0.002777051276138756,0.3521333,117.9698,13.3,435.02,0
2018-02-01,NA,NA,NA,NA,NA,NA,NA,NA,107.8,12.5,3.3,NA,NA,NA,117.8,NA,14.7,90.4,-2.4,119.6,115.4,131.6,128.6,118.5,NA,0.659,-0.3285,1.84,1.81,NA,1173416,15152,NA,NA,NA,NA,NA,0.810291,102.6317,2.3,9.2,9.2,5.3,-5.1,19.8,29.6,7.3,12.1,-4.1,13,29.7,NA,NA,12.9,19.2,9.6,-2.9,15.4,14.2,12.8,NA,NA,NA,NA,NA,NA,NA,NA,NA,NA,NA,18.5,23.2,22.8,20.6,25.9,NA,NA,NA,NA,NA,NA,NA,18.5,23.7,-4.2,-2,4.4,12.1,5.8,65.5,7.4,13.7,1.5,6.3,1,18.2,11.1,15,114.5,21.5,62.23,0.3022412359714508,-33.173796,0.03298784731449461,NA,111.1663,14.9,544.6,0
2018-03-01,NA,NA,NA,NA,NA,NA,NA,NA,109.5,10.8,3.3,NA,NA,NA,115.9,NA,15.6,89.9,-6.9,120.5,116.6,131.9,127.7,119.8,NA,0.52952380952381,-0.3279048,1.89,1.87,NA,1179670,16611,NA,NA,NA,NA,NA,0.8110340909,103.2938,1.6,8.8,8.3,5.2,-5.1,15.1,26.4,7.1,12.5,-5.6,11.6,29.2,NA,NA,10.2,15.6,7.1,-1.6,15.1,12.9,11.9,NA,NA,NA,NA,NA,NA,NA,NA,NA,NA,NA,17.1,21.3,22.5,19,21.1,NA,NA,NA,NA,NA,NA,NA,9.2,24.6,-5.9,-5.4,1.3,12.4,-2.4,39.9,7,12.8,1.5,4.2,0.9,19.4,11.8,11.9,113,20.3,62.73,0.7012903690338135,-30.447348,0.03336047106316972,NA,108.9667,31.1,471.88,0
2018-04-01,900108,453460.3,178053.1,185872.7,369441.2,305758.9,0.1,NA,108.8,12.3,3.2,74.02491,15563236,82153,114.9,127.2211,17.2,93.8,-4.6,120.8,116.6,131.9,129.9,119.6,113.668,0.48,-0.32845,1.89,1.88,134.6,1183053,16706,3.872808480897461,51.1,83.5,61.7,4.8,0.8149528571,103.2882,1.4,8.7,8.9,1.7,-7.5,16.9,27.4,7.8,13.8,-4.5,14.2,30.6,-73.8,-17.8,7.6,17.4,9,-2.2,17.2,13.9,13.7,55.2,8.9,27.4,16.1,5.2,2.1,-5.7,10.7,87.8,8.3,4,14,21.1,18.4,16.1,24.1,52.2,10.3,32.5,1.4,2.9,11.4,90.2,15.6,25.8,-7.5,-3.6,2.6,11.9,2.2,46.7,6.7,13.1,1.9,3.6,1.3,20.5,14,12.9,113,17.8,66.25,0.5528441071510315,-32.73263,0.012565208810953873,0.2529084,110.4106,56.5,150.3,0
2018-05-01,NA,NA,NA,NA,NA,NA,NA,NA,110.4,11.6,3.2,NA,NA,NA,116.1,NA,17.4,91.9,-1.4,122,117.8,132.1,133,121.7,NA,0.45,-0.3252273,1.91,1.89,NA,1188834,15711,NA,NA,NA,NA,NA,0.8471369565,103.2827,1.1,8.7,9.1,1.2,-7.3,18.4,29.1,8.2,13,-6,13,29.7,NA,NA,14,19.9,9.5,-2.4,12.5,11.8,11.5,NA,NA,NA,NA,NA,NA,NA,NA,NA,NA,NA,11.6,21.2,20.3,18.5,24.5,NA,NA,NA,NA,NA,NA,NA,22.6,20.5,-4.8,-6.1,3.8,16,6.9,60.1,7.2,18.7,1.2,5.4,1,21.4,13.4,14.1,112.7,17.7,69.98,0.9244474172592163,-19.229881,0.008457388147622013,NA,113.3236,51.9,64.16,1.71
2018-06-01,NA,NA,NA,NA,NA,NA,NA,NA,110.1,12,3.2,NA,NA,NA,115.6,NA,16.5,92.1,-6.3,122.1,117.8,131.8,133.6,122.1,NA,0.327142857142857,-0.3220476,1.9,1.88,NA,1195951,16773,NA,NA,NA,NA,NA,0.8563633333,103.3437,1.4,9.8,10.5,0.2,-10.4,23.1,33.8,8,12.2,-4.4,12.5,28.8,NA,NA,7.9,18.2,8.4,-2.1,15.8,14.7,12.5,NA,NA,NA,NA,NA,NA,NA,NA,NA,NA,NA,9.3,20.5,18.7,18.5,22,NA,NA,NA,NA,NA,NA,NA,11,19.5,-7.1,-10.3,1.4,15.4,8.7,62.2,6,18.4,3.1,4.4,1.2,22.3,10.7,18.5,112.5,16.2,67.87,0.5575977563858032,-14.692959,0.025206974249509517,NA,110.7576,20.1,23.24,1.05
2018-07-01,896195.5,454413,177841.7,187879.7,365116.6,312999,0.8,NA,108.2,10.5,3.2,74.28925,15553825,82174,116.3,128.7033,20.4,91.8,-7,123,119.2,131.3,133.5,124.9,115.479,0.274545454545455,-0.3207273,1.88,1.86,135.4,1200194,17270,3.658839939604941,51.4,84,61.4,2.1,0.8557927273,104.2388,0.2,9.5,9.7,-3.5,-11.7,24.7,33.5,7.4,11.5,-6.5,14.2,30.5,-73,-15.7,11.8,17.2,7.4,0.4,14.6,15.9,11.2,53.9,10.6,23.1,26,4.6,1.5,-2.8,10.4,87.7,5.5,4.4,13.3,25.4,29.7,19.7,24.5,48.8,9,28.4,3.7,3.6,13,90.4,13.6,25.4,-9.6,-9.1,1.6,14.6,10.6,55.9,6.5,15.6,5.8,6.5,1.3,26.6,14.3,20.7,113.5,22.8,70.98,0.6745506525039673,5.3130282,0.01598030784165481,0.2376708,109.9421,5.8,3.82,22
2018-08-01,NA,NA,NA,NA,NA,NA,NA,NA,109.7,9.6,3.2,NA,NA,NA,118,NA,18.9,92,-5.5,123.1,119.1,130.9,134.6,124.4,NA,0.290869565217391,-0.319,1.87,1.86,NA,1206829,17092,NA,NA,NA,NA,NA,0.8658630435,104.3695,0.6,9.8,9,-0.6,-11.2,22.8,34.4,7.1,12.5,-5.4,13.8,30.2,NA,NA,6.3,16.1,6.7,2.1,14.8,16.5,9.5,NA,NA,NA,NA,NA,NA,NA,NA,NA,NA,NA,12.8,24.4,27.9,23.4,22.7,NA,NA,NA,NA,NA,NA,NA,13.3,24.6,-8.1,-5.3,0.5,18.5,12.4,55,7.2,14.2,5.1,5.1,1.5,24.9,12.8,21.5,112.8,21.7,68.06,0.4523670971393585,8.871272,0.016043230695397384,NA,109.6395,36.4,11.29,27.02
2018-09-01,NA,NA,NA,NA,NA,NA,NA,NA,108.4,9.1,3.1,NA,NA,NA,117.3,NA,18.8,91.9,-1.7,123.2,118.8,132,137.2,122.9,NA,0.3705,-0.31885,1.86,1.84,NA,1213031,14818,NA,NA,NA,NA,NA,0.857064,104.9844,0.2,11.1,9.3,0.3,-10.7,25,35.5,7.7,10.5,-8.7,12.9,29.7,NA,NA,8.7,16,6.2,4.6,15.8,17,11.1,NA,NA,NA,NA,NA,NA,NA,NA,NA,NA,NA,13,23.7,30.5,21.7,23.3,NA,NA,NA,NA,NA,NA,NA,17.8,19.6,-3.7,-3.4,0.5,15.5,10,54.8,7.3,17.5,4.3,6.4,0.7,24.8,12.9,19.8,112.6,22.4,70.23,0.23939521610736847,-7.8698281,0.004681123851790639,NA,107.3357,7.7,73.98,0.16
2018-10-01,899673.2,458483.4,179245.2,189315.8,366028.9,315206.3,0.9,NA,108.1,6.7,3.1,74.40601,15625036,82182,117.1,130.4761,20.8,92.3,-5.8,123.3,118.8,131.9,138.4,122.7,115.778,0.399090909090909,-0.3176957,1.86,1.84,135,1217624,17151,2.4956172744552862,51.5,83.4,60.7,1.3,0.8707708696,104.2338,-0.1,9.7,8.9,-0.6,-12.7,27.5,33.9,8.3,13.2,-6.5,13.4,29.7,-71.8,-19.3,3.2,10.2,2.3,6.6,16.6,14.6,10.8,51.9,13.3,23.4,25.8,5.2,1.8,-0.4,-8.8,87.1,0.6,-3.9,11.6,21.4,28.8,22,23.2,48.7,10.1,20,2.4,3.1,11.6,90.9,12.6,21.1,-9.3,-9.1,-1.6,17.8,10,54.4,7.4,15.2,6.2,5.4,1.1,25.6,16.1,18.3,111.1,20.6,70.75,0.49431538581848145,-1.3853586,0.02463776045006391,0.3320494,101.9068,3.8,200.94,0
2018-11-01,NA,NA,NA,NA,NA,NA,NA,NA,106.1,6.7,3.1,NA,NA,NA,114.1,NA,20.9,92.4,-4.7,121.9,116.6,131.7,140.9,119.2,NA,0.314090909090909,-0.3163636,1.88,1.87,NA,1223210,16934,NA,NA,NA,NA,NA,0.8799522727,103.2719,0,9.5,8.4,-1.3,-13.7,29.3,36.2,8,12.3,-4.4,14.8,30.3,NA,NA,10.2,10.3,0.2,6.1,15.8,17.1,10,NA,NA,NA,NA,NA,NA,NA,NA,NA,NA,NA,16.6,25.9,30.1,17,24.8,NA,NA,NA,NA,NA,NA,NA,17.1,23.9,-4.8,-7.2,-0.2,15.4,11,56.4,7.3,14.5,5.1,6.3,0.8,25.1,16.7,21.3,112.3,24.2,56.96,0.36451488733291626,-27.089041,0.04393502330965706,NA,99.33119,2.5,371.83,0
2018-12-01,NA,NA,NA,NA,NA,NA,NA,NA,107.3,3.8,3.1,NA,NA,NA,115.6,NA,18.8,92.1,-5,122.1,117.6,131.9,135.1,121,NA,0.187058823529412,-0.3118947,1.85,1.84,NA,1226006,14462,NA,NA,NA,NA,NA,0.8787457143,103.3328,-0.8,9,8.7,-3.2,-14.5,27.7,35.3,7.9,11.2,-6.4,14.2,30.4,NA,NA,6.8,6.2,-2,5.8,11.1,21,9,NA,NA,NA,NA,NA,NA,NA,NA,NA,NA,NA,13,24.6,27.2,20.2,23.8,NA,NA,NA,NA,NA,NA,NA,16.7,24.7,-6.1,-6.9,-0.7,15.7,10.7,58.3,8.1,12.1,3.6,6.4,1,22.5,15.2,22.6,110.2,21.6,49.52,0.3754987120628357,-15.662626,0.14867610942290846,NA,93.78859,11.6,433.81,0
2019-01-01,906106.9,460659.4,181187,190305.4,376510.8,319650.4,0.3,NA,107,2.4,3,74.73274,15591920,82205,113,131.2742,17.6,94.3,-10.3,121,116.4,132.5,132.4,119.7,116.345,0.132727272727273,-0.308,1.86,1.84,136,1227246,16288,3.941172241195212,51.6,84.4,60.5,2.6,0.8757265217,102.2479,0,10.1,9.9,-3,-15.4,23.4,32.9,8.2,12.4,-4.6,16.8,31,-71.6,-19.5,-6.1,4.2,-4.5,6.8,9.6,18.6,3.6,51.2,16,21.4,22.6,7.7,2.3,4.8,-8.8,86,2.1,-1.1,9.3,23.7,26.6,18.3,25.3,45,13,21.3,2.1,3.5,14.5,90.7,8.3,26,-7.2,-13.1,-1.2,15.2,12,52.3,9,12.3,1.9,4.9,0.8,21.2,14,19.1,109.2,19.9,51.38,0.3654908537864685,-38.199706,0.13018141176445233,0.6953224,95.57957,18.9,531.52,0
2019-02-01,NA,NA,NA,NA,NA,NA,NA,NA,106.4,0.5,3,NA,NA,NA,113.1,NA,17.3,95.2,-7.5,121.6,117.1,133.3,132.7,120.5,NA,0.0555,-0.30845,1.78,1.77,NA,1230919,15882,NA,NA,NA,NA,NA,0.881373,101.8657,-0.3,9.7,9.9,-3.9,-17.3,21.7,31.1,8.5,9.3,-3.7,14.1,30.3,NA,NA,4.7,2.8,-5.6,8,6.6,12.7,2.7,NA,NA,NA,NA,NA,NA,NA,NA,NA,NA,NA,10.7,24.4,27.3,19.1,24.1,NA,NA,NA,NA,NA,NA,NA,14.8,26,-7.9,-11.4,-2.5,15.4,8.4,51.3,9.6,17,1.5,5.4,1.2,18.3,16.2,18.9,108.7,20.8,54.95,0.5759606957435608,-90.806287,0.04791373776700749,NA,98.1282,17.9,376.79,0
2019-03-01,NA,NA,NA,NA,NA,NA,NA,NA,107.5,-2.4,3,NA,NA,NA,110.2,NA,18.3,93.6,-3.5,122.2,117.7,132.6,133.6,121.1,NA,0.010952380952381,-0.3091905,1.74,1.73,NA,1236651,17729,NA,NA,NA,NA,NA,0.8852166667,101.6834,-0.2,10.2,9.4,-2.8,-16.1,22.1,29.7,8.9,8.8,-4.5,15.6,29.5,NA,NA,1,0.9,-6.2,9.4,1.1,9.5,-2.4,NA,NA,NA,NA,NA,NA,NA,NA,NA,NA,NA,10.7,23.7,24.3,15.4,22.3,NA,NA,NA,NA,NA,NA,NA,21.9,23.5,-5.4,-9,0.2,17.6,8.5,63.6,7.9,16.5,1.6,7.5,1.6,19.8,16.8,17,107.2,19.6,58.15,0.31283891201019287,-83.22259,0.03127628911013788,NA,100.2103,13.6,338.21,0
2019-04-01,906106.9,462088.5,181936.8,191023.5,372388.9,316913.3,-0.1,NA,106,-5.2,2.9,74.90123,15512419,82216,110.7,132.5803,19.6,94.9,-4.2,123.3,118.9,132.6,136.3,122.5,117.956,-0.0395,-0.31045,1.67,1.65,137.2,1244979,18779,4.549304691530254,52,85.2,59.9,4.1,0.8899981818,102.1514,-0.5,10.6,9.7,-5.7,-18,18.9,32.2,10.4,11.3,-4.3,15.5,30.1,-72.7,-19.4,-4.8,-2.9,-8.7,12.1,-0.7,4.5,-3.9,53.5,20.1,20.1,14.5,5.7,2.3,13.9,-6.9,85.1,0.9,-1.2,11,22.7,26.4,16.7,24.1,44.5,13.1,20.4,3.4,3,14.4,90.4,21.2,22.4,-3.3,-11.5,0.8,18.5,9.5,64.7,6.4,14.2,1.5,7.4,1.2,24.7,14.5,7.3,106.2,20,63.86,0.26412391662597656,-70.61422,0.017844777011097598,0.7411329,104.3918,4.9,239.29,0
2019-05-01,NA,NA,NA,NA,NA,NA,NA,NA,106.4,-5,2.9,NA,NA,NA,107.5,NA,18.4,93.1,-2.7,123.6,118.9,133.1,138.5,122.5,NA,-0.134545454545455,-0.3118636,1.63,1.61,NA,1251244,19020,NA,NA,NA,NA,NA,0.8938965217,102.6051,-0.9,12.2,9.4,-7.6,-17.8,22.1,35.4,13.2,10.3,-7.3,15,29.4,NA,NA,-3.9,-8.1,-14,10.7,3.9,7.7,-5.8,NA,NA,NA,NA,NA,NA,NA,NA,NA,NA,NA,8.3,21.3,26.6,12.6,16.8,NA,NA,NA,NA,NA,NA,NA,22.2,19.3,-8.7,-11,0.2,13.2,8.8,58.5,6.4,14.6,2.4,7.1,0.9,22.4,14.4,9.3,106.1,18.7,60.83,0.5458608865737915,-41.189555,0.02537914059350882,NA,102.5912,11.1,203.48,0
2019-06-01,NA,NA,NA,NA,NA,NA,NA,NA,105.1,-8.7,2.9,NA,NA,NA,107,NA,16.9,96,-2.6,124,119.6,133.3,136.9,124,NA,-0.315263157894737,-0.3289,1.57,1.56,NA,1257225,16919,NA,NA,NA,NA,NA,0.8853465,102.9478,-2.9,7.3,7.8,-8.7,-19.3,22.6,34.7,17.2,10.7,-7.3,14.3,29,NA,NA,3.6,-12.3,-16.5,11.5,-2.5,5.7,-8.6,NA,NA,NA,NA,NA,NA,NA,NA,NA,NA,NA,5.4,21.4,22.8,14,19.1,NA,NA,NA,NA,NA,NA,NA,24.8,20.8,-9.4,-11.7,-2.5,12.2,11,58.1,7,13.2,3.1,7.7,0.9,21.1,12.8,5.5,103.3,16.5,54.66,0.6255932450294495,-28.487073,0.025981616054275583,NA,101.2147,10.2,4.55,17.22
2019-07-01,911062.5,466029,184666.9,190784.1,375868.8,321710.6,-0.3,NA,104.7,-11.9,2.9,74.87363,15660026,82210,106.8,133.676,18,94.6,-7.3,124.5,120.2,133.7,136.7,125.5,118.365,-0.388260869565217,-0.3648696,1.49,1.46,137.4,1263433,21100,5.267980162243835,52.3,85.2,59.8,0.9,0.8917004348,102.8036,-2.6,9.5,8.5,-13.5,-19.4,21.3,34.1,21.1,7.8,-8.9,14.2,27.9,-70.6,-26.9,-25.7,-17.1,-21.3,13.8,-4.9,2.6,-13.1,50.6,28.1,17.5,11.9,5.4,2.7,21.3,-18.6,84,-3.6,-3.9,3.6,16.2,17.7,14.2,18.8,41.3,16.4,34.7,3.2,3.3,14.9,89.4,17.9,23.3,-9.2,-16.5,0.7,14,5.2,56.5,7.7,14.2,2.4,6.9,1.3,21.6,14.5,7.3,100.6,12.5,57.35,0.5176532864570618,17.999584,0.006628205641605601,0.4285408,103.1985,10,17.3,19.06
2019-08-01,NA,NA,NA,NA,NA,NA,NA,NA,105.1,-10.8,2.9,NA,NA,NA,102.1,NA,15.6,95.3,-5.8,124.3,120.1,133.9,135.4,125.4,NA,-0.649090909090909,-0.4076818,1.38,1.35,NA,1271141,19247,NA,NA,NA,NA,NA,0.8988809091,103.0159,-3.3,9.9,8.9,-16.2,-24,20.4,35.8,22.8,8.4,-8,11,27,NA,NA,-3.8,-17.4,-19.8,12.4,-2.5,3.3,-11.8,NA,NA,NA,NA,NA,NA,NA,NA,NA,NA,NA,3.9,12.7,17,7.6,21.2,NA,NA,NA,NA,NA,NA,NA,22.5,24.6,-9.2,-15.5,-2,10.5,3.3,57.5,7.3,14.6,3.5,8,1.4,19.4,11.8,7.2,100.6,11.2,54.81,0.5795947313308716,23.889958,0.04489719132874141,NA,97.97976,11.4,3.99,8.79
2019-09-01,NA,NA,NA,NA,NA,NA,NA,NA,104.1,-15.2,2.9,NA,NA,NA,103.4,NA,13.2,95.4,-7.9,124.3,120.1,133.7,135.5,124.4,NA,-0.594761904761905,-0.4175714,1.28,1.25,NA,1277416,18455,NA,NA,NA,NA,NA,0.9084157143,102.711,-2.1,11,8.1,-13.4,-21.4,17.4,32.4,22.8,12.9,-6.1,10.6,30.9,NA,NA,-5.3,-23.3,-26.6,15.6,-6.7,1.7,-12.8,NA,NA,NA,NA,NA,NA,NA,NA,NA,NA,NA,4.5,15.5,21.1,11.5,17.5,NA,NA,NA,NA,NA,NA,NA,18.7,24.9,-8.2,-17.6,-5.8,13.2,3.8,55.9,8.9,13.7,2,8.3,1.6,17.1,9.3,7.9,99.8,13.7,56.95,0.41188713908195496,36.805553,0.019198916705297848,NA,102.518,7,87.99,0.46
2019-10-01,906802.4,465509.4,185128.4,189937.2,374010.6,324094.4,0,NA,103.5,-14.5,2.9,74.74213,15526695,82179,104.6,137.2816,14,94.1,-7.7,124.4,120.2,133.2,135.4,124.4,118.851,-0.469545454545455,-0.4128696,1.27,1.23,137.8,1284681,19455,6.619395651753757,52.4,85.3,58.6,1.1,0.9046469565,102.4855,-3.9,9.1,6.1,-16.6,-24.3,18.1,33.6,21.5,11.4,-6.6,8.5,28.7,-73.6,-27,-5.2,-22,-24,16.1,-5.5,3,-10.5,51,30.4,16.1,10.5,6.7,2.5,29.2,-2.8,83.2,-1.8,-5.3,4.6,18.4,22.3,10.6,19.2,43.3,18.8,26.6,4.5,2.2,16.8,89.5,18.2,26,-6.3,-15.2,-1,11.9,1.7,52.9,9.1,16.1,2.9,9.1,0.9,16.5,11.4,6.5,99.9,15.1,53.96,0.3615572154521942,15.586013,0.010281873949976759,0.6203474,104.2781,30.5,199.17,0
2019-11-01,NA,NA,NA,NA,NA,NA,NA,NA,103.8,-14.8,3,NA,NA,NA,105.9,NA,12.7,94.9,-4,123.4,118.8,133.9,135.3,122,NA,-0.352380952380952,-0.4012857,1.26,1.24,NA,1292442,19167,NA,NA,NA,NA,NA,0.9050190476,101.3452,-2.2,9,7.3,-11.6,-18.2,16,29.6,19.3,10.6,-6.7,10.5,28.9,NA,NA,-4.1,-25.3,-27.7,14.1,-4.9,4.1,-12.8,NA,NA,NA,NA,NA,NA,NA,NA,NA,NA,NA,9.2,14.8,27.3,13.4,16.7,NA,NA,NA,NA,NA,NA,NA,21.1,21.7,-5.7,-11.4,0,13.4,2.5,55.1,10.3,10.2,1.5,7.7,1.3,17.6,7.8,10.2,101.3,17.1,57.03,0.3125,-9.7476641999999991,0.004019706693516694,NA,109.7474,28.3,374.84,0
2019-12-01,NA,NA,NA,NA,NA,NA,NA,NA,101.4,-14.7,3.1,NA,NA,NA,104.9,NA,13.5,95.1,-4.5,124,119.7,134.4,135.1,123.5,NA,-0.299444444444444,-0.3947,1.29,1.26,NA,1296270,17110,NA,NA,NA,NA,NA,0.89996,101.5729,-3.6,7.8,5.9,-14.5,-21,17.5,33,18.6,12.1,-7,9.3,27.4,NA,NA,-10.1,-25.4,-24.9,14.4,-4.3,5,-14.8,NA,NA,NA,NA,NA,NA,NA,NA,NA,NA,NA,11.7,24.7,29.5,12.4,20.4,NA,NA,NA,NA,NA,NA,NA,23.1,24.5,-3.2,-12.2,-0.1,15.8,0.6,55,11.1,14.5,1.4,7.9,1.7,17.2,9.7,10.2,102.4,21.9,59.88,0.27181828022003174,-12.587907,0.006642475156667576,NA,110.4704,14.3,435.85,0
2020-01-01,889784.2,444669.4,187993.1,186042.9,363350.7,317156.7,1.2,NA,104.5,-10.6,3.2,73.89009,15245747,82174,105.7,138.157,13.9,96.5,-8,123,117.9,135.8,136.9,121.3,121.079,-0.313636363636364,-0.3911364,1.34,1.31,139,1299073,18056,3.6881606206564888,52.5,86.5,59.8,1,0.9007326087,100.4493,-2.5,9.2,6.9,-13.1,-19.7,17.5,36,19.2,11.4,-6.4,10.2,27.8,-72.2,-21.6,-7.5,-23.7,-25.2,10.3,2.2,5.8,-15.2,50.3,31.3,14.7,9.3,6.1,2.9,26.6,-2.3,83.1,-0.3,-6,11.5,25.5,28.8,15,25,41.9,17.6,30.3,3.1,2.6,17.2,89.4,12.9,23.8,-8.7,-12.9,-2.7,20.2,3.6,57.4,11.9,14.5,1.9,9,0.8,19.1,8.8,12.2,104.7,22,57.52,1.0236046314239502,-80.420408,0.0036899202242785937,0.6124199,112.0107,11.7,445.89,0
2020-02-01,NA,NA,NA,NA,NA,NA,NA,NA,105.1,-10.6,3.3,NA,NA,NA,102.7,NA,13,98,-8.2,123.7,118.7,137.5,135.5,122.4,NA,-0.466,-0.40885,1.28,1.27,NA,1305712,17645,NA,NA,NA,NA,NA,0.916945,100.304,-2.4,9.7,6.3,-11.6,-18.9,18.9,34.3,21.2,11.8,-6.5,10.2,29.5,NA,NA,1.5,-20.6,-22,10.9,-0.4,5.4,-17.3,NA,NA,NA,NA,NA,NA,NA,NA,NA,NA,NA,14.2,24.8,29.4,10.5,21.7,NA,NA,NA,NA,NA,NA,NA,13.6,22,-5.6,-16.1,-1.2,14,6.2,62.3,11.8,16.3,2.4,9.6,1.6,17.3,8.7,12.3,104.6,22.8,50.54,0.4904146194458008,-122.21384,0.01462462800759449,NA,111.1702,9.9,358.8,0
2020-03-01,NA,NA,NA,NA,NA,NA,NA,NA,94.4,-17.2,3.4,NA,NA,NA,91.3,NA,8.9,94.7,-24,123.8,119.2,137.3,132.6,122.7,NA,-0.541363636363636,-0.4166364,1.22,1.19,NA,1311841,21553,NA,NA,NA,NA,NA,0.9058504545,102.9252,-8.4,6.8,4.1,-15.5,-36.2,16.3,32.5,23.8,0.6,-8.2,10.3,26.5,NA,NA,-6,-20.5,-25.4,8.8,-22.4,-0.6,-19.5,NA,NA,NA,NA,NA,NA,NA,NA,NA,NA,NA,-7.2,16.3,-12.4,-3.3,7.3,NA,NA,NA,NA,NA,NA,NA,-0.2,26.1,-21.1,-45.8,-9.5,8.4,2.3,51.9,10.9,17.9,1.6,21.4,1.6,12.6,5.1,4.8,91.7,-1.1,29.21,0.3206772804260254,-95.07527,0.4455490522358374,NA,83.88902,13.3,383.22,0
2020-04-01,810230.4,400847.7,188319.9,176193,288518.4,262855.1,0.2,NA,74.2,-35.7,3.5,73.38974,14291285,82153,73.7,140.1668,0.9,91,-46,124.3,120.2,138.7,128.6,124.1,126.467,-0.4495,-0.25405,1.25,1.18,144.5,1318687,19439,4.734265511170421,54,90.5,65.9,-6.3,0.91977,103.4967,-18.1,4.5,-5.3,-25.2,-54.3,9.7,43.5,64.4,-27.5,-17.2,13.7,24,-73.4,-36,-48.3,-36.1,-38.3,19.9,-51.1,-7.2,-29.3,24.4,50.9,8.3,25.5,28.1,4,44.3,-49.7,69.7,-4.4,-5.7,-41.6,-27.4,-50.1,-18.7,-3.6,23.3,38.7,11.5,1.6,6.1,57.1,83.1,-41.8,30.4,-56.9,-65.9,-31.1,-11.8,-3.7,44.1,14.2,12.4,7.7,30.7,2.1,3.5,-1.6,-20.7,67.1,-39.7,16.55,0.255327045917511,-84.146372,0.5407369951501294,0.4483026,86.97938,4.1,226.91,0
2020-05-01,NA,NA,NA,NA,NA,NA,NA,NA,82.5,-29.1,3.7,NA,NA,NA,78.1,NA,-0.8,101.5,-31.5,124.2,120.2,138.8,127.1,124.1,NA,-0.5165,-0.27195,1.33,1.23,NA,1326562,17207,NA,NA,NA,NA,NA,0.9169185714,103.488,-15.5,-0.2,-1.8,-48,-43.9,19.2,45.7,62.7,-17,-16.2,14.2,27.2,NA,NA,-47.2,-46.2,-47.5,22.8,-18.2,-6.9,-29.8,NA,NA,NA,NA,NA,NA,NA,NA,NA,NA,NA,-53.3,-40.5,-25.6,-14.4,1.3,NA,NA,NA,NA,NA,NA,NA,-25.9,25.1,-35.5,-43.4,-23.8,3.3,-10.3,48.4,17.3,10.4,4.6,20.4,1.7,-1.6,0,-22.7,72.3,-39.8,28.56,0.3154289722442627,-114.48346,0.35949624902382843,NA,92.12677,1,177.4,0
2020-06-01,NA,NA,NA,NA,NA,NA,NA,NA,92.1,-22,3.8,NA,NA,NA,88.6,NA,0.6,100.5,-16.8,125.1,121,138.7,128.8,125.8,NA,-0.434285714285714,-0.376,1.34,1.25,NA,1330816,17622,NA,NA,NA,NA,NA,0.8881263636,103.6247,-11.4,-0.7,0.3,-49,-32.3,18.1,30.2,58.7,-7.4,-13.1,12.2,29,NA,NA,-11,-48.7,-51,22.5,5.2,-4.1,-26.6,NA,NA,NA,NA,NA,NA,NA,NA,NA,NA,NA,-45.3,-34.8,-2.6,-3.4,5.2,NA,NA,NA,NA,NA,NA,NA,-5.6,19.7,-20,-24.9,-13.2,-1.9,-13.2,50.5,19.7,10.5,3.7,15.7,1.9,-2.6,3.9,-19.4,81.5,-27.6,38.31,0.26762643456459045,-29.634987,0.18081588301009957,NA,101.4557,3.7,34.97,0.6
2020-07-01,881437.6,446185,196452.6,182986.7,338755.7,290697.5,-1,NA,94.1,-15.2,3.8,73.25167,14544038,82119,91.1,145.4717,0.4,100,-8.6,124.5,120.9,134.9,127.9,127.3,120.574,-0.52304347826087,-0.4441304,1.27,1.23,147,1339596,20117,4.11353117571549,55.2,91.9,68.5,-5.5,0.8716091304,103.1261,-10.4,-4,1.5,-53.4,-29,5.6,21.4,53.8,8.3,-10.3,15,27.7,-73.2,-33.2,4.9,-43.3,-44.1,16,13.7,0.6,-23.2,39.3,51.6,7.3,9.2,7.5,3.4,41.5,27.8,74.8,-2.3,-5.4,-22.4,-21.7,8.9,-1.1,11.1,40.5,36.6,13.2,1.1,6.3,22.6,85.2,8.4,17,-12.6,-17.2,-11.5,-2.8,-7.2,55.1,18.3,10.5,1.5,10.9,1.6,-1.1,2,-12.3,90.1,-11.7,40.71,0.2070300132036209,5.4357901,0.07577690154601324,0.4817188,104.3706,9.2,18.66,1.01
2020-08-01,NA,NA,NA,NA,NA,NA,NA,NA,94,-9.8,3.9,NA,NA,NA,95.8,NA,-0.5,102.4,-5,124.2,120.7,134.7,127.3,126.8,NA,-0.523333333333333,-0.4797143,1.23,1.2,NA,1342681,18145,NA,NA,NA,NA,NA,0.8453547619,103.7987,-8.1,-1,1.6,-50.9,-26,5.9,25.6,48.9,8.9,-7.1,15.6,28.1,NA,NA,20.5,-33.2,-35.8,11.3,15,0.8,-19.3,NA,NA,NA,NA,NA,NA,NA,NA,NA,NA,NA,-4.2,-3.9,14.1,3.9,11.8,NA,NA,NA,NA,NA,NA,NA,14.3,14.7,-6.8,-14.7,-8.9,6.7,-7,53.6,18.3,10.2,2,12.3,1.2,-1.7,0.8,-8.4,97.2,2,42.34,0.43635067343711853,-2.2059945,0.0326786857736528,NA,105.5042,4.3,7.03,23.55
2020-09-01,NA,NA,NA,NA,NA,NA,NA,NA,96.4,-7.5,3.8,NA,NA,NA,98.6,NA,2.8,100.9,-4.2,123.9,120.4,134.4,126.4,125.6,NA,-0.524090909090909,-0.4913636,1.21,1.19,NA,1356271,18661,NA,NA,NA,NA,NA,0.8485795455,104.0182,-8.5,-4.1,1.4,-49.3,-21,4.8,25,45,5.2,-10.1,14.2,26.3,NA,NA,9.2,-32,-35.4,10.8,20.2,3,-16.3,NA,NA,NA,NA,NA,NA,NA,NA,NA,NA,NA,0.4,0.5,12.5,5.1,10,NA,NA,NA,NA,NA,NA,NA,13.9,12.2,-6,-14.4,-3.8,10.9,-6.5,55,17.3,9.4,1.4,10.9,1.5,2,3.6,-3.3,98.7,4.4,39.63,0.6318336725234985,-9.4809176,0.023253136731363314,NA,105.9361,4.6,77.14,0.14
2020-10-01,888827.8,437524.6,196279.5,188197,354397.9,302087.6,-0.1,NA,100.1,-3.2,3.8,73.37981,14814893,82056,99.7,149.4374,1.6,103.3,-1,123.8,120.3,134.9,126.6,125.2,120.636,-0.607272727272727,-0.5091364,1.19,1.18,148.9,1364471,19383,5.489821737123246,56.1,92.8,68.2,-4.4,0.8495963636,104.1908,-9.1,-2.1,0.7,-51.3,-23.9,5,25.3,43.2,4.7,-11.3,12.3,28.3,-73.6,-32.2,24.7,-22.1,-26.7,6.2,18.8,3.8,-11.9,47.8,35.1,9.5,9.8,10,2.6,32.5,36.7,81.6,1.2,-0.8,1.5,3.8,10.3,3.4,9.2,39.1,32.8,16.1,0.9,4.9,28.4,86.2,19.9,8.8,1.6,-14,0.9,12.9,-7.1,54.2,18.6,9.4,1.5,10,1,-0.3,3.6,-4.3,100.4,5.2,39.4,0.3965073525905609,5.0497845,0.0388095148731963,0.1338688,103.7749,20.4,224.63,0
2020-11-01,NA,NA,NA,NA,NA,NA,NA,NA,101.3,-3.8,3.8,NA,NA,NA,99.5,NA,0.3,103.7,-6.7,122.5,118.7,135.4,125.2,122.7,NA,-0.614761904761905,-0.5208571,1.17,1.16,NA,1372528,20072,NA,NA,NA,NA,NA,0.8451195238,103.563,-9.7,-2.6,-0.3,-48.7,-26,3,29.2,42.7,0.3,-9.9,16.2,24.7,NA,NA,22.4,-16.1,-21,3.6,8.4,4.3,-12.6,NA,NA,NA,NA,NA,NA,NA,NA,NA,NA,NA,-1.4,2.9,4.1,5,6.7,NA,NA,NA,NA,NA,NA,NA,15.5,14.1,-6.9,-21.5,-3.1,13.4,-7.5,52.3,18.1,10.4,2.3,12.6,1.4,-1.1,1.7,-6.7,98.4,1.9,40.94,0.33038130402565,-27.380251,0.032504431130670516,NA,105.5023,13,341.28,0
2020-12-01,NA,NA,NA,NA,NA,NA,NA,NA,101.2,-0.9,3.8,NA,NA,NA,96.8,NA,1.8,100,-4.5,123.3,119.5,134.9,127.1,124.4,NA,-0.6185,-0.5380909,1.16,1.14,NA,1380600,19115,NA,NA,NA,NA,NA,0.8218965217,103.8206,-8.7,0,-0.2,-48.8,-24.9,0.1,31.9,40,4.5,-9.6,18.2,29,NA,NA,10.1,-9.6,-15.8,1.1,8,9.3,-9.9,NA,NA,NA,NA,NA,NA,NA,NA,NA,NA,NA,-11.1,-3.3,9.1,0.2,9.7,NA,NA,NA,NA,NA,NA,NA,19.3,12.5,-4.4,-20.3,-4.4,21.7,-5.3,52.7,18,10.1,2.1,11.5,1.2,1.3,2.3,-3.4,99,-1.8,47.02,0.3966005742549896,-22.367177,0.01491500796982535,NA,110.64,14.5,458.61,0
2021-01-01,884611,422249.5,194063.8,183930.3,364347.9,311968.9,1.5,NA,101.5,1,3.9,74.91333,14884612,82035,94.2,148.8581,1.6,90.3,-29.1,125,120.3,138.4,133.9,124.3,120.349,-0.5835,-0.54715,1.19,1.16,151.1,1384424,17855,8.048065083340084,56.5,94.7,68.9,-3.4,0.8217238095,104.3625,-11.3,-4.4,-0.8,-54.7,-25.1,2.5,32.4,51.1,-18.8,-14.9,14.9,27.3,-75,-32.8,10.9,-6.3,-13.1,1.9,11.3,12.7,-9.2,41.7,29.5,14.9,24,11.9,2.1,25.3,16.9,82.1,1.9,-1.2,-14.8,-3.9,4.8,-0.2,8.9,35.5,33.8,19.7,0.7,4.6,34.7,83.4,-25.1,22.8,-30.2,-39.2,-15.1,15.5,-7.1,40.7,18.8,3.6,1.8,12,1.2,0.6,2.6,-2,96.6,-4.6,52,0.29191914200782776,6.2811411,0.012647800972670362,0.1080497,114.4572,21.5,532.22,0
2021-02-01,NA,NA,NA,NA,NA,NA,NA,NA,99.5,6.5,3.9,NA,NA,NA,93.2,NA,-0.1,94.3,-30.5,125.7,120.7,139.4,135.8,124.8,NA,-0.4455,-0.5411,1.17,1.15,NA,1390396,18900,NA,NA,NA,NA,NA,0.826744,104.1415,-9.5,-2.9,0.1,-55.3,-23.3,10.2,32.4,43.9,-13.5,-12,17.8,30.5,NA,NA,8.8,-2.6,-8.7,-2,20.1,16.8,-5,NA,NA,NA,NA,NA,NA,NA,NA,NA,NA,NA,-13.6,-6.8,7.7,-3.2,10.2,NA,NA,NA,NA,NA,NA,NA,-35.8,26.2,-27.9,-29.4,-15,15.1,-10,40.2,16.5,16.3,2.5,10.6,0.8,-0.2,0,-0.7,99.8,-4.2,59.04,0.40112119913101196,-3.9075381,0.008786437280329453,NA,116.173,21,445.79,0
2021-03-01,NA,NA,NA,NA,NA,NA,NA,NA,100.9,12.4,3.9,NA,NA,NA,99.9,NA,2.1,102.2,-17.8,126.2,121,139.4,138.6,125.2,NA,-0.364782608695652,-0.539087,1.18,1.17,NA,1399267,24341,NA,NA,NA,NA,NA,0.840463913,104.4189,-6.8,-4.3,2.7,-49.9,-18.2,19.8,38.8,37.7,-9.8,-7.4,15.6,32.6,NA,NA,18.8,5.7,0,-6.4,25,25.1,-1.5,NA,NA,NA,NA,NA,NA,NA,NA,NA,NA,NA,-11.5,-4.9,15.8,3.8,13.7,NA,NA,NA,NA,NA,NA,NA,-19.2,19.9,-14.4,-14.3,-9.1,18.8,-7.9,53.8,16.3,16.3,4.7,10.2,1.1,2.9,1.3,3,105.2,-0.2,62.33,0.3711790442466736,25.3987,0.0035106642900951846,NA,119.032,14,394.08,0
2021-04-01,904607.1,433551.7,200273.7,188257,368165.8,314588.2,0.8,NA,101,15.1,3.8,75.50627,15205938,82010,101.2,153.0005,2.9,97.1,-13.3,126.8,121.6,141.1,138.4,126,119.405,-0.325,-0.53815,1.23,1.21,148.5,1407741,20737,7.510694613023117,55.7,92.8,68.3,-3.3,0.8360318182,104.4885,-8.2,-2.5,0.2,-44.7,-20.3,22.3,37.9,32.7,-7,-10.1,16.4,29.9,-70.5,-30.1,22.5,11.7,4.8,-8.6,25.2,29.4,2.1,31.7,20.4,18.7,48.2,10.5,1.9,6.1,35.5,85,5.2,6.8,-10.6,0.5,4.2,3,13.1,35.1,34.4,19.6,1.4,5.2,35,84.8,-4.6,14.4,-9.7,-20.8,-5.7,23.6,-6.4,48.7,15.1,23.7,18.5,10,0.9,1.2,4.6,9.1,105.2,-2,61.72,0.47488245368003845,45.355128,0.0017843066774808577,0.1402197,124.11,27.7,348.47,0
2021-05-01,NA,NA,NA,NA,NA,NA,NA,NA,99.9,16.1,3.7,NA,NA,NA,105,NA,4.2,101,-6.2,127.2,122.1,140.7,139.2,126.4,NA,-0.2235,-0.5400952,1.27,1.25,NA,1416196,19407,NA,NA,NA,NA,NA,0.8229414286,104.4188,-4.9,-1.5,2,-44.5,-11,29.3,38.9,26.6,-11,-9.3,17.3,30.6,NA,NA,11.3,16.9,11.3,-8.6,22.8,35.8,2.7,NA,NA,NA,NA,NA,NA,NA,NA,NA,NA,NA,-6.4,2.9,16.8,7.7,20.4,NA,NA,NA,NA,NA,NA,NA,-2.8,10.4,-3.8,-5.4,-3,35.8,-1.5,39.7,15.7,23.5,39.3,10.8,0.9,5,3.4,30.4,108.7,4.5,65.17,0.5270331501960754,62.922485,0.005500979378089628,NA,122.9012,37.3,213.18,0
2021-06-01,NA,NA,NA,NA,NA,NA,NA,NA,98.4,19.9,3.6,NA,NA,NA,113.9,NA,5.5,105.4,4.4,127.6,122.4,140.3,140.4,126.9,NA,-0.288636363636364,-0.5429091,1.29,1.28,NA,1425673,21833,NA,NA,NA,NA,NA,0.8300122727,104.066,-1.7,0.7,4.8,-38.8,-7,39.1,47.2,20.1,-9.3,-5.2,14.3,30.2,NA,NA,15.2,23.7,15.8,-9.3,26.8,45.5,7.7,NA,NA,NA,NA,NA,NA,NA,NA,NA,NA,NA,12.1,13,31.7,18.9,26.5,NA,NA,NA,NA,NA,NA,NA,21.1,6.4,5.1,-1.4,-0.9,43.9,-0.8,34.4,15.2,18.7,46,10,1.3,5.6,5.3,36.4,116.1,18.9,71.38,0.38989973068237305,61.12565,0.003892543708245517,NA,125.7776,26.9,7.7,10.19
2021-07-01,906172.1,454900.1,199466.2,182181.2,365260.1,316707.3,0.9,NA,100.2,22.2,3.5,76.38141,14947396,81986,112,157.8694,6,100,6.9,128.4,123.2,140.8,142.2,128.3,122.518,-0.451363636363636,-0.5448182,1.31,1.3,147.8,1436265,21313,8.341696468466054,55.6,92.2,68.1,-2.1,0.8456845455,104.0574,-2.6,-1.4,3.4,-31.6,-5.4,37.5,41.8,15.8,-8.1,-7.1,14.3,28.8,-66.5,-29,17.3,26.6,16.3,-14.9,25.1,45,15.1,24.4,14,26,66.3,6.2,1.4,-2.1,32.3,86.1,8.7,3.6,15,20.3,26.8,11,26,33.6,24.1,28.2,2.3,4.6,29.1,86.5,21.5,-0.3,11.1,-1.1,5.4,51.3,-0.4,34.4,14.3,28.7,42.3,11.3,1.4,7.8,4.1,34.5,117.5,20.7,72.49,0.21511158347129822,69.201142,0.016079001876506495,0.1740038,125.7044,60,4.12,0.81
2021-08-01,NA,NA,NA,NA,NA,NA,NA,NA,95.2,23.2,3.4,NA,NA,NA,115.4,NA,6.4,102.3,3.5,128.5,123.2,140.7,142.7,128.3,NA,-0.538636363636364,-0.5475909,1.27,1.26,NA,1445044,19640,NA,NA,NA,NA,NA,0.8498136364,103.5131,-3.9,-0.5,4.1,-30,-8.6,46.1,45,13.8,-10.8,-10.5,13.1,29.9,NA,NA,8.4,25.5,15.9,-15.3,28.7,49,14.3,NA,NA,NA,NA,NA,NA,NA,NA,NA,NA,NA,18.2,21.9,26.2,16.3,26.1,NA,NA,NA,NA,NA,NA,NA,18.5,-3.8,8.6,-11.7,6.1,53.2,0.5,37.9,14.4,31,37.6,11.2,1,8.5,4.3,35.8,117.9,22.1,67.73,0.4441226124763489,84.515252,0.006527065445038466,NA,127.7151,32.6,24.58,0.33
2021-09-01,NA,NA,NA,NA,NA,NA,NA,NA,95.8,24,3.4,NA,NA,NA,117.1,NA,9.4,99.9,4.4,128.8,123.5,140.8,143.7,127.9,NA,-0.362727272727273,-0.5450455,1.26,1.25,NA,1453384,19246,NA,NA,NA,NA,NA,0.8496259091,103.5172,-0.8,3,6.3,-22.3,-6.2,47.6,42.3,13,-8.7,-6.4,18.1,31,NA,NA,4.9,27.9,19.5,-13.6,30.5,48.5,14.4,NA,NA,NA,NA,NA,NA,NA,NA,NA,NA,NA,16.7,20.2,24.4,18.8,27.2,NA,NA,NA,NA,NA,NA,NA,17.8,-6.9,7.9,-11.6,5.3,54.8,2.6,40.1,12.4,33.6,32.6,9.1,0.8,10.1,8.7,30.2,118.8,20.5,71.65,0.2340824007987976,98.438404,0.010952065268227546,NA,125.9049,31.6,57.74,0
2021-10-01,910432.1,456588.9,199274,183396.4,381680.1,336867.5,1.4,NA,99.2,21.4,3.4,76.48544,15139934,81948,115.2,160.839,10.3,102,2.9,129.6,123.7,140.8,149.5,128,123.213,-0.204285714285714,-0.5498095,1.28,1.27,147.6,1463229,18946,7.980737430468543,55.3,92.3,68.1,-1.6,0.8620080952,102.7711,-2.6,0.5,3.6,-24.4,-7.5,54.3,47.2,13.5,-5.5,-6.9,13.4,29.8,-66.4,-29.6,10,25.6,16.4,-13.7,24.8,50.5,15.6,18.1,14.9,34.3,86.6,8.6,2.2,-1.3,16.2,85.8,4.1,3,17,23.3,27.5,16.2,31,33.4,22.4,35.4,1.9,2.3,29.9,89.2,13.9,-11.5,13.4,-16.5,3.7,61.4,2.7,38.8,12.7,34.2,32.6,9.5,0.6,14.2,6.4,37.7,117.8,22.6,81.48,0.29573866724967957,109.33956,0.007307719813623115,0.0577301,123.8729,19.3,240.85,0
2021-11-01,NA,NA,NA,NA,NA,NA,NA,NA,99.6,20.5,3.4,NA,NA,NA,114.9,NA,12,102,4.4,129.8,123.6,141.5,152.2,127.4,NA,-0.313636363636364,-0.5673636,1.32,1.32,NA,1471458,19437,NA,NA,NA,NA,NA,0.8767495455,102.0909,-4.4,-0.3,1.7,-24.1,-10.3,58.5,47.7,15.2,-11.7,-8.5,13.8,28.4,NA,NA,4.1,26.9,18,-11.7,23,56.2,15.6,NA,NA,NA,NA,NA,NA,NA,NA,NA,NA,NA,12.8,23.7,22.7,15.6,32.1,NA,NA,NA,NA,NA,NA,NA,14.8,-19,13.3,-20.7,3.2,68,2.2,38.2,12.5,36,31.9,12.3,0.8,14.2,9.8,43.3,116,19.7,79.15,0.720208466053009,53.619288,0.008362234488148542,NA,127.6534,30.5,383.92,0
2021-12-01,NA,NA,NA,NA,NA,NA,NA,NA,101,23.4,3.3,NA,NA,NA,113.5,NA,11.2,101.5,-5.5,130.2,124.2,142.8,150.1,128.4,NA,-0.384285714285714,-0.5819565,1.32,1.33,NA,1479025,20406,NA,NA,NA,NA,NA,0.8848417391,101.8461,-6.4,-0.3,0.3,-30.8,-14.3,59,40.5,17.4,-16.4,-11.2,14.6,28.8,NA,NA,12.6,29.1,20.3,-15.2,26,56.6,18.6,NA,NA,NA,NA,NA,NA,NA,NA,NA,NA,NA,-1.9,13,13.9,12.9,33.6,NA,NA,NA,NA,NA,NA,NA,1.3,-9,2.6,-26.9,2.4,59.1,1.3,37.5,12.9,37.9,27.8,13,1,14.6,7.7,43.3,112.7,8.4,71.71,0.863984227180481,54.949371,0.017462481833976178,NA,124.2719,26.9,475.71,0
2022-01-01,917474.6,469547.4,200759.2,186314.6,383563.4,338640.6,0.5,NA,100.7,22.5,3.3,76.89297,15304109,81894,112.2,159.4002,9.3,103.6,-2,131.4,123.7,144.9,161.4,127.7,123.96,-0.114761904761905,-0.5601429,1.35,1.36,146.9,1485648,20116,6.420296302121242,54.7,92.2,66.7,0.5,0.8833866667,100.955,-4.9,1.6,2.1,-30.4,-13.5,62.1,45,18.7,-15.8,-9.6,15.8,31.8,-66.4,-29.3,10.6,28.4,19,-13.4,25.8,56.5,19.2,17.9,13.5,34.5,88.4,9,2.4,-1.1,8.3,86,2.8,-1.5,-3.2,10.8,18,10.7,39.5,29.4,27.3,36.6,2.1,3,34.5,86,-1.2,-11.3,6.3,-15.9,3,59,1.1,44.1,12.7,36.5,23.9,11.2,1.2,13.9,4.8,42.2,113.1,8.5,83.22,1.2410316467285156,7.0014604,0.008812384217185738,0.2220002,125.1337,17.1,464.58,0
2022-02-01,NA,NA,NA,NA,NA,NA,NA,NA,101.1,22.2,3.2,NA,NA,NA,116.3,NA,12.4,103.6,-0.5,132.5,124.3,146.3,166.2,128.2,NA,0.15,-0.5315,1.45,1.45,NA,1492581,21592,NA,NA,NA,NA,NA,0.881508,101.0755,-6.3,-1.5,0.2,-28.6,-14,63.6,42.5,19.8,-18.2,-9.7,13.7,27.7,NA,NA,6.3,27.8,19.2,-13.8,24.9,57.9,21.3,NA,NA,NA,NA,NA,NA,NA,NA,NA,NA,NA,2.1,15.5,30.6,16,40,NA,NA,NA,NA,NA,NA,NA,-3.6,-10.7,8.3,-8.6,2.3,64.1,4.7,46.3,12.6,27.1,21.2,14.4,1.5,15,9.7,43.9,115.1,16.1,91.64,2.5722339153289795,10.592483,0.043830126300037575,NA,119.8321,13.3,369.25,0
2022-03-01,NA,NA,NA,NA,NA,NA,NA,NA,95.8,15.1,3.2,NA,NA,NA,110.5,NA,8.2,101.9,-10.3,135.8,125.1,147.6,190.6,128.6,NA,0.281739130434783,-0.4954348,1.65,1.65,NA,1502407,26054,NA,NA,NA,NA,NA,0.9073147826,101.7758,-15.4,-0.9,-6.8,-31.7,-40.3,64.9,65.8,22.9,-22.3,-13.7,14.2,29.8,NA,NA,2.6,29,18.2,-13.4,2.9,65.9,9.6,NA,NA,NA,NA,NA,NA,NA,NA,NA,NA,NA,-0.7,16.9,16.2,12.6,42.2,NA,NA,NA,NA,NA,NA,NA,0.9,-12.5,0.6,-44.2,0.5,72.5,3.5,40.9,11.8,26.7,35.1,18.2,1.6,12.7,3.6,53.5,106.7,10.8,108.5,2.662493944168091,39.122184,0.21334178701380438,NA,110.2892,8.5,389.17,0
2022-04-01,918604.8,471149.7,201182.2,185136.3,381570,342908.2,1.4,NA,97.8,15.6,3.1,77.0446,15337485,82529,111.8,158.0108,5.3,100,-10.5,136.8,126.3,152.3,186.1,129.9,124.522,0.746315789473684,-0.4478947,1.94,1.94,146.5,1511659,20867,4.011456974188743,54.3,92.2,66.3,1.1,0.9258666667,100.0188,-18.6,-5.7,-9.8,-44.4,-42.5,71.6,62.8,25.5,-29.5,-16.3,13.8,25.9,-71.5,-33.8,-5.5,29.4,17.5,-12.1,5.2,70.4,6.1,14.8,13.4,37.6,78.1,11.7,3,0,-4.6,85,4.2,-1.5,2,21.5,18.2,16,50.2,30.6,23.9,39.6,1.8,6.1,33.6,89.3,-1,-11.2,-2.8,-41.8,-0.1,74.8,-0.8,32,12.1,33.8,50.7,15.5,2.7,6.7,3.9,58.2,106.5,13.9,101.78,1.6738598346710205,28.551446,0.11250086882754624,0.3779766,110.3547,15.8,300.43,0
2022-05-01,NA,NA,NA,NA,NA,NA,NA,NA,98.6,14.2,3.1,NA,NA,NA,113.8,NA,6.7,99.3,-11.6,138.3,126.9,155.3,191.5,130.3,NA,0.952727272727273,-0.3857273,2.25,2.26,NA,1520736,22515,NA,NA,NA,NA,NA,0.9453386364,100.388,-18.8,-7.7,-7.9,-43.1,-41.7,73,55.6,26.6,-29.4,-17.9,12.8,25.6,NA,NA,0.6,20.4,11,-11.6,10.6,65.7,9.5,NA,NA,NA,NA,NA,NA,NA,NA,NA,NA,NA,4.2,23.7,20.9,18.9,46.6,NA,NA,NA,NA,NA,NA,NA,0.8,-7.7,-3.5,-43.4,-3.3,78.2,-1.8,31.1,13.9,35.9,51.5,14.5,2.8,7.8,5.6,55.4,107,16.3,109.55,1.0469130277633667,55.964652,0.2541099067669511,NA,105.5775,2.5,101.19,0.08
2022-06-01,NA,NA,NA,NA,NA,NA,NA,NA,99.6,15.2,3.1,NA,NA,NA,112.9,NA,5.5,99,-14.2,138.2,126.4,157,192.8,129.2,NA,1.445,-0.2392273,2.57,2.59,NA,1528770,19094,NA,NA,NA,NA,NA,0.9465077273,99.51418,-20.4,-10,-10.6,-47.1,-41.8,74.6,51.8,27.9,-32.7,-19.2,10.4,22.9,NA,NA,8.9,22.9,12.9,-8.5,14.3,59.4,8.3,NA,NA,NA,NA,NA,NA,NA,NA,NA,NA,NA,3.4,23.6,17.4,18.2,47.2,NA,NA,NA,NA,NA,NA,NA,0.4,-1.9,-7.5,-44.8,-3.2,78.4,-3.4,33.1,13.9,21.1,43.8,13,3.4,8.6,2.4,46.7,105.8,14.8,114.84,1.2832587957382202,34.025921,0.3472597092137365,NA,101.9878,10.4,19.37,6.62
2022-07-01,921560.8,474224.3,196587.1,186056.9,388529.8,351590.5,1.6,NA,99.6,11.2,3.1,76.86849,15366800,82768,107.9,154.508,1.1,99.5,-18.4,139.2,127.1,160.2,192.8,130.4,125.676,1.08190476190476,0.036619,2.8,2.87,147.8,1537817,17227,2.6220561729065173,54,93.8,65.4,-2.5,0.9822438095,98.51878,-24.6,-12.2,-15.5,-52.6,-46.4,73.6,53,29.8,-35.8,-24.5,12.6,23.3,-69.5,-39.5,-1.3,22.5,15,-7.1,4,55.1,7.6,16,15.9,42.2,70.2,10.7,2.9,10.6,-10.7,85.1,-6.5,-11.6,-0.3,17.6,13.1,12.5,40.6,28.2,20.8,49.4,2.9,6.3,28.3,91.3,-4.1,-0.7,-11,-51.9,-8.2,70.4,-6.4,33.4,15.5,37.9,39,13.8,2.7,1.5,0.7,41.5,100.5,10.1,101.62,0.8946206569671631,20.210815,0.4991366864434647,0.2990252,96.62447,9,6.28,13.02
2022-08-01,NA,NA,NA,NA,NA,NA,NA,NA,98.6,8.2,3.1,NA,NA,NA,107.6,NA,1.8,98.2,-19.6,139.8,127.5,162.5,193.9,130.6,NA,1.03434782608696,0.3947391,2.84,2.9,NA,1544661,15275,NA,NA,NA,NA,NA,0.9870730435,98.00036,-23.5,-10.2,-14.8,-51.2,-44,76.3,52.5,32,-35.1,-24.9,15.6,25.3,NA,NA,-7.7,17,9.6,0,7.7,53.2,4.5,NA,NA,NA,NA,NA,NA,NA,NA,NA,NA,NA,-4.7,12.1,14.5,13.8,44.2,NA,NA,NA,NA,NA,NA,NA,-7.3,-0.4,-20.1,-51.8,-10.3,68.8,-9.1,34.7,16.9,38.1,33.8,12.5,3.2,0.3,3.3,36.3,98.6,7.3,93.67,0.6099005341529846,-18.278289,0.39027723368595185,NA,99.82472,21.6,1.54,13.4
2022-09-01,NA,NA,NA,NA,NA,NA,NA,NA,100.6,4.4,3.1,NA,NA,NA,104.9,NA,-2.7,99.5,-23.7,142.9,129.3,165.2,207.2,132.5,NA,1.79545454545455,1.0108636,3.01,3.06,NA,1551594,13395,NA,NA,NA,NA,NA,1.01043,99.12029,-28,-14.4,-23,-57.5,-47.7,75.4,54.4,34.6,-41.3,-27,10.8,24.2,NA,NA,0.5,16.4,7,3,-0.1,62.2,1.7,NA,NA,NA,NA,NA,NA,NA,NA,NA,NA,NA,-7.7,11.6,13.4,10.7,46.9,NA,NA,NA,NA,NA,NA,NA,-10.6,3.5,-22.6,-56.9,-9.5,70.2,-10.8,33.9,18.5,37.2,31.2,11.9,4.8,-4.3,-1,42,94.2,5.8,84.26,0.9896907210350037,-13.361298,0.5206394044394714,NA,93.47434,17.8,116.89,0.1
2022-10-01,918517.9,465909.9,197260,183571.2,387077,350648.7,1.2,NA,99.3,3.3,3.1,76.99464,15377055,82924,101.3,144.3734,-3.2,97.4,-23.6,144.6,130.1,167.3,214.6,132.9,129.086,2.18666666666667,1.4276667,3.25,3.38,146.3,1557201,11721,1.2327155303992976,53.2,93.1,64.5,-3.9,1.0162709524,99.69328,-26.6,-13.2,-19.7,-57.5,-46,75,50.9,34.9,-39.2,-27.7,11.7,20.6,-71.8,-42.4,-0.9,14.5,8,5.8,1.1,56.1,1.2,18.9,19.9,40.7,71.9,10.8,3.7,15,-14.6,85,-9.9,-15.6,-9.2,8,6.2,5.3,46.7,30.1,22.9,41.3,3.5,6.8,29.8,90.8,-8.6,4.4,-22,-57.9,-10.2,68.6,-11.2,35.9,20.5,36.4,29.6,14.3,5.6,-7.3,0.9,43.4,92.7,1.7,87.55,0.8406225442886353,6.1231622,0.6714350821389652,0.3126628,92.2463,14.8,140.9,0
2022-11-01,NA,NA,NA,NA,NA,NA,NA,NA,99.9,3.5,3.1,NA,NA,NA,105.4,NA,-2.1,97.7,-23.6,144.5,129.9,169.4,213.3,132.2,NA,2.06636363636364,1.8252273,3.6,3.67,NA,1561990,10868,NA,NA,NA,NA,NA,0.9800927273,100.425,-24.3,-13,-16.9,-53.2,-42.3,75.8,42.7,31.8,-38.9,-25,11.9,23.6,NA,NA,-12.9,12.1,6.1,6.5,5,52.5,3.3,NA,NA,NA,NA,NA,NA,NA,NA,NA,NA,NA,-11.6,8.4,10.3,11,41.7,NA,NA,NA,NA,NA,NA,NA,-9.8,14.2,-26,-46.9,-10.5,61.7,-10.3,37.2,22,36.4,24,12,4,-5.7,1.5,38.1,94,2.4,84.37,0.7012942433357239,-27.366853,0.4757138264503084,NA,102.1054,10.5,337.63,0
2022-12-01,NA,NA,NA,NA,NA,NA,NA,NA,97.8,3.1,3.1,NA,NA,NA,104.6,NA,-3.2,96.7,-16.8,142.7,130.8,170.7,187.8,133.5,NA,2.0852380952381,2.0634762,3.52,3.61,NA,1564186,10758,NA,NA,NA,NA,NA,0.9445572727,100.5621,-22,-14.5,-13.6,-49.4,-36,76.3,35.2,27.2,-34.8,-24.1,11.9,23.6,NA,NA,1.5,11.5,3.3,7.6,5.5,42.5,3.1,NA,NA,NA,NA,NA,NA,NA,NA,NA,NA,NA,-9.8,12.4,15.6,9.7,37.2,NA,NA,NA,NA,NA,NA,NA,0.3,12.2,-16.7,-38.6,-9.3,59.4,-12.1,39.3,21.8,35.6,19.8,11,4.2,-5.4,-0.9,27.2,96,6.1,76.44,0.5207364559173584,-16.013675,0.34027469056435783,NA,103.0385,22.8,501.23,0
2023-01-01,912279.8,468443.2,195572.9,183285.8,387642.9,347175.8,0.7,NA,99,4.1,3.1,77.29436,15385661,83168,107,137.9542,-2,96.1,-15.6,143.5,130,173.3,201.9,132.4,132.631,2.19272727272727,2.3448636,3.66,3.73,144.2,1562546,9659,NA,52.4,91.8,64.1,-1.7,0.9285231818,101.0469,-19.9,-14.6,-9.6,-48.2,-32.4,73.4,27.6,23.8,-38.9,-23.3,14.3,23.1,-68.5,-35.5,-3,7.9,0.1,7.6,12,36.6,5.8,25.4,20.5,38.4,59.8,7.7,3.9,8.2,-12,84.3,-5.3,-13.3,-7.8,14.1,18.5,10.2,36,30.1,27.1,43.1,3.1,8.9,29,89.5,-0.7,12.3,-13.7,-33.7,-4.4,53.6,-11,45.1,21.7,35.7,13.6,10.8,4.7,-7.2,3.2,23.5,98.3,8.3,78.12,0.8971443176269531,-63.282719,0.26881438742466535,0.2087138,109.9074,15.2,440.3,0
2023-02-01,NA,NA,NA,NA,NA,NA,NA,NA,101.5,1.9,3,NA,NA,NA,105.7,NA,-4.4,96.4,-14.7,144.9,131.1,177.4,202.1,133.7,NA,2.3705,2.64035,3.79,3.8,NA,1563950,9331,NA,NA,NA,NA,NA,0.934222,101.3856,-16.8,-11,-7,-42.6,-28.4,73.7,24,22.5,-35.3,-20.7,17.5,26.2,NA,NA,-1.7,6.1,0.6,7.9,7.5,25.4,2.5,NA,NA,NA,NA,NA,NA,NA,NA,NA,NA,NA,-6.8,15.5,18.2,9.1,32.8,NA,NA,NA,NA,NA,NA,NA,1.5,15.8,-21.3,-29.7,-2.4,47.1,-14.7,41.6,20.3,26.8,10.7,10.1,5.2,-7.4,-1.4,15.7,98.6,9,76.83,0.8005337119102478,-95.773995,0.18611338519952045,NA,113.6938,15,402.24,0
2023-03-01,NA,NA,NA,NA,NA,NA,NA,NA,99.1,-0.4,3,NA,NA,NA,105.7,NA,-5.1,94.7,-14.9,146.3,132.5,179.7,202.2,135.1,NA,2.38347826086957,2.9105652,3.88,3.91,NA,1567780,12012,NA,NA,NA,NA,NA,0.933656087,102.1758,-17.8,-13.9,-7,-42.2,-28.8,73.9,27.3,22.6,-34.8,-21.5,15.6,22.8,NA,NA,-5.8,3.2,-1.3,7.4,2.9,17.6,1.5,NA,NA,NA,NA,NA,NA,NA,NA,NA,NA,NA,-4.1,16.5,21,10.2,34.3,NA,NA,NA,NA,NA,NA,NA,1.6,15.8,-17.4,-30.5,-4.6,44.2,-15.8,38,22.2,26.6,10.2,9.8,3.6,-10.3,0.1,7.2,98.1,11.1,73.28,0.6368675827980042,-19.517977,0.30320542101244574,NA,111.5346,19.9,364.52,0
2023-04-01,911323.4,472903.4,195669,183746.1,380683.3,346440,0.6,NA,98.2,-1.3,3,77.42627,15475294,83233,106,134.3645,-6.1,95.8,-12.2,147.2,133.4,178.9,203.6,136.2,134.281,2.35944444444444,3.1794444,3.93,3.89,142.7,1570013,10130,NA,51.7,90.9,63.1,-0.3,0.9120525,102.9114,-14.4,-11.4,-3.6,-37.4,-25.1,71.8,23.8,24,-30.3,-17.6,15.9,24.6,-67.1,-31,3.9,0.4,-4,7.2,2.8,11.1,-0.4,32.2,21.9,34.4,37.4,8.1,3.3,15.2,-7.1,84.1,-5.7,-10.3,-3.2,16.6,19.4,11.9,28,32.1,24.5,42.3,2.6,8.4,22.7,89.6,5.9,15.3,-18.5,-27.4,-6,34.3,-16.9,41.7,26,29.3,7.8,8.7,4.2,-11.8,-0.4,-0.7,99.1,10.9,79.45,0.60959792137146,-14.846431,0.2638320201582671,0.1907426,114.3974,23.6,302.17,0
2023-05-01,NA,NA,NA,NA,NA,NA,NA,NA,99.1,-5.3,3,NA,NA,NA,100.6,NA,-7.2,97.1,-18.3,147,133.4,178.7,200.9,136,NA,2.34227272727273,3.3717273,3.94,3.95,NA,1571234,10712,NA,NA,NA,NA,NA,0.9211295652,102.4244,-14,-9.8,-3.1,-37,-25.6,69.9,22.8,25.5,-31.5,-17.7,17.3,25.2,NA,NA,-17.3,-4.4,-8.9,12.4,0.8,6.5,-2.8,NA,NA,NA,NA,NA,NA,NA,NA,NA,NA,NA,-4.1,12,13.4,5.1,28.3,NA,NA,NA,NA,NA,NA,NA,-4.2,19.2,-23.7,-31.6,-8.6,35.1,-18.6,42,27,29.2,6.6,8.3,5.2,-15.1,0.6,-5,95.8,7.1,71.58,0.6179571151733398,-19.263371,0.17984469891052132,NA,113.4489,37.8,139.22,0
2023-06-01,NA,NA,NA,NA,NA,NA,NA,NA,97.4,-8.6,3,NA,NA,NA,103,NA,-12.7,97.7,-16.8,147.5,134.1,178.6,200.5,137.1,NA,2.37636363636364,3.5358636,4.06,4.01,NA,1572825,11418,NA,NA,NA,NA,NA,0.9224318182,103.0675,-14.2,-11.1,-3,-39.5,-26,69,17.9,26.4,-29.8,-16.8,14.3,23.2,NA,NA,-4.3,-10.1,-10.7,13.5,-2.2,5.6,-4.2,NA,NA,NA,NA,NA,NA,NA,NA,NA,NA,NA,-3.1,9,12.4,8.6,26.4,NA,NA,NA,NA,NA,NA,NA,-2.9,16.8,-23.4,-30.8,-5,26.5,-21.3,41.8,29.1,18.2,5,9.9,5.6,-22.3,-3.1,-7.1,94.2,6.1,70.25,0.6972903609275818,-46.224768,0.13510136878438497,NA,113.0402,9.7,14.95,2.67
2023-07-01,912714.5,470391.8,196976.5,183175.4,382203.5,342761,0.4,NA,96.5,-13.5,3,77.21247,15454690,83319,100.1,131.396,-15.4,97,-17.6,148.3,135.1,178.2,200.4,139.1,135.649,2.45666666666667,3.6718095,4.02,4.02,140.8,1574857,11489,NA,51.2,89.6,63.2,-2.1,0.9045490476,103.6761,-14,-8.7,-2.7,-40,-26.1,67.7,19.5,26.9,-29.5,-18.3,18.3,25.5,-67.8,-34.5,-11.9,-15.8,-18.3,16.8,-7.9,3.3,-8,34.6,33.8,33.3,28.5,8.4,3.3,26.7,-16,83.2,-13.7,-19.9,-7,10.3,14.1,6.2,27.6,29.1,28.4,44.4,2.1,10,27.1,90.5,2.5,20.3,-23.9,-35.1,-6.6,28.6,-23,41.9,30.9,29.7,4.1,9.1,6.2,-25.8,-5,-7.4,92,5.8,76.07,0.7078986763954163,-50.214331,0.1284304467624468,0.0634921,113.2426,12.4,6.6,7.68
2023-08-01,NA,NA,NA,NA,NA,NA,NA,NA,96.5,-15.6,3.1,NA,NA,NA,100,NA,-17,95.7,-20.1,148.8,135.4,177.7,204.2,139.3,NA,2.54565217391304,3.7803043,4.14,4.07,NA,1576956,11775,NA,NA,NA,NA,NA,0.9166943478,103.7084,-14.8,-8.3,-3.8,-43,-28.7,66.1,23.4,26.1,-32.5,-18.4,16,24.8,NA,NA,-19.8,-22.1,-23.3,18,-6.7,4,-8.1,NA,NA,NA,NA,NA,NA,NA,NA,NA,NA,NA,-11.9,8.4,10.7,6.9,24.3,NA,NA,NA,NA,NA,NA,NA,-3.9,23.5,-25.1,-33,-9.1,31.4,-25,36.7,35.4,28.4,2.8,9.4,6.2,-28.7,-5.2,-9.1,90,2.4,81.39,0.4793107509613037,-40.477605,0.13294919553556103,NA,111.5635,50.9,17.02,8.61
2023-09-01,NA,NA,NA,NA,NA,NA,NA,NA,95.5,-13.9,3.1,NA,NA,NA,98,NA,-18.2,95.2,-19.8,149,135.4,178.5,205.7,138.8,NA,2.66142857142857,3.8800476,4.12,4.08,NA,1579543,10269,NA,NA,NA,NA,NA,0.9367652381,103.6993,-15.3,-9.3,-3.4,-45.3,-28.7,66.6,24.4,25.4,-31.1,-20,18.5,24.7,NA,NA,-8.4,-18.7,-20.5,17.6,-5.4,5.8,-10.4,NA,NA,NA,NA,NA,NA,NA,NA,NA,NA,NA,-11.5,6.8,10.9,3.4,26.6,NA,NA,NA,NA,NA,NA,NA,-3.1,25.2,-24.2,-31.2,-5.7,28.8,-25.6,37.5,38.1,28.7,3.6,10.1,6.5,-30.4,-5.9,-9.1,90.1,2,89.43,0.45374795794487,-21.532154,0.12214038501124048,NA,109.9017,18.3,23.97,0.17
2023-10-01,909932.3,469049.5,198226.2,180027,383859,338876.1,0.1,NA,95.3,-15.1,3.1,77.09928,15371791,83426,98.3,128.8068,-18,96.5,-21.8,148.8,135.5,178.7,201.9,138.5,138.839,2.82318181818182,3.9676364,4.18,4.12,139.6,1580166,10979,NA,50.6,89,62.3,-2.5,0.947035,103.2704,-15.2,-9.2,-4.7,-44.2,-28.1,64.2,20.5,24.9,-32.3,-18.8,16.3,24.4,-70,-36.6,-14.1,-21.9,-23.6,16,-7.5,6.8,-14.4,39.2,33.9,27.9,23.4,5.9,3.3,32.9,-16.3,82.1,-10.7,-17.1,-9.6,6.7,15.2,6.9,25.2,30.9,29.3,39.4,3.5,10.5,27.3,89.8,-10.8,24.8,-27.8,-29.7,-10.1,25.2,-26.6,36.8,40.2,28.7,2.3,8.5,6.3,-30.4,-5.5,-6.7,90.5,4.1,85.64,0.7941721081733704,7.8371266,0.1471369761390136,0.0587372,105.3037,12,169.51,0
2023-11-01,NA,NA,NA,NA,NA,NA,NA,NA,95,-15.6,3.2,NA,NA,NA,97.8,NA,-17.7,96,-19.1,147.8,134.5,179.7,197.7,136.8,NA,2.60136363636364,3.9716364,4.22,4.15,NA,1581717,11236,NA,NA,NA,NA,NA,0.9246481818,103.1852,-16.3,-11.4,-5.4,-44.2,-28.5,59.3,18.3,25.1,-29.7,-19.8,18.1,25.5,NA,NA,-12.9,-22.7,-24.7,16.2,-7.8,3,-10.8,NA,NA,NA,NA,NA,NA,NA,NA,NA,NA,NA,-9.5,8.5,15.4,4.6,31.3,NA,NA,NA,NA,NA,NA,NA,-3.6,26,-27.1,-27.8,-8.9,21.7,-25.6,35.1,36.9,29.1,2.2,9,6.5,-27.9,-7.6,-1.4,90.3,4.8,77.69,0.3254271149635315,5.8547367,0.1202465475692325,NA,109.1999,43.7,363.88,0
2023-12-01,NA,NA,NA,NA,NA,NA,NA,NA,93.5,-14.4,3.2,NA,NA,NA,100.1,NA,-17.1,95.5,-19.3,148.1,135.2,179.9,193.7,138.1,NA,2.10210526315789,3.9348947,4.05,4,NA,1581358,10095,NA,NA,NA,NA,NA,0.9163171429,102.831,-13.8,-6,-3.2,-42,-28.7,56.2,24.3,26.4,-24.1,-17.5,17.4,25.1,NA,NA,-5.5,-24,-26.2,13.8,-5.3,4.7,-11.5,NA,NA,NA,NA,NA,NA,NA,NA,NA,NA,NA,-7.1,11.4,17.6,6.8,30.9,NA,NA,NA,NA,NA,NA,NA,-4.6,23.3,-21.9,-30.1,-5,26,-27.6,25.2,39.7,29.4,2.1,8.9,6.3,-29.9,-4.4,-0.8,92.8,7.3,71.9,0.5149330496788025,38.4789,0.13842954374676852,NA,116.1075,41.4,431.5,0
2024-01-01,911866.8,474310.7,200528.5,181168.4,379298,337338.4,-0.1,NA,94,-16.3,3.2,77.16428,15411408,83468,96.9,127.6179,-18.3,95.5,-25.6,147.9,134.4,181.5,196,137.4,140.178,2.17454545454545,3.9252727,3.85,3.79,138.9,1579194,11824,NA,50.1,88.7,62,-1.8,0.9170204348,102.729,-16.5,-8.4,-6,-46.4,-31.1,59.1,31.5,27.3,-31,-20.6,20.3,23.5,-68.7,-35.1,-10.7,-26.1,-29,12.9,-9.9,6.1,-10.1,34.9,36.2,29.4,17.2,9.9,3.9,31.5,-11.4,80.9,-13.3,-16,-8,8.2,17.4,3.8,31,30.4,32.1,33.6,2.1,10.2,28.6,88.1,-15.7,24.6,-28.7,-36.4,-11.5,25.9,-28.2,30.3,36,29.9,1.9,10.6,7.4,-30.2,-6.3,-0.3,90.4,5.9,74.15,0.5386446118354797,-6.7459599,0.1167618799428028,0.066024,115.7026,24.6,504.4,0
2024-02-01,NA,NA,NA,NA,NA,NA,NA,NA,95.1,-18.3,3.3,NA,NA,NA,95.7,NA,-18.4,95.6,-25.2,148.8,135.6,181.1,196.8,138.8,NA,2.3319047619,3.9231905,3.88,3.79,NA,1579624,11816,NA,NA,NA,NA,NA,0.9270433333,102.5142,-13.7,-5.6,-1.8,-43,-30.5,55.6,27.2,27.3,-29.4,-16.7,20,26.6,NA,NA,-10.5,-28,-29.7,16.6,-10.2,4,-12.5,NA,NA,NA,NA,NA,NA,NA,NA,NA,NA,NA,-8.1,5.7,14.4,2.8,24,NA,NA,NA,NA,NA,NA,NA,-15.4,24.9,-24.2,-35.3,-11.5,24.1,-24.8,40.4,35.8,17,2.5,9.3,6,-29.8,-6.9,-8,90,4,77.25,0.7066675424575806,19.66905,0.059630402448989636,NA,118.3303,13.7,322.23,0
2024-03-01,NA,NA,NA,NA,NA,NA,NA,NA,94,-16.9,3.3,NA,NA,NA,98.6,NA,-19.5,96.8,-20,149.8,136.8,180.8,196.4,140.4,NA,2.3495,3.9231,3.83,3.8,NA,1581849,13173,NA,NA,NA,NA,NA,0.9198809524,103.1688,-13.1,-4.9,-1.9,-43.1,-29.3,51.7,21,27.1,-27,-16.5,19.1,26.7,NA,NA,-10.6,-26.6,-27.8,13.7,-10.3,5.6,-8.9,NA,NA,NA,NA,NA,NA,NA,NA,NA,NA,NA,-10.1,6.2,14,4.3,23.3,NA,NA,NA,NA,NA,NA,NA,-6.3,23.1,-21.8,-30.6,-6.3,21.1,-23.1,36.3,39.9,18.8,2.5,8.4,5.2,-31.6,-7.5,-11.6,90.8,3.4,81.28,0.6577329635620117,25.010324,0.014253354976879684,NA,123.4314,10.9,311.69,0
2024-04-01,910649.6,475220.1,203989.2,178333.1,381460.2,341900.2,-0.1,NA,94.3,-18.3,3.4,77.30707,15482451,83514,97.6,128.054,-17.5,96.8,-17.5,150.7,137.3,181.7,200.9,141.1,141.5,2.4457142857,3.8853333,3.86,3.79,138.5,1582559,14039,NA,49.9,88.6,61.5,-0.6,0.9327668182,103.1459,-10.3,-1.5,1,-38.4,-27.7,50.2,20.1,27.3,-24.5,-13,22.2,29.8,-68.2,-29.8,-22.1,-33,-31.3,14.5,-7.3,3.9,-12.5,35.7,41.8,25.5,15.5,5.9,3.2,33.2,-12,79.7,-9,-13.6,-3.1,6.7,15.7,4.8,22.6,30.2,32.4,35.8,2.2,10.3,26.1,88.9,-0.9,23.4,-23.4,-28.3,-9.4,20.5,-24.5,39.5,37.9,23.7,2.1,8.3,5.6,-30.5,-4.6,-12.1,92.7,6.4,85.35,0.7214733362197876,-0.50617047,0.014596046950939379,0.1320742,123.603,15.8,220.29,0
2024-05-01,NA,NA,NA,NA,NA,NA,NA,NA,91.2,-17.8,3.4,NA,NA,NA,97.1,NA,-18.3,96.8,-16.4,151,138,181.5,198.4,142.4,NA,2.5195454545,3.8126818,3.91,3.86,NA,1584275,13126,NA,NA,NA,NA,NA,0.924853913,103.155,-10.5,-3.7,1.7,-34.7,-25.2,46.4,21.3,28,-25.5,-14.9,16.1,22.8,NA,NA,-3.5,-31.6,-28.7,15.2,-6.5,5.1,-12.3,NA,NA,NA,NA,NA,NA,NA,NA,NA,NA,NA,-2.9,11.2,16.7,4.3,21.4,NA,NA,NA,NA,NA,NA,NA,1.8,23,-22.2,-28.1,-10,20.4,-22.9,38.2,37.7,26.1,1.5,9.6,5.3,-31.1,-5.6,-1.7,93.2,8.4,80.02,0.47712257504463196,8.6622468,0.015908800220811183,NA,125.0604,29.2,65.13,0
2024-06-01,NA,NA,NA,NA,NA,NA,NA,NA,93.8,-16.9,3.4,NA,NA,NA,97.9,NA,-17.3,95.9,-20.4,151.3,138.5,182,196.1,143.4,NA,2.4845,3.7245,3.95,3.89,NA,1586892,14110,NA,NA,NA,NA,NA,0.9293125,103.0481,-10.4,-2,0.6,-35,-26.2,44,24.6,29,-25.3,-14,17.8,26.2,NA,NA,-16.1,-28.6,-26.7,15.5,-6.6,5.4,-10,NA,NA,NA,NA,NA,NA,NA,NA,NA,NA,NA,-3.6,9.9,16.4,4.6,21.8,NA,NA,NA,NA,NA,NA,NA,-6.2,23.2,-26.8,-31.8,-9.7,20.7,-21.9,38.1,39.1,13.2,1.7,9.1,5.1,-29.2,-5.3,2.9,93.1,7.6,79.77,0.4501648545265198,10.28384,0.0184880667473538,NA,122.8164,50.8,41.24,2.72
2024-07-01,911606,476562.6,206257.9,177725.5,376122.2,344637.3,0.4,NA,91.4,-18.8,3.4,77.19332,15470259,83535,96.3,128.645,-16.8,96.9,-24.2,152.1,139.4,182.1,196.6,145.3,142.727,2.4582608696,3.6848261,3.92,3.87,138.5,1589336,16356,NA,49.8,88.7,62,-2.2,0.9220765217,103.26220000000001,-8.5,-1.2,2.8,-34.4,-24.2,43.7,21.2,29.1,-22.8,-11.5,23.4,26.7,-66.4,-32,-16.1,-32.6,-32.9,16.8,-7,6.8,-11,37.5,44.7,25.2,10.5,9.1,3.3,36.2,-10,77.9,-8.5,-14.4,-1.3,10.7,14.2,3.3,25.2,31.6,31.2,32.6,3.4,11.9,29.5,89.7,-13.9,26,-22.4,-32.6,-12.8,23.6,-22.3,36.9,39.9,26.7,1.3,9.4,4.7,-31,-2.6,0.4,93,7.9,81.8,0.43108758330345154,10.437247,0.017256051854850227,0.3269042,123.5586,52.9,8.8,2.99
2024-08-01,NA,NA,NA,NA,NA,NA,NA,NA,93.5,-20,3.4,NA,NA,NA,94.6,NA,-16.4,98.5,-22.2,151.9,139.5,181.9,193.8,145.5,NA,2.2077272727,3.5475909,3.83,3.78,NA,1592379,14286,NA,NA,NA,NA,NA,0.9073031818,103.1225,-10,-0.8,-0.1,-35.3,-25.7,47.3,26,29.5,-23.9,-13.6,19.4,27,NA,NA,-15,-36.9,-34.6,17.3,-5.8,5.8,-14.8,NA,NA,NA,NA,NA,NA,NA,NA,NA,NA,NA,-5.8,8.4,13.4,2.6,22.9,NA,NA,NA,NA,NA,NA,NA,-10.9,25.5,-25.5,-30.4,-14.7,21.4,-19.7,37.3,40,28.8,1.4,9.8,5.4,-31.5,-1.2,1.9,91.5,5.4,76.68,0.4241043031215668,-1.0478408,0.0911420623748299,NA,121.2086,11.8,1.36,8.96
2024-09-01,NA,NA,NA,NA,NA,NA,NA,NA,91.7,-22.9,3.4,NA,NA,NA,93.2,NA,-15.2,99.8,-23.9,151.8,139.6,182.8,190.2,145,NA,2.1671428571,3.4337143,3.73,3.68,NA,1594536,14018,NA,NA,NA,NA,NA,0.9005252381,103.0895,-10.8,-1.8,1.3,-36.6,-26.7,39.6,25.1,30.3,-22,-16.3,19.8,27.3,NA,NA,-15.5,-38.5,-34.4,19,-11.3,7.3,-18.4,NA,NA,NA,NA,NA,NA,NA,NA,NA,NA,NA,-7,9.4,16.4,1.8,22.9,NA,NA,NA,NA,NA,NA,NA,-15.6,24.6,-23.8,-31.5,-14.9,19.4,-20.6,35.1,42.2,29.5,1.1,10.4,5.3,-29.3,-1.1,-0.7,90.2,6.3,70.24,0.494437575340271,12.453685,0.021538480579640803,NA,125.552,27.5,75.69,4.35
2024-10-01,913605.7,480286.7,206604,178590.8,373858.7,345461.4,0.4,NA,91.3,-23.6,3.4,77.26013,15518737,83550,92.9,128.2768,-15.7,98.9,-23.6,152.3,139.9,184.2,191,145.1,144.297,2.2295652174,3.1666087,3.65,3.59,137.7,1595705,14755,NA,49.6,88.1,62.2,-1.8,0.9177386957,102.945,-8.9,1.3,2.5,-36,-26.2,39.1,27,31.4,-21.3,-13,21.2,26.3,-65.2,-32.2,-19.8,-40.8,-35.2,19.6,-10.2,8.5,-20.7,38.8,44.9,19.8,9.3,8.5,3.6,48.1,-13,76.8,-10.9,-17.4,-5,7.8,15.4,1.1,25.8,31.2,32.1,38.2,3.8,10.6,28.2,89.5,-16.2,26,-24.4,-28.7,-11.9,19.6,-20.3,35.6,39.8,28.6,1,10.5,5.1,-30.2,-1.2,-2.3,90.7,6,71.99,0.5502658486366272,-4.1132036,0.008456310336135303,0.6240034,129.535,41.5,196.32,0
2024-11-01,NA,NA,NA,NA,NA,NA,NA,NA,92.3,-22.8,3.4,NA,NA,NA,92.5,NA,-17.2,99.4,-19.9,151.4,138.7,184.5,190.6,143,NA,2.3057142857,3.0067619,3.59,3.53,NA,1599020,14928,NA,NA,NA,NA,NA,0.94116,102.4143,-10.7,-1.2,-0.7,-40,-28.1,42.6,31.1,33.3,-21.9,-12.9,20,27.9,NA,NA,-10.9,-38.5,-36.9,21.3,-8.6,6.9,-19.6,NA,NA,NA,NA,NA,NA,NA,NA,NA,NA,NA,-8.3,5.2,12.1,0.4,23.2,NA,NA,NA,NA,NA,NA,NA,-6.6,24.7,-18.9,-28.5,-12.5,22.2,-20.9,35.5,41.7,28.5,1.2,9.9,5.8,-32,-2.4,-3.8,89.3,3,69.95,0.6989484429359436,-12.156304,0.01021534495104545,NA,128.2125,22.8,376.56,0
2024-12-01,NA,NA,NA,NA,NA,NA,NA,NA,90.8,-28.7,3.5,NA,NA,NA,90.2,NA,-14.7,98.1,-20.5,152.3,139.8,184.8,190.8,144.5,NA,2.1788888889,2.8246000000000002,3.56,3.49,NA,1599839,13890,NA,NA,NA,NA,NA,0.9557227273,102.374,-10.2,-0.3,-0.1,-40.8,-26.3,45.7,32.1,33.9,-21.1,-14.1,20.4,27.6,NA,NA,-19.6,-44.4,-39.6,24.3,-17.5,8.8,-21,NA,NA,NA,NA,NA,NA,NA,NA,NA,NA,NA,-5.8,5.5,8,-2.1,28,NA,NA,NA,NA,NA,NA,NA,-9.1,22.5,-22.7,-29.9,-14.3,26.2,-18.7,39.3,39.1,26.2,1.3,11.4,6.2,-27.5,-1.8,0.1,86.7,2.5,70.12,0.5355031490325928,-46.068832,0.006439773973251951,NA,133.0495,20.2,459.67,0
2025-01-01,914692.4,483123,205162,179051.1,379585.3,350876.7,0.4,NA,92.8,-25.4,3.5,77.25883,15423602,83555,92.5,129.5044,-15.4,99.9,-24,152,139.3,184.3,193.4,144.4,145.803,2.4836363636,2.7042727,3.52,3.48,138.3,1599946,15988,NA,49.3,89,61.9,-0.7,0.9654678261,101.4807,-11.3,-1.9,-0.7,-42.5,-26.9,46.8,33.8,33.4,-25.9,-16,23.3,29.6,-64.6,-31.7,-17.3,-44.6,-38.3,20.6,-11,8.4,-19.5,42,43.9,16.3,9.1,7.3,3.3,40.3,-9.1,76.8,-17.6,-20.9,-5.4,7.8,9.4,0.7,30.7,33.5,31.3,29.4,2.1,11.2,28.6,88.9,-13.4,23.7,-26.9,-34.8,-13.3,26.1,-19.4,37.1,38.8,29.7,1.1,9.8,5.5,-28.3,-2.6,1.5,88.3,3.9,75.74,0.5316487550735474,-63.027312,0.0066352498329483025,0.6493506,136.8108,19.3,488.6,0
2025-02-01,NA,NA,NA,NA,NA,NA,NA,NA,91.9,-23.1,3.6,NA,NA,NA,91.3,NA,-15.8,100,-22,152.7,139.8,186.5,194.3,145.3,NA,2.4055,2.52495,3.58,3.55,NA,1602246,15757,NA,NA,NA,NA,NA,0.959775,101.2641,-11.2,-4.2,-1.5,-42,-25.1,46,31,32.5,-26.3,-14.2,20.6,27.7,NA,NA,-8.3,-42.2,-36.8,20.5,-6.8,10.2,-18.9,NA,NA,NA,NA,NA,NA,NA,NA,NA,NA,NA,-3.2,9.5,10.5,-0.9,25.4,NA,NA,NA,NA,NA,NA,NA,-12,20.6,-24.8,-33.3,-14.6,26.4,-16.5,39.4,37.5,29.3,1.5,11.5,7.1,-27.8,-3.8,-0.7,89.8,5.6,71.53,1.1450124979019165,-67.259002,0.007167590307405662,NA,146.5735,14.9,449.94,0
2025-03-01,NA,NA,NA,NA,NA,NA,NA,NA,94.9,-20.9,3.6,NA,NA,NA,89.9,NA,-14.2,100.4,-24.2,153.3,140.7,187.2,191.2,146.2,NA,2.7414285714,2.4424286,3.6,3.59,NA,1605194,18251,NA,NA,NA,NA,NA,0.9249509524,102.5357,-10.3,-3.4,-1.5,-39.4,-23.1,46.7,31.9,31.8,-23.1,-13.4,21.7,28.4,NA,NA,-10.6,-40.7,-36.1,17.2,-4.8,7.6,-20.3,NA,NA,NA,NA,NA,NA,NA,NA,NA,NA,NA,-8.7,4.5,8.1,-2.7,25.5,NA,NA,NA,NA,NA,NA,NA,-14.5,25.3,-25.6,-32.8,-14.6,24.2,-17.1,38.7,38.6,30,1.1,11.8,6.6,-28.1,-0.3,-2.5,89.8,1.3,68.24,0.9425014853477478,-13.040825,0.046068064411210426,NA,150.6605,10.8,355.76,0
2025-04-01,914518.6,482690,206892.3,177007.5,374889,352966.3,0.9,NA,92,-19.4,3.7,77.08231,15339534,83527,92.1,129.6074,-16.2,101.2,-25.2,154,141.6,187.7,190.3,147.5,147.421,2.5105,2.2494,3.69,3.67,137.8,1608872,17108,NA,49.2,88.7,62.1,0.2,0.8904890909,104.1719,-10.5,-3.8,-0.1,-38.5,-23.7,48,35.4,32,-21.4,-14.5,21.5,26.2,-63.7,-32.6,-8.9,-38.1,-36.6,14.2,-5.8,12.7,-16.5,48,39,17.8,7.1,8.5,3.5,35.7,-4.3,76.9,-6.8,-20.2,-7.4,5.7,12.3,-0.8,25,34.4,32.3,30,2.5,12.1,28.5,87.7,-14.3,25.5,-29.3,-35.7,-13.9,21.5,-15.3,39.7,38.9,24.4,0.8,11.1,5.6,-30,-2.4,-4,91.1,3.6,63.54,0.6127525568008423,-24.72595,0.13239557994692033,0.873744,141.1967,6.4,216.94,0
2025-05-01,NA,NA,NA,NA,NA,NA,NA,NA,92.4,-17.1,3.7,NA,NA,NA,94.4,NA,-16,99.8,-19.5,154.2,141.8,187.5,189.5,147.8,NA,2.5628571429,2.0872381,3.66,3.66,NA,1612629,16336,NA,NA,NA,NA,NA,0.8860881818,103.8558,-9.1,-1.5,1.2,-38.5,-22.2,47,31.3,31.9,-21.3,-14,20.4,29.1,NA,NA,-3.4,-36.4,-34.8,14.1,-0.8,6.1,-15.5,NA,NA,NA,NA,NA,NA,NA,NA,NA,NA,NA,-8.6,4.9,10.8,2,23.9,NA,NA,NA,NA,NA,NA,NA,-9.7,21.1,-23.8,-27.7,-12.7,19.4,-17.8,37.2,40.3,26.2,1.1,11.2,5.8,-30,-2.1,-3.9,92.4,2.4,62.17,0.6730656623840332,-26.212885,0.030598889164452043,NA,154.1076,10.1,156.1,0
2025-06-01,NA,NA,NA,NA,NA,NA,NA,NA,92.4,-20.2,3.7,NA,NA,NA,91.9,NA,-13.6,101.2,-21.2,154.3,142.1,186.5,189.3,148.5,NA,2.519047619,1.983619,3.68,3.68,NA,1615082,15732,NA,NA,NA,NA,NA,0.8674985714,104.2111,-9.8,-5.1,1.2,-38.8,-20.5,46.1,26,31.9,-20.7,-14.9,22.5,28.6,NA,NA,-5.2,-42.7,-39,15.9,-2,4.1,-19.9,NA,NA,NA,NA,NA,NA,NA,NA,NA,NA,NA,-3.2,6,11.2,-0.6,23,NA,NA,NA,NA,NA,NA,NA,-9.5,27.3,-24.1,-26.9,-12.4,22.5,-15.8,37.6,40.5,27.4,0.6,11.4,5.7,-27.7,0.5,0,91.6,4.7,68.17,0.91999751329422,-3.4819675,0.04102776819921272,NA,153.508,14.3,17.48,4.27
2025-07-01,914257.8,482127,208488.1,177357.3,372253.7,352112.8,0.9,NA,92.5,-17.9,3.7,77.02869,15330863,83498,92.5,129.8747,-12.8,100.8,-23.2,154.9,142.7,187,190,149.6,149.088,2.6313043478,1.9863478,3.68,3.7,137.6,1620139,18411,NA,49.1,88.5,62.8,-2.3,0.8567643478,104.5012,-8.9,-2,2.2,-35.4,-22.5,46.2,29.8,32.8,-22.7,-13.3,26.3,30.6,-69.3,-32.3,-12.3,-39.3,-37.3,17.3,2.9,7.8,-17.4,48.4,39.3,18,9.2,7.4,3.5,29.8,-1.3,77.2,-3.4,-19.4,-3.5,5.1,10.3,0.4,23.8,35.6,29.9,32.9,2.8,11.2,28.9,89.4,-14,24.8,-25.8,-30.8,-15.4,25.1,-14,37.7,40.8,27.5,0.8,11.7,5.1,-26.4,0.9,3.8,92.5,4,68.39,0.6579344272613525,4.0477538,0.009170929793801253,1.07362,155.5515,12.7,5.64,6.75
2025-08-01,NA,NA,NA,NA,NA,NA,NA,NA,90.2,-19.3,3.8,NA,NA,NA,93,NA,-12.4,100.3,-22.1,155,142.8,187.6,189.3,149.9,NA,2.6733333333,2.0210952,3.71,3.73,NA,1624349,15597,NA,NA,NA,NA,NA,0.8586119048,104.5098,-10.5,-3.1,0,-36.9,-24.9,45,31.9,33.8,-24.2,-14.2,23.1,26.6,NA,NA,1.7,-38.1,-36.1,16.7,-3.2,6.9,-16.7,NA,NA,NA,NA,NA,NA,NA,NA,NA,NA,NA,-3.5,5.6,11.3,-0.6,25.9,NA,NA,NA,NA,NA,NA,NA,-15.7,22.6,-20.2,-28.1,-11.1,22.5,-15.6,37.8,40.1,29.2,1,11.8,6.6,-25.4,0.5,3.8,91.5,4.4,64.86,0.9143222570419312,13.351131,0.011640527712433036,NA,155.1833,16.3,17.08,8.13
2025-09-01,NA,NA,NA,NA,NA,NA,NA,NA,91.3,-20.5,3.8,NA,NA,NA,89.4,NA,-14.9,100.4,-23.1,155.4,143.2,188,188.9,149.9,NA,2.6931818182,2.0272727,3.74,3.76,NA,1628348,15820,NA,NA,NA,NA,NA,0.8519945455,104.8023,-9.2,-2.3,2.1,-38.3,-25.2,47.9,33.4,34.7,-22.7,-11.4,20.9,28,NA,NA,-9.4,-42,-36.6,19.5,0.1,6.1,-19,NA,NA,NA,NA,NA,NA,NA,NA,NA,NA,NA,-8.3,2.5,9,-5.4,21,NA,NA,NA,NA,NA,NA,NA,-15.5,26.2,-21.1,-27.5,-10.9,23.2,-14.6,36.1,41.6,29.8,1.1,11.3,7,-30.1,0.3,4.5,90.5,1.1,63.96,0.7054212689399719,19.236875,0.01830687703379797,NA,151.4297,23.7,77.52,0.02
2025-10-01,916692.1,486673.8,210929.8,179511.4,371746.9,353878.7,0.6,NA,91.6,-18.4,3.8,77.32418,15337240,83471,91.4,128.7738,-13.7,100.9,-21.5,155.8,143.7,188,189.3,150.4,149.98,2.617826087,2.0344348,3.71,3.73,136.7,1632546,16387,NA,48.9,87.8,63.4,-3.7,0.8593186957,104.6554,-10.8,-2.9,-0.9,-39.4,-26.4,46.4,33,34.5,-23.4,-12.9,22.2,28.3,-67.8,-34,1.2,-38.7,-34.7,17.5,1.1,6.6,-21.6,51.3,35.5,16.9,8.6,8,3.7,40,10.1,77.8,-16.3,-30.6,-6.4,5.5,10.1,-0.4,21.6,35,32.9,28.6,2.8,10.2,26.5,88.4,-14.8,23.4,-22.4,-26.1,-13.6,26.1,-12.9,37.8,38.6,31.3,0.8,12,5.9,-27,-0.3,5.1,91.5,3.1,60.89,0.5441581010818481,13.060231,0.012938937747869904,0.6961634,154.4256,26.6,239.67,0
2025-11-01,NA,NA,NA,NA,NA,NA,NA,NA,92.6,-19,3.9,NA,NA,NA,89.3,NA,-12.4,100.7,-23.8,155.2,142.8,188.1,190.4,149,NA,2.6575,2.04165,3.7,3.72,NA,1636381,16181,NA,NA,NA,NA,NA,0.86494,104.2912,-11.5,-5,-0.5,-40.3,-26.2,47.2,33.3,33.7,-20.4,-14.4,24.2,28.2,NA,NA,-1.7,-36.9,-32.3,17,-3.1,10.4,-21.5,NA,NA,NA,NA,NA,NA,NA,NA,NA,NA,NA,-5.7,6.2,11.8,-3.6,24.4,NA,NA,NA,NA,NA,NA,NA,-16.6,23,-21.5,-31.8,-14.4,28.7,-13.4,38.2,38.9,31,0.7,12.2,6.5,-28.2,3.3,7.3,91.1,4.1,60.06,0.5467915534973145,22.100626,0.012731980405931664,NA,150.3501,24.8,378.35,0
2025-12-01,NA,NA,NA,NA,NA,NA,NA,NA,91.7,-20.9,3.9,NA,NA,NA,88.4,NA,-12.1,101.2,-25.3,155.4,143.2,188,188.3,150.1,NA,2.8142105263,2.0484286,3.71,3.74,NA,1638337,15918,NA,NA,NA,NA,NA,0.8535247826,104.4764,-12,-3.9,-2.3,-38.8,-27.5,47.7,35.1,33.8,-21.8,-14.4,21.5,27,NA,NA,-9.9,-41,-35.7,17.5,-4.2,9.8,-21.5,NA,NA,NA,NA,NA,NA,NA,NA,NA,NA,NA,-8.4,5.6,11,-4.7,25.5,NA,NA,NA,NA,NA,NA,NA,-20.4,25.1,-25.2,-30.4,-14.8,23.9,-12.5,40.5,39.1,31.3,1.4,12.1,6.8,-25.4,1.2,8.1,89.9,2.7,57.97,0.7016393542289734,28.824831,0.005420092205572737,NA,154.2791,16.2,454.55,0
2026-01-01,920778.2,483772.5,212871.7,177099.5,380565.1,355821.1,0.6,NA,91.2,-17.5,3.9,77.28336,15385497,83413,91.5,128.46190000000001,-11.3,101.4,-25.2,NA,NA,NA,NA,NA,149.905,2.8066666667,2.0277273,3.77,3.79,NA,1638376,14961,NA,NA,NA,NA,-2.1,0.8519195455,104.1003,-9.9,-1.8,0.8,-37,-25.9,41.5,29.7,34.1,-21.7,-12.6,25.4,29.7,-63.5,-28.5,-7.5,-35.9,-32.6,13.7,-2.9,10.5,-19.4,49.9,35.4,15.9,9.8,8,3.8,34.7,0,77.6,-9.7,-26.5,-2.9,6.7,12.1,0,21.1,37.3,32.4,22.7,2.3,11.8,31,88.8,-24,25.3,-22.7,-26.2,-16.9,24.1,-11,36.1,36.8,32.5,1.2,11.4,7.5,-23.3,0.8,8.6,92.9,5.3,60.04,0.6656712889671326,1.3394484,0.022527731385609654,0.6403871,159.3243,21.9,596.0010271567271,0
2026-02-01,NA,NA,NA,NA,NA,NA,NA,NA,91.4,-15.4,3.9,NA,NA,NA,90.7,NA,-9.9,101.1,-25.2,NA,NA,NA,NA,NA,NA,2.745,2.0113,3.77,3.78,NA,1641268,15253,NA,NA,NA,NA,NA,0.845867,103.6467,-11,-3.1,0.5,-34.9,-27.1,43.7,31.1,35.1,-23.5,-14.3,24.6,28.9,NA,NA,-4,-32.5,-30.7,15.2,1.6,13,-18.7,NA,NA,NA,NA,NA,NA,NA,NA,NA,NA,NA,-6.4,2.2,14.8,-2.2,23.9,NA,NA,NA,NA,NA,NA,NA,-25.1,22.5,-20.4,-28,-15.1,26.4,-14.2,33.4,36.2,33.3,1.1,11,7.1,-21.5,1.7,9.2,92.7,3.5,64.51,0.4485783874988556,15.089143,0.02777181634625319,NA,160.134,20.8,439.52557050409257,0
2026-03-01,NA,NA,NA,NA,NA,NA,NA,NA,90.6,-14.6,3.9,NA,NA,NA,90.4,NA,-10.6,101.2,-25.4,NA,NA,NA,NA,NA,NA,2.91,2.1094091,3.72,3.74,NA,1643607,19528,NA,NA,NA,NA,NA,0.8655181818,104.0683,-13.5,-4.2,-2.8,-40.4,-31.9,47.2,49.2,37.1,-27.2,-15.1,25.9,29.8,NA,NA,-1.2,-29.3,-28.4,14.4,0,20.7,-18.9,NA,NA,NA,NA,NA,NA,NA,NA,NA,NA,NA,-3.9,8.9,13,-1.1,24.7,NA,NA,NA,NA,NA,NA,NA,-15.5,22.1,-24.6,-38.6,-18.5,30.1,-12.9,39.2,36.9,33.9,2.1,12.7,8.2,-21.6,0.5,18.2,92.7,6,91.38,1.4279134273529053,14.68627,0.051402498154436205,NA,149.5385,11.3,347.26962731375426,0
2026-04-01,923821.1,484378.8,213179.3,176749.7,387998,361295.3,0.9,NA,90.7,-14.3,3.9,77.32463,15274588,83356,84.9,NA,-12.5,100.7,-31.2,NA,NA,NA,NA,NA,151.155,3.001,2.1753,3.84,3.85,NA,1646985,17278,NA,NA,NA,NA,NA,0.8548127273,104.347,-17.5,-7.6,-6.9,-47.2,-35.7,56.2,50.5,39.2,-31.5,-20,23,27.1,-68.7,-34.5,-1.5,-27.9,-24.3,11.9,-3.2,32.6,-20.4,47.3,36.7,13.4,15.4,9.5,4.1,29.9,10.1,78.2,-9.1,-19.1,-13.3,4.9,5.8,-8.2,25.7,34.9,34.3,20.6,2.3,10.8,32.3,87.8,-20.2,26.5,-28.6,-46.9,-21.2,39.1,-12.6,37.1,38.8,29.3,8.3,15.7,9.1,-25.3,0.4,26,89,-0.8,100.32,0.9786917567253113,31.898428,0.02077121197398776,0.5212405,153.3461,11.4,244.9970011943456,0
2026-05-01,NA,NA,NA,NA,NA,NA,NA,NA,91.6,-15.3,3.9,NA,NA,NA,90.6,NA,-13.3,101.7,-31.2,NA,NA,NA,NA,NA,NA,3.0465,2.2261,3.93,3.93,NA,1651246,14301,NA,NA,NA,NA,NA,0.856177619,103.5417,-15.9,-7.4,-4.9,-46.8,-33.9,55.6,42.6,40.8,-28.6,-17.5,18.9,25.7,NA,NA,-6.9,-28.7,-27.5,12.5,-4.6,30.1,-19,NA,NA,NA,NA,NA,NA,NA,NA,NA,NA,NA,-7.9,5.8,8.8,-0.7,25.2,NA,NA,NA,NA,NA,NA,NA,-21.3,27.1,-29.2,-45.2,-18.7,33.9,-11.7,38.6,37.7,29.6,7.6,14.4,7.4,-26.8,0.2,17,90.1,2.2,102.13,0.7958219051361084,53.750324,0.0063667088626140015,NA,156.074,25.3,104.67548283599261,0.9904680789248562
2026-06-01,NA,NA,NA,NA,NA,NA,NA,NA,91.9,-13.1,4,NA,NA,NA,87.5,NA,-14.3,101.9,-29.6,NA,NA,NA,NA,NA,NA,2.96409090909091,2.339,3.95,3.95,NA,1653371,16432,NA,NA,NA,NA,NA,0.868364090909091,102.716,-14.5,-6.2,-4,-44.5,-33.5,48.5,37.4,40.8,-27.6,-14.5,18.1,27.1,NA,NA,-13.4,-26.1,-25.8,10.2,-3.1,26,-17.6,NA,NA,NA,NA,NA,NA,NA,NA,NA,NA,NA,-8.1,7.7,8.5,-4.6,22,NA,NA,NA,NA,NA,NA,NA,-21.4,25.8,-28.1,-41.6,-22.7,37.6,-12.5,38.4,40.5,29.4,7.1,14.4,6.2,-28.5,0,10.2,91.8,2.7,84.81,0.6301472187042236,44.922417,0.005083863656364399,NA,156.0489,26.6,19.903587999470947,42.23627263909941
2026-07-01,NA,NA,NA,NA,NA,NA,NA,NA,90.5,-12.6,4,NA,NA,NA,90.4,NA,-14.2,98.6,-25.7,NA,NA,NA,NA,NA,NA,3.0704347826087,2.4253913,3.93,3.94,NA,1658429,18081,NA,NA,NA,NA,NA,0.875590869565217,103.2662,-13.7,-4.7,-4.1,-43.4,-32.7,47,37.6,39.8,-23.7,-13.4,24.1,28.6,-67.2,-34.4,5,-28.3,-25.5,12.1,2.5,22.3,-18,45.9,37.5,16.4,15.7,9.2,3.7,31.1,12.3,77.9,-10.7,-20.2,-4.5,7.7,10.4,-2,20.1,38,29.4,24.9,2.9,9.2,30.9,88.8,-16.7,25,-26.3,-35.5,-16.9,31.1,-12.8,38.5,38.8,31.6,5.4,13.9,7.1,-28.3,-0.1,8.7,93,4.5,80.46,0.49355635046958923,44.83344,0.00860900436063635,NA,157.4312,29.2,0,17.38070809042874
2026-08-01,NA,NA,NA,NA,NA,NA,NA,NA,NA,-10.7,4,NA,NA,NA,93.8,NA,-14.2,99.9,-25.7,NA,NA,NA,NA,NA,NA,3.18,2.5131429,4.01,4.02,NA,1661782,15113,NA,NA,NA,NA,NA,0.862469047619048,103.5365,-12.7,-3.9,-1,-43.6,-32.3,50.9,39.8,38.2,-25.1,-13.6,23.5,27.8,NA,NA,0.1,-24.4,-22.5,12.4,4.7,19.1,-9.3,NA,NA,NA,NA,NA,NA,NA,NA,NA,NA,NA,-2.1,8.5,10.8,0.3,21.1,NA,NA,NA,NA,NA,NA,NA,-18.9,26.4,-23.8,-31.9,-17.2,27.8,-10.8,38.4,40.3,30.3,4.2,13.8,6.8,-27.5,-0.8,10.7,94.4,5.7,83.9,NA,NA,0.01189156823628375,NA,163.2341,36.4,0.5500931407771662,20.70999998532668
2026-09-01,NA,NA,NA,NA,NA,NA,NA,NA,NA,-8.2,NA,NA,NA,NA,93.6,NA,-13.2,NA,-24.9,NA,NA,NA,NA,NA,NA,NA,NA,NA,NA,NA,NA,NA,NA,NA,NA,NA,NA,NA,NA,-14.5,-6,-4.3,-40.6,-31.6,53.1,41.2,36.7,-24.8,-16.1,25.3,29.2,NA,NA,0.7,-22.8,-21,14,12.1,23.4,-9.2,NA,NA,NA,NA,NA,NA,NA,NA,NA,NA,NA,-1.4,11.5,11.2,1,20.9,NA,NA,NA,NA,NA,NA,NA,-17.8,26.1,-23.4,-30.8,-20.5,27.4,-10.7,40.1,39.3,30.2,3.5,14.4,6.6,-25.8,-0.6,17.2,95,7.1,NA,NA,NA,0.02100025071106002,NA,NA,20.1,30.07546721481465,0.1557221107865047
