date,real_gdp,real_household_consumption,real_govt_consumption,real_gfcf_total,real_exports,real_imports,real_household_disposable_income,industrial_production,industrial_confidence,unemployment_rate,employment_rate,hours_worked,employment_expectations,house_price_real,construction_confidence,retail_sales_volume,retail_confidence,cpi_index,core_cpi_index,food_price_index,energy_price_index,services_price_index,unit_labor_cost,long_term_rate,short_term_rate,mortgage_rate,credit_to_private_nonfin_sector,household_mortgage_loans,euro_area_household_net_worth_growth,household_credit_to_gdp,corporate_credit_to_gdp,government_debt_to_gdp,government_primary_balance_to_gdp,fx_rate_to_usd,real_effective_exchange_rate,consumer_confidence,economic_sentiment_indicator,services_confidence,oil_price,geopolitical_risk,global_activity,financial_stress,world_uncertainty_index,share_price_index,construction_weather_constraint,heating_degree_days,cooling_degree_days
1919-01-01,NA,NA,NA,NA,NA,NA,NA,4.637457,NA,NA,NA,NA,NA,NA,NA,NA,NA,NA,NA,NA,NA,NA,NA,NA,NA,NA,NA,NA,NA,NA,NA,NA,NA,NA,NA,NA,NA,NA,NA,NA,NA,NA,NA,NA,NA,NA,NA
1919-04-01,NA,NA,NA,NA,NA,NA,NA,4.672977,NA,NA,NA,NA,NA,NA,NA,NA,NA,NA,NA,NA,NA,NA,NA,NA,NA,NA,NA,NA,NA,NA,NA,NA,NA,NA,NA,NA,NA,NA,NA,NA,NA,NA,NA,NA,NA,NA,NA
1919-07-01,NA,NA,NA,NA,NA,NA,NA,5.188239,NA,NA,NA,NA,NA,NA,NA,NA,NA,NA,NA,NA,NA,NA,NA,NA,NA,NA,NA,NA,NA,NA,NA,NA,NA,NA,NA,NA,NA,NA,NA,NA,NA,NA,NA,NA,NA,NA,NA
1919-10-01,NA,NA,NA,NA,NA,NA,NA,5.063901,NA,NA,NA,NA,NA,NA,NA,NA,NA,NA,NA,NA,NA,NA,NA,NA,NA,NA,NA,NA,NA,NA,NA,NA,NA,NA,NA,NA,NA,NA,NA,NA,NA,NA,NA,NA,NA,NA,NA
1920-01-01,NA,NA,NA,NA,NA,NA,NA,5.534721,NA,NA,NA,NA,NA,NA,NA,NA,NA,NA,NA,NA,NA,NA,NA,NA,NA,NA,NA,NA,NA,NA,NA,NA,NA,NA,NA,NA,NA,NA,NA,NA,NA,NA,NA,NA,NA,NA,NA
1920-04-01,NA,NA,NA,NA,NA,NA,NA,5.27709,NA,NA,NA,NA,NA,NA,NA,NA,NA,NA,NA,NA,NA,NA,NA,NA,NA,NA,NA,NA,NA,NA,NA,NA,NA,NA,NA,NA,NA,NA,NA,NA,NA,NA,NA,NA,NA,NA,NA
1920-07-01,NA,NA,NA,NA,NA,NA,NA,5.179384,NA,NA,NA,NA,NA,NA,NA,NA,NA,NA,NA,NA,NA,NA,NA,NA,NA,NA,NA,NA,NA,NA,NA,NA,NA,NA,NA,NA,NA,NA,NA,NA,NA,NA,NA,NA,NA,NA,NA
1920-10-01,NA,NA,NA,NA,NA,NA,NA,4.495309,NA,NA,NA,NA,NA,NA,NA,NA,NA,NA,NA,NA,NA,NA,NA,NA,NA,NA,NA,NA,NA,NA,NA,NA,NA,NA,NA,NA,NA,NA,NA,NA,NA,NA,NA,NA,NA,NA,NA
1921-01-01,NA,NA,NA,NA,NA,NA,NA,3.855642,NA,NA,NA,NA,NA,NA,NA,NA,NA,NA,NA,NA,NA,NA,NA,NA,NA,NA,NA,NA,NA,NA,NA,NA,NA,NA,NA,NA,NA,NA,NA,NA,NA,NA,NA,NA,NA,NA,NA
1921-04-01,NA,NA,NA,NA,NA,NA,NA,3.820122,NA,NA,NA,NA,NA,NA,NA,NA,NA,NA,NA,NA,NA,NA,NA,NA,NA,NA,NA,NA,NA,NA,NA,NA,NA,NA,NA,NA,NA,NA,NA,NA,NA,NA,NA,NA,NA,NA,NA
1921-07-01,NA,NA,NA,NA,NA,NA,NA,3.90894,NA,NA,NA,NA,NA,NA,NA,NA,NA,NA,NA,NA,NA,NA,NA,NA,NA,NA,NA,NA,NA,NA,NA,NA,NA,NA,NA,NA,NA,NA,NA,NA,NA,NA,NA,NA,NA,NA,NA
1921-10-01,NA,NA,NA,NA,NA,NA,NA,4.166571,NA,NA,NA,NA,NA,NA,NA,NA,NA,NA,NA,NA,NA,NA,NA,NA,NA,NA,NA,NA,NA,NA,NA,NA,NA,NA,NA,NA,NA,NA,NA,NA,NA,NA,NA,NA,NA,NA,NA
1922-01-01,NA,NA,NA,NA,NA,NA,NA,4.495309,NA,NA,NA,NA,NA,NA,NA,NA,NA,NA,NA,NA,NA,NA,NA,NA,NA,NA,NA,NA,NA,NA,NA,NA,NA,NA,NA,NA,NA,NA,NA,NA,NA,NA,NA,NA,NA,NA,NA
1922-04-01,NA,NA,NA,NA,NA,NA,NA,4.797348,NA,NA,NA,NA,NA,NA,NA,NA,NA,NA,NA,NA,NA,NA,NA,NA,NA,NA,NA,NA,NA,NA,NA,NA,NA,NA,NA,NA,NA,NA,NA,NA,NA,NA,NA,NA,NA,NA,NA
1922-07-01,NA,NA,NA,NA,NA,NA,NA,5.054979,NA,NA,NA,NA,NA,NA,NA,NA,NA,NA,NA,NA,NA,NA,NA,NA,NA,NA,NA,NA,NA,NA,NA,NA,NA,NA,NA,NA,NA,NA,NA,NA,NA,NA,NA,NA,NA,NA,NA
1922-10-01,NA,NA,NA,NA,NA,NA,NA,5.703534,NA,NA,NA,NA,NA,NA,NA,NA,NA,NA,NA,NA,NA,NA,NA,NA,NA,NA,NA,NA,NA,NA,NA,NA,NA,NA,NA,NA,NA,NA,NA,NA,NA,NA,NA,NA,NA,NA,NA
1923-01-01,NA,NA,NA,NA,NA,NA,NA,5.872314,NA,NA,NA,NA,NA,NA,NA,NA,NA,NA,NA,NA,NA,NA,NA,NA,NA,NA,NA,NA,NA,NA,NA,NA,NA,NA,NA,NA,NA,NA,NA,NA,NA,NA,NA,NA,NA,NA,NA
1923-04-01,NA,NA,NA,NA,NA,NA,NA,6.192131,NA,NA,NA,NA,NA,NA,NA,NA,NA,NA,NA,NA,NA,NA,NA,NA,NA,NA,NA,NA,NA,NA,NA,NA,NA,NA,NA,NA,NA,NA,NA,NA,NA,NA,NA,NA,NA,NA,NA
1923-07-01,NA,NA,NA,NA,NA,NA,NA,6.014462,NA,NA,NA,NA,NA,NA,NA,NA,NA,NA,NA,NA,NA,NA,NA,NA,NA,NA,NA,NA,NA,NA,NA,NA,NA,NA,NA,NA,NA,NA,NA,NA,NA,NA,NA,NA,NA,NA,NA
1923-10-01,NA,NA,NA,NA,NA,NA,NA,5.819017,NA,NA,NA,NA,NA,NA,NA,NA,NA,NA,NA,NA,NA,NA,NA,NA,NA,NA,NA,NA,NA,NA,NA,NA,NA,NA,NA,NA,NA,NA,NA,NA,NA,NA,NA,NA,NA,NA,NA
1924-01-01,NA,NA,NA,NA,NA,NA,NA,5.89898,NA,NA,NA,NA,NA,NA,NA,NA,NA,NA,NA,NA,NA,NA,NA,NA,NA,NA,NA,NA,NA,NA,NA,NA,NA,NA,NA,NA,NA,NA,NA,NA,NA,NA,NA,NA,NA,NA,NA
1924-04-01,NA,NA,NA,NA,NA,NA,NA,5.437015,NA,NA,NA,NA,NA,NA,NA,NA,NA,NA,NA,NA,NA,NA,NA,NA,NA,NA,NA,NA,NA,NA,NA,NA,NA,NA,NA,NA,NA,NA,NA,NA,NA,NA,NA,NA,NA,NA,NA
1924-07-01,NA,NA,NA,NA,NA,NA,NA,5.303755,NA,NA,NA,NA,NA,NA,NA,NA,NA,NA,NA,NA,NA,NA,NA,NA,NA,NA,NA,NA,NA,NA,NA,NA,NA,NA,NA,NA,NA,NA,NA,NA,NA,NA,NA,NA,NA,NA,NA
1924-10-01,NA,NA,NA,NA,NA,NA,NA,5.747943,NA,NA,NA,NA,NA,NA,NA,NA,NA,NA,NA,NA,NA,NA,NA,NA,NA,NA,NA,NA,NA,NA,NA,NA,NA,NA,NA,NA,NA,NA,NA,NA,NA,NA,NA,NA,NA,NA,NA
1925-01-01,NA,NA,NA,NA,NA,NA,NA,6.076681,NA,NA,NA,NA,NA,NA,NA,NA,NA,NA,NA,NA,NA,NA,NA,NA,NA,NA,NA,NA,NA,NA,NA,NA,NA,NA,NA,NA,NA,NA,NA,NA,NA,NA,NA,NA,NA,NA,NA
1925-04-01,NA,NA,NA,NA,NA,NA,NA,6.094425,NA,NA,NA,NA,NA,NA,NA,NA,NA,NA,NA,NA,NA,NA,NA,NA,NA,NA,NA,NA,NA,NA,NA,NA,NA,NA,NA,NA,NA,NA,NA,NA,NA,NA,NA,NA,NA,NA,NA
1925-07-01,NA,NA,NA,NA,NA,NA,NA,6.112202,NA,NA,NA,NA,NA,NA,NA,NA,NA,NA,NA,NA,NA,NA,NA,NA,NA,NA,NA,NA,NA,NA,NA,NA,NA,NA,NA,NA,NA,NA,NA,NA,NA,NA,NA,NA,NA,NA,NA
1925-10-01,NA,NA,NA,NA,NA,NA,NA,6.378721,NA,NA,NA,NA,NA,NA,NA,NA,NA,NA,NA,NA,NA,NA,NA,NA,NA,NA,NA,NA,NA,NA,NA,NA,NA,NA,NA,NA,NA,NA,NA,NA,NA,NA,NA,NA,NA,NA,NA
1926-01-01,NA,NA,NA,NA,NA,NA,NA,6.396465,NA,NA,NA,NA,NA,NA,NA,NA,NA,NA,NA,NA,NA,NA,NA,NA,NA,NA,NA,NA,NA,NA,NA,NA,NA,NA,NA,NA,NA,NA,NA,NA,NA,NA,NA,NA,NA,NA,NA
1926-04-01,NA,NA,NA,NA,NA,NA,NA,6.440907,NA,NA,NA,NA,NA,NA,NA,NA,NA,NA,NA,NA,NA,NA,NA,NA,NA,NA,NA,NA,NA,NA,NA,NA,NA,NA,NA,NA,NA,NA,NA,NA,NA,NA,NA,NA,NA,NA,NA
1926-07-01,NA,NA,NA,NA,NA,NA,NA,6.591943,NA,NA,NA,NA,NA,NA,NA,NA,NA,NA,NA,NA,NA,NA,NA,NA,NA,NA,NA,NA,NA,NA,NA,NA,NA,NA,NA,NA,NA,NA,NA,NA,NA,NA,NA,NA,NA,NA,NA
1926-10-01,NA,NA,NA,NA,NA,NA,NA,6.663017,NA,NA,NA,NA,NA,NA,NA,NA,NA,NA,NA,NA,NA,NA,NA,NA,NA,NA,NA,NA,NA,NA,NA,NA,NA,NA,NA,NA,NA,NA,NA,NA,NA,NA,NA,NA,NA,NA,NA
1927-01-01,NA,NA,NA,NA,NA,NA,NA,6.671873,NA,NA,NA,NA,NA,NA,NA,NA,NA,NA,NA,NA,NA,NA,NA,NA,NA,NA,NA,NA,NA,NA,NA,NA,NA,NA,NA,NA,NA,NA,NA,NA,NA,NA,NA,NA,NA,NA,NA
1927-04-01,NA,NA,NA,NA,NA,NA,NA,6.609687,NA,NA,NA,NA,NA,NA,NA,NA,NA,NA,NA,NA,NA,NA,NA,NA,NA,NA,NA,NA,NA,NA,NA,NA,NA,NA,NA,NA,NA,NA,NA,NA,NA,NA,NA,NA,NA,NA,NA
1927-07-01,NA,NA,NA,NA,NA,NA,NA,6.494171,NA,NA,NA,NA,NA,NA,NA,NA,NA,NA,NA,NA,NA,NA,NA,NA,NA,NA,NA,NA,NA,NA,NA,NA,NA,NA,NA,NA,NA,NA,NA,NA,NA,NA,NA,NA,NA,NA,NA
1927-10-01,NA,NA,NA,NA,NA,NA,NA,6.298791,NA,NA,NA,NA,NA,NA,NA,NA,NA,NA,NA,NA,NA,NA,NA,NA,NA,NA,NA,NA,NA,NA,NA,NA,NA,NA,NA,NA,NA,NA,NA,NA,NA,NA,NA,NA,NA,NA,NA
1928-01-01,NA,NA,NA,NA,NA,NA,NA,6.503092,NA,NA,NA,NA,NA,NA,NA,NA,NA,NA,NA,NA,NA,NA,NA,NA,NA,NA,NA,NA,NA,NA,NA,NA,NA,NA,NA,NA,NA,NA,NA,NA,NA,NA,NA,NA,NA,NA,NA
1928-04-01,NA,NA,NA,NA,NA,NA,NA,6.600799,NA,NA,NA,NA,NA,NA,NA,NA,NA,NA,NA,NA,NA,NA,NA,NA,NA,NA,NA,NA,NA,NA,NA,NA,NA,NA,NA,NA,NA,NA,NA,NA,NA,NA,NA,NA,NA,NA,NA
1928-07-01,NA,NA,NA,NA,NA,NA,NA,6.849541,NA,NA,NA,NA,NA,NA,NA,NA,NA,NA,NA,NA,NA,NA,NA,NA,NA,NA,NA,NA,NA,NA,NA,NA,NA,NA,NA,NA,NA,NA,NA,NA,NA,NA,NA,NA,NA,NA,NA
1928-10-01,NA,NA,NA,NA,NA,NA,NA,7.196023,NA,NA,NA,NA,NA,NA,NA,NA,NA,NA,NA,NA,NA,NA,NA,NA,NA,NA,NA,NA,NA,NA,NA,NA,NA,NA,NA,NA,NA,NA,NA,NA,NA,NA,NA,NA,NA,NA,NA
1929-01-01,NA,NA,NA,NA,NA,NA,NA,7.427022,NA,NA,NA,NA,NA,NA,NA,NA,NA,NA,NA,NA,NA,NA,NA,NA,NA,NA,NA,NA,NA,NA,NA,NA,NA,NA,NA,NA,NA,NA,NA,NA,NA,NA,NA,NA,NA,NA,NA
1929-04-01,NA,NA,NA,NA,NA,NA,NA,7.675764,NA,NA,NA,NA,NA,NA,NA,NA,NA,NA,NA,NA,NA,NA,NA,NA,NA,NA,NA,NA,NA,NA,NA,NA,NA,NA,NA,NA,NA,NA,NA,NA,NA,NA,NA,NA,NA,NA,NA
1929-07-01,NA,NA,NA,NA,NA,NA,NA,7.79128,NA,NA,NA,NA,NA,NA,NA,NA,NA,NA,NA,NA,NA,NA,NA,NA,NA,NA,NA,NA,NA,NA,NA,NA,NA,NA,NA,NA,NA,NA,NA,NA,NA,NA,NA,NA,NA,NA,NA
1929-10-01,NA,NA,NA,NA,NA,NA,NA,7.240465,NA,NA,NA,NA,NA,NA,NA,NA,NA,NA,NA,NA,NA,NA,NA,NA,NA,NA,NA,NA,NA,NA,NA,NA,NA,NA,NA,NA,NA,NA,NA,NA,NA,NA,NA,NA,NA,NA,NA
1930-01-01,NA,NA,NA,NA,NA,NA,NA,6.849574,NA,NA,NA,NA,NA,NA,NA,NA,NA,NA,NA,NA,NA,NA,NA,NA,NA,NA,NA,NA,NA,NA,NA,NA,NA,NA,NA,NA,NA,NA,NA,NA,NA,NA,NA,NA,NA,NA,NA
1930-04-01,NA,NA,NA,NA,NA,NA,NA,6.583055,NA,NA,NA,NA,NA,NA,NA,NA,NA,NA,NA,NA,NA,NA,NA,NA,NA,NA,NA,NA,NA,NA,NA,NA,NA,NA,NA,NA,NA,NA,NA,NA,NA,NA,NA,NA,NA,NA,NA
1930-07-01,NA,NA,NA,NA,NA,NA,NA,6.005574,NA,NA,NA,NA,NA,NA,NA,NA,NA,NA,NA,NA,NA,NA,NA,NA,NA,NA,NA,NA,NA,NA,NA,NA,NA,NA,NA,NA,NA,NA,NA,NA,NA,NA,NA,NA,NA,NA,NA
1930-10-01,NA,NA,NA,NA,NA,NA,NA,5.596907,NA,NA,NA,NA,NA,NA,NA,NA,NA,NA,NA,NA,NA,NA,NA,NA,NA,NA,NA,NA,NA,NA,NA,NA,NA,NA,NA,NA,NA,NA,NA,NA,NA,NA,NA,NA,NA,NA,NA
1931-01-01,NA,NA,NA,NA,NA,NA,NA,5.490312,NA,NA,NA,NA,NA,NA,NA,NA,NA,NA,NA,NA,NA,NA,NA,NA,NA,NA,NA,NA,NA,NA,NA,NA,NA,NA,NA,NA,NA,NA,NA,NA,NA,NA,NA,NA,NA,NA,NA
1931-04-01,NA,NA,NA,NA,NA,NA,NA,5.4992,NA,NA,NA,NA,NA,NA,NA,NA,NA,NA,NA,NA,NA,NA,NA,NA,NA,NA,NA,NA,NA,NA,NA,NA,NA,NA,NA,NA,NA,NA,NA,NA,NA,NA,NA,NA,NA,NA,NA
1931-07-01,NA,NA,NA,NA,NA,NA,NA,5.099422,NA,NA,NA,NA,NA,NA,NA,NA,NA,NA,NA,NA,NA,NA,NA,NA,NA,NA,NA,NA,NA,NA,NA,NA,NA,NA,NA,NA,NA,NA,NA,NA,NA,NA,NA,NA,NA,NA,NA
1931-10-01,NA,NA,NA,NA,NA,NA,NA,4.646345,NA,NA,NA,NA,NA,NA,NA,NA,NA,NA,NA,NA,NA,NA,NA,NA,NA,NA,NA,NA,NA,NA,NA,NA,NA,NA,NA,NA,NA,NA,NA,NA,NA,NA,NA,NA,NA,NA,NA
1932-01-01,NA,NA,NA,NA,NA,NA,NA,4.388681,NA,NA,NA,NA,NA,NA,NA,NA,NA,NA,NA,NA,NA,NA,NA,NA,NA,NA,NA,NA,NA,NA,NA,NA,NA,NA,NA,NA,NA,NA,NA,NA,NA,NA,NA,NA,NA,NA,NA
1932-04-01,NA,NA,NA,NA,NA,NA,NA,3.891196,NA,NA,NA,NA,NA,NA,NA,NA,NA,NA,NA,NA,NA,NA,NA,NA,NA,NA,NA,NA,NA,NA,NA,NA,NA,NA,NA,NA,NA,NA,NA,NA,NA,NA,NA,NA,NA,NA,NA
1932-07-01,NA,NA,NA,NA,NA,NA,NA,3.802345,NA,NA,NA,NA,NA,NA,NA,NA,NA,NA,NA,NA,NA,NA,NA,NA,NA,NA,NA,NA,NA,NA,NA,NA,NA,NA,NA,NA,NA,NA,NA,NA,NA,NA,NA,NA,NA,NA,NA
1932-10-01,NA,NA,NA,NA,NA,NA,NA,4.104385,NA,NA,NA,NA,NA,NA,NA,NA,NA,NA,NA,NA,NA,NA,NA,NA,NA,NA,NA,NA,NA,NA,NA,NA,NA,NA,NA,NA,NA,NA,NA,NA,NA,NA,NA,NA,NA,NA,NA
1933-01-01,NA,NA,NA,NA,NA,NA,NA,3.90894,NA,NA,NA,NA,NA,NA,NA,NA,NA,NA,NA,NA,NA,NA,NA,NA,NA,NA,NA,NA,NA,NA,NA,NA,NA,NA,NA,NA,NA,NA,NA,NA,NA,NA,NA,NA,NA,NA,NA
1933-04-01,NA,NA,NA,NA,NA,NA,NA,4.708531,NA,NA,NA,NA,NA,NA,NA,NA,NA,NA,NA,NA,NA,NA,NA,NA,NA,NA,NA,NA,NA,NA,NA,NA,NA,NA,NA,NA,NA,NA,NA,NA,NA,NA,NA,NA,NA,NA,NA
1933-07-01,NA,NA,NA,NA,NA,NA,NA,5.650204,NA,NA,NA,NA,NA,NA,NA,NA,NA,NA,NA,NA,NA,NA,NA,NA,NA,NA,NA,NA,NA,NA,NA,NA,NA,NA,NA,NA,NA,NA,NA,NA,NA,NA,NA,NA,NA,NA,NA
1933-10-01,NA,NA,NA,NA,NA,NA,NA,4.903976,NA,NA,NA,NA,NA,NA,NA,NA,NA,NA,NA,NA,NA,NA,NA,NA,NA,NA,NA,NA,NA,NA,NA,NA,NA,NA,NA,NA,NA,NA,NA,NA,NA,NA,NA,NA,NA,NA,NA
1934-01-01,NA,NA,NA,NA,NA,NA,NA,5.223793,NA,NA,NA,NA,NA,NA,NA,NA,NA,NA,NA,NA,NA,NA,NA,NA,NA,NA,NA,NA,NA,NA,NA,NA,NA,NA,NA,NA,NA,NA,NA,NA,NA,NA,NA,NA,NA,NA,NA
1934-04-01,NA,NA,NA,NA,NA,NA,NA,5.4992,NA,NA,NA,NA,NA,NA,NA,NA,NA,NA,NA,NA,NA,NA,NA,NA,NA,NA,NA,NA,NA,NA,NA,NA,NA,NA,NA,NA,NA,NA,NA,NA,NA,NA,NA,NA,NA,NA,NA
1934-07-01,NA,NA,NA,NA,NA,NA,NA,4.957273,NA,NA,NA,NA,NA,NA,NA,NA,NA,NA,NA,NA,NA,NA,NA,NA,NA,NA,NA,NA,NA,NA,NA,NA,NA,NA,NA,NA,NA,NA,NA,NA,NA,NA,NA,NA,NA,NA,NA
1934-10-01,NA,NA,NA,NA,NA,NA,NA,5.099389,NA,NA,NA,NA,NA,NA,NA,NA,NA,NA,NA,NA,NA,NA,NA,NA,NA,NA,NA,NA,NA,NA,NA,NA,NA,NA,NA,NA,NA,NA,NA,NA,NA,NA,NA,NA,NA,NA,NA
1935-01-01,NA,NA,NA,NA,NA,NA,NA,5.819017,NA,NA,NA,NA,NA,NA,NA,NA,NA,NA,NA,NA,NA,NA,NA,NA,NA,NA,NA,NA,NA,NA,NA,NA,NA,NA,NA,NA,NA,NA,NA,NA,NA,NA,NA,NA,NA,NA,NA
1935-04-01,NA,NA,NA,NA,NA,NA,NA,5.756798,NA,NA,NA,NA,NA,NA,NA,NA,NA,NA,NA,NA,NA,NA,NA,NA,NA,NA,NA,NA,NA,NA,NA,NA,NA,NA,NA,NA,NA,NA,NA,NA,NA,NA,NA,NA,NA,NA,NA
1935-07-01,NA,NA,NA,NA,NA,NA,NA,6.005574,NA,NA,NA,NA,NA,NA,NA,NA,NA,NA,NA,NA,NA,NA,NA,NA,NA,NA,NA,NA,NA,NA,NA,NA,NA,NA,NA,NA,NA,NA,NA,NA,NA,NA,NA,NA,NA,NA,NA
1935-10-01,NA,NA,NA,NA,NA,NA,NA,6.485315,NA,NA,NA,NA,NA,NA,NA,NA,NA,NA,NA,NA,NA,NA,NA,NA,NA,NA,NA,NA,NA,NA,NA,NA,NA,NA,NA,NA,NA,NA,NA,NA,NA,NA,NA,NA,NA,NA,NA
1936-01-01,NA,NA,NA,NA,NA,NA,NA,6.396498,NA,NA,NA,NA,NA,NA,NA,NA,NA,NA,NA,NA,NA,NA,NA,NA,NA,NA,NA,NA,NA,NA,NA,NA,NA,NA,NA,NA,NA,NA,NA,NA,NA,NA,NA,NA,NA,NA,NA
1936-04-01,NA,NA,NA,NA,NA,NA,NA,6.929503,NA,NA,NA,NA,NA,NA,NA,NA,NA,NA,NA,NA,NA,NA,NA,NA,NA,NA,NA,NA,NA,NA,NA,NA,NA,NA,NA,NA,NA,NA,NA,NA,NA,NA,NA,NA,NA,NA,NA
1936-07-01,NA,NA,NA,NA,NA,NA,NA,7.311539,NA,NA,NA,NA,NA,NA,NA,NA,NA,NA,NA,NA,NA,NA,NA,NA,NA,NA,NA,NA,NA,NA,NA,NA,NA,NA,NA,NA,NA,NA,NA,NA,NA,NA,NA,NA,NA,NA,NA
1936-10-01,NA,NA,NA,NA,NA,NA,NA,7.764582,NA,NA,NA,NA,NA,NA,NA,NA,NA,NA,NA,NA,NA,NA,NA,NA,NA,NA,NA,NA,NA,NA,NA,NA,NA,NA,NA,NA,NA,NA,NA,NA,NA,NA,NA,NA,NA,NA,NA
1937-01-01,NA,NA,NA,NA,NA,NA,NA,8.102208,NA,NA,NA,NA,NA,NA,NA,NA,NA,NA,NA,NA,NA,NA,NA,NA,NA,NA,NA,NA,NA,NA,NA,NA,NA,NA,NA,NA,NA,NA,NA,NA,NA,NA,NA,NA,NA,NA,NA
1937-04-01,NA,NA,NA,NA,NA,NA,NA,8.244356,NA,NA,NA,NA,NA,NA,NA,NA,NA,NA,NA,NA,NA,NA,NA,NA,NA,NA,NA,NA,NA,NA,NA,NA,NA,NA,NA,NA,NA,NA,NA,NA,NA,NA,NA,NA,NA,NA,NA
1937-07-01,NA,NA,NA,NA,NA,NA,NA,8.1110969999999991,NA,NA,NA,NA,NA,NA,NA,NA,NA,NA,NA,NA,NA,NA,NA,NA,NA,NA,NA,NA,NA,NA,NA,NA,NA,NA,NA,NA,NA,NA,NA,NA,NA,NA,NA,NA,NA,NA,NA
1937-10-01,NA,NA,NA,NA,NA,NA,NA,6.654096,NA,NA,NA,NA,NA,NA,NA,NA,NA,NA,NA,NA,NA,NA,NA,NA,NA,NA,NA,NA,NA,NA,NA,NA,NA,NA,NA,NA,NA,NA,NA,NA,NA,NA,NA,NA,NA,NA,NA
1938-01-01,NA,NA,NA,NA,NA,NA,NA,5.854571,NA,NA,NA,NA,NA,NA,NA,NA,NA,NA,NA,NA,NA,NA,NA,NA,NA,NA,NA,NA,NA,NA,NA,NA,NA,NA,NA,NA,NA,NA,NA,NA,NA,NA,NA,NA,NA,NA,NA
1938-04-01,NA,NA,NA,NA,NA,NA,NA,5.659092,NA,NA,NA,NA,NA,NA,NA,NA,NA,NA,NA,NA,NA,NA,NA,NA,NA,NA,NA,NA,NA,NA,NA,NA,NA,NA,NA,NA,NA,NA,NA,NA,NA,NA,NA,NA,NA,NA,NA
1938-07-01,NA,NA,NA,NA,NA,NA,NA,6.245461,NA,NA,NA,NA,NA,NA,NA,NA,NA,NA,NA,NA,NA,NA,NA,NA,NA,NA,NA,NA,NA,NA,NA,NA,NA,NA,NA,NA,NA,NA,NA,NA,NA,NA,NA,NA,NA,NA,NA
1938-10-01,NA,NA,NA,NA,NA,NA,NA,6.840686,NA,NA,NA,NA,NA,NA,NA,NA,NA,NA,NA,NA,NA,NA,NA,NA,NA,NA,NA,NA,NA,NA,NA,NA,NA,NA,NA,NA,NA,NA,NA,NA,NA,NA,NA,NA,NA,NA,NA
1939-01-01,NA,NA,NA,NA,NA,NA,NA,7.027243,NA,NA,NA,NA,NA,NA,NA,NA,NA,NA,NA,NA,NA,NA,NA,NA,NA,NA,NA,NA,NA,NA,NA,NA,NA,NA,NA,NA,NA,NA,NA,NA,NA,NA,NA,NA,NA,NA,NA
1939-04-01,NA,NA,NA,NA,NA,NA,NA,7.071651,NA,NA,NA,NA,NA,NA,NA,NA,NA,NA,NA,NA,NA,NA,NA,NA,NA,NA,NA,NA,NA,NA,NA,NA,NA,NA,NA,NA,NA,NA,NA,NA,NA,NA,NA,NA,NA,NA,NA
1939-07-01,NA,NA,NA,NA,NA,NA,NA,7.60469,NA,NA,NA,NA,NA,NA,NA,NA,NA,NA,NA,NA,NA,NA,NA,NA,NA,NA,NA,NA,NA,NA,NA,NA,NA,NA,NA,NA,NA,NA,NA,NA,NA,NA,NA,NA,NA,NA,NA
1939-10-01,NA,NA,NA,NA,NA,NA,NA,8.484178,NA,NA,NA,NA,NA,NA,NA,NA,NA,NA,NA,NA,NA,NA,NA,NA,NA,NA,NA,NA,NA,NA,NA,NA,NA,NA,NA,NA,NA,NA,NA,NA,NA,NA,NA,NA,NA,NA,NA
1940-01-01,NA,NA,NA,NA,NA,NA,NA,8.208803,NA,NA,NA,NA,NA,NA,NA,NA,NA,NA,NA,NA,NA,NA,NA,NA,NA,NA,NA,NA,NA,NA,NA,NA,NA,NA,NA,NA,NA,NA,NA,NA,NA,NA,NA,NA,NA,NA,NA
1940-04-01,NA,NA,NA,NA,NA,NA,NA,8.404248,NA,NA,NA,NA,NA,NA,NA,NA,NA,NA,NA,NA,NA,NA,NA,NA,NA,NA,NA,NA,NA,NA,NA,NA,NA,NA,NA,NA,NA,NA,NA,NA,NA,NA,NA,NA,NA,NA,NA
1940-07-01,NA,NA,NA,NA,NA,NA,NA,8.866213,NA,NA,NA,NA,NA,NA,NA,NA,NA,NA,NA,NA,NA,NA,NA,NA,NA,NA,NA,NA,NA,NA,NA,NA,NA,NA,NA,NA,NA,NA,NA,NA,NA,NA,NA,NA,NA,NA,NA
1940-10-01,NA,NA,NA,NA,NA,NA,NA,9.390364,NA,NA,NA,NA,NA,NA,NA,NA,NA,NA,NA,NA,NA,NA,NA,NA,NA,NA,NA,NA,NA,NA,NA,NA,NA,NA,NA,NA,NA,NA,NA,NA,NA,NA,NA,NA,NA,NA,NA
1941-01-01,NA,NA,NA,NA,NA,NA,NA,10.21662,NA,NA,NA,NA,NA,NA,NA,NA,NA,NA,NA,NA,NA,NA,NA,NA,NA,NA,NA,NA,NA,NA,NA,NA,NA,NA,NA,NA,NA,NA,NA,NA,NA,NA,NA,NA,NA,NA,NA
1941-04-01,NA,NA,NA,NA,NA,NA,NA,10.90066,NA,NA,NA,NA,NA,NA,NA,NA,NA,NA,NA,NA,NA,NA,NA,NA,NA,NA,NA,NA,NA,NA,NA,NA,NA,NA,NA,NA,NA,NA,NA,NA,NA,NA,NA,NA,NA,NA,NA
1941-07-01,NA,NA,NA,NA,NA,NA,NA,11.33596,NA,NA,NA,NA,NA,NA,NA,NA,NA,NA,NA,NA,NA,NA,NA,NA,NA,NA,NA,NA,NA,NA,NA,NA,NA,NA,NA,NA,NA,NA,NA,NA,NA,NA,NA,NA,NA,NA,NA
1941-10-01,NA,NA,NA,NA,NA,NA,NA,11.58477,NA,NA,NA,NA,NA,NA,NA,NA,NA,NA,NA,NA,NA,NA,NA,NA,NA,NA,NA,NA,NA,NA,NA,NA,NA,NA,NA,NA,NA,NA,NA,NA,NA,NA,NA,NA,NA,NA,NA
1942-01-01,NA,NA,NA,NA,NA,NA,NA,12.1533,NA,NA,NA,NA,NA,NA,NA,NA,NA,NA,NA,NA,NA,NA,NA,NA,NA,NA,NA,NA,NA,NA,NA,NA,NA,NA,NA,NA,NA,NA,NA,NA,NA,NA,NA,NA,NA,NA,NA
1942-04-01,NA,NA,NA,NA,NA,NA,NA,11.99337,NA,NA,NA,NA,NA,NA,NA,NA,NA,NA,NA,NA,NA,NA,NA,NA,NA,NA,NA,NA,NA,NA,NA,NA,NA,NA,NA,NA,NA,NA,NA,NA,NA,NA,NA,NA,NA,NA,NA
1942-07-01,NA,NA,NA,NA,NA,NA,NA,12.6597,NA,NA,NA,NA,NA,NA,NA,NA,NA,NA,NA,NA,NA,NA,NA,NA,NA,NA,NA,NA,NA,NA,NA,NA,NA,NA,NA,NA,NA,NA,NA,NA,NA,NA,NA,NA,NA,NA,NA
1942-10-01,NA,NA,NA,NA,NA,NA,NA,13.72578,NA,NA,NA,NA,NA,NA,NA,NA,NA,NA,NA,NA,NA,NA,NA,NA,NA,NA,NA,NA,NA,NA,NA,NA,NA,NA,NA,NA,NA,NA,NA,NA,NA,NA,NA,NA,NA,NA,NA
1943-01-01,NA,NA,NA,NA,NA,NA,NA,14.46312,NA,NA,NA,NA,NA,NA,NA,NA,NA,NA,NA,NA,NA,NA,NA,NA,NA,NA,NA,NA,NA,NA,NA,NA,NA,NA,NA,NA,NA,NA,NA,NA,NA,NA,NA,NA,NA,NA,NA
1943-04-01,NA,NA,NA,NA,NA,NA,NA,14.88956,NA,NA,NA,NA,NA,NA,NA,NA,NA,NA,NA,NA,NA,NA,NA,NA,NA,NA,NA,NA,NA,NA,NA,NA,NA,NA,NA,NA,NA,NA,NA,NA,NA,NA,NA,NA,NA,NA,NA
1943-07-01,NA,NA,NA,NA,NA,NA,NA,15.67138,NA,NA,NA,NA,NA,NA,NA,NA,NA,NA,NA,NA,NA,NA,NA,NA,NA,NA,NA,NA,NA,NA,NA,NA,NA,NA,NA,NA,NA,NA,NA,NA,NA,NA,NA,NA,NA,NA,NA
1943-10-01,NA,NA,NA,NA,NA,NA,NA,16.35545,NA,NA,NA,NA,NA,NA,NA,NA,NA,NA,NA,NA,NA,NA,NA,NA,NA,NA,NA,NA,NA,NA,NA,NA,NA,NA,NA,NA,NA,NA,NA,NA,NA,NA,NA,NA,NA,NA,NA
1944-01-01,NA,NA,NA,NA,NA,NA,NA,16.55087,NA,NA,NA,NA,NA,NA,NA,NA,NA,NA,NA,NA,NA,NA,NA,NA,NA,NA,NA,NA,NA,NA,NA,NA,NA,NA,NA,NA,NA,NA,NA,NA,NA,NA,NA,NA,NA,NA,NA
1944-04-01,NA,NA,NA,NA,NA,NA,NA,16.48868,NA,NA,NA,NA,NA,NA,NA,NA,NA,NA,NA,NA,NA,NA,NA,NA,NA,NA,NA,NA,NA,NA,NA,NA,NA,NA,NA,NA,NA,NA,NA,NA,NA,NA,NA,NA,NA,NA,NA
1944-07-01,NA,NA,NA,NA,NA,NA,NA,16.49757,NA,NA,NA,NA,NA,NA,NA,NA,NA,NA,NA,NA,NA,NA,NA,NA,NA,NA,NA,NA,NA,NA,NA,NA,NA,NA,NA,NA,NA,NA,NA,NA,NA,NA,NA,NA,NA,NA,NA
1944-10-01,NA,NA,NA,NA,NA,NA,NA,16.44427,NA,NA,NA,NA,NA,NA,NA,NA,NA,NA,NA,NA,NA,NA,NA,NA,NA,NA,NA,NA,NA,NA,NA,NA,NA,NA,NA,NA,NA,NA,NA,NA,NA,NA,NA,NA,NA,NA,NA
1945-01-01,NA,NA,NA,NA,NA,NA,NA,16.13334,NA,NA,NA,NA,NA,NA,NA,NA,NA,NA,NA,NA,NA,NA,NA,NA,NA,NA,NA,NA,NA,NA,NA,NA,NA,NA,NA,NA,NA,NA,NA,NA,NA,NA,NA,NA,NA,NA,NA
1945-04-01,NA,NA,NA,NA,NA,NA,NA,15.35156,NA,NA,NA,NA,NA,NA,NA,NA,NA,NA,NA,NA,NA,NA,NA,NA,NA,NA,NA,NA,NA,NA,NA,NA,NA,NA,NA,NA,NA,NA,NA,NA,NA,NA,NA,NA,NA,NA,NA
1945-07-01,NA,NA,NA,NA,NA,NA,NA,13.2283,NA,NA,NA,NA,NA,NA,NA,NA,NA,NA,NA,NA,NA,NA,NA,NA,NA,NA,NA,NA,NA,NA,NA,NA,NA,NA,NA,NA,NA,NA,NA,NA,NA,NA,NA,NA,NA,NA,NA
1945-10-01,NA,NA,NA,NA,NA,NA,NA,11.76244,NA,NA,NA,NA,NA,NA,NA,NA,NA,NA,NA,NA,NA,NA,NA,NA,NA,NA,NA,NA,NA,NA,NA,NA,NA,NA,NA,NA,NA,NA,NA,NA,NA,NA,NA,NA,NA,NA,NA
1946-01-01,NA,NA,NA,NA,NA,NA,NA,11.27381,NA,NA,NA,NA,NA,NA,NA,NA,NA,NA,NA,NA,NA,NA,NA,NA,NA,NA,NA,NA,NA,NA,NA,NA,NA,NA,NA,NA,NA,NA,NA,NA,NA,NA,NA,NA,NA,NA,NA
1946-04-01,NA,NA,NA,NA,NA,NA,NA,11.56696,NA,NA,NA,NA,NA,NA,NA,NA,NA,NA,NA,NA,NA,NA,NA,NA,NA,NA,NA,NA,NA,NA,NA,NA,NA,NA,NA,NA,NA,NA,NA,NA,NA,NA,NA,NA,NA,NA,NA
1946-07-01,NA,NA,NA,NA,NA,NA,NA,12.66859,NA,NA,NA,NA,NA,NA,NA,NA,NA,NA,NA,NA,NA,NA,NA,NA,NA,NA,NA,NA,NA,NA,NA,NA,NA,NA,NA,NA,NA,NA,NA,NA,NA,NA,NA,NA,NA,NA,NA
1946-10-01,NA,NA,NA,NA,NA,NA,NA,13.29934,NA,NA,NA,NA,NA,NA,NA,NA,NA,NA,NA,NA,NA,NA,NA,NA,NA,NA,NA,NA,NA,NA,NA,NA,NA,NA,NA,NA,NA,NA,NA,NA,NA,NA,NA,NA,NA,NA,NA
1947-01-01,NA,NA,NA,NA,NA,NA,NA,13.61919,NA,NA,NA,NA,NA,NA,NA,NA,NA,NA,NA,NA,NA,NA,NA,NA,NA,NA,NA,NA,NA,NA,NA,NA,NA,NA,NA,NA,NA,NA,NA,NA,NA,NA,NA,NA,NA,NA,NA
1947-04-01,NA,NA,NA,NA,NA,NA,NA,13.62804,NA,NA,NA,NA,NA,NA,NA,NA,NA,NA,NA,NA,NA,NA,NA,NA,NA,NA,NA,NA,NA,NA,NA,NA,NA,NA,NA,NA,NA,NA,NA,NA,NA,NA,NA,NA,NA,NA,NA
1947-07-01,NA,NA,NA,NA,NA,NA,NA,13.65471,NA,NA,NA,NA,NA,NA,NA,NA,NA,NA,NA,NA,NA,NA,NA,NA,NA,NA,NA,NA,NA,NA,NA,NA,NA,NA,NA,NA,NA,NA,NA,NA,NA,NA,NA,NA,NA,NA,NA
1947-10-01,NA,NA,NA,NA,NA,NA,NA,14.02785,NA,NA,NA,NA,NA,NA,NA,NA,NA,NA,NA,NA,NA,NA,NA,NA,NA,NA,NA,NA,NA,NA,NA,NA,NA,NA,NA,NA,NA,NA,NA,NA,NA,NA,NA,NA,NA,NA,NA
1948-01-01,NA,NA,NA,NA,NA,NA,NA,14.16997,NA,NA,NA,NA,NA,NA,NA,NA,NA,NA,NA,NA,NA,NA,NA,NA,NA,NA,NA,NA,NA,NA,NA,NA,NA,NA,NA,NA,NA,NA,NA,NA,NA,NA,NA,NA,NA,NA,NA
1948-04-01,NA,NA,NA,NA,NA,NA,NA,14.32104,NA,NA,NA,NA,NA,NA,NA,NA,NA,NA,NA,NA,NA,NA,NA,NA,NA,NA,NA,NA,NA,NA,NA,NA,NA,NA,NA,NA,NA,NA,NA,NA,NA,NA,NA,NA,NA,NA,NA
1948-07-01,NA,NA,NA,NA,NA,NA,NA,14.45426,NA,NA,NA,NA,NA,NA,NA,NA,NA,NA,NA,NA,NA,NA,NA,NA,NA,NA,NA,NA,NA,NA,NA,NA,NA,NA,NA,NA,NA,NA,NA,NA,NA,NA,NA,NA,NA,NA,NA
1948-10-01,NA,NA,NA,NA,NA,NA,NA,14.30323,NA,NA,NA,NA,NA,NA,NA,NA,NA,NA,NA,NA,NA,NA,NA,NA,NA,NA,NA,NA,NA,NA,NA,NA,NA,NA,NA,NA,NA,NA,NA,NA,NA,NA,NA,NA,NA,NA,NA
1949-01-01,NA,NA,NA,NA,NA,NA,NA,13.84126,NA,NA,NA,NA,NA,NA,NA,NA,NA,NA,NA,NA,NA,NA,NA,NA,NA,NA,NA,NA,NA,NA,NA,NA,NA,NA,NA,NA,NA,NA,NA,NA,NA,NA,NA,NA,NA,NA,NA
1949-04-01,NA,NA,NA,NA,NA,NA,NA,13.40596,NA,NA,NA,NA,NA,NA,NA,NA,NA,NA,NA,NA,NA,NA,NA,NA,NA,NA,NA,NA,NA,NA,NA,NA,NA,NA,NA,NA,NA,NA,NA,NA,NA,NA,NA,NA,NA,NA,NA
1949-07-01,NA,NA,NA,NA,NA,NA,NA,13.43263,NA,NA,NA,NA,NA,NA,NA,NA,NA,NA,NA,NA,NA,NA,NA,NA,NA,NA,NA,NA,NA,NA,NA,NA,NA,NA,NA,NA,NA,NA,NA,NA,NA,NA,NA,NA,NA,NA,NA
1949-10-01,NA,NA,NA,NA,NA,NA,NA,13.37041,NA,NA,NA,NA,NA,NA,NA,NA,NA,NA,NA,NA,NA,NA,NA,NA,NA,NA,NA,NA,NA,NA,NA,NA,NA,NA,NA,NA,NA,NA,NA,NA,NA,NA,NA,NA,NA,NA,NA
1950-01-01,NA,NA,NA,NA,14416300000,14893800000,NA,14.07226,NA,NA,NA,NA,NA,NA,NA,NA,NA,NA,NA,NA,NA,NA,NA,NA,NA,NA,NA,NA,NA,NA,NA,NA,NA,NA,NA,NA,NA,NA,NA,NA,NA,NA,NA,NA,NA,NA,NA
1950-04-01,NA,NA,NA,NA,14590300000,15715800000,NA,15.25382,NA,NA,NA,NA,NA,NA,NA,NA,NA,NA,NA,NA,NA,NA,NA,NA,NA,NA,NA,NA,NA,NA,NA,NA,NA,NA,NA,NA,NA,NA,NA,NA,NA,NA,NA,NA,NA,NA,NA
1950-07-01,NA,NA,NA,NA,14968800000,19393300000,NA,16.47979,NA,NA,NA,NA,NA,NA,NA,NA,NA,NA,NA,NA,NA,NA,NA,NA,NA,NA,NA,NA,NA,NA,NA,NA,NA,NA,NA,NA,NA,NA,NA,NA,NA,NA,NA,NA,NA,NA,NA
1950-10-01,NA,NA,NA,NA,16182000000,19429800000,NA,16.76412,NA,NA,NA,NA,NA,NA,NA,NA,NA,NA,NA,NA,NA,NA,NA,NA,NA,NA,NA,NA,NA,NA,NA,NA,NA,NA,NA,NA,NA,NA,NA,NA,NA,NA,NA,NA,NA,NA,NA
1951-01-01,NA,NA,NA,NA,16990800000,19431000000,NA,17.101680000000002,NA,NA,NA,NA,NA,NA,NA,NA,NA,NA,NA,NA,NA,NA,NA,NA,NA,NA,NA,NA,NA,NA,NA,NA,NA,NA,NA,NA,NA,NA,NA,NA,NA,NA,NA,NA,NA,NA,NA
1951-04-01,NA,NA,NA,NA,18662800000,18787000000,NA,17.15501,NA,NA,NA,NA,NA,NA,NA,NA,NA,NA,NA,NA,NA,NA,NA,NA,NA,NA,NA,NA,NA,NA,NA,NA,NA,NA,NA,NA,NA,NA,NA,NA,NA,NA,NA,NA,NA,NA,NA
1951-07-01,NA,NA,NA,NA,19121300000,17196000000,NA,16.74634,NA,NA,NA,NA,NA,NA,NA,NA,NA,NA,NA,NA,NA,NA,NA,NA,NA,NA,NA,NA,NA,NA,NA,NA,NA,NA,NA,NA,NA,NA,NA,NA,NA,NA,NA,NA,NA,NA,NA
1951-10-01,NA,NA,NA,NA,18941800000,16746300000,NA,16.86183,NA,NA,NA,NA,NA,NA,NA,NA,NA,NA,NA,NA,NA,NA,NA,NA,NA,NA,NA,NA,NA,NA,NA,NA,NA,NA,NA,NA,NA,NA,NA,NA,NA,NA,NA,NA,NA,NA,NA
1952-01-01,NA,NA,NA,NA,19950000000,18689300000,NA,17.25272,NA,NA,NA,NA,NA,NA,NA,NA,NA,NA,NA,NA,NA,NA,NA,NA,NA,NA,NA,NA,NA,NA,NA,NA,NA,NA,NA,NA,NA,NA,NA,NA,NA,NA,0,NA,NA,NA,NA
1952-04-01,NA,NA,NA,NA,17757000000,18592800000,NA,17.00394,NA,NA,NA,NA,NA,NA,NA,NA,NA,NA,NA,NA,NA,NA,NA,NA,NA,NA,NA,NA,NA,NA,NA,NA,NA,NA,NA,NA,NA,NA,NA,NA,NA,NA,0.1288328,NA,NA,NA,NA
1952-07-01,NA,NA,NA,NA,16354500000,19730300000,NA,17.50146,NA,NA,NA,NA,NA,NA,NA,NA,NA,NA,NA,NA,NA,NA,NA,NA,NA,NA,NA,NA,NA,NA,NA,NA,NA,NA,NA,NA,NA,NA,NA,NA,NA,NA,0,NA,NA,NA,NA
1952-10-01,NA,NA,NA,NA,16466500000,21499300000,NA,18.7541,NA,NA,NA,NA,NA,NA,NA,NA,NA,NA,NA,NA,NA,NA,NA,NA,NA,NA,NA,NA,NA,NA,NA,NA,NA,NA,NA,NA,NA,NA,NA,NA,NA,NA,0.0956892,NA,NA,NA,NA
1953-01-01,NA,NA,NA,NA,16188000000,20969300000,NA,19.12724,NA,NA,NA,NA,NA,NA,NA,NA,NA,NA,NA,NA,NA,NA,NA,NA,NA,NA,NA,NA,NA,NA,NA,NA,NA,NA,NA,NA,NA,NA,NA,NA,NA,NA,0.1648941,NA,NA,NA,NA
1953-04-01,NA,NA,NA,NA,16289000000,22056800000,NA,19.39376,NA,NA,NA,NA,NA,NA,NA,NA,NA,NA,NA,NA,NA,NA,NA,2.9966666667,NA,NA,NA,NA,NA,NA,NA,NA,NA,NA,NA,NA,NA,NA,NA,NA,NA,NA,0,NA,NA,NA,NA
1953-07-01,NA,NA,NA,NA,16941800000,21972800000,NA,19.41154,NA,NA,NA,NA,NA,NA,NA,NA,NA,NA,NA,NA,NA,NA,NA,2.9166666667,NA,NA,NA,NA,NA,NA,NA,NA,NA,NA,NA,NA,NA,NA,NA,NA,NA,NA,0.1258495,NA,NA,NA,NA
1953-10-01,NA,NA,NA,NA,16383500000,20892000000,NA,18.4965,NA,NA,NA,NA,NA,NA,NA,NA,NA,NA,NA,NA,NA,NA,NA,2.6433333333,NA,NA,NA,NA,NA,NA,NA,NA,NA,NA,NA,NA,NA,NA,NA,NA,NA,NA,0,NA,NA,NA,NA
1954-01-01,NA,NA,NA,NA,15648800000,19685500000,NA,17.91016,NA,NA,NA,NA,NA,NA,NA,NA,NA,NA,NA,NA,NA,NA,NA,2.44,NA,NA,NA,NA,NA,NA,NA,NA,NA,NA,NA,NA,NA,NA,NA,NA,NA,NA,0.2940888,NA,NA,NA,NA
1954-04-01,NA,NA,NA,NA,17897000000,21456000000,NA,17.83909,NA,NA,NA,NA,NA,NA,NA,NA,NA,NA,NA,NA,NA,NA,NA,2.3466666667,NA,NA,NA,NA,NA,NA,NA,NA,NA,NA,NA,NA,NA,NA,NA,NA,NA,NA,0.1339585,NA,NA,NA,NA
1954-07-01,NA,NA,NA,NA,17322000000,20161800000,NA,17.92794,NA,NA,NA,NA,NA,NA,NA,NA,NA,NA,NA,NA,NA,NA,NA,2.3466666667,NA,NA,NA,NA,NA,NA,NA,NA,NA,NA,NA,NA,NA,NA,NA,NA,NA,NA,0.1383509,NA,NA,NA,NA
1954-10-01,NA,NA,NA,NA,18119800000,20353000000,NA,18.42542,NA,NA,NA,NA,NA,NA,NA,NA,NA,NA,NA,NA,NA,NA,NA,2.4733333333,NA,NA,NA,NA,NA,NA,NA,NA,NA,NA,NA,NA,NA,NA,NA,NA,NA,NA,0.2069322,NA,NA,NA,NA
1955-01-01,NA,NA,NA,NA,18793000000,21555800000,NA,19.42043,NA,4.733333,NA,NA,NA,NA,NA,NA,NA,NA,NA,NA,NA,NA,NA,2.6466666667,NA,NA,NA,NA,NA,NA,NA,NA,NA,NA,NA,NA,NA,NA,NA,NA,NA,NA,0,NA,NA,NA,NA
1955-04-01,NA,NA,NA,NA,18354800000,22778000000,NA,20.26439,NA,4.4,NA,NA,NA,NA,NA,NA,NA,NA,NA,NA,NA,NA,0.9610885656,2.7633333333,NA,NA,NA,NA,NA,NA,NA,NA,NA,NA,NA,NA,NA,NA,NA,NA,NA,NA,0.2308669,NA,NA,NA,NA
1955-07-01,NA,NA,NA,NA,19559500000,23161300000,NA,20.57535,NA,4.1,NA,NA,NA,NA,NA,NA,NA,NA,NA,NA,NA,NA,0.525508107,2.9466666667,NA,NA,NA,NA,NA,NA,NA,NA,NA,NA,NA,NA,NA,NA,NA,NA,NA,NA,0,NA,NA,NA,NA
1955-10-01,NA,NA,NA,NA,19647500000,24000500000,NA,21.06395,NA,4.233333,NA,NA,NA,NA,NA,NA,NA,NA,NA,NA,NA,NA,1.7117636468,2.91,NA,NA,NA,NA,NA,NA,NA,NA,NA,NA,NA,NA,NA,NA,NA,NA,NA,NA,0.1847746,NA,NA,NA,NA
1956-01-01,NA,NA,NA,NA,20580300000,25008000000,NA,21.14391,NA,4.033333,NA,NA,NA,NA,NA,NA,NA,NA,NA,NA,NA,NA,2.2412025118,2.9,NA,NA,NA,NA,NA,NA,NA,NA,NA,NA,NA,NA,NA,NA,NA,NA,NA,NA,0.2082683,NA,NA,NA,NA
1956-04-01,NA,NA,NA,NA,21966800000,24877800000,NA,21.05506,NA,4.2,NA,NA,NA,NA,NA,NA,NA,NA,NA,NA,NA,NA,1.1824192528,3.0833333333,NA,NA,NA,NA,NA,NA,NA,NA,NA,NA,NA,NA,NA,NA,NA,NA,NA,NA,0.0896138,NA,NA,NA,NA
1956-07-01,NA,NA,NA,NA,22698000000,25094000000,NA,20.93958,NA,4.133333,NA,NA,NA,NA,NA,NA,NA,NA,NA,NA,NA,NA,0.794088906,3.2733333333,NA,NA,NA,NA,NA,NA,NA,NA,NA,NA,NA,NA,NA,NA,NA,NA,NA,NA,0,NA,NA,NA,NA
1956-10-01,NA,NA,NA,NA,23715000000,23942800000,NA,21.70362,NA,4.133333,NA,NA,NA,NA,NA,NA,NA,NA,NA,NA,NA,NA,0.0936774411,3.4733333333,NA,NA,NA,NA,NA,NA,NA,NA,NA,NA,NA,NA,NA,NA,NA,NA,NA,NA,0.4084411,NA,NA,NA,NA
1957-01-01,NA,NA,NA,NA,25260300000,25847800000,NA,21.90798,NA,3.933333,NA,NA,NA,NA,NA,NA,NA,NA,NA,NA,NA,NA,1.0444892731,3.4033333333,NA,NA,NA,NA,NA,NA,NA,NA,NA,NA,NA,NA,NA,NA,NA,NA,NA,NA,0,2.476398,NA,NA,NA
1957-04-01,NA,NA,NA,NA,24512000000,26049500000,NA,21.63251,NA,4.1,NA,NA,NA,NA,NA,NA,NA,NA,NA,NA,NA,NA,1.0769116302,3.6266666667,NA,NA,NA,NA,NA,NA,NA,NA,NA,NA,NA,NA,NA,NA,NA,NA,NA,NA,0,2.592013,NA,NA,NA
1957-07-01,NA,NA,NA,NA,23826800000,25546500000,NA,21.71254,NA,4.233333,NA,NA,NA,NA,NA,NA,NA,NA,NA,NA,NA,NA,0.1148944066,3.9266666667,NA,NA,NA,NA,NA,NA,NA,NA,NA,NA,NA,NA,NA,NA,NA,NA,NA,NA,0.2498439,2.560312,NA,NA,NA
1957-10-01,NA,NA,NA,NA,23116800000,25632800000,NA,20.79743,NA,4.933333,NA,NA,NA,NA,NA,NA,NA,NA,NA,NA,NA,NA,0.1369455834,3.6333333333,NA,NA,NA,NA,NA,NA,NA,NA,NA,NA,NA,NA,NA,NA,NA,NA,NA,NA,0.2845355,2.288057,NA,NA,NA
1958-01-01,NA,NA,NA,NA,20825500000,26012000000,NA,19.62476,NA,6.3,NA,NA,NA,NA,NA,NA,NA,NA,NA,NA,NA,NA,1.5693472725,3.04,NA,NA,NA,NA,NA,NA,NA,NA,NA,NA,NA,NA,NA,NA,NA,NA,NA,NA,0,2.327217,NA,NA,NA
1958-04-01,NA,NA,NA,NA,20923000000,27124300000,NA,19.29602,NA,7.366667,NA,NA,NA,NA,NA,NA,NA,NA,NA,NA,NA,NA,-0.8554117761,2.9233333333,NA,NA,NA,NA,NA,NA,NA,NA,NA,NA,NA,NA,NA,NA,NA,NA,NA,NA,0,2.396213,NA,NA,NA
1958-07-01,NA,NA,NA,NA,20984000000,26715800000,NA,20.31769,NA,7.333333,NA,NA,NA,NA,NA,NA,NA,NA,NA,NA,NA,NA,0.2484674239,3.5,NA,NA,NA,NA,NA,NA,NA,NA,NA,NA,NA,NA,NA,NA,NA,NA,NA,NA,0,2.636767,NA,NA,NA
1958-10-01,NA,NA,NA,NA,20908500000,28121000000,NA,21.23273,NA,6.366667,NA,NA,NA,NA,NA,NA,NA,NA,NA,NA,NA,NA,-0.3776109743,3.8,NA,NA,NA,NA,NA,NA,NA,NA,NA,NA,NA,NA,NA,NA,NA,NA,NA,NA,0,2.890374,NA,NA,NA
1959-01-01,NA,NA,NA,NA,22424300000,28860000000,NA,22.16558,NA,5.833333,NA,NA,NA,NA,NA,NA,NA,NA,NA,NA,NA,NA,0.5935212635,3.99,NA,NA,NA,NA,NA,NA,NA,NA,NA,NA,NA,NA,NA,NA,NA,NA,NA,NA,0.116727,3.11228,NA,NA,NA
1959-04-01,NA,NA,NA,NA,22245300000,30264300000,NA,23.24055,NA,5.1,NA,NA,NA,NA,NA,NA,NA,NA,NA,NA,NA,NA,0.5780309573,4.2566666667,NA,NA,NA,NA,NA,NA,NA,NA,NA,NA,NA,NA,NA,NA,NA,NA,NA,NA,0,3.26519,NA,NA,NA
1959-07-01,NA,NA,NA,NA,24390500000,30553000000,NA,22.28992,NA,5.266667,NA,NA,NA,NA,NA,NA,NA,NA,NA,NA,NA,NA,-0.0473040102,4.5033333333,NA,NA,NA,NA,NA,NA,NA,NA,NA,NA,NA,NA,NA,NA,NA,NA,NA,NA,0.2586318,3.401317,NA,NA,NA
1959-10-01,NA,NA,NA,NA,23183500000,29777300000,NA,22.39658,NA,5.6,NA,NA,NA,NA,NA,NA,NA,NA,NA,NA,NA,NA,0.8344668887,4.5833333333,NA,NA,NA,NA,NA,NA,NA,NA,NA,NA,NA,NA,NA,NA,NA,NA,NA,NA,0.0990884,3.395723,NA,NA,NA
1960-01-01,3706314.4,2213206,927599.1,606129.7,26171500000,30902000000,NA,23.74695,NA,5.133333,NA,NA,NA,NA,NA,NA,NA,29.39666666666667,NA,NA,NA,NA,0.0906000963,4.4866666667,NA,NA,74.2,NA,NA,38.3,35.9,57.4,NA,NA,NA,101.3866,NA,NA,2.97,NA,NA,NA,0.3030915,3.293161,NA,1253.3555015878947,1.4529235942462173
1960-04-01,3686361.2,2241123.7,939491.8,596108,26922300000,31131800000,NA,23.23166,NA,5.233333,NA,NA,NA,NA,NA,NA,NA,29.573333333333334,NA,NA,NA,NA,1.4759645535,4.26,NA,NA,75.7,NA,NA,39.3,36.4,56.8,NA,NA,NA,101.0792,NA,NA,2.97,NA,NA,NA,0,3.26519,NA,210.2583224360172,105.72062394918737
1960-07-01,3704421.8,2232165.3,954752.7,592053,27509000000,30214300000,NA,22.84966,NA,5.533333,NA,NA,NA,NA,NA,NA,NA,29.59,NA,NA,NA,NA,-0.2445183108,3.8333333333,NA,NA,76.1,NA,NA,39.8,36.4,56.7,NA,NA,NA,101.00063333333333,NA,NA,2.97,NA,NA,NA,0.4919444,3.211112,NA,15.669587147393985,272.8002054922473
1960-10-01,3656889.2,2235056.2,964766.5,589778.6,27655500000,28789000000,NA,22.29884,NA,6.266667,NA,NA,NA,NA,NA,NA,NA,29.78,NA,NA,NA,NA,1.4569817646,3.8866666667,NA,NA,77.5,NA,NA,40.5,37,57.1,NA,NA,NA,100.59626666666666,NA,NA,2.97,NA,NA,NA,0,3.116009,NA,794.0267326732672,17.126097515411917
1961-01-01,3681573.9,2234226.2,953583.6,598686,27465300000,28649800000,NA,21.96125,NA,6.8,NA,NA,NA,NA,NA,NA,NA,29.84,NA,NA,NA,NA,-0.0910798447,3.7866666667,NA,NA,77.9,NA,NA,40.6,37.3,57,NA,NA,NA,100.6969,NA,NA,2.97,NA,NA,NA,0.1241773,3.393858,NA,1128.2682421072295,5.224827199701101
1961-04-01,3744081.6,2267475.6,973198.9,596315.4,26187000000,28999500000,NA,22.83188,NA,7,NA,NA,NA,NA,NA,NA,NA,29.83,NA,NA,NA,NA,-1.0645292951,3.79,NA,NA,79.2,NA,NA,41.5,37.8,56.9,NA,NA,NA,101.0819,NA,NA,2.97,NA,NA,NA,0.2311337,3.595252,NA,290.89420885484776,90.23837100691202
1961-07-01,3815981.7,2278501.2,985549.2,613319.9,27370500000,30920500000,NA,23.56036,NA,6.766667,NA,NA,NA,NA,NA,NA,NA,29.94666666666667,NA,NA,NA,NA,-0.4383760935,3.98,NA,NA,79.7,NA,NA,41.8,37.9,57.6,NA,NA,NA,101.2673,NA,NA,2.97,NA,NA,NA,0.1080264,3.681031,NA,15.854212591070429,264.6309732860078
1961-10-01,3890838.7,2324332.5,999526.2,635753.8,27816800000,31655800000,NA,24.38655,NA,6.2,NA,NA,NA,NA,NA,NA,NA,29.990000000000002,NA,NA,NA,NA,0.2036851436,3.9733333333,NA,NA,80.5,NA,NA,42.3,38.2,57.5,NA,NA,NA,101.1866,NA,NA,2.97,NA,NA,NA,0.2279722,3.746298,NA,755.3744815991033,22.2357556510368
1962-01-01,3960238.1,2348953.2,1021432.7,646775.1,27653300000,32619000000,NA,24.75081,NA,5.633333,NA,NA,NA,NA,NA,NA,NA,30.106666666666666,NA,NA,NA,NA,0.3344251383,4.0166666667,NA,NA,79.5,NA,NA,41.6,37.8,56.7,NA,NA,NA,101.42656666666667,NA,NA,2.97,NA,NA,NA,0,3.701543,NA,1214.3526246964318,3.0311974593685784
1962-04-01,3996068.5,2377830.7,1034722.5,657492.4,29242500000,33330800000,NA,24.99067,NA,5.533333,NA,NA,NA,NA,NA,NA,NA,30.22,NA,NA,NA,NA,0.6621374651,3.8733333333,NA,NA,80.1,NA,NA,42,38.1,55.9,NA,NA,NA,100.9788,NA,NA,2.97,NA,NA,NA,0.451957,3.311809,NA,238.6867177283766,101.16317952549971
1962-07-01,4045202.9,2396994.1,1056994.4,666194.4,29191300000,33753500000,NA,25.25719,NA,5.566667,NA,NA,NA,NA,NA,NA,NA,30.30666666666667,NA,NA,NA,NA,-0.9984772277,3.99,NA,NA,80.3,NA,NA,42.3,38,55.2,NA,NA,NA,100.83563333333333,NA,NA,2.97,NA,NA,NA,0.1924372,3.093632,NA,29.60788342985242,256.0208668036615
1962-10-01,4058527.8,2430910.2,1062311,662120.3,28247000000,34166000000,NA,25.47044,NA,5.533333,NA,NA,NA,NA,NA,NA,NA,30.38,NA,NA,NA,NA,0.2644367545,3.9033333333,NA,NA,81.6,NA,NA,43,38.5,55.6,NA,NA,NA,101.21686666666666,NA,NA,2.97,NA,NA,NA,0,3.227895,NA,762.0908088922099,23.075191481412293
1963-01-01,4102850.6,2447938.4,1060684.3,663913.8,28676000000,33375300000,NA,25.9413,NA,5.766667,NA,NA,NA,NA,NA,NA,NA,30.476666666666667,NA,NA,NA,NA,0.3082723582,3.8933333333,NA,NA,81.6,NA,NA,43,38.6,55.1,NA,NA,NA,101.16996666666667,NA,NA,2.97,NA,NA,NA,0.0886289,3.518797,NA,1229.5740706146087,2.393050625817299
1963-04-01,4148901.6,2471038.3,1062264.1,684239,30968300000,34161000000,NA,26.62537,NA,5.733333,NA,NA,NA,NA,NA,NA,NA,30.533333333333335,NA,NA,NA,NA,0.135899237,3.9633333333,NA,NA,83.1,NA,NA,44,39.1,54.8,NA,NA,NA,100.92753333333333,NA,NA,2.97,NA,NA,NA,0.1758551,3.729515,NA,236.8062955352139,115.07274425555762
1963-07-01,4240129,2504559.8,1100553.6,708903.8,30813300000,35028300000,NA,26.80301,NA,5.5,NA,NA,NA,NA,NA,NA,NA,30.72,NA,NA,NA,NA,-0.7225025204,4.0333333333,NA,NA,83.6,NA,NA,44.5,39,54.1,NA,NA,NA,101.12236666666666,NA,NA,2.97,NA,NA,NA,0.2156102,3.740703,NA,24.234709508686716,273.80665047636836
1963-10-01,4267940.2,2525430.3,1099224.5,718804.3,32017500000,34913500000,NA,27.25611,NA,5.566667,NA,NA,NA,NA,NA,NA,NA,30.803333333333335,NA,NA,NA,NA,1.0983335912,4.12,NA,NA,84.8,NA,NA,45.2,39.6,54.1,NA,NA,NA,101.24629999999999,NA,NA,2.97,NA,NA,NA,0.3239041,3.908531,NA,744.2633663366337,22.814589949560993
1964-01-01,4357938.8,2574995.1,1101538.3,740400.6,33636800000,34880800000,NA,27.62923,NA,5.466667,NA,NA,NA,NA,NA,NA,NA,30.93,NA,NA,NA,NA,-0.3745876715,4.18,NA,NA,84.3,NA,NA,45,39.3,53.3,NA,NA,NA,101.5394,NA,NA,2.97,NA,NA,NA,0.1172608,4.139761,NA,1188.1260975154119,3.8288810013076784
1964-04-01,4405399.7,2620543.9,1108871.2,740125.9,33499500000,35665800000,NA,28.27778,NA,5.2,NA,NA,NA,NA,NA,NA,NA,30.98,NA,NA,NA,NA,0.596850968,4.2,NA,NA,85.2,NA,NA,45.6,39.7,52.5,NA,NA,NA,101.5936,NA,NA,2.97,NA,NA,NA,0,4.277753,NA,260.603362600411,110.63030076592565
1964-07-01,4474238.6,2668951,1108504.2,749558.4,34548300000,36623000000,NA,28.73086,NA,5,NA,NA,NA,NA,NA,NA,NA,31.05,NA,NA,NA,NA,0.5406496462,4.1933333333,3.8633333333,NA,85.3,NA,NA,45.8,39.6,52.2,NA,NA,NA,101.69363333333334,NA,NA,2.92,NA,NA,NA,0,4.41041,NA,25.729161218008592,271.045189613301
1964-10-01,4488072.5,2676568.7,1103119.7,754190,35243800000,37613500000,NA,29.16616,NA,4.966667,NA,NA,NA,NA,NA,NA,NA,31.193333333333335,NA,NA,NA,NA,1.1579768208,4.1733333333,4.0233333333,NA,86.4,NA,NA,46.3,40.1,52.2,NA,NA,NA,101.75003333333333,NA,NA,2.92,NA,NA,NA,0.1236553,4.526291,NA,745.9857276293667,19.878199140668784
1965-01-01,4596679.8,2736258.9,1107382,775382.3,31141800000,36259500000,NA,30.26779,NA,4.9,NA,NA,NA,NA,NA,NA,NA,31.29,NA,NA,NA,NA,-0.984230057,4.2033333333,4.1966666667,NA,86.3,NA,NA,46,40.3,51.5,NA,NA,NA,102.04643333333333,NA,NA,2.92,NA,NA,NA,0.2953919,4.616751,NA,1222.5574817859144,2.8032878759574067
1965-04-01,4654757.5,2766436.4,1122780.3,793395.3,36354800000,40538500000,NA,30.96964,NA,4.666667,NA,NA,NA,NA,NA,NA,NA,31.49,NA,NA,NA,NA,0.8075135356,4.2066666667,4.3033333333,NA,87.3,NA,NA,46.5,40.8,50.4,NA,NA,NA,102.20676666666667,NA,NA,2.92,NA,NA,NA,0.4582951,4.654058,NA,260.11481412292176,90.13571828881001
1965-07-01,4758240.2,2813970.6,1157494.7,818644,35547000000,40704800000,NA,31.61813,NA,4.366667,NA,NA,NA,NA,NA,NA,NA,31.583333333333332,NA,NA,NA,NA,-0.8688833183,4.2466666667,4.31,NA,87.3,NA,NA,46.5,40.7,49.5,NA,NA,NA,102.064,NA,NA,2.92,NA,NA,NA,0.1168361,4.61345,NA,25.825555763123482,251.98834298524193
1965-10-01,4867865.4,2893079.6,1190238.1,832505.3,37719500000,42690800000,NA,32.25783,NA,4.1,NA,NA,NA,NA,NA,NA,NA,31.75,NA,NA,NA,NA,0.3026868361,4.4733333333,4.5666666667,NA,87.5,NA,NA,46.6,40.9,49.2,NA,NA,NA,101.8892,NA,NA,2.92,NA,NA,NA,0.1888396,4.889451,NA,697.9383149635718,20.607229590883616
1966-01-01,4986341.2,2935788.8,1200069.1,866149.2,36790000000,43791000000,NA,33.18173,NA,3.866667,NA,NA,NA,NA,NA,NA,NA,32.04666666666667,NA,NA,NA,NA,0.4454104022,4.77,5.0633333333,NA,86.8,NA,NA,45.8,41,48.2,NA,NA,NA,101.4977,NA,NA,2.92,NA,NA,NA,0.4060089,4.92526,NA,1191.0894078087053,1.0597795628619466
1966-04-01,5003368.1,2943311.2,1239480.8,851222.1,37895800000,44880000000,NA,33.87469,NA,3.833333,NA,NA,NA,NA,NA,NA,NA,32.336666666666666,NA,NA,NA,NA,2.0241022475,4.78,5.38,NA,87.5,NA,NA,45.9,41.6,46.9,NA,NA,NA,100.9789,NA,NA,2.92,NA,NA,NA,0.6046994,4.723104,NA,279.8435456753223,93.70978890341864
1966-07-01,5045738.2,2976921.7,1264503.2,861285.2,37442800000,47397300000,NA,34.39884,NA,3.766667,NA,NA,NA,NA,NA,NA,NA,32.61666666666667,NA,NA,NA,NA,1.3429001588,5.14,5.7333333333,NA,86.8,NA,NA,45.4,41.4,46.2,NA,NA,NA,100.50823333333334,NA,NA,2.9366666666666665,NA,NA,NA,0.1874941,4.363545,NA,23.134317205305436,282.2016626190921
1966-10-01,5087133.6,2989323.6,1278755.1,848868.6,38373800000,47931000000,NA,34.72751,NA,3.7,NA,NA,NA,NA,NA,NA,NA,32.88333333333333,NA,NA,NA,NA,0.7947056151,5.0033333333,5.7566666667,NA,86.9,NA,NA,45.3,41.6,46.3,NA,NA,NA,100.5475,NA,NA,2.97,NA,NA,NA,0,4.270924,NA,743.913973472819,14.695684662805904
1967-01-01,5132195.1,3006548.6,1337505.6,841221,38845000000,48679300000,NA,34.53616,NA,3.833333,NA,NA,NA,NA,NA,NA,NA,32.96666666666667,NA,NA,NA,NA,-0.9960204853,4.5833333333,5.1966666667,NA,86.5,NA,NA,44.6,41.9,46.1,NA,NA,NA,101.02539999999999,NA,NA,2.99,NA,NA,NA,0,4.715111,NA,1138.0863627872222,0.39314403138427045
1967-04-01,5135343.8,3047653.2,1342707.3,848431.2,38328500000,48292500000,NA,34.39544,NA,3.833333,NA,NA,NA,NA,NA,NA,NA,33.166666666666664,NA,NA,NA,NA,1.1962820719,4.82,4.5266666667,NA,87.5,NA,NA,44.8,42.6,45,NA,NA,NA,101.23586666666667,NA,NA,3,NA,NA,NA,0,4.999785,NA,322.3348963198207,96.8765178404633
1967-07-01,5183928.1,3063257.9,1354669.5,858009.2,38021000000,48926800000,NA,34.63202,NA,3.8,NA,NA,NA,NA,NA,NA,NA,33.5,NA,NA,NA,NA,0.998683189,5.2466666667,4.9466666667,NA,87.7,NA,NA,44.9,42.7,45.6,NA,NA,NA,101.12756666666667,NA,NA,3.0466666666666664,NA,NA,NA,0,5.194698,NA,20.787969362974035,218.5261535587521
1967-10-01,5223007.3,3082002.6,1368989.3,876227.3,38738000000,51507000000,NA,35.55873,NA,3.9,NA,NA,NA,NA,NA,NA,NA,33.86666666666667,NA,NA,NA,NA,1.4787943255,5.6433333333,5.4133333333,NA,89.9,NA,NA,46.8,43.1,46.4,NA,NA,NA,101.04406666666667,NA,NA,3.07,NA,NA,NA,0.2659103,5.202141,NA,769.9246964319074,15.174668410237249
1968-01-01,5329518.6,3155863.7,1405881.8,888298.2,39826300000,54541800000,NA,36.06632,NA,3.733333,NA,NA,NA,NA,NA,NA,NA,34.2,NA,NA,NA,NA,0.7280742256,5.61,5.4633333333,NA,88.3,NA,NA,44.9,43.4,46.4,NA,NA,NA,101.10523333333333,NA,NA,3.07,NA,-10.5978601,NA,0.2646728,5.063497,NA,1194.9850924715113,0.3532598542873155
1968-04-01,5418541.4,3203919.2,1409455.2,887434.5,40492500000,55373500000,NA,36.55254,NA,3.566667,NA,NA,NA,NA,NA,NA,NA,34.53333333333333,NA,NA,NA,NA,0.9179030047,5.7433333333,6.0133333333,NA,88.9,NA,NA,45.3,43.7,45.3,NA,NA,NA,100.79456666666667,NA,NA,3.07,NA,-9.369695466666666,NA,0.0803406,5.437464,NA,239.73327106295537,86.26310480104614
1968-07-01,5460509,3263966.3,1415826,895740.3,43371800000,58701500000,NA,36.83621,NA,3.533333,NA,NA,NA,NA,NA,NA,NA,35,NA,NA,NA,NA,1.6582196563,5.46,5.8866666667,NA,88.5,NA,NA,45,43.5,45.2,NA,NA,NA,100.72933333333333,NA,NA,3.07,NA,-13.953279,NA,0.1494098,5.554045,NA,10.842630300765926,270.72568653091724
1968-10-01,5481956.5,3278688.7,1426687.1,906294.6,42407800000,58207000000,NA,37.39558,NA,3.4,NA,NA,NA,NA,NA,NA,NA,35.43333333333333,NA,NA,NA,NA,2.0693155893,5.77,6.0733333333,NA,89.3,NA,NA,45.4,43.9,44.8,NA,NA,NA,100.98893333333334,NA,NA,3.07,NA,-14.6417982,NA,0.182615,5.878356,NA,763.562861946572,14.547263216887728
1969-01-01,5567717.9,3315043.6,1419286.3,933531.9,37478300000,52716800000,NA,38.12304,NA,3.4,NA,NA,NA,NA,NA,NA,NA,35.86666666666667,NA,NA,NA,NA,0.3427234584,6.1766666667,6.5566666667,NA,88.3,NA,NA,44.2,44.1,44.1,NA,NA,NA,101.1434,NA,NA,3.13,NA,-17.477695,NA,0.0775374,5.639358,NA,1228.9920605268073,0.5749112647113769
1969-04-01,5584607.8,3336429,1436471.3,922050.2,45691500000,63117300000,NA,38.28944,NA,3.433333,NA,NA,NA,NA,NA,NA,NA,36.43333333333333,NA,NA,NA,NA,2.28327751834778,6.3533333333,7.3766666667,NA,89.4,NA,NA,44.5,44.8,42.4,NA,NA,NA,100.48576666666666,NA,NA,3.35,NA,-22.587377,NA,0,5.621713,NA,227.10642630300768,94.83794134130395
1969-07-01,5621463.5,3352695.2,1440344,933265.2,44927000000,62299500000,NA,38.74899,NA,3.566667,NA,NA,NA,NA,NA,NA,NA,36.93333333333333,NA,NA,NA,NA,1.98867733581505,6.8566666667,8.5133333333,NA,89.2,NA,NA,44.2,45,42.3,NA,NA,NA,99.78613666666666,NA,NA,3.35,NA,-20.451310666666668,NA,0.2277558,5.178027,NA,18.16870913506445,288.22856342238
1969-10-01,5594019,3379491.9,1443230.2,897430.2,46102300000,61615000000,NA,38.50613,NA,3.566667,NA,NA,NA,NA,NA,NA,NA,37.5,NA,NA,NA,NA,2.18074429821129,7.2966666667,8.5966666667,NA,90,NA,NA,44.5,45.4,42,NA,NA,NA,99.22862666666667,NA,NA,3.35,NA,-0.7750068166666669,NA,0.0843953,5.215372,NA,770.025014010835,17.95096207733981
1970-01-01,5585690,3400459.8,1424510.7,900337.9,46710500000,61413300000,NA,37.57322,NA,4.166667,NA,NA,NA,60.6277,NA,NA,NA,38.1,NA,NA,NA,NA,1.73227310332214,7.3666666667,8.5233333333,NA,89.2,NA,NA,43.2,46,41.8,NA,NA,125.9661,98.96628333333334,NA,NA,3.35,NA,39.94600666666666,NA,0,4.909917,NA,1247.7033812815243,0.9344292919858023
1970-04-01,5593605.9,3415864.6,1410486.9,879582.3,48520500000,62627000000,NA,37.3665,NA,4.766667,NA,NA,NA,60.0725,NA,NA,NA,38.63333333333333,NA,NA,NA,NA,0.705108152656653,7.7133333333,7.8866666667,NA,90.2,NA,NA,43.2,47,41,NA,NA,126.0991,98.87890333333333,NA,NA,3.35,NA,54.92287066666667,NA,0.0623908,4.305686,NA,253.0807958154306,95.46897067065197
1970-07-01,5645149.2,3445811.8,1413099.9,894776.4,48714800000,62483300000,NA,37.23275,NA,5.166667,NA,NA,NA,60.3407,NA,NA,NA,39.03333333333333,NA,NA,NA,NA,0.364986737627415,7.46,7.6766666667,NA,90.6,NA,NA,43.2,47.4,41.5,NA,NA,125.1514,98.77846,NA,NA,3.31,NA,53.734736,NA,0,4.242572,NA,22.778273865122358,305.19192975901365
1970-10-01,5584657.3,3436456.7,1414931.9,894208.6,48815800000,63452300000,NA,36.42784,NA,5.833333,NA,NA,NA,60.2853,NA,NA,NA,39.6,NA,NA,NA,NA,1.4014284777,6.8533333333,6.17,NA,91.4,NA,NA,43.5,47.9,42.3,NA,NA,125.2322,98.68513333333333,NA,NA,3.3933333333333335,NA,43.715502,NA,0.0896379,4.650968,NA,724.1084999065945,11.82626564543247
1971-01-01,5736344.9,3502420.6,1414589.1,892568.1,49261500000,62704300000,NA,37.13018,NA,5.933333,NA,NA,NA,61.4658,NA,NA,NA,39.93333333333333,NA,NA,NA,NA,0.1756651928,6.0166666667,4.44,NA,90.9,NA,NA,42.9,48,42.2,NA,NA,124.0008,99.14745333333333,NA,NA,3.56,NA,-8.443249666666667,NA,0.098174,5.268435,NA,1193.2263777321127,3.3761442181954044
1971-04-01,5767368,3534609.7,1413350.5,919193,48897000000,67434500000,NA,37.46652,NA,5.9,NA,NA,NA,62.4541,NA,NA,NA,40.3,NA,NA,NA,NA,1.28357703148483,6.2466666667,4.9433333333,NA,91.8,NA,NA,43.3,48.6,42.1,NA,NA,123.3029,99.41104333333332,NA,NA,3.56,NA,-35.20224533333333,NA,0.0797512,5.541335,NA,302.327050252195,103.41714926209602
1971-07-01,5814801.6,3562791.2,1411221,933788.7,51341300000,68925300000,NA,37.58204,NA,6.033333,NA,NA,NA,62.4619,NA,NA,NA,40.7,NA,NA,NA,NA,0.4500176948,6.4833333333,5.7066666667,NA,92.1,NA,NA,43.5,48.7,42.4,NA,NA,121.9567,99.53555,NA,NA,3.56,NA,-57.547317,NA,0.1177163,5.397423,NA,20.32751728002989,257.89945824771155
1971-10-01,5828458.5,3621906.8,1410304.1,947222.7,46601800000,64253300000,NA,38.45313,NA,5.933333,NA,NA,NA,63.6528,NA,NA,NA,41,NA,NA,NA,NA,1.76434371048253,5.89,4.93,NA,92.5,NA,NA,43.9,48.6,42.9,NA,NA,117.4742,100.0258,NA,NA,3.56,NA,-50.30021333333333,NA,0.115088,5.271337,NA,680.8772650849991,22.558658696058284
1972-01-01,5935539.8,3669709,1423823.5,976715.8,51899000000,73643800000,NA,40.09325,NA,5.766667,NA,NA,NA,63.3796,NA,NA,NA,41.333333333333336,NA,NA,NA,NA,1.9156556170647,6.0333333333,3.88,NA,92.5,NA,NA,43.6,48.9,42.7,NA,NA,113.3903,100.583,NA,NA,3.56,NA,-65.29833633333334,NA,0,5.796483,NA,1125.1326919484402,4.162992714365776
1972-04-01,6070234.3,3739567.6,1431911.5,992581,50384500000,71027300000,NA,40.85402,NA,5.7,NA,NA,NA,64.6582,NA,NA,NA,41.6,NA,NA,NA,NA,-0.551768005776365,6.1433333333,4.55,NA,93.7,NA,NA,44.2,49.5,41.7,NA,NA,112.0016,100.65293333333334,NA,NA,3.56,NA,-63.64422833333333,NA,0.0933445,5.95339,NA,277.2386699047263,90.35979824397533
1972-07-01,6127542.8,3797199.1,1412343.1,991709.5,53422300000,72505500000,NA,41.36975,NA,5.566667,NA,NA,NA,65.3152,NA,NA,NA,41.93333333333333,NA,NA,NA,NA,0.8295002861,6.29,4.9333333333,NA,93.9,NA,NA,44.4,49.4,41.3,NA,NA,111.533,100.88533333333334,NA,NA,3.56,NA,-42.72612693333333,NA,0,5.952763,NA,15.647207173547544,258.6794134130394
1972-10-01,6230144.5,3886305.8,1407760.7,1039522.5,55681300000,75771800000,NA,42.80084,NA,5.366667,NA,NA,NA,66.1136,NA,NA,NA,42.36666666666667,NA,NA,NA,NA,1.34359678486309,6.3733333333,5.3,NA,94.6,NA,NA,44.7,50,41.4,NA,NA,111.9033,100.21951333333334,NA,NA,3.56,NA,-0.30069870000000015,NA,0,6.180871,NA,826.6851671959649,26.633850177470578
1973-01-01,6384337,3957260.3,1408103.5,1086325.3,59754500000,79273300000,NA,44.0318,NA,4.933333,NA,NA,NA,68.1773,NA,NA,NA,43.03333333333333,NA,NA,NA,NA,0.919360939895442,6.6033333333,6.4,NA,94.8,NA,NA,44.3,50.4,41.1,NA,NA,106.4184,99.35296666666666,NA,NA,3.56,NA,29.75352566666667,NA,0,6.141553,NA,1075.1668223426116,3.749112647113768
1973-04-01,6453846,3955476.8,1408745.4,1087115.9,62633300000,76988300000,NA,44.40141,NA,4.933333,NA,NA,NA,68.2798,NA,NA,NA,43.93333333333334,NA,NA,NA,NA,1.16863259382738,6.8066666667,7.6733333333,NA,95.8,NA,NA,44.5,51.3,39.9,NA,NA,101.4931,98.74748,NA,NA,3.56,NA,50.47890533333333,NA,0,5.629641,NA,252.07044647861014,96.58154305996638
1973-07-01,6419909.2,3969398.5,1398571.5,1077000.7,62844300000,74861500000,NA,44.77691,NA,4.8,NA,NA,NA,68.5233,NA,NA,NA,44.800000000000004,NA,NA,NA,NA,2.7403869619,7.2066666667,10.3533333333,NA,96.2,NA,NA,44.7,51.6,39,NA,NA,98.46452,98.59506999999999,NA,NA,4.06,NA,70.16121366666667,NA,0,5.5509829999999996,NA,20.19983186997945,272.4162712497665
1973-10-01,6480849,3957559.6,1404597.9,1071836,65935800000,75419800000,NA,45.44869,NA,4.766667,NA,NA,NA,68.4009,NA,NA,NA,45.93333333333333,NA,NA,NA,NA,1.41334335341479,6.7533333333,9.2366666667,NA,96.3,NA,NA,44.7,51.7,38.7,NA,NA,100.1354,98.21692,NA,NA,4.31,NA,108.56143666666667,NA,0.0897666,5.422057,NA,671.222734915001,20.782832056790582
1974-01-01,6425132.8,3922152,1427671.9,1058823.2,66790800000,72861300000,NA,45.04283,NA,5.133333,NA,NA,NA,68.1467,NA,NA,NA,47.3,NA,NA,NA,NA,2.8863766091,7.0533333333,8.64,NA,96.3,NA,NA,44.1,52.2,38.5,NA,NA,100.6914,97.69487333333333,NA,NA,10.11,NA,97.67124433333333,NA,0,5.068724,NA,1061.1048010461423,4.109844946758827
1974-04-01,6440405.1,3936274.7,1424808.2,1055355.9,70047800000,76721500000,NA,45.07201,NA,5.2,NA,NA,NA,67.5641,NA,NA,NA,48.56666666666667,NA,NA,NA,NA,2.20661995707601,7.5433333333,10.9433333333,NA,97.9,NA,NA,44.6,53.4,37.8,NA,NA,96.63931,97.98958666666667,NA,NA,10.11,NA,91.05149266666666,NA,0,4.743369,NA,227.27237063328977,95.66134877638707
1974-07-01,6379525.4,3953183.5,1435577.2,1035190.3,66273800000,75381300000,NA,44.90722,NA,5.633333,NA,NA,NA,67.3293,NA,NA,NA,49.93333333333333,NA,NA,NA,NA,3.42419222837176,7.9633333333,12.0266666667,NA,98.4,NA,NA,44.8,53.6,37.5,NA,NA,99.08102,97.29611666666666,NA,NA,10.11,NA,60.557814,NA,0.0880669,3.922116,NA,24.467737717167942,248.93880067252007
1974-10-01,6354747,3895399.3,1446645.2,984527,68005000000,74634300000,NA,43.11551,NA,6.6,NA,NA,NA,65.7733,NA,NA,NA,51.46666666666667,NA,NA,NA,NA,1.8086156695,7.67,9.3666666667,NA,98.6,NA,NA,44.7,53.9,37.5,NA,NA,98.533,96.79928000000001,NA,NA,11.16,NA,47.64156466666667,NA,0.1971026,3.631373,NA,722.371343172053,15.283859518027274
1975-01-01,6277369.4,3928071.9,1455902.3,944036.7,68479300000,67146800000,NA,40.24561,NA,8.266666,NA,NA,NA,66.3183,NA,NA,NA,52.56666666666666,NA,NA,NA,NA,1.91791956111218,7.54,6.69,NA,97.2,NA,NA,43.8,53.4,38,NA,NA,96.0237,97.33702666666666,NA,NA,11.16,NA,-12.129522413333333,NA,0.3223311,4.139021,NA,1077.55712684476,5.578087053988417
1975-04-01,6322233.9,3992682.6,1468482.2,916910.9,66483000000,61773300000,NA,39.72447,NA,8.866667,NA,NA,NA,67.1831,NA,NA,NA,53.2,NA,NA,NA,NA,0.658082048466002,8.05,5.9566666667,NA,96.9,NA,NA,43.8,53.1,38.9,NA,NA,95.57997,98.52170333333333,NA,NA,11.16,NA,-40.466623999999996,NA,0.0800769,4.683755,NA,299.8771716794321,91.97459368578367
1975-07-01,6430473.3,4049429.6,1472537.5,952749.7,65361500000,66906500000,NA,40.7054,NA,8.466666,NA,NA,NA,66.9577,NA,NA,NA,54.266666666666666,NA,NA,NA,NA,0.801197833957823,8.2966666667,6.8166666667,NA,96.2,NA,NA,44,52.1,39.4,NA,NA,99.25655,98.79363333333333,NA,NA,11.16,NA,-40.318230666666665,NA,0.0795988,4.628645,NA,27.284214459181765,253.21232953484025
1975-10-01,6517097.8,4092974,1471850.3,976942.3,69057000000,70473800000,NA,41.59077,NA,8.3,NA,NA,NA,67.1346,NA,NA,NA,55.266666666666666,NA,NA,NA,NA,1.59295935765078,8.0633333333,6.2833333333,NA,95.9,NA,NA,44.4,51.5,40.2,NA,NA,99.93079,99.18893,NA,NA,11.16,NA,-30.953629666666668,NA,0,4.663947,NA,651.460396039604,19.93900616476742
1976-01-01,6663697.8,4174807.5,1467060.9,1014587.2,68580300000,74882000000,NA,42.85735,NA,7.733333,NA,NA,NA,64.6934,NA,NA,NA,55.9,NA,NA,NA,NA,0.6879928135,7.7533333333,5.22,NA,94.2,NA,NA,43.6,50.6,40.3,NA,NA,98.96654,99.75097,NA,NA,11.763333333333334,NA,-42.641965666666664,NA,0,5.250484,NA,1025.6364468522324,0.5298897814309733
1976-04-01,6712567.6,4213218,1472377.5,1011905,69271800000,78126800000,NA,43.41345,NA,7.566667,NA,NA,NA,65.9831,NA,NA,NA,56.4,NA,NA,NA,NA,1.12686679863889,7.7733333333,5.5066666667,NA,94.2,NA,NA,43.9,50.3,40.4,NA,NA,98.73421,99.9999,NA,NA,12.17,NA,-21.219707999999997,NA,0,5.360186,NA,224.60848122548103,97.75004670278348
1976-07-01,6749312.7,4257577.7,1467702.8,1017291.3,71284300000,81325000000,NA,43.99747,NA,7.733333,NA,NA,NA,66.5686,NA,NA,NA,57.3,NA,NA,NA,NA,1.5440823986,7.73,5.4133333333,NA,94.1,NA,NA,44.2,50,40.3,NA,NA,98.5932,100.30546666666666,NA,NA,12.746666666666666,NA,-23.151177,NA,0.0789578,5.517583,NA,16.085484774892585,213.59036054548852
1976-10-01,6798083.5,4312819.6,1474988.8,1053578.1,72007500000,84037500000,NA,44.79455,NA,7.766667,NA,NA,NA,68.493,NA,NA,NA,58.13333333333333,NA,NA,NA,NA,1.76271975113398,7.19,4.9333333333,NA,94.7,NA,NA,44.6,50,40.2,NA,NA,98.96473,100.15423333333334,NA,NA,13.9,NA,-25.076425999999998,NA,0.2806821,5.444756,NA,873.3891089108911,15.727442555576312
1977-01-01,6878724.6,4363654,1483513.4,1090305,70848800000,87969800000,NA,45.69971,NA,7.5,64.72383,NA,NA,70.1371,NA,NA,NA,59.2,NA,NA,NA,NA,1.51745617439949,7.3533333333,4.8333333333,NA,94.8,NA,NA,44.5,50.3,40.1,NA,NA,98.39008,100.28306666666667,NA,NA,13.9,NA,-46.308232333333336,NA,0.1328904,5.475653,NA,1181.9470950868672,4.250513730618346
1977-04-01,7012304.2,4387316,1495681,1144233.9,72758000000,88803800000,NA,47.13669,NA,7.133333,65.30047,NA,NA,71.8336,NA,NA,NA,60.233333333333334,NA,NA,NA,NA,1.48984625065518,7.37,5.1933333333,NA,95.9,NA,NA,45.3,50.6,39.2,NA,NA,97.79358,100.4542,NA,NA,13.9,NA,-39.72347833333333,NA,0.2128263,5.353478,NA,200.15774332150195,93.21427237063328
1977-07-01,7138747.6,4428799.5,1507573.7,1150862.9,73322500000,87578500000,NA,47.65423,NA,6.9,65.5487,NA,NA,73.3638,NA,NA,NA,61.06666666666666,NA,NA,NA,NA,0.809367653730453,7.3566666667,5.85,NA,96.2,NA,NA,45.9,50.3,39.3,NA,NA,96.99641,100.17833333333333,NA,NA,14.533333333333333,NA,-45.98396733333333,NA,0,5.318209,NA,16.304745002802168,308.77487390248456
1977-10-01,7138889.8,4495388.3,1510367.8,1162923,70971800000,88823800000,NA,47.95934,NA,6.666667,66.09977,NA,NA,74.6536,NA,NA,NA,61.96666666666667,NA,NA,NA,NA,2.892763417,7.5966666667,6.6866666667,NA,97.1,NA,NA,46.4,50.6,39,NA,NA,95.01421,99.79045666666667,NA,NA,14.85,NA,-34.613066333333336,NA,0.7114676,5.118856,NA,697.3430412852606,17.039510554829068
1978-01-01,7161723,4520643.3,1517930.3,1168246.9,72647500000,94775000000,NA,47.82328,NA,6.333333,66.47413,NA,NA,76.5213,NA,NA,NA,63.03333333333333,NA,NA,NA,NA,2.60825271529428,8.01,6.9,NA,97.1,NA,NA,46.3,50.8,39,NA,NA,92.77401,99.59297666666667,NA,NA,14.85,NA,-38.662095,NA,0.1369675,4.911789,NA,1291.1106295535214,0.3646553334578742
1978-04-01,7438507.3,4617289.1,1527507.6,1265329.3,80221000000,95070000000,NA,49.74938,NA,6,67.07536,NA,NA,77.1624,NA,NA,NA,64.46666666666667,NA,NA,NA,NA,-0.114435368644394,8.32,7.42,NA,98.1,NA,NA,47.1,51,38.3,NA,NA,92.14273,99.47724,NA,NA,14.85,NA,-26.444893666666665,NA,0,5.316986,NA,267.82845133569964,114.71246030263403
1978-07-01,7513320,4636677.6,1532709.3,1301677.7,81101300000,96309500000,NA,50.182,NA,6.033333,67.25495,NA,NA,78.4661,NA,NA,NA,65.96666666666667,NA,NA,NA,NA,1.74267680691673,8.49,8.2733333333,NA,98.4,NA,NA,47.8,50.7,38.2,NA,NA,88.73561,99.33758,NA,NA,14.85,NA,-21.850361333333332,NA,0.0617932,5.668392,NA,19.478049691761626,283.3360171866243
1978-10-01,7614308.5,4674092.7,1540110.1,1330827.7,84320300000,97631300000,NA,51.06308,NA,5.9,67.67269,NA,NA,79.1331,NA,NA,NA,67.5,NA,NA,NA,NA,1.82034253915961,8.82,10.2933333333,NA,98.5,NA,NA,48,50.5,37.9,NA,NA,88.56616,98.6375,NA,NA,14.85,NA,-9.515895,NA,0,5.374798,NA,738.3040164393798,28.551373061834482
1979-01-01,7627983.3,4698299.9,1548887,1323216.6,84386300000,97367800000,NA,51.31132,NA,5.866667,67.87692,NA,NA,80.6552,NA,NA,NA,69.2,NA,NA,NA,NA,3.01945088762414,9.1066666667,10.2766666667,NA,97.8,NA,NA,47.5,50.3,37.1,NA,NA,90.59493,98.17591,NA,NA,15.516666666666666,NA,-6.526306933333333,NA,0.1449906,5.513809,NA,1256.1624509620774,0.19372314589949555
1979-04-01,7636125.8,4695250,1551957.6,1324994.2,84606300000,97895000000,NA,51.18992,NA,5.7,67.75188,NA,NA,81.4401,NA,NA,NA,71.4,NA,NA,NA,NA,2.1483589748,9.1133333333,10.0566666667,NA,99.2,NA,NA,48.1,51,36.3,NA,NA,93.0098,97.69886,NA,NA,17.683333333333334,NA,28.161709833333333,NA,0.1303186,5.655232,NA,236.35479170558565,80.25910704277975
1979-07-01,7692847.3,4740939,1531999.5,1359675.7,87651000000,96400800000,NA,51.03819,NA,5.866667,67.97559,NA,NA,81.7249,NA,NA,NA,73.7,NA,NA,NA,NA,2.30765351775595,9.1033333333,10.9033333333,NA,100,NA,NA,48.8,51.2,36.4,NA,NA,92.8632,97.40943,NA,NA,25.583333333333332,NA,45.09931233333333,NA,0.0598122,5.990254,NA,11.276218942648983,254.0566598169251
1979-10-01,7712082.9,4752735.9,1545404,1348312.6,93166000000,98503300000,NA,51.23057,NA,5.966667,68.09451,NA,NA,82.2821,NA,NA,NA,76.03333333333333,NA,NA,NA,NA,2.15559577996938,10.4466666667,13.6633333333,NA,100.6,NA,NA,49.4,51.3,36.6,NA,NA,95.51283,97.3745,NA,NA,30.833333333333332,NA,42.771445666666665,NA,0.1732202,5.943264,NA,688.9272931066691,22.501961516906405
1980-01-01,7736342.9,4745942,1562061.9,1341157.4,95766000000,98569800000,NA,51.44323,NA,6.3,67.89297,NA,NA,80.9297,NA,NA,NA,79.03333333333333,NA,NA,NA,NA,2.2708069839,11.9866666667,15.0866666667,NA,100.8,NA,NA,49.2,51.5,36.6,NA,NA,96.93641,97.16049666666667,NA,NA,35.833333333333336,NA,39.003421,0.2407285228642491,0.0577034,6.25429,NA,1169.139940220437,2.1765365215766863
1980-04-01,7576940.6,4639059.8,1584036.4,1233983.6,97571500000,91411800000,NA,49.25863,NA,7.333333,67.06379,NA,NA,79.0625,NA,NA,NA,81.7,NA,NA,NA,NA,3.7808460055,10.4766666667,11.4733333333,NA,100.3,NA,NA,48.9,51.4,36.4,NA,NA,96.96146,96.41872333333333,NA,NA,39.5,NA,60.285677,0.5169752445152044,0,6.115939,NA,243.99630113954794,103.18139361105922
1980-07-01,7567935,4689946.5,1572740.3,1234242.4,97363800000,84833500000,NA,48.44758,NA,7.666667,66.77394,NA,NA,80.1193,NA,NA,NA,83.23333333333333,NA,NA,NA,NA,2.11855404732262,10.9533333333,9.95,NA,100.8,NA,NA,49.4,51.5,37.1,NA,NA,94.16086,97.83624333333333,NA,NA,37.833333333333336,NA,50.96664333333333,0.13676191206016933,0.137193,7.016236,NA,18.437623762376237,365.4632168877265
1980-10-01,7709071.2,4753312.6,1567698.6,1277058.5,96774000000,89382500000,NA,50.32022,NA,7.4,67.00285,NA,NA,79.7186,NA,NA,NA,85.56666666666666,NA,NA,NA,NA,1.79144697264126,12.4233333333,15.7566666667,NA,101.4,NA,NA,49.7,51.7,37.2,NA,NA,95.75719,98.42061,NA,NA,36.333333333333336,NA,62.36244633333334,0.288312523524563,0.0537346,7.592396,NA,771.8888847375304,23.59433962264151
1981-01-01,7860124.5,4769235.6,1581859.9,1291925.9,98594000000,93197500000,NA,50.44594,NA,7.433333,67.30515,NA,NA,79.0959,NA,NA,NA,87.93333333333334,NA,NA,NA,NA,0.978875462,12.96,15.92,NA,100,NA,NA,48.6,51.5,37.2,NA,NA,98.06246,97.95535,NA,NA,38,NA,58.451409,0.29388823468685454,0.1768764,7.4674,NA,1104.629086493555,0.34186437511675694
1981-04-01,7801875,4769582,1599916.5,1290066.6,99127000000,93335300000,NA,50.61429,NA,7.4,67.37114,NA,NA,78.2543,NA,NA,NA,89.76666666666667,NA,NA,NA,NA,2.63881854749406,13.75,16.75,NA,100.2,NA,NA,48.3,51.8,36,NA,NA,103.1262,98.52394333333334,NA,NA,37.333333333333336,NA,40.725283,0.17855475217949807,0.10313,7.614863,NA,204.0345040164394,118.506631795255
1981-07-01,7895302.6,4791644.6,1602550.5,1285643.6,97015300000,92266800000,NA,51.09076,NA,7.4,67.03545,NA,NA,76.815,NA,NA,NA,92.26666666666667,NA,NA,NA,NA,1.10951901456471,14.8466666667,17.52,NA,99.5,NA,NA,47.7,51.8,36,NA,NA,108.6999,98.62946333333333,NA,NA,36,NA,20.099508666666665,0.3914073880977052,0,7.215701,NA,23.45421259107043,268.70151317018497
1981-10-01,7809275.7,4758869.4,1613481.1,1286149.9,97460500000,94908500000,NA,49.94003,NA,8.233334,66.57244,NA,NA,76.645,NA,NA,NA,93.76666666666667,NA,NA,NA,NA,2.6324584908,14.0866666667,13.4533333333,NA,99.4,NA,NA,47.6,51.8,36.5,NA,NA,105.361,97.79443,NA,NA,35.333333333333336,NA,12.4216135,0.41207354357823345,0.082176,7.021356,NA,758.3458621333832,16.57304315337194
1982-01-01,7687947.3,4793923.2,1623700.3,1245392.4,93230800000,92198300000,NA,48.91952,NA,8.833333,66.24705,NA,NA,76.3024,NA,NA,NA,94.60000000000001,NA,NA,NA,NA,3.02374730447268,14.2933333333,14.24,NA,99.7,NA,NA,47.2,52.5,36.9,NA,NA,108.6231,97.64841,NA,NA,31.296666666666667,NA,-0.26283033333333333,0.4186872619514704,0.1517911,6.533915,NA,1200.4346534653466,3.422847001681301
1982-04-01,7723017.9,4808526.3,1622920.9,1216953.3,93787000000,90688500000,NA,48.32059,NA,9.433333,65.89706,NA,NA,75.3351,NA,NA,NA,95.96666666666667,NA,NA,NA,NA,0.754894012820673,13.93,14.2333333333,NA,100.6,NA,NA,47.3,53.3,36.9,NA,NA,112.4069,97.61326666666666,NA,NA,34.81666666666667,NA,0.5038596333333333,0.39544467737223904,0.1119445,6.507325,NA,261.93818419577804,76.8238371006912
1982-07-01,7693495.4,4840760.4,1641252.3,1185753.4,89628000000,94894800000,NA,47.63421,NA,9.9,65.67673,NA,NA,74.0087,NA,NA,NA,97.63333333333334,NA,NA,NA,NA,1.38904849638009,13.1166666667,11.57,NA,101.2,NA,NA,47.2,54,39.1,NA,NA,117.161,97.82071,NA,NA,34.58,NA,-37.37181266666667,0.5902960692101712,0.1076137,6.467947,NA,14.40784606762563,271.49308798804407
1982-10-01,7696573.5,4925554.9,1661233.1,1193084.3,85520800000,91170300000,NA,46.7417,NA,10.66667,65.16872,NA,NA,74.3377,NA,NA,NA,97.93333333333334,NA,NA,NA,NA,0.722408330888125,10.6666666667,9.04,NA,101.9,NA,NA,47.8,54.2,40.9,NA,NA,117.7405,98.30691,NA,NA,33.85,NA,-23.741143,0.3619719231254777,0,7.795161,NA,679.9114328413973,18.243321501961518
1983-01-01,7797998.2,4974254.1,1675646.6,1214951.5,86900300000,93259800000,NA,47.26886,NA,10.36667,65.2577,NA,NA,75.1751,NA,NA,NA,98,NA,NA,NA,NA,0.240560739447893,10.5633333333,8.53,NA,101.7,NA,NA,46.9,54.8,41.9,NA,NA,116.1266,98.91214,NA,NA,29.653333333333332,NA,-13.469648766666666,0.17772922750368433,0.2042623,8.433887,NA,1057.79900990099,0.36465533345787404
1983-04-01,7975443.2,5075543,1687539.3,1256897.2,87160300000,100430800000,NA,48.32602,NA,10.13333,65.47728,NA,NA,75.2017,NA,NA,NA,99.13333333333334,NA,NA,NA,NA,-0.197331810131107,10.5433333333,8.7733333333,NA,102.5,NA,NA,47.5,55,42.8,NA,NA,117.7159,100.5491,NA,NA,30.536666666666665,NA,-12.349887566666666,0.03542739919533202,0.1217137,9.297011,NA,285.3060713618531,75.56687838595181
1983-07-01,8134868.7,5166557.8,1707107.7,1328812.7,88470500000,108254300000,NA,49.97585,NA,9.366667,66.44711,NA,NA,75.3548,NA,NA,NA,100.1,NA,NA,NA,NA,0.036748896388938,11.6266666667,9.5533333333,NA,102.9,NA,NA,48,54.9,43.8,NA,NA,120.6243,100.63566666666667,NA,NA,31.56,NA,-33.326056,0.06663818796319505,0.0702395,9.487267,NA,21.190715486643004,347.1866243228096
1983-10-01,8304576.9,5248891.6,1666457.5,1396993.5,90250800000,113564800000,NA,51.28661,NA,8.533334,66.89529,NA,NA,75.6316,NA,NA,NA,101.1,NA,NA,NA,NA,0.783475669511802,11.6866666667,9.41,NA,103.4,NA,NA,48.4,55,43.7,NA,NA,120.4734,100.75833333333333,NA,NA,29.83,NA,-27.221164666666667,0.027477780731838125,0,9.477724,NA,779.507341677564,14.378385951802729
1984-01-01,8466914,5292451.7,1674020,1441959.6,92134500000,122694000000,NA,52.80067,NA,7.866667,67.48959,NA,NA,75.6639,NA,NA,NA,102.53333333333333,NA,NA,NA,NA,0.667844989045152,11.9433333333,9.68,NA,103.2,NA,NA,47.9,55.3,43.9,NA,NA,120.5424,101.47656666666667,NA,NA,30.198666666666668,NA,-23.946248666666666,0.0682479384689431,0.1039285,9.160872,NA,1139.0761628993089,1.373155240052307
1984-04-01,8613202.1,5366597.5,1708162,1497817.6,94424500000,127833800000,NA,53.61632,NA,7.433333,68.2431,NA,NA,75.8453,NA,NA,NA,103.5,NA,NA,NA,NA,0.568184837298413,13.2,10.9533333333,NA,104.4,NA,NA,48.2,56.2,43.8,NA,NA,121.5835,101.34976666666667,NA,NA,30.368333333333332,NA,-18.311340333333334,0.15284769140158277,0,8.880444,NA,262.2888473753036,119.23201942835793
1984-07-01,8696234.2,5406396.9,1718861.4,1527663.5,96510500000,131143000000,NA,53.98187,NA,7.433333,68.33054,NA,NA,76.1529,NA,NA,NA,104.4,NA,NA,NA,NA,0.977742801341019,12.8666666667,11.44,NA,104.9,NA,NA,48.4,56.5,44.8,NA,NA,126.9108,101.4542,NA,NA,29.104333333333333,NA,-27.705437,0.17389543007174355,0.0341869,9.139582,NA,29.600186811133945,278.39407808705397
1984-10-01,8767610.5,5476428.2,1741615.2,1566409.6,98474300000,134987000000,NA,54.00702,NA,7.3,68.50243,NA,NA,76.1164,NA,NA,NA,105.3,NA,NA,NA,NA,0.8256907149,11.7433333333,9.3866666667,NA,106.6,NA,NA,49,57.6,45.4,NA,NA,129.1157,101.17916666666667,NA,NA,27.430666666666667,NA,-20.082582333333335,0.06166780478433819,0.0543036,9.43276,NA,661.6783672706894,13.277788156174108
1985-01-01,8852566.9,5569469.3,1763269.5,1577928.1,98735300000,132010000000,NA,54.19271,NA,7.233333,68.85123,NA,NA,76.5388,NA,NA,NA,106.26666666666667,NA,NA,NA,NA,0.783558090499681,11.5833333333,8.6166666667,NA,107.6,NA,NA,49.8,57.8,46,NA,NA,133.7803,100.97723333333333,NA,NA,27.05,2.7912816206614175,-25.543186666666667,0.04060748164495889,0,10.15938,NA,1177.302223052494,0.9137866616850364
1985-04-01,8930511.4,5620601,1787535.1,1612015.6,98523500000,138496300000,NA,54.23385,NA,7.3,68.84763,NA,NA,77.2857,NA,NA,NA,107.23333333333333,NA,NA,NA,NA,0.758847888822012,10.8133333333,7.95,NA,109.2,NA,NA,50.7,58.5,46.7,NA,NA,131.94,100.9705,NA,NA,27.857,2.7319311698277793,-26.704897666666668,0.08431567486109968,0,10.60289,NA,179.84412478983748,101.58854847748925
1985-07-01,9066904.5,5727363.9,1827634,1613626.4,97086500000,137156500000,NA,54.1488,NA,7.2,69.00807,NA,NA,77.3974,NA,NA,NA,107.9,NA,NA,NA,NA,0.2005706152,10.3366666667,7.7933333333,NA,110.4,NA,NA,52,58.5,47.7,NA,NA,128.8789,100.79076666666667,NA,NA,27.791,2.4786413113276162,-52.587998666666664,0.07649079068610166,0,10.8058,NA,21.161628993087987,270.99815056977394
1985-10-01,9134312.3,5739769,1844843.3,1635535.4,99983000000,142524000000,NA,54.45626,NA,7.033333,69.29747,NA,NA,78.1891,NA,NA,NA,109,NA,NA,NA,NA,1.27914747020368,9.76,7.83,NA,113.1,NA,NA,53.7,59.4,49.8,NA,NA,122.86,100.6863,NA,NA,29.193,2.509638706843058,-36.37835366666667,0.07920542777212383,0.0839913,11.25084,NA,758.3730805155988,22.266579488137495
1986-01-01,9219603.8,5789947.2,1862760.8,1642178.7,103114800000,142381800000,NA,54.78546,NA,7.033333,69.37636,NA,NA,79.5984,NA,NA,NA,109.56666666666666,NA,NA,NA,NA,0.3042955845,8.5566666667,7.5833333333,NA,113.3,NA,NA,53.4,59.9,49.8,NA,NA,116.4634,101.11896666666667,NA,NA,17.001666666666665,2.70383628209432,-48.278497333333334,0.11633782628493101,0.0296209,12.56187,NA,1026.1301699981318,1.861199327479918
1986-04-01,9261119.3,5853032.8,1899468.9,1647656.9,104224800000,148439800000,NA,54.46568,NA,7.166667,69.4992,NA,NA,81.3239,NA,NA,NA,109.03333333333333,NA,NA,NA,NA,0.637535393198618,7.6033333333,6.66,NA,115,NA,NA,54.1,60.9,50.4,NA,NA,111.1501,101.27666666666667,NA,NA,13.92,3.107771952946981,-65.736672,0.1308221273319678,0,13.71408,NA,211.22785354007098,107.43153371940967
1986-07-01,9349717.5,5956538.5,1926965.2,1659036.3,106610300000,152554300000,NA,54.67926,NA,6.966667,69.84097,NA,NA,82.5962,NA,NA,NA,109.7,NA,NA,NA,NA,0.702138024,7.3066666667,6,NA,116.9,NA,NA,55.4,61.5,51.6,NA,NA,107.5668,101.12636666666667,NA,NA,13.86,2.589666207631429,-71.16343133333334,0.08976926435787656,0.0846274,13.742,NA,22.306276854100503,262.63917429478795
1986-10-01,9399868.7,5993005.3,1925750.9,1658670.4,110593300000,153738300000,NA,55.30026,NA,6.833333,70.01239,NA,NA,83.4306,NA,NA,NA,110.46666666666667,NA,NA,NA,NA,1.41258689792227,7.2633333333,5.83,NA,119.4,NA,NA,56.6,62.8,52.9,NA,NA,107.7463,100.69160000000001,NA,NA,15.378333333333334,2.519017219543457,-53.348745,0.04759635839672179,0.0981788,13.85444,NA,719.6210722959089,26.236969923407433
1987-01-01,9469601.1,5998672,1926920,1635845.9,110691800000,152837000000,NA,56.02937,NA,6.6,70.25863,NA,NA,85.2297,NA,NA,NA,111.8,NA,NA,NA,NA,0.798304681324002,7.1933333333,6.0466666667,NA,119.4,NA,NA,56,63.4,52.8,NA,NA,103.5135,100.54276666666667,NA,NA,18.229,2.4210232893625894,-41.13538366666666,0.05847085729932313,0,15.77364,NA,1103.7339809452644,1.7207173547543433
1987-04-01,9571700.3,6080468.8,1931639.9,1668171.3,115252000000,156660800000,NA,57.03286,NA,6.266667,70.63116,NA,NA,85.9936,NA,NA,NA,113.06666666666666,NA,NA,NA,NA,0.683540983518283,8.3433333333,6.8166666667,NA,121.1,NA,NA,57.2,63.9,53.2,NA,NA,100.1826,100.72603333333333,NA,NA,19.364,2.584807872772217,-25.125470666666665,0.16794112766630065,0.0265287,16.38822,NA,215.35510928451336,122.00840650102747
1987-07-01,9654703.9,6149826.1,1926622.4,1703598.4,120254800000,159714500000,NA,58.10582,NA,6,70.90448,NA,NA,86.8823,NA,NA,NA,114.26666666666667,NA,NA,NA,NA,0.818308298292325,8.8766666667,6.94,NA,122,NA,NA,58,64.1,53.6,NA,NA,101.4058,100.82926666666667,NA,NA,20.385,2.8118181228637695,-24.944077,0.040145843492616996,0.0796876,17.72323,NA,12.551671959648795,297.08356062021295
1987-10-01,9820471,6162829.8,1962643.4,1700714.8,124741000000,163387000000,NA,59.49075,NA,5.833333,71.188,NA,NA,87.8935,NA,NA,NA,115.33333333333333,NA,NA,NA,NA,0.7973976664,9.1233333333,7.64,NA,122.7,NA,NA,58.1,64.6,54.6,NA,NA,96.97551,100.21166666666666,NA,NA,18.669666666666668,2.6882129510243735,-11.613567333333334,0.4897580865145837,0.2265211,14.16871,NA,731.303362600411,20.147580795815433
1988-01-01,9871231.3,6271720.6,1963857.7,1687380.5,131668300000,162617500000,NA,60.03743,NA,5.7,71.32307,NA,NA,88.7271,NA,NA,NA,116.23333333333333,NA,NA,NA,NA,1.09225478569976,8.4166666667,6.7166666667,NA,122.9,NA,NA,57.9,64.9,54.4,NA,NA,93.63403,100.639,NA,NA,16.714,2.339412053426107,12.057841966666667,0.34048596911867934,0.1918005,14.37786,NA,1144.886829815057,2.5142910517466843
1988-04-01,10000942.5,6318039.7,1959663.3,1721442.5,135358000000,160744500000,NA,60.55973,NA,5.466667,71.48392,NA,NA,89.8141,NA,NA,NA,117.56666666666666,NA,NA,NA,NA,1.31741222296304,8.91,7.2233333333,NA,123.9,NA,NA,58.5,65.4,54.1,NA,NA,92.57032,100.95113333333333,NA,NA,17.281,2.56155518690745,3.9204767333333335,0.21080684019792242,0.3188572,14.72828,NA,241.84431160097142,120.53594246217074
1988-07-01,10059545,6374189.1,1958335.8,1725436.1,138025300000,164537000000,NA,60.7795,NA,5.466667,71.76724,NA,NA,91.0966,NA,NA,NA,119,NA,NA,NA,NA,1.00112184904937,9.1,8.1733333333,NA,124.2,NA,NA,58.9,65.2,54.7,NA,NA,96.61575,101.1597,NA,NA,15.163,2.0562401612599692,-8.5721715,0.24028582331247506,0.2246055,14.94854,NA,12.721782178217822,344.3714926209602
1988-10-01,10193584,6446665.4,1997952.8,1744421.3,142238300000,169549300000,NA,61.21771,NA,5.333333,72.02773,NA,NA,92.4572,NA,NA,NA,120.3,NA,NA,NA,NA,0.681787194962147,8.9566666667,8.7966666667,NA,124.9,NA,NA,59.2,65.7,55.3,NA,NA,93.28811,100.98780000000001,NA,NA,14.680333333333333,1.9855846563975017,5.729024266666666,0.13299973169333693,0,15.3295,NA,755.6425742574257,26.95525873342051
1989-01-01,10297191.1,6476568.6,1983151.2,1758224,146486500000,170337800000,NA,61.50679,NA,5.2,72.32751,NA,NA,93.3868,NA,NA,NA,121.66666666666667,NA,NA,NA,NA,0.334568065184748,9.2066666667,9.6,NA,124.5,NA,NA,58.8,65.7,55.1,NA,NA,94.24757,101.05023333333334,NA,NA,18.418,2.106002370516459,15.829914,0.10125564513762333,0.2470508,16.17776,NA,1072.3969923407435,2.772931066691575
1989-04-01,10375768.9,6506795.3,2014428,1764756.6,152900000000,171145300000,NA,61.26995,NA,5.233333,72.44554,NA,NA,93.2599,NA,NA,NA,123.63333333333333,NA,NA,NA,NA,0.350958832439141,8.7733333333,9.5766666667,NA,125,NA,NA,59.2,65.8,54.5,NA,NA,96.71295,100.6546,NA,NA,20.358999999999998,2.2162650426228843,13.8515676,0.04939889290229828,0.1186029,17.34442,NA,235.4695311040538,114.70605268073977
1989-07-01,10452625.9,6569785.6,2024579.2,1799516.2,154462000000,170912500000,NA,60.88927,NA,5.233333,72.59748,NA,NA,93.7726,NA,NA,NA,124.6,NA,NA,NA,NA,0.587458278917374,8.1066666667,8.7266666667,NA,124.7,NA,NA,59.5,65.2,54.7,NA,NA,97.03474,100.74316666666667,NA,NA,19.253333333333334,2.2534619569778442,2.426359466666667,0.03051107919549865,0,18.84998,NA,21.36844759947693,248.0270689333084
1989-10-01,10473215.6,6598338.7,2037524.6,1775700.9,156800000000,174004800000,NA,61.12539,NA,5.366667,72.62408,NA,NA,94.0594,NA,NA,NA,125.86666666666667,NA,NA,NA,NA,1.48508643652265,7.9066666667,8.4366666667,NA,125.2,NA,NA,60,65.2,55.3,NA,NA,96.03432,100.74693333333333,NA,NA,20.333000000000002,2.2684940894444785,14.406159666666667,0.028642985426114972,0,18.93344,NA,838.1414347095088,21.69288249579675
1990-01-01,10587675.5,6653870.5,2057576.5,1808394.7,163609800000,179522800000,NA,61.5782,NA,5.3,72.48614,NA,NA,93.7397,NA,NA,NA,128.03333333333333,NA,NA,NA,NA,0.693388533675976,8.4233333333,8.2433333333,NA,125.5,NA,NA,60.2,65.3,55.2,NA,NA,96.05455,100.66463333333333,NA,NA,21.72233333333333,1.8136218786239624,13.980792,0.039956971123619484,0.1651528,18.3633,NA,928.8202503269194,6.842237997384645
1990-04-01,10626105.6,6674140.2,2062265.6,1774429.8,165644300000,179221800000,NA,62.00762,NA,5.333333,72.41841,NA,NA,92.916,NA,NA,NA,129.3,NA,NA,NA,NA,1.66287882237952,8.6766666667,8.3333333333,NA,125.5,NA,NA,60.5,65,55.2,NA,NA,96.39973,100.57546666666667,NA,NA,17.896666666666665,2.020140846570333,-6.252945566666667,0.018829075008566395,0.0649266,18.9359,NA,229.15314776760695,124.63848309359238
1990-07-01,10633180.6,6700581,2062103.9,1759161.2,166898000000,178498000000,NA,62.25894,NA,5.7,72.12213,NA,NA,91.108,NA,NA,NA,131.53333333333333,NA,NA,NA,NA,1.05323585800969,8.7033333333,8.0433333333,NA,125.2,NA,NA,60.7,64.4,55.9,NA,NA,93.49502,99.09868333333333,NA,NA,26.499666666666666,4.454542835553487,-19.949541,0.09317329209657436,0.113135,18.19922,NA,15.413618531664488,280.5419390995703
1990-10-01,10536375.7,6649606.4,2078758.6,1726287,168367500000,173711000000,NA,61.30243,NA,6.133333,71.70645,NA,NA,89.2404,NA,NA,NA,133.76666666666665,NA,NA,NA,NA,1.32402044261977,8.3966666667,7.97,NA,125.1,NA,NA,61.1,63.9,57.1,NA,NA,90.27856,97.63448666666667,NA,NA,31.852999999999998,3.8960787455240884,-8.26537759,0.29581410252755785,0.0520806,17.15977,NA,658.5579861759761,21.891275920044837
1991-01-01,10487071.7,6624601.6,2099940.7,1670977.2,169396000000,171731500000,NA,60.15427,NA,6.6,71.19157,NA,NA,87.86,NA,NA,NA,134.76666666666668,NA,NA,NA,NA,0.6724077541,8.0166666667,6.7133333333,NA,124.4,NA,NA,61.1,63.3,57.6,NA,NA,90.74452,98.61860666666666,NA,NA,21.780666666666665,7.308618625005086,9.34393736,0.22737748048875447,0.0533703,19.12147,NA,1006.5440500653839,5.25546422566785
1991-04-01,10568838.3,6679503.3,2100264.1,1675651.3,175572300000,174783800000,NA,60.49851,NA,6.833333,71.03866,NA,NA,87.9585,NA,NA,NA,135.56666666666666,NA,NA,NA,NA,0.554491549673175,8.13,6.0133333333,NA,124.7,NA,NA,61.8,62.9,58.4,NA,NA,93.87944,99.52692333333333,NA,NA,20.752666666666666,2.2181944847106934,13.714606333333334,0.02184354049326246,0,20.53106,NA,190.82544367644311,124.09062208107603
1991-07-01,10622248.8,6712806.1,2088298.6,1680325.4,179728500000,179702500000,NA,61.36137,NA,6.866667,70.91022,NA,NA,86.9931,NA,NA,NA,136.6,NA,NA,NA,NA,0.6922203733,7.94,5.7,NA,123.8,NA,NA,61.9,61.8,60,NA,NA,93.70869,99.53568333333332,NA,NA,21.655,2.6305665175120034,5.5640312000000005,0.012768841811144606,0.0438327,20.93425,NA,23.740706146086307,274.9106295535214
1991-10-01,10659272.1,6709447.3,2078435.2,1682506.6,183775500000,183672300000,NA,61.48898,NA,7.1,70.70499,NA,NA,86.1187,NA,NA,NA,137.73333333333332,NA,NA,NA,NA,1.0134322532,7.3466666667,4.9133333333,NA,123.1,NA,NA,62.6,60.5,61.5,NA,NA,90.68873,98.40693333333333,NA,NA,21.736666666666668,2.3878743648529053,8.836418533333333,0.033261253804943935,0.0564557,21.14683,NA,703.6481785914441,31.917989912198767
1992-01-01,10786890.5,6835071.2,2085711.5,1706500.1,187098000000,185006500000,NA,61.41533,NA,7.366667,70.71913,NA,NA,85.702,NA,NA,NA,138.66666666666666,NA,NA,NA,NA,0.651231351851833,7.3033333333,4.1233333333,NA,122,NA,NA,62.1,59.9,61.6,NA,NA,90.75052,98.24010333333334,NA,NA,18.910333333333334,2.1511745850245156,-8.8181798,0.015370269750825265,0.0638488,22.535,NA,1031.985129833738,2.478516719596488
1992-04-01,10903853.1,6881469.8,2090077.3,1753240.7,187187000000,188048000000,NA,62.52952,NA,7.6,70.87726,NA,NA,84.8477,NA,NA,NA,139.73333333333332,NA,NA,NA,NA,0.401655924,7.3766666667,3.8933333333,NA,121,NA,NA,61.9,59.1,62.5,NA,NA,90.67109,99.09696,NA,NA,21.186,2.00865646203359,-19.533949,0.03102391406520831,0,22.37532,NA,234.70257799364842,75.18186063889408
1992-07-01,11011595.2,6955233.5,2110774.3,1768353.5,191153800000,191012300000,NA,63.02003,NA,7.633333,70.94265,NA,NA,84.0731,NA,NA,NA,140.8,NA,NA,NA,NA,0.102331806639477,6.6166666667,3.27,NA,120.2,NA,NA,62.1,58.1,63.3,NA,NA,88.19579,98.88753,NA,NA,21.670333333333335,1.7528591950734456,-32.171785,0.018216836876701503,0.046049,22.7232,NA,17.880590323183263,231.51500093405565
1992-10-01,11126430.2,7038131.5,2117727.2,1806992.5,192112000000,195584800000,NA,63.66204,NA,7.366667,70.687970000000007,NA,NA,83.7257,NA,NA,NA,142.03333333333333,NA,NA,NA,NA,0.287465431497158,6.7433333333,3.44,NA,119.2,NA,NA,62.2,57,63.9,NA,NA,91.47181,99.67586333333334,NA,NA,20.479,1.8477981090545654,-20.0335034,0.01032951124962835,0.1635858,23.08347,NA,749.362861946572,21.548664300392304
1993-01-01,11145005.1,7065115.5,2099617.3,1807927.3,192540800000,199819500000,NA,64.24306,NA,7.133333,70.93296,NA,NA,83.2756,NA,NA,NA,143.06666666666666,NA,NA,NA,NA,0.2018120223,6.28,3.14,NA,118.2,NA,NA,61.4,56.7,63.9,NA,NA,92.99303,100.21546666666666,NA,NA,19.825,2.3175422747929892,-8.388118633333335,0.011915789900266585,0.2733236,24.13709,NA,1126.0355875210162,1.3104801046142347
1993-04-01,11209888.1,7129379.7,2090885.8,1845631.4,194842000000,203948000000,NA,64.3753,NA,7.066667,71.15818,NA,NA,83.046,NA,NA,NA,144.1,NA,NA,NA,NA,0.919644353377524,5.99,3.1333333333,NA,118.3,NA,NA,61.7,56.6,64.4,NA,NA,90.4738,99.54688666666667,NA,NA,19.76,2.4083245595296225,4.7118065,0.00587391465431723,0.1019004,24.35836,NA,219.93861386138613,97.32635905099944
1993-07-01,11263376.6,7208724.2,2091532.5,1865418.2,194318300000,206633800000,NA,64.61671,NA,6.8,71.31725,NA,NA,83.2987,NA,NA,NA,144.76666666666668,NA,NA,NA,NA,0.298379452226638,5.6166666667,3.14,NA,118.5,NA,NA,62.2,56.3,65.1,NA,NA,90.82909,99.08548,NA,NA,17.796333333333333,2.214776118596395,-5.797193666666667,0.004315493857262707,0.1402262,24.91095,NA,24.261255370820102,305.5980758453204
1993-10-01,11416575.3,7272004.5,2097030.2,1935685,200581300000,214935000000,NA,65.62479,NA,6.633333,71.43089,NA,NA,83.4888,NA,NA,NA,145.96666666666667,NA,NA,NA,NA,0.024442826207571,5.6066666667,3.2833333333,NA,118.8,NA,NA,62.8,56.1,65.9,NA,NA,91.59894,99.81928666666667,NA,NA,16.451333333333334,1.9414539337158203,-13.120149866666665,0.008428288619163126,0.0538561,25.457,NA,757.2642443489632,23.00635157855408
1994-01-01,11527357.5,7355179.8,2090885.8,1939891.6,202550300000,219942500000,NA,66.43562,NA,6.566667,71.58904,NA,NA,83.2109,NA,NA,NA,146.7,NA,NA,NA,NA,-0.0879726806,6.0666666667,3.45,NA,118.8,NA,NA,62.4,56.4,65.6,NA,NA,93.00148,100.77946666666666,NA,NA,14.813333333333333,2.1640883684158325,-23.180175666666667,0.01656363278048083,0.0491376,25.79401,NA,1189.2309732860078,3.897253876331029
1994-04-01,11683574.3,7412407.2,2093149.5,1985541.6,209388800000,228137500000,NA,67.64616,NA,6.2,71.80219,NA,NA,83.1636,NA,NA,NA,147.53333333333333,NA,NA,NA,NA,0.480756727421427,7.0833333333,4.3466666667,NA,118.9,NA,NA,62.6,56.3,64.7,NA,NA,92.03879,100.7154,NA,NA,17.776666666666667,2.434129476547241,-7.913713053333333,0.03936197656983228,0.044238,24.71621,NA,209.90455819166823,117.27367831122734
1994-07-01,11751874.6,7468926.1,2116595.4,2016702,217225800000,234552800000,NA,68.50744,NA,6,72.05757,NA,NA,82.8336,NA,NA,NA,148.9,NA,NA,NA,NA,0.383465685827877,7.3333333333,4.8566666667,NA,118.8,NA,NA,62.8,56,64.5,NA,NA,89.86073,100.60496666666667,NA,NA,18.496666666666666,2.2474758625030518,-1.1368023299999999,0.020163356937672447,0.1151676,25.18626,NA,8.918755837847936,260.695404446105
1994-10-01,11886500.6,7549675.2,2102366.1,2055808.4,222240500000,241152300000,NA,69.90004,NA,5.633333,72.58108,NA,NA,82.8075,NA,NA,NA,149.76666666666668,NA,NA,NA,NA,0.081863838,7.8366666667,5.8633333333,NA,119.4,NA,NA,63.5,55.8,64.7,NA,NA,89.35874,100.89776666666667,NA,NA,17.656666666666666,2.060685634613037,23.54652,0.013116845461036995,0.0494927,24.96735,NA,657.9667849803848,25.28413973472819
1995-01-01,11928671.6,7568466,2107331.8,2099250.4,226521500000,246443500000,NA,70.62984,NA,5.466667,72.66924,NA,NA,82.4156,NA,NA,NA,150.86666666666667,NA,NA,NA,NA,0.745120847855585,7.4833333333,6.1833333333,NA,119.2,NA,NA,63,56.2,64.7,NA,NA,91.70205,100.97363333333334,NA,NA,18.356666666666666,1.6677463849385579,32.40541433333333,0.008421786724884629,0.2437122,25.82185,NA,1018.2006912011955,1.3560620212964691
1995-04-01,11964257.6,7634816.2,2111519.3,2096174.8,229697800000,248784000000,NA,70.84594,NA,5.666667,72.48235,NA,NA,82.2204,NA,NA,NA,152.1,NA,NA,NA,NA,0.447281437517488,6.62,6.01,NA,120.2,NA,NA,63.5,56.6,64.8,NA,NA,86.60769,100.71886666666667,NA,NA,19.343333333333334,2.1082651217778525,36.910359,0.009880112829460552,0,27.91683,NA,257.38300018681116,89.79674948626938
1995-07-01,12066040.5,7704005.9,2114659.9,2111552.9,239637800000,249638800000,NA,71.532,NA,5.666667,72.50594,NA,NA,82.5962,NA,NA,NA,152.86666666666667,NA,NA,NA,NA,0.352541111112115,6.3233333333,5.7566666667,NA,120.7,NA,NA,64.3,56.4,64.3,NA,NA,88.38786,100.81543333333333,NA,NA,17.853333333333335,2.0365034341812134,29.960752666666668,0.009936563710827063,0,29.99408,NA,18.548029142536894,342.6359798243975
1995-10-01,12147978.9,7757745.9,2086787.2,2147621.5,243058300000,252829500000,NA,72.10753,NA,5.566667,72.47028,NA,NA,82.6259,NA,NA,NA,153.7,NA,NA,NA,NA,0.319323213196432,5.8933333333,5.7166666667,NA,121.5,NA,NA,64.8,56.6,64.3,NA,NA,90.61647,100.44406666666667,NA,NA,18.156666666666666,1.4483599265416462,10.3787129,0.015112566317344709,0.048695,31.599,NA,740.1864748739025,18.470203624135998
1996-01-01,12238973.3,7829293.8,2095162.1,2199347.8,245983500000,261048300000,NA,72.60908,NA,5.533333,72.48345,NA,NA,82.5754,NA,NA,NA,155.06666666666666,NA,NA,NA,NA,0.4954336757,5.91,5.2766666667,NA,121.8,NA,NA,65,56.8,64.6,NA,NA,91.81619,100.54653333333333,NA,NA,19.77,1.613594611485799,-3.4695438,0.026311537011977613,0,33.75011,NA,1163.0509060339996,0.923033812815244
1996-04-01,12443112.5,7913520,2121333.6,2267430.9,249982000000,266890500000,NA,74.1664,NA,5.5,72.69987,NA,NA,82.3463,NA,NA,NA,156.4,NA,NA,NA,NA,-0.1425262099,6.72,5.3933333333,NA,122.3,NA,NA,65.3,57,63.6,NA,NA,91.90839,100.71836666666667,NA,NA,21.756666666666668,1.4719189405441284,-9.176812533333333,0.02749998425861582,0.0735889,35.01273,NA,257.0062955352139,123.74500280216701
1996-07-01,12554731.5,7961428.9,2112958.7,2316221.4,252003800000,275543500000,NA,75.12588,NA,5.266667,73.07134,NA,NA,82.3684,NA,NA,NA,157.29999999999998,NA,NA,NA,NA,0.4853397821,6.78,5.48,NA,122.5,NA,NA,65.6,56.9,63.4,NA,NA,92.00793,101.05323333333334,NA,NA,22.423333333333332,1.7434104681015015,-33.893017666666665,0.03976706965100423,0.0673446,35.02621,NA,17.43020736035868,235.91718662432282
1996-10-01,12685096,8024843.2,2128530.8,2353827.8,267716000000,280977800000,NA,76.15809,NA,5.333333,73.18629,NA,NA,82.2982,NA,NA,NA,158.66666666666666,NA,NA,NA,NA,0.455436678772148,6.3433333333,5.41,NA,122.3,NA,NA,65.9,56.5,63.5,NA,NA,92.63142,101.34996666666666,NA,NA,24.666666666666668,1.2233482201894124,-12.063553233333334,0.0402561564043939,0,38.09065,NA,738.9768727816178,21.04418083317766
1997-01-01,12766971.1,8109432.6,2126567.9,2397865.1,272805800000,292978800000,NA,77.60485,NA,5.233333,73.15805,NA,NA,82.4139,NA,NA,NA,159.63333333333333,NA,NA,NA,NA,1.16154013495213,6.5633333333,5.4433333333,NA,122.1,NA,NA,65.3,56.9,63.1,NA,NA,94.87971,101.56806666666667,NA,NA,22.79,1.0583299199740093,-4.241565966666666,0.010192716845657356,0,40.89534,NA,1022.7454137866616,5.3314029516159165
1997-04-01,12979568.9,8145940.2,2151954.3,2438267.6,283710500000,302812300000,NA,78.71947,NA,5,73.43933,NA,NA,82.9191,NA,NA,NA,160,NA,NA,NA,NA,-0.398450519786364,6.6966666667,5.69,NA,122.7,NA,NA,65.4,57.3,61.7,NA,NA,95.23949,102.0406,NA,NA,19.906666666666666,1.0500253836313884,-14.578750533333332,0.013810244009289693,0.0495638,42.63061,NA,276.7327666728937,97.09312535027087
1997-07-01,13141627.8,8284726.9,2153655.5,2518093.9,290275000000,313971000000,NA,80.55857,NA,4.866667,73.69175,NA,NA,83.6121,NA,NA,NA,160.8,NA,NA,NA,NA,0.242529208574127,6.2433333333,5.6,NA,123.5,NA,NA,65.8,57.7,61.3,NA,NA,96.64232,102.33486666666667,NA,NA,19.78333333333333,0.9395821491877238,-14.551534333333333,0.011585592862841226,0,47.93786,NA,12.573603586773771,278.4870166261909
1997-10-01,13253839,8383746.6,2169358.4,2525922.8,289857800000,320746800000,NA,82.59933,NA,4.666667,73.74036,NA,NA,84.5376,NA,NA,NA,161.66666666666666,NA,NA,NA,NA,1.3423787273,5.9066666667,5.73,NA,124.1,NA,NA,65.9,58.1,61.3,NA,NA,100.2459,102.3133,NA,NA,19.916666666666668,1.1679419875144958,-18.129018000000002,0.017431603391401616,0,49.38295,NA,773.7573510181207,24.126284326545864
1998-01-01,13386874.8,8468550.6,2156141.8,2587854.6,291196800000,332776800000,NA,83.53495,NA,4.633333,73.76231,NA,NA,85.996,NA,NA,NA,162,NA,NA,NA,NA,0.807541565420422,5.5866666667,5.5533333333,NA,124.9,NA,NA,65.6,59.2,60.8,NA,NA,104.2674,102.5497,NA,NA,15.93,1.40084703763326,-35.20748433333333,0.010410711376681009,0.1819947,52.71678,NA,967.3158789463853,1.1566411358116941
1998-04-01,13510795.5,8617675.2,2191865.9,2683059,287987500000,340403500000,NA,84.08977,NA,4.4,73.85234,NA,NA,86.6805,NA,NA,NA,162.53333333333333,NA,NA,NA,NA,0.943618304,5.5966666667,5.59,NA,127,NA,NA,66.3,60.6,59.3,NA,NA,104.5827,102.4821,NA,NA,14.653333333333332,1.5362829367319744,-45.95450366666667,0.014463984206415202,0.0662647,56.85257,NA,221.9404446104988,127.13300952736783
1998-07-01,13680888.3,8730053.4,2192912.8,2747507.2,286676800000,344996500000,NA,84.72841,NA,4.533333,73.81924,NA,NA,87.8734,NA,NA,NA,163.36666666666667,NA,NA,NA,NA,0.365474181292624,5.2033333333,5.5266666667,NA,128.1,NA,NA,66.8,61.3,58.2,NA,NA,107.6103,102.02593333333333,NA,NA,14.129999999999999,1.599285403887431,-59.02770566666667,0.09542172714272325,0.1915831,53.87644,NA,5.20741640201756,334.0751354380721
1998-10-01,13901040.7,8856175.5,2218691.7,2816568.8,297337300000,356162800000,NA,85.89976,NA,4.433333,73.94773,NA,NA,89.2255,NA,NA,NA,164.13333333333333,NA,NA,NA,NA,-0.0567063635,4.67,5.1966666667,NA,129.4,NA,NA,67.4,62,58.1,NA,NA,103.5351,101.77573333333333,NA,NA,12.84,1.5409390131632488,-48.533363333333334,0.20918903530104913,0,54.52351,NA,644.4857276293667,23.82691948440127
1999-01-01,14031631.7,8947135.9,2228767.8,2864101.1,296342500000,366226500000,NA,86.85987,NA,4.3,73.99088,NA,NA,90.252,NA,NA,NA,164.73333333333332,NA,NA,NA,NA,0.610314160466374,4.9833333333,4.9,NA,130.4,NA,NA,67.4,63,57.3,NA,NA,103.665,102.29136666666666,NA,NA,13.046666666666667,1.5012225707372029,-55.41644766666666,0.07204202345976257,0.1148501,59.01668,NA,1022.1906594433028,0.5811694376984868
1999-04-01,14148759.8,9084152.7,2230599.8,2929667.8,300023500000,376744500000,NA,87.68325,NA,4.266667,73.89854,NA,NA,91.1517,NA,NA,NA,165.96666666666667,NA,NA,NA,NA,0.273639798621095,5.54,4.9766666667,NA,131.3,NA,NA,68,63.3,55.5,NA,NA,104.5017,102.41199999999999,NA,NA,17.66,1.9451396862665813,-42.23148833333333,0.028921090689138246,0.119782,62.48504,NA,243.54827199701103,103.5278348589576
1999-07-01,14336355.8,9186277.8,2258079.9,2994535.4,309074500000,390363800000,NA,88.47782,NA,4.233333,73.86788,NA,NA,92.3707,NA,NA,NA,167.2,NA,NA,NA,NA,0.095188719219586,5.8833333333,5.3833333333,NA,133.1,NA,NA,68.7,64.4,54.6,NA,NA,104.2127,102.33409999999999,NA,NA,21.736666666666668,1.3002642790476482,-36.243425333333334,0.08082848127614639,0,61.98428,NA,18.934093031944702,317.4410797683542
1999-10-01,14571567.7,9320646.6,2286476,3023054.8,315681300000,400348800000,NA,90.05351,NA,4.066667,74.02969,NA,NA,93.7749,NA,NA,NA,168.43333333333334,NA,NA,NA,NA,0.603671027428065,6.14,6.06,NA,133.9,NA,NA,69.4,64.6,54.5,NA,NA,103.0133,102.4191,NA,NA,24.563333333333333,1.5001693964004517,-12.582605333333333,0.12240179258009101,0,61.77666,NA,636.0212964692696,24.267233327106297
2000-01-01,14624432.4,9461580,2261482.2,3099805.5,320224300000,415462800000,NA,90.95035,NA,4.033333,74.26647,NA,NA,95.1413,NA,NA,NA,170.1,NA,NA,NA,NA,3.28806598120084,6.48,6.0333333333,NA,134.8,NA,NA,69.4,65.4,53.3,NA,NA,103.8923,102.80456666666667,NA,NA,28.80666666666667,1.147049069404602,-4.591022966666666,0.06489038935617998,0,61.47152,NA,986.3807958154306,0.6552400523071175
2000-04-01,14890785.4,9549927.9,2306497.2,3157822.8,329984300000,428698000000,NA,92.06549,NA,3.933333,74.2675,NA,NA,96.5656,NA,NA,NA,171.43333333333334,NA,NA,NA,NA,-1.1072382916,6.1766666667,6.5733333333,NA,135.7,NA,NA,69.6,66.1,50.6,NA,NA,106.5565,102.70056666666667,NA,NA,28.78333333333333,1.232598066329956,5.654792166666667,0.15843632542857547,0,63.89603,NA,218.4719222865683,121.94255557631234
2000-07-01,14905964,9641424.2,2293934.9,3170964.1,337905800000,444122800000,NA,91.99256,NA,4,73.8539,NA,NA,97.8749,NA,NA,NA,173,NA,NA,NA,NA,1.74666093074696,5.8933333333,6.6266666667,NA,136.2,NA,NA,70.3,65.9,49.4,NA,NA,107.814,102.55393333333333,NA,NA,31.623333333333335,0.9609254995981852,7.4917473,0.05288773394819315,0.1708234,65.58514,NA,24.52639641322623,272.5288062768541
2000-10-01,14994958.3,9725660.8,2301262.9,3180330.8,334526000000,444772300000,NA,91.74184,NA,3.9,73.97801,NA,NA,99.5595,NA,NA,NA,174.23333333333332,NA,NA,NA,NA,-0.123024651883952,5.5666666667,6.59,NA,136.7,NA,NA,70.7,66,48.7,NA,NA,110.2669,102.0585,NA,NA,31.98,1.2143975694974263,9.162584533333334,0.05846732120475789,0.0830013,63.95425,NA,845.1772277227723,17.033812815243788
2001-01-01,14945805.1,9760934.5,2335678.5,3170964.1,330314000000,439034500000,NA,90.61341,NA,4.233333,73.92824,NA,NA,100.9738,NA,NA,NA,175.9,NA,NA,NA,NA,2.33105339951514,5.05,5.2566666667,NA,136.3,NA,NA,70.5,65.8,48.6,NA,NA,111.4443,100.79346666666667,NA,NA,28.81,1.1292489369710286,-2.0558707666666667,0.1299391806189412,0.3110904,62.78694,NA,1154.5801419764618,2.7861946572015697
2001-04-01,15039142,9780543.7,2366691.7,3156145.2,320636000000,424982500000,NA,89.46364,NA,4.4,73.36472,NA,NA,101.6945,NA,NA,NA,177.13333333333333,NA,NA,NA,NA,-0.805822857351168,5.27,4.0966666667,NA,138.4,NA,NA,71.8,66.6,47.1,NA,NA,113.7362,100.63173333333333,NA,NA,27.883333333333333,1.3082935015360515,-8.680806366666667,0.14999501983023694,0.0687569,62.13296,NA,218.4847375303568,103.9920605268074
2001-07-01,14978889.3,9814578.1,2388152.4,3101762.7,304217300000,415342300000,NA,88.23175,NA,4.833333,72.83088,NA,NA,103.4983,NA,NA,NA,177.63333333333333,NA,NA,NA,NA,0.032683587248594,4.98,3.3366666667,NA,140.4,NA,NA,73.7,66.7,47.6,NA,NA,113.4221,100.29449333333334,NA,NA,26.599999999999998,5.298607587814331,-39.890425666666665,0.08230230240468314,0.3406458,58.41995,NA,23.21208668036615,268.2033065570708
2001-10-01,15020047.7,9972937.4,2414847.4,3059682.6,293642000000,411040500000,NA,87.26623,NA,5.5,72.33089,NA,NA,105.5072,NA,NA,NA,177.5,NA,NA,NA,NA,-0.0836711135,4.77,2.0566666667,NA,141.4,NA,NA,74.6,66.8,48.5,NA,NA,113.7447,99.96633333333334,NA,NA,20.403333333333332,9.01260503133138,-56.48267333333333,0.1231814663489973,0.2687991,56.59628,NA,602.8485148514851,18.652904913132822
2002-01-01,15145669.1,9995141.4,2461612.2,3035593.2,300056500000,422719500000,NA,87.91088,NA,5.7,72.1638,NA,NA,107.0363,NA,NA,NA,178.06666666666666,NA,NA,NA,NA,-0.6589281915,5.0766666667,1.8233333333,NA,142,NA,NA,75.2,66.8,48.7,NA,NA,115.231,100.79776666666667,NA,NA,21.61,3.9058918158213296,-44.50096533333333,0.11369817923227785,0.2515565,57.84077,NA,993.6756211470204,3.10582850737904
2002-04-01,15238467.6,10045699.5,2481788.1,3036147,308987500000,436885300000,NA,89.26849,NA,5.833333,71.92838,NA,NA,108.6438,NA,NA,NA,179.46666666666667,NA,NA,NA,NA,0.5904284297,5.1,1.8333333333,NA,143.2,NA,NA,76.5,66.7,49.1,NA,NA,113.4824,100.94303333333333,NA,NA,26.27,3.8678464889526367,-39.756661666666666,0.0947429548047092,0.1339674,56.37316,NA,234.7466467401457,124.21161965253128
2002-07-01,15300413.7,10116001.8,2486931.1,3042075.6,309968000000,442439800000,NA,89.81931,NA,5.733333,71.90278,NA,NA,110.9544,NA,NA,NA,180.43333333333334,NA,NA,NA,NA,0.093387952111002,4.26,1.76,NA,144.2,NA,NA,77.8,66.4,49.7,NA,NA,111.8669,100.16869,NA,NA,28.330000000000002,3.490190267562866,-37.94870566666667,0.2507448260113123,0.2377556,47.90897,NA,12.120493181393611,321.61036801793387
2002-10-01,15319325.8,10172267.4,2500195.1,3040474.9,305399300000,450383800000,NA,89.77321,NA,5.866667,71.66776,NA,NA,112.8416,NA,NA,NA,181.5,NA,NA,NA,NA,0.7830565534,4.0066666667,1.4866666667,NA,145.6,NA,NA,79.3,66.3,50.6,NA,NA,112.3288,99.74286333333333,NA,NA,28.18,4.0609151522318525,-3.2804179333333336,0.1491485759920233,0.4558405,46.98079,NA,772.0465533345787,24.517466841023722
2003-01-01,15400003.8,10222372.3,2502680.3,3062749.4,304460500000,448423500000,NA,90.33493,NA,5.866667,71.50535,NA,NA,113.9818,NA,NA,NA,183.36666666666667,NA,NA,NA,NA,-0.317094447380317,3.92,1.2633333333,NA,146.1,NA,NA,80.3,65.8,51.3,NA,NA,110.0792,99.49034333333333,NA,NA,34.12,6.599064985911052,11.441021066666666,0.11167025386203,0.5029057,45.3238,NA,1155.1081449654398,7.897067065197086
2003-04-01,15536389.6,10339416.6,2531655.7,3122471,304996500000,454960300000,NA,89.66272,NA,6.133333,71.26923,NA,NA,116.007,NA,NA,NA,183.06666666666666,NA,NA,NA,NA,0.583091067621422,3.62,1.1666666667,NA,148.5,NA,NA,83,65.5,51.9,NA,NA,106.3234,100.26315,NA,NA,29.036666666666665,4.71243675549825,33.050565,0.13591035812089686,0.3296703,49.42915,NA,287.69762749859893,102.26144218195404
2003-07-01,15794790.8,10485614.7,2524909.9,3216986.7,313329000000,462085300000,NA,90.25784,NA,6.133333,70.96906,NA,NA,118.8029,NA,NA,NA,184.43333333333334,NA,NA,NA,NA,-0.131236864309159,4.2333333333,1.07,NA,149.2,NA,NA,84.2,65,52.2,NA,NA,106.7101,100.44043333333333,NA,NA,30.213333333333335,3.195422331492106,40.367861,0.06766576393754954,0.3192644,52.73785,NA,14.147562114702035,267.09056603773587
2003-10-01,15978124.3,10557803.2,2541506.9,3267049.5,327416500000,476762000000,NA,91.13046,NA,5.833333,71.10456,NA,NA,122.6607,NA,NA,NA,185.13333333333333,NA,NA,NA,NA,0.546466409081137,4.2866666667,1.1033333333,NA,149.3,NA,NA,85.1,64.2,52.7,NA,NA,103.0743,100.8306,NA,NA,31.189999999999998,2.891923983891805,103.422607,0.043480327468986266,0.060499699999999997,56.6192,NA,701.4096020922847,28.375396973659633
2004-01-01,16068664.6,10656241,2557012.3,3259067.7,334821500000,490115300000,NA,91.77399,NA,5.7,71.18108,NA,NA,125.6861,NA,NA,NA,186.7,NA,NA,NA,NA,-0.07358919021494,4.02,1.0533333333,NA,149.7,NA,NA,85.4,64.3,59.4,NA,NA,101.2641,101.27726666666666,NA,NA,35.25666666666667,2.8919402758280435,122.54068666666667,0.012337859354986736,0.1731902,61.81828,NA,1116.7338501774705,3.023725014010835
2004-04-01,16193189.1,10714386.3,2561483.3,3335568.9,341839500000,509422500000,NA,92.30554,NA,5.6,71.14085,NA,NA,128.823,NA,NA,NA,188.16666666666666,NA,NA,NA,NA,1.12707808598225,4.6,1.2466666667,NA,150.6,NA,NA,86.6,64,59.4,NA,NA,104.2863,100.9505,NA,NA,38.33,3.262750784556071,84.31078099999999,0.020555452094386282,0,60.96649,NA,192.91699981318888,101.25656641135811
2004-07-01,16346796.7,10840239.4,2569086.6,3392178.8,342982500000,516483500000,NA,92.82437,NA,5.433333,71.23979,NA,NA,132.7458,NA,NA,NA,189.36666666666667,NA,NA,NA,NA,1.2141640439,4.3033333333,1.7033333333,NA,151.4,NA,NA,87.5,63.9,59.3,NA,NA,103.2354,101.07146666666667,NA,NA,43.86,3.378157456715902,95.20156966666667,0.014127783453392193,0.1236018,60.41148,NA,11.96665421259107,231.49054735662247
2004-10-01,16513568.1,10962854.1,2568607.7,3441692,351127500000,528513300000,NA,94.14078,NA,5.433333,71.29578,NA,NA,136.9177,NA,NA,NA,191.4,NA,NA,NA,NA,-0.114062696080597,4.1733333333,2.25,NA,153.2,NA,NA,89.1,64.2,60.1,NA,NA,99.27889,100.98293333333334,NA,NA,48.306666666666665,2.8331732749938965,118.37863,0.010959343032766149,0.0602446,64.57414,NA,710.2919297590137,25.02232393050626
2005-01-01,16696763.5,11032513.8,2583712.9,3492366.1,357706800000,533066300000,NA,95.45325,NA,5.3,71.26801,NA,NA,141.6701,NA,NA,NA,192.36666666666667,NA,NA,NA,NA,-0.18012272380219,4.2966666667,2.7833333333,NA,153.3,NA,NA,89.2,64.1,60.6,NA,NA,98.24564,100.89996666666667,NA,NA,49.70666666666667,2.399895111719767,107.31176666666667,0.01124594185448588,0.060746,67.3415,NA,1095.81221744816,3.042592938539137
2005-04-01,16779015.9,11154775.8,2578642.3,3544143.5,365703300000,540202800000,NA,95.99039,NA,5.1,71.48729,NA,NA,145.3278,NA,NA,NA,193.66666666666666,NA,NA,NA,NA,0.589605013018724,4.16,3.23,NA,154.8,NA,NA,90.3,64.5,59.2,NA,NA,100.1346,100.63566666666667,NA,NA,53.04333333333333,2.051463484764099,82.57338766666666,0.023680787290354964,0.1092419,66.85601,NA,231.4092284700168,118.73799738464412
2005-07-01,16910532.2,11247326,2589489,3595335.8,365636500000,543236300000,NA,95.58202,NA,4.966667,71.71361,NA,NA,148.5619,NA,NA,NA,196.6,NA,NA,NA,NA,0.558086582429396,4.2133333333,3.7366666667,NA,156,NA,NA,91.6,64.4,58.7,NA,NA,100.906,100.09829333333333,NA,NA,63.08,2.778379440307617,41.515695666666666,0.021239787375679445,0.2134358,70.07876,NA,9.414496543994021,348.44812254810387
2005-10-01,17004473,11268057.3,2590243,3610342.2,376958300000,560744500000,NA,96.45457,NA,4.966667,71.62788,NA,NA,151.9089,NA,NA,NA,198.43333333333334,NA,NA,NA,NA,0.716263214872548,4.49,4.2966666667,NA,157.3,NA,NA,92.4,64.9,59.1,NA,NA,101.4111,99.63927,NA,NA,60.03333333333333,1.9696286916732788,59.62685033333333,0.018943453629228765,0.1164483,71.04178,NA,710.1650849990659,25.73407435083131
2006-01-01,17233248.4,11390930.5,2614980.5,3681808.2,392246300000,572284500000,NA,97.37513,NA,4.733333,71.76737,NA,NA,153.9192,NA,NA,NA,199.46666666666667,NA,NA,NA,NA,1.16494502589677,4.57,4.72,NA,159,NA,NA,93.7,65.3,59.4,NA,NA,99.91666,100.33596666666666,NA,NA,63.34666666666667,2.203104813893636,42.54888366666667,0.019008980668130893,0.121374,75.60726,NA,970.4191668223426,0.6324490939660002
2006-04-01,17277839.9,11449986.5,2607748.2,3670981.2,399523000000,577983500000,NA,97.94563,NA,4.633333,71.88897,NA,NA,150.279,NA,NA,NA,201.26666666666668,NA,NA,NA,NA,0.275642259264641,5.07,5.1766666667,NA,160.9,NA,NA,94.9,66.1,58.1,NA,NA,99.56695,99.78634333333333,NA,NA,70.53,2.129148562749227,46.47553933333333,0.019435250797264002,0,77.04652,NA,196.73291612180086,136.6397347281898
2006-07-01,17303749,11523514.7,2611709,3643513.7,399009300000,583758500000,NA,98.33781,NA,4.633333,72.05392,NA,NA,148.3436,NA,NA,NA,203.16666666666669,NA,NA,NA,NA,0.510253297738217,4.8966666667,5.3933333333,NA,162.3,NA,NA,96,66.3,57.7,NA,NA,99.3299,99.88511,NA,NA,70.44333333333333,2.8298452695210776,80.06584366666667,0.021491570520564485,0.0623053,77.3959,NA,18.217223986549598,335.6448907154866
2006-10-01,17452466.1,11633438.6,2633827.5,3626769.7,414143300000,583008300000,NA,98.57661,NA,4.433333,72.25147,NA,NA,149.5847,NA,NA,NA,202.33333333333334,NA,NA,NA,NA,1.14874544786978,4.63,5.3233333333,NA,163.9,NA,NA,96.6,67.3,57.8,NA,NA,97.61268,100.73926666666667,NA,NA,60.093333333333334,2.2050238053003945,96.87103633333334,0.021999927418621328,0.0551815,83.04213,NA,646.4306743881936,23.518587707827386
2007-01-01,17504969.3,11705189.5,2828554,3627487.5,422348000000,591495000000,NA,99.58523,NA,4.5,72.04289,NA,NA,146.6493,NA,NA,NA,204.317,NA,NA,NA,NA,1.96579827102388,4.68,5.31,NA,164.9,NA,NA,96.8,68.1,58.2,NA,NA,97.6515,100.68596666666667,NA,NA,58.13,2.208974838256836,106.97624,0.022878726771141347,0.1141878,86.17699,NA,1069.9268821221744,4.604427423874463
2007-04-01,17612058.1,11735904.9,2846656.8,3653965.5,428745300000,594639500000,NA,100.7346,NA,4.5,71.74281,NA,NA,139.6044,NA,NA,NA,206.631,NA,NA,NA,NA,-0.143027122729222,4.8466666667,5.3166666667,NA,167.5,NA,NA,97.8,69.7,57,NA,NA,96.28116,100.20333333333333,NA,NA,64.97,1.980757435162862,131.31265,0.01927234283398571,0.3733898,91.38494,NA,238.7172613487764,108.09187371567346
2007-07-01,17713508,11814194.4,2860927.2,3638689.5,442146800000,597969800000,NA,100.8186,NA,4.666667,71.66864,NA,NA,135.3987,NA,NA,NA,207.939,NA,NA,NA,NA,-0.265223495958555,4.73,5.4233333333,NA,169.2,NA,NA,98.2,71,57,NA,NA,94.00521,99.89565333333333,NA,NA,75.5,2.1695035696029663,152.69033666666667,0.09336684405626765,0.5024495,91.14911,NA,9.39973846441248,310.63999626377733
2007-10-01,17824790.8,11860751.1,2880657.6,3618271.8,452295300000,592321800000,NA,101.1431,NA,4.8,71.63622,NA,NA,130.1367,NA,NA,NA,210.48966666666666,NA,NA,NA,NA,0.4539837863,4.26,5.0233333333,NA,170.6,NA,NA,98.4,72.2,57.6,NA,NA,90.4083,99.10934,NA,NA,90.85000000000001,2.1490102211634317,184.72057,0.17423691308543002,0.1047669,92.70738,NA,676.1051933495237,32.339622641509436
2008-01-01,17748721,11844488,2891249.8,3570713.5,459506000000,594542800000,NA,100.8923,NA,5,71.50607,NA,NA,123.6688,NA,NA,NA,212.76966666666667,NA,NA,NA,NA,1.4487499893,3.6633333333,3.23,NA,171.4,NA,NA,98.4,73,58.6,NA,NA,88.74089,98.32590666666667,NA,NA,97.95333333333333,1.7475622495015461,150.71721333333335,0.3694969657760488,0.0964878,84.2466,NA,1081.2247151130207,4.643657762002616
2008-04-01,17854401.9,11877127.2,2908303.1,3559933.6,473000300000,588917500000,NA,99.37132,NA,5.333333,71.25367,NA,NA,115.5397,NA,NA,NA,215.53766666666667,NA,NA,NA,NA,-0.568671885107497,3.8866666667,2.7566666667,NA,171.2,NA,NA,97.3,73.9,58,NA,NA,87.89082,97.06413,NA,NA,123.96333333333334,1.700695554415385,177.92674,0.288181514954213,0.2013085,86.14906,NA,233.8593312161405,143.0949934616103
2008-07-01,17760620.2,11785587,2933039.5,3491989.9,470890800000,581485300000,NA,96.0954,NA,6,70.73498,NA,NA,109.1537,NA,NA,NA,218.861,NA,NA,NA,NA,0.677713215677533,3.8633333333,3.0566666667,NA,172,NA,NA,97.6,74.4,61.5,NA,NA,89.75533,97.25801666666666,NA,NA,117.98333333333333,2.0090592304865518,142.59968666666668,0.3493160399125928,0.20362450000000001,77.11359,NA,11.107920792079208,292.0214832804035
2008-10-01,17371835.5,11679523.2,2963092.5,3304338.8,443200000000,560458000000,NA,91.98734,NA,6.866667,69.96543,NA,NA,106.5593,NA,NA,NA,213.84866666666667,NA,NA,NA,NA,1.62994211621963,3.2533333333,2.8166666667,NA,170.7,NA,NA,95.9,74.8,66.1,NA,NA,97.14908,96.86834333333333,NA,NA,58.370000000000005,1.6884001890818279,-44.61279053333333,0.8312870631999921,0.1017087,53.64395,NA,732.3551653278536,21.546329161218008
2009-01-01,17174687,11649863.9,3009107.2,3094987.8,407814300000,507185000000,NA,86.80274,NA,8.266666,68.65194,NA,NA,103.9838,NA,NA,NA,212.37766666666667,NA,NA,NA,NA,-2.59425636981149,2.7366666667,1.0833333333,NA,170.3,NA,NA,95.7,74.6,69.8,NA,NA,99.39748,96.83501666666668,NA,NA,42.96,1.6622013648351033,-7.658402333333334,0.6866149227046303,0.3958437,47.7175,NA,1091.68679245283,0.8033812815243788
2009-04-01,17144004.2,11592594.6,3051409.2,3020176.2,410497800000,486588000000,NA,84.40089,NA,9.3,67.89912,NA,NA,102.8869,NA,NA,NA,213.507,NA,NA,NA,NA,0.657597513862473,3.3133333333,0.6166666667,NA,170.9,NA,NA,96.2,74.7,72.7,NA,NA,96.06447,97.71852666666666,NA,NA,59.54333333333334,1.9445469776789348,45.996243066666665,0.5619168982450596,0.2737976,53.53225,NA,218.16202129646925,112.12712497664862
2009-07-01,17204212.7,11670552.2,3058888.5,3031329.1,425670000000,506664500000,NA,85.83384,NA,9.633333,67.30784,NA,NA,102.4854,NA,NA,NA,215.344,NA,NA,NA,NA,-0.562597940875242,3.5166666667,0.3,NA,170.8,NA,NA,96.9,73.9,76,NA,NA,93.21869,97.99641,NA,NA,68.20333333333333,1.9408148129781086,54.82197166666667,0.3500902132556275,0.094162,60.63835,NA,12.606837287502337,278.88460676256307
2009-10-01,17390175.4,11657695,3073205.2,3036540.9,449116000000,531324300000,NA,87.16769,NA,9.933333,66.56239,NA,NA,102.8795,NA,NA,NA,217.03,NA,NA,NA,NA,-0.4436034544,3.46,0.2233333333,NA,169.2,NA,NA,96.7,72.5,78.6,NA,NA,90.56159,98.22634666666667,NA,NA,76.06666666666666,2.0173088709513345,74.52528533333333,0.25221808815538216,0.256476,66.32294,NA,743.8027648047823,25.547169811320757
2010-01-01,17474430.9,11725256.2,3067464.7,3025671.2,459228500000,544685800000,NA,88.82774,NA,9.833333,66.72742,NA,NA,101.5312,NA,NA,NA,217.374,NA,NA,NA,NA,-0.8577863988,3.7166666667,0.2066666667,NA,167.3,NA,NA,95.5,71.8,81.5,NA,NA,90.65326,98.54385666666667,NA,NA,78.62666666666667,1.8427170515060425,63.155165333333336,0.18783982224928522,0.2807937,67.3168,NA,1120.9110031757893,0.38744629179899126
2010-04-01,17643511.1,11830404.1,3065107.9,3122907.7,469332800000,569531800000,NA,90.55605,NA,9.633333,66.7923,NA,NA,101.3745,NA,NA,NA,217.29733333333334,NA,NA,NA,NA,0.9047264503,3.49,0.4233333333,NA,164.7,NA,NA,94.1,70.6,83.1,NA,NA,91.92155,98.50729666666666,NA,NA,77.89,2.04146945476532,73.07920633333333,0.27185444174424434,0.2732738,66.72086,NA,186.11346908275735,142.30399775826638
2010-07-01,17779557.6,11914808.2,3038991.9,3135008.3,482740800000,589439300000,NA,91.75803,NA,9.466666,66.73017,NA,NA,99.127,NA,NA,NA,217.93433333333334,NA,NA,NA,NA,-0.030947023477279,2.7866666667,0.3366666667,NA,162.6,NA,NA,92.6,70,84.8,NA,NA,90.75204,98.02767666666666,NA,NA,76.16666666666667,1.6343616644541423,38.307,0.2840506771831254,0.1877405,65.13765,NA,14.796002241733607,368.4969362974033
2010-10-01,17872919.8,11987836.1,3021568.7,3174438.6,495956000000,591606300000,NA,92.14383,NA,9.5,66.4425,NA,NA,97.9832,NA,NA,NA,219.699,NA,NA,NA,NA,0.178673098983295,2.8633333333,0.28,NA,160.4,NA,NA,91.5,68.9,87,NA,NA,87.28681,98.28873,NA,NA,85.02666666666667,1.8606352011362712,38.16587266666667,0.1362960122271179,0.0850629,71.58693,NA,740.696543994022,20.56865309172427
2011-01-01,17830524.4,12033629.8,2990290.4,3156309,500209800000,594494500000,NA,92.64056,NA,9.033334,66.65167,NA,NA,95.1116,NA,NA,NA,222.04366666666667,NA,NA,NA,NA,1.85181436997388,3.46,0.2833333333,NA,158.7,NA,NA,90.4,68.3,87.8,NA,NA,85.91664,98.53530333333333,NA,NA,93.98,2.089404503504435,-16.961997733333334,0.06747144273949722,0.1663063,77.23933,NA,1137.306818606389,2.125443676443116
2011-04-01,17951162.6,12046011.8,2973384.9,3205509.8,508680500000,596716800000,NA,93.00644,NA,9.066667,66.49582,NA,NA,93.993,NA,NA,NA,224.56833333333333,NA,NA,NA,NA,-0.3096721425,3.21,0.22,NA,157.4,NA,NA,89.2,68.1,87.6,NA,NA,84.56781,98.18640666666667,NA,NA,102.55333333333334,2.0033928950627646,-15.851987,0.04541627552287072,0.0830703,78.02744,NA,226.79915934989725,146.88895946198392
2011-07-01,17947157.2,12082671.2,2927212.7,3304128.7,515682500000,603336500000,NA,94.04443,NA,9,66.58975,NA,NA,93.9632,NA,NA,NA,226.03266666666667,NA,NA,NA,NA,0.849182770573242,2.4266666667,0.2866666667,NA,156.5,NA,NA,88.4,68.1,89.5,NA,NA,85.1516,97.0525,NA,NA,89.71,1.6376067797342937,-6.2763383333333325,0.25069441614326454,0.2341555,70.99938,NA,17.07128712871287,369.4883803474687
2011-10-01,18148712.6,12103515.6,2927313,3368504.2,519591000000,611257500000,NA,95.02229,NA,8.633333,66.78533,NA,NA,94.0126,NA,NA,NA,227.04733333333334,NA,NA,NA,NA,-1.6599005745,2.0466666667,0.4233333333,NA,155.8,NA,NA,87.6,68.2,91.2,NA,NA,87.85838,97.55020999999999,NA,NA,94.06333333333333,1.7026135921478271,17.525301333333335,0.29816313563797076,0.2429346,68.65376,NA,647.7228843639081,20.492620960209226
2012-01-01,18300906,12190814.7,2926690.6,3437764.4,525936800000,614269300000,NA,95.97697,NA,8.266666,66.95595,NA,NA,94.1093,NA,NA,NA,228.326,NA,NA,NA,NA,1.72235738410758,2.0366666667,0.33,NA,154.2,NA,NA,86.2,68,92.7,NA,NA,86.83047,98.73846,NA,NA,102.89333333333333,1.8647720416386921,-63.462042333333336,0.09919692763749495,0.0804246,74.80493,NA,866.1846254436764,2.874649729123856
2012-04-01,18382589.3,12212225.3,2910973.8,3490027.7,531115000000,616553000000,NA,96.57458,NA,8.2,67.03635,NA,NA,95.7197,NA,NA,NA,228.808,NA,NA,NA,NA,0.159457713683686,1.8233333333,0.3,NA,153.1,NA,NA,85.1,68,93.1,NA,NA,88.74078,98.83688333333333,NA,NA,93.48,1.69333020846049,-45.894082,0.10709063492457221,0.4565019,72.76023,NA,172.59716047076407,141.0761628993088
2012-07-01,18409065.4,12236990.4,2917041.1,3483266.3,534368300000,619863000000,NA,96.56176,NA,8.033334,67.12849,NA,NA,97.4251,NA,NA,NA,229.841,NA,NA,NA,NA,0.415837032808408,1.6433333333,0.2666666667,NA,152.7,NA,NA,84.3,68.4,93.4,NA,NA,88.43131,98.82856333333334,NA,NA,92.27,1.6681389411290486,-66.42393966666666,0.08591185507269117,0.2774053,75.08566,NA,15.998281337567718,357.06366523444797
2012-10-01,18430353.7,12285757.7,2891137.7,3524198,534881500000,614023000000,NA,97.037,NA,7.8,67.36195,NA,NA,99.5402,NA,NA,NA,231.36933333333334,NA,NA,NA,NA,2.37619382809515,1.7066666667,0.2333333333,NA,152.4,NA,NA,83.4,69,94.7,NA,NA,86.72298,99.15581333333334,NA,NA,88.16,1.5654675165812175,-53.76421966666667,0.018668185424955075,0.7105805,77.37923,NA,663.7537082010087,23.343452269755275
2013-01-01,18612180.3,12365638.1,2872323,3565774.4,537657800000,613495800000,NA,97.79041,NA,7.733333,67.22165,NA,NA,101.4458,NA,NA,NA,232.29933333333335,NA,NA,NA,NA,-1.44552317271724,1.95,0.22,NA,151.2,NA,NA,82.4,68.8,96,NA,NA,86.86034,98.89879333333333,NA,NA,94.35333333333332,1.7462713321050007,-70.57229966666667,0.020817803636578983,0.5046257,83.31729,NA,1085.6501961516906,2.951429105174668
2013-04-01,18661993.3,12400976.6,2870186.2,3593823.9,542532800000,622403800000,NA,98.22322,NA,7.533333,67.3248,NA,NA,103.5161,NA,NA,NA,232.045,NA,NA,NA,NA,0.733717725937466,1.9966666667,0.1966666667,NA,151.3,NA,NA,81.9,69.4,94.6,NA,NA,87.9212,99.54406,NA,NA,94.22333333333333,1.9507956504821777,-58.95467466666666,0.024406331914412542,0.0897747,86.59168,NA,232.95488511115263,122.61959648795069
2013-07-01,18820880.3,12451393.4,2850425.5,3650181,547178000000,626875500000,NA,98.62168,NA,7.233333,67.46493,NA,NA,105.7122,NA,NA,NA,233.3,NA,NA,NA,NA,-0.5445830144,2.71,0.1233333333,NA,151.3,NA,NA,81.5,69.8,94.6,NA,NA,88.82187,99.42073666666667,NA,NA,105.82333333333334,1.9515831073125203,-23.113432266666667,0.025985576823900583,0.1741452,89.18593,NA,11.079525499719784,300.1298524192042
2013-10-01,18984949.8,12561051.4,2828733.1,3693809.5,562942300000,631830300000,NA,99.28031,NA,6.933333,67.3762,NA,NA,108.0494,NA,NA,NA,234.16266666666667,NA,NA,NA,NA,0.0086202252,2.7466666667,0.1266666667,NA,151.3,NA,NA,81.5,69.8,95.9,NA,NA,87.70656,99.0032,NA,NA,97.34333333333333,1.651758869489034,14.868986333333332,0.005067876583675058,0.1218843,93.96948,NA,757.8640575378292,25.899589015505327
2014-01-01,18919433.5,12606242.2,2830915.1,3714630.6,557552300000,639986300000,NA,99.96426,NA,6.666667,67.76601,NA,NA,108.6448,NA,NA,NA,235.621,NA,NA,NA,NA,2.37632976568671,2.7633333333,0.1233333333,NA,151.2,NA,NA,80.8,70.4,96.6,NA,NA,88.97324,99.47237666666666,NA,NA,98.74666666666667,1.951333999633789,-16.680649666666667,0.010687829820648797,0.1633809,96.29462,NA,1202.8399028582103,4.797496730805157
2014-04-01,19163842.7,12727337.1,2821333.6,3819065.3,569596800000,654562000000,NA,101.341,NA,6.2,68.0396,NA,NA,108.0744,NA,NA,NA,236.87233333333333,NA,NA,NA,NA,-0.854166217138597,2.6233333333,0.1133333333,NA,151,NA,NA,80.3,70.7,95.3,NA,NA,89.01779,99.57300666666666,NA,NA,103.34666666666666,2.0139724413553872,-49.03044,0.003807078024093237,0.1828042,100.1053,NA,226.16549598356062,109.65630487577059
2014-07-01,19396758.4,12853132.6,2842182.6,3886382,571947500000,655794000000,NA,101.9191,NA,6.066667,68.234,NA,NA,109.368,NA,NA,NA,237.47833333333332,NA,NA,NA,NA,0.025333657823712,2.4966666667,0.1266666667,NA,150.2,NA,NA,79.2,71,95.4,NA,NA,89.47512,99.67470666666667,NA,NA,97.78,2.8739607334136963,-52.827230666666665,0.003432760743407481,0.0582276,102.2646,NA,10.006799925275546,270.18742761068563
2014-10-01,19494854.2,13001245.1,2832458.7,3938005.9,576687300000,673008800000,NA,102.5184,NA,5.7,68.5293,NA,NA,111.9405,NA,NA,NA,236.88833333333335,NA,NA,NA,NA,1.2516085384106,2.28,0.1333333333,NA,150.4,NA,NA,78.7,71.6,96,NA,NA,92.52339,100.5004,NA,NA,73.16,1.7702358961105347,-36.54516533333333,0.028148994112360815,0.183756,100.5696,NA,677.6903045021484,26.07668597048384
2015-01-01,19670402.5,13100999.6,2858417.2,3947131.7,572122800000,683032000000,NA,101.3736,NA,5.533333,68.49741,NA,NA,113.9893,NA,NA,NA,235.35500000000002,NA,NA,NA,NA,0.447611911733836,1.9666666667,0.15,NA,149.7,NA,NA,77.6,72.1,95.3,NA,NA,97.19368,101.11516666666667,NA,NA,48.54,2.338691234588623,-94.686766,0.05853679183078951,0.3498542,101.7028,NA,1179.6664487203439,8.457033439192976
2015-04-01,19792241.9,13191170.8,2872620.7,4002467,573657000000,688381300000,NA,99.9547,NA,5.433333,68.72253,NA,NA,113.9327,NA,NA,NA,236.96,NA,NA,NA,NA,0.562434181925386,2.1666666667,0.1533333333,NA,150.4,NA,NA,77.5,72.9,94.5,NA,NA,98.33105,100.94746666666667,NA,NA,57.84666666666667,2.005789279937744,-91.833947,0.013803112236415161,0.4158696,103.8063,NA,203.97203437324865,115.29917803101065
2015-07-01,19871459.4,13284048.7,2887105.7,4044109.2,569025300000,693075300000,NA,100.0191,NA,5.1,68.68916,NA,NA,115.2478,NA,NA,NA,237.855,NA,NA,NA,NA,0.333115497870695,2.22,0.24,NA,150.8,NA,NA,77.5,73.3,94.5,NA,NA,101.7775,100.63126666666666,NA,NA,46.416666666666664,2.2013593912124634,-47.724867333333336,0.09252843912867997,0.2531165,97.8527,NA,6.681729871100317,321.1612553708201
2015-10-01,19908118.1,13338078.6,2905690.6,4040277.6,568253000000,695035500000,NA,98.65257,NA,5.033333,68.89723,NA,NA,117.4922,NA,NA,NA,237.837,NA,NA,NA,NA,0.2861154095,2.19,0.3633333333,NA,150.5,NA,NA,76.9,73.6,96.8,NA,NA,102.715,100.59343333333334,NA,NA,41.949999999999996,2.8526692390441895,-92.18405533333333,0.08133583686891188,0.0546717,96.63821,NA,549.3290678124416,38.70577246403886
2016-01-01,20023489.5,13438775,2920454,4082562.4,566628000000,694207500000,NA,97.99034,NA,4.9,69.23746,NA,NA,118.837,NA,NA,NA,237.68933333333334,NA,NA,NA,NA,-0.032659535747104,1.92,0.5533333333,NA,151.2,NA,NA,76.5,74.6,97.5,NA,NA,104.4269,100.67213333333333,NA,NA,33.18333333333333,2.400731086730957,-147.05589,0.16624113383524608,0.0820681,90.54796,NA,960.3712124042593,4.589762749859892
2016-04-01,20087789.7,13505435,2924435.2,4101114.1,571013300000,695093800000,NA,97.62228,NA,4.933333,69.22,NA,NA,118.7786,NA,NA,NA,239.59033333333332,NA,NA,NA,NA,0.284604699449575,1.7533333333,0.5566666667,NA,151.9,NA,NA,76.8,75.1,97,NA,NA,102.5914,100.72953333333334,NA,NA,45.406666666666666,1.902699589729309,-93.465161,0.04636113043759136,0.1240233,97.06623,NA,222.8594806650476,112.12975901363721
2016-07-01,20230290.6,13599381.5,2940840.2,4138707.4,580284000000,700166800000,NA,97.88821,NA,4.9,69.37461,NA,NA,120.0298,NA,NA,NA,240.60733333333332,NA,NA,NA,NA,0.0637665669,1.5633333333,0.7,NA,152.7,NA,NA,77.2,75.5,97.6,NA,NA,103.5819,100.53143333333333,NA,NA,44.85,2.4072837829589844,-75.28830533333334,0.03426670209098109,0.3530824,100.4258,NA,8.160676256304876,349.8480851858771
2016-10-01,20342426.9,13669504.9,2940120.8,4177043.7,575955800000,710251500000,NA,97.84122,NA,4.766667,69.52032,NA,NA,121.6285,NA,NA,NA,242.13466666666667,NA,NA,NA,NA,0.487949060815662,2.13,0.7666666667,NA,152.2,NA,NA,77,75.2,98.6,NA,NA,106.6985,100.89316666666667,NA,NA,49.13666666666666,2.070913632710775,-45.160656,0.01339477463163657,0.2993833,100.9166,NA,625.5400523071175,33.56818606388941
2017-01-01,20441472.2,13774604.7,2925377.9,4226553.8,589976000000,721250800000,NA,97.90347,NA,4.566667,69.78111,NA,NA,122.3015,NA,NA,NA,243.83866666666665,NA,NA,NA,NA,0.657839763836421,2.4433333333,0.9166666667,NA,152.5,NA,NA,76.6,76,97.5,NA,NA,107.2137,101.35893333333333,NA,NA,51.766666666666666,2.5800708134969077,-52.60205066666667,0.006818826049369853,0.4282248,106.5986,NA,903.3036241359985,4.748085185877079
2017-04-01,20555918.4,13842918.4,2926155.6,4270924.1,591965500000,728107000000,NA,99.27899,NA,4.366667,70.06274,NA,NA,123.3783,NA,NA,NA,244.12,NA,NA,NA,NA,0.481983809289233,2.2633333333,1.08,NA,153.2,NA,NA,76.6,76.5,96.4,NA,NA,104.9661,101.21173333333333,NA,NA,48.24,2.8185320695241294,-43.45776733333334,0.0068895034786899895,0.1038745,108.5295,NA,188.9016065757519,114.59660003736222
2017-07-01,20718006.7,13936740.4,2926102.8,4302533.5,595447000000,730893300000,NA,98.97084,NA,4.333333,70.27944,NA,NA,124.7751,NA,NA,NA,245.287,NA,NA,NA,NA,0.481950957093891,2.2433333333,1.24,NA,153.2,NA,NA,76.6,76.6,96.9,NA,NA,101.3107,101.18093333333333,NA,NA,48.163333333333334,3.0202790101369223,-32.724929333333336,0.014675760039229699,0.0542182,111.6664,NA,7.3858583971604705,247.98432654586213
2017-10-01,20951508.3,14089051.1,2939449.8,4404455.3,610871800000,751337800000,NA,100.3545,NA,4.166667,70.28722,NA,NA,126.2929,NA,NA,NA,247.23833333333334,NA,NA,NA,NA,0.7395639119,2.37,1.3733333333,NA,153.9,NA,NA,76.7,77.3,97.4,NA,NA,101.9633,101.4029,NA,NA,55.36666666666667,2.0916276772816977,-2.797985866666667,0.01742511685041568,0.1571503,116.8752,NA,646.1287315524006,34.61012516345974
2018-01-01,21121930,14191070.5,2944555,4470605.9,614827000000,754448800000,NA,100.9124,NA,4.033333,70.48055,NA,NA,127.1149,NA,NA,NA,249.32166666666666,NA,NA,NA,NA,0.3974352996,2.76,1.83,NA,153,NA,NA,75.9,77.2,98.6,NA,NA,99.19744,101.51003333333333,NA,NA,62.88666666666666,2.181072235107422,-28.920508333333334,0.023740894801569698,0,120.6047,NA,1012.659779562862,3.2022230524939284
2018-04-01,21234050.5,14267052.1,2958212.7,4521869.3,618164000000,755422300000,NA,102.0777,NA,3.933333,70.66446,NA,NA,127.2813,NA,NA,NA,250.679,NA,NA,NA,NA,0.413763698321312,2.92,2.1833333333,NA,153.7,NA,NA,75.4,78.3,97.3,NA,NA,102.0918,101.50443333333334,NA,NA,68.03333333333333,3.100879112879435,-22.21849,0.019957405307670466,0.210544,118.1016,NA,235.62219316271248,124.83166448720344
2018-07-01,21366486.7,14332806.7,2982190.9,4537328.1,610447800000,766043800000,NA,102.9375,NA,3.766667,70.74542,NA,NA,128.132,NA,NA,NA,251.68633333333332,NA,NA,NA,NA,0.726087609913706,2.9266666667,2.2,NA,153.2,NA,NA,75.2,78,97.5,NA,NA,104.586,101.44213333333333,NA,NA,69.75666666666667,2.437405784924825,2.104824033333333,0.032274319050465974,0.3077396,121.0241,NA,11.906743881935364,305.83011395479167
2018-10-01,21396751.1,14377585.1,2995192.8,4539232.9,612984000000,774047800000,NA,103.0706,NA,3.833333,70.97926,NA,NA,129.296,NA,NA,NA,252.71099999999998,NA,NA,NA,NA,0.452557597334113,3.0333333333,2.54,NA,153.2,NA,NA,75,78.2,98.5,NA,NA,105.9386,101.3558,NA,NA,59.07666666666667,2.18963352839152,-14.712341866666668,0.056374977062008634,0.2508309,113.901,NA,713.393555015879,26.802260414720717
2019-01-01,21530334.9,14400359.5,3023848.9,4573036.5,618732000000,773573500000,NA,102.1109,NA,3.866667,71.03133,NA,NA,129.8488,NA,NA,NA,253.38566666666665,NA,NA,NA,NA,1.24844520149021,2.6533333333,2.52,NA,153.1,NA,NA,74.4,78.7,98.8,NA,NA,104.5446,101.11536666666666,NA,NA,54.82666666666667,2.1855123043060303,-70.742861,0.04519860629806434,0.4806372,115.5575,NA,1084.3609751541192,4.575284886979264
2019-04-01,21710144.6,14523210.7,3076373.2,4642686.4,615598000000,777856300000,NA,101.4917,NA,3.633333,71.16843,NA,NA,129.593,NA,NA,NA,255.24733333333333,NA,NA,NA,NA,-0.477739233955699,2.3333333333,2.4033333333,NA,153.4,NA,NA,74.6,78.8,97.3,NA,NA,105.8465,101.45853333333334,NA,NA,59.78333333333333,2.5280283292134604,-46.763616,0.011199772640431328,0.4619886,119.9513,NA,199.69064076218942,100.41765365215767
2019-07-01,21964153.7,14688078.2,3108399,4695623.7,615728000000,774470800000,NA,101.5491,NA,3.6,71.48135,NA,NA,130.7562,NA,NA,NA,256.08933333333334,NA,NA,NA,NA,-0.480136067062187,1.7966666667,2.1033333333,NA,153.5,NA,NA,74.7,78.8,98.9,NA,NA,106.6311,101.00586666666666,NA,NA,56.370000000000005,2.485822598139445,26.231698333333334,0.027208291294612025,0.4248088,121.1577,NA,4.814309732860079,315.9686344106109
2019-10-01,22113922.4,14784425.8,3137763.9,4686706.8,619477000000,759958500000,NA,100.9886,NA,3.6,71.71983,NA,NA,132.4081,NA,NA,NA,257.888,NA,NA,NA,NA,0.705569689491492,1.7933333333,1.8033333333,NA,152.9,NA,NA,74.7,78.3,99.7,NA,NA,105.9919,101.3574,NA,NA,56.95666666666667,1.97650945186615,-2.249852733333333,0.01949092454065615,0.7867408,125.2528,NA,718.0583037549038,35.55258733420512
2020-01-01,21822832,14535083.1,3158371.3,4678860.8,596679300000,732876300000,NA,99.35066,NA,3.833333,71.35504,NA,NA,133.8173,NA,NA,NA,258.8176666666667,NA,NA,NA,NA,2.77165623707032,1.3766666667,1.53,NA,156,NA,NA,74.2,81.8,101.3,NA,NA,106.8555,100.9873,NA,NA,45.75666666666667,2.28281033039093,-99.236506,0.19484586722477396,0.7469655,120.0189,NA,904.61838221558,8.991406687838596
2020-04-01,20103894.6,13277275.7,3234948.1,4384007.2,471602000000,608964000000,NA,86.61503,NA,13,62.38173,NA,NA,135.6717,NA,NA,NA,256.292,NA,NA,NA,NA,2.0935519751,0.6866666667,0.185,NA,161.8,NA,NA,75.4,86.3,115.7,NA,NA,111.197,98.79195333333332,NA,NA,27.80666666666667,1.6305620272954304,-76.088273,0.3428433173832585,0.3310801,106.8753,NA,254.15092471511304,121.94352699420887
2020-07-01,21664415,14458318.6,3166646.6,4615200.1,528951800000,709406500000,NA,94.74783,NA,8.8,66.41927,NA,NA,138.4316,NA,NA,NA,259.22166666666664,NA,NA,NA,NA,-2.7664451619,0.65,0.1533333333,NA,162.8,NA,NA,76.6,86.2,118,NA,NA,107.8011,98.84685333333333,NA,NA,40.89333333333334,1.5645142396291096,-2.0837073333333334,0.07691816267804052,0.1833987,118.4926,NA,17.163982813375675,333.27638707266954
2020-10-01,21909984.4,14654735.7,3160468.1,4773313.9,560578300000,762350800000,NA,96.2394,NA,6.766667,67.90048,NA,NA,143.2407,NA,NA,NA,261.0916666666667,NA,NA,NA,NA,2.37588649530076,0.8633333333,0.15,NA,164.1,NA,NA,77.7,86.4,121,NA,NA,104.3439,99.23489666666667,NA,NA,42.45333333333333,1.469873587290446,-14.899214500000001,0.06399717258938925,0.2181596,128.1044,NA,617.9579488137492,37.751634597422004
2021-01-01,22215807.6,14987837.8,3232446.7,4837882.6,561843300000,776773500000,NA,96.58043,NA,6.233333,68.35963,NA,NA,146.1986,NA,NA,NA,263.74233333333336,NA,NA,NA,NA,-0.3247503506,1.3166666667,0.1166666667,NA,164.4,NA,NA,77.6,86.8,121.4,NA,NA,102.7159,99.43933666666668,NA,NA,57.79,1.7457369565963745,9.257434333333334,0.013158626768427186,0,142.0478,NA,1023.0302820848123,6.239024845880814
2021-04-01,22593896.5,15511585.6,3199183.7,4883666.7,567541800000,793606000000,NA,98.11884,NA,5.933333,68.89445,NA,NA,149.5667,NA,NA,NA,268.5503333333333,NA,NA,NA,NA,0.91132783314809,1.5933333333,0.1,NA,162.4,NA,NA,77.8,84.6,117,NA,NA,104.0155,99.85612,NA,NA,66.09,1.8982634941736858,56.46775433333333,0.015179843455755087,0.1134687,153.0035,NA,211.0356996076966,124.87905847188492
2021-07-01,22780308.1,15640566.1,3174567,4865564.3,567158000000,806377000000,NA,98.89897,NA,5.066667,69.78869,NA,NA,153.3917,NA,NA,NA,272.8296666666667,NA,NA,NA,NA,1.704960629,1.3233333333,0.1,NA,160.6,NA,NA,77.4,83.3,114.5,NA,NA,106.1287,98.77319666666666,NA,NA,70.62333333333333,1.7726711829503377,84.05159933333334,0.009321313607629915,0.1545277,155.5046,NA,9.14851485148515,271.5461423500841
2021-10-01,23171162.4,15790886,3177284.1,4892980.6,600625500000,846783300000,NA,99.91589,NA,4.166667,70.5675,NA,NA,156.9494,NA,NA,NA,278.77133333333336,NA,NA,NA,NA,0.665738474219779,1.5366666667,0.14,NA,159.3,NA,NA,76.7,82.6,114.7,NA,NA,107.8591,98.07095,NA,NA,77.44666666666667,1.9950015942255657,72.636073,0.016711940320695253,0.1208386,158.0451,NA,562.1509994395666,23.40089669344293
2022-01-01,23112122.6,15805526.8,3146304.5,4961151,594381500000,871091500000,NA,100.8377,NA,3.866667,70.94411,NA,NA,159.8687,NA,NA,NA,284.90566666666666,NA,NA,NA,NA,1.34625891584192,1.94,0.4433333333,NA,158,NA,NA,75.9,82.1,114.7,NA,NA,108.924,97.44354333333334,NA,NA,94.45333333333333,5.030978520711263,18.905375799999998,0.051779293554727344,0.1991437,155.4432,NA,1046.335288623202,5.7888100130767794
2022-04-01,23148303.9,15934797.2,3134477.3,4979011,612921800000,886182800000,NA,101.8558,NA,3.633333,71.26777,NA,NA,159.5628,NA,NA,NA,291.6053333333333,NA,NA,NA,NA,0.651328434626919,2.93,1.37,NA,156.8,NA,NA,75.6,81.2,111.9,NA,NA,112.908,96.62708666666667,NA,NA,108.72333333333333,3.330279986063639,39.514006333333334,0.14240333480722742,0.1705709,145.9139,NA,211.69523631608442,144.43962264150943
2022-07-01,23315411.4,16009603.4,3153559.4,4953005.2,634733300000,873006000000,NA,102.3967,NA,3.533333,71.42864,NA,NA,156.6506,NA,NA,NA,295.453,NA,NA,NA,NA,1.44425058469868,3.1066666667,2.8233333333,NA,155,NA,NA,75.1,79.9,110.9,NA,NA,117.0338,96.44644,NA,NA,93.18333333333334,2.8817806243896484,-3.809590666666667,0.20972818360487847,0.1706291,138.9465,NA,13.196469269568466,331.02099757145527
2022-10-01,23476343.8,16041442.9,3180672.1,4960693.4,630024500000,866153800000,NA,101.7594,NA,3.566667,71.41212,NA,NA,156.618,NA,NA,NA,298.5416666666667,NA,NA,NA,NA,-0.152882911151031,3.83,4.2733333333,NA,153.4,NA,NA,74.5,78.9,110.1,NA,NA,117.7339,96.90389333333333,NA,NA,82.78666666666666,2.884394884109497,-12.419121933333333,0.21700247186091154,0.1662234,139.0872,NA,697.3427797496731,25.346908275733234
2023-01-01,23646277.5,16218858.8,3213180.1,5018411.9,635885800000,863933300000,NA,101.6957,NA,3.533333,71.73639,NA,NA,156.6211,NA,NA,NA,301.23033333333336,NA,NA,NA,NA,0.908837412281094,3.6466666667,4.7533333333,NA,151.7,NA,NA,73.3,78.4,109.4,NA,NA,113.5505,97.392,NA,NA,76.07666666666667,2.6688578923543296,-59.524896999999996,0.12527268269242786,0.371767,145.4639,NA,938.0671399215394,8.284513356996078
2023-04-01,23794745.9,16279528.8,3223420.7,5137501.9,627316000000,859344500000,NA,101.8944,NA,3.533333,71.9624,NA,NA,156.822,NA,NA,NA,303.3976666666667,NA,NA,NA,NA,0.55207767545733,3.5933333333,5.1333333333,NA,150.1,NA,NA,72.8,77.3,109.6,NA,NA,113.6394,97.36387333333333,NA,NA,73.76,2.470640500386556,-26.77819,0.11013147800229121,0.5849664,144.4937,NA,196.68354193909957,90.73528862320194
2023-07-01,24069243.5,16403230.9,3264118.7,5188726.6,634181500000,865723800000,NA,102.2995,NA,3.633333,72.0706,NA,NA,158.3349,NA,NA,NA,305.989,NA,NA,NA,NA,0.500753045974278,4.15,5.4266666667,NA,148.5,NA,NA,72.2,76.2,111.3,NA,NA,114.3549,97.85965333333334,NA,NA,82.29666666666667,2.2880423863728843,-37.40803,0.01474716970984131,0.1833069,149.4699,NA,7.5407808705398836,329.5330282084812
2023-10-01,24272401.7,16526539.5,3287466.9,5261856,643657000000,877194000000,NA,101.786,NA,3.8,72.00529,NA,NA,159.944,NA,NA,NA,308.195,NA,NA,NA,NA,0.423189533430302,4.44,5.3966666667,NA,147.1,NA,NA,71.8,75.3,112.3,NA,NA,115.2685,97.72815,NA,NA,78.41,3.8596244653066,17.390254433333336,0.04218152567522613,0.3281486,147.8073,NA,603.3243788529796,30.25284886979264
2024-01-01,24323340,16597699.1,3310629.6,5294777.7,650909800000,891944800000,NA,101.5016,NA,3.833333,71.8856,NA,NA,159.7915,NA,NA,NA,311.00333333333333,NA,NA,NA,NA,1.65775594955577,4.16,5.2566666667,NA,146.1,NA,NA,71,75,112.9,NA,NA,114.5734,98.91297,NA,NA,77.56,3.3974320888519287,12.644471366666666,0.025219738221762315,0.3289474,162.7565,NA,949.84386325425,3.948533532598544
2024-04-01,24538719.9,16756722,3333058.8,5322810.5,651990000000,910051500000,NA,NA,NA,3.966667,71.88255,NA,NA,159.189,NA,NA,NA,313.0806666666667,NA,NA,NA,NA,0.368780597186036,4.4433333333,5.3133333333,NA,145.2,NA,NA,70.6,74.6,111.7,NA,NA,116.9218,NA,NA,NA,81.71333333333332,3.2714850902557373,6.146638776666666,0.030207366613546054,0.2663648,168.1599,NA,181.39194844012704,141.36293667102558
2024-07-01,24741109.9,16920138.9,3369869.5,5359212.7,666084500000,932308300000,NA,NA,NA,4.166667,71.85939,NA,NA,160.0458,NA,NA,NA,314.12100000000004,NA,NA,NA,NA,0.328315906115639,3.9466666667,5.0966666667,NA,144.5,NA,NA,70.3,74.3,112.7,NA,NA,116.7901,NA,NA,NA,76.24,2.7587506771087646,7.2810304,0.025573023889337475,0.2818489,175.3417,NA,4.392602279095835,307.182047450028
2024-10-01,24854888,17082499.6,3397504.2,5344739.2,664613500000,931862000000,NA,NA,NA,4.133333,71.78111,NA,NA,161.0769,NA,NA,NA,316.5876666666667,NA,NA,NA,NA,0.677535780980487,4.2833333333,4.5366666667,NA,142.5,NA,NA,69.3,73.3,114,NA,NA,119.6512,NA,NA,NA,70.68666666666667,3.1621267000834146,-20.779446533333335,0.015909849734742434,0.3321818,184.2795,NA,583.043059966374,38.24173360732299
2025-01-01,24814494.7,17108564.7,3382980.3,5424985.1,664882000000,1010061500000,NA,NA,NA,4.133333,71.81879,NA,NA,159.7398,NA,NA,NA,319.475,NA,NA,NA,NA,1.50771048676526,4.4533333333,4.32,NA,141.6,NA,NA,68.5,73.1,113.6,NA,NA,121.8128,NA,NA,NA,71.83666666666666,3.583783229192098,-47.775712999999996,0.01842596039451351,0.9002926,184.298,NA,1015.200616476742,4.337007285634224
2025-04-01,25049239.7,17213118.1,3374428.9,5481447.7,661819800000,926329000000,NA,NA,NA,4.2,71.76392,NA,NA,158.417,NA,NA,NA,320.78566666666666,NA,NA,NA,NA,-0.290649913158025,4.36,4.3066666667,NA,141,NA,NA,68.3,72.7,112.4,NA,NA,117.6115,NA,NA,NA,64.62666666666667,4.427685101826985,-18.1402675,0.07588938042342024,1.446236,181.3909,NA,176.15884550719224,154.23319633850178
2025-07-01,25318856.3,17359853.2,3396649.9,5492025,677193500000,916066500000,NA,NA,NA,4.333333,71.6494,NA,NA,157.6839,NA,NA,NA,323.235,NA,NA,NA,NA,0.272460847731271,4.2566666667,4.2,NA,140.6,NA,NA,68.2,72.4,115.1,NA,NA,115.8887,NA,NA,NA,65.73666666666666,3.233052968978882,12.211919933333334,0.023593948630445314,2.04623,195.9556,NA,6.586101251634598,316.6555389501214
2025-10-01,25349326.2,17442896.6,3335155.7,5508609.1,671688500000,913852800000,NA,NA,NA,4.45,71.77663,NA,NA,158.3161,NA,NA,NA,325.547,NA,NA,NA,NA,NA,4.0966666667,3.86,NA,140.3,NA,NA,68.1,72.2,116.4,NA,NA,116.0774,NA,NA,NA,59.64,3.2190847396850586,21.328562666666667,0.016484724199711916,2.02783,202.7365,NA,656.8258733420512,33.27293106669158
2026-01-01,25480700.2,17466456,3378425.2,5583664.1,689245800000,939701000000,NA,NA,NA,NA,71.76447,NA,NA,156.4275,NA,NA,NA,328.1136666666667,NA,NA,NA,NA,NA,4.1966666667,3.66,NA,NA,NA,NA,NA,NA,NA,NA,NA,114.6432,NA,NA,NA,71.97666666666666,5.44103209177653,10.371620466666666,0.019101735973219354,1.564651,212.8322,NA,957.1980198019802,13.708668036614982
2026-04-01,25574690.5,17615033.2,3368358.3,5662281.1,696879800000,967807800000,NA,NA,NA,NA,71.65475,NA,NA,NA,NA,NA,NA,332.98466666666667,NA,NA,NA,NA,NA,4.42333333333333,3.75333333333333,NA,NA,NA,NA,NA,NA,NA,NA,NA,115.8878,NA,NA,NA,95.75333333333333,5.5325469970703125,43.523723000000004,0.011502404002206475,1.4068,216.5022,NA,154.09560993835234,154.75253129086494
2026-07-01,NA,NA,NA,NA,NA,NA,NA,NA,NA,NA,NA,NA,NA,NA,NA,NA,NA,333.472,NA,NA,NA,NA,NA,NA,NA,NA,NA,NA,NA,NA,NA,NA,NA,NA,NA,NA,NA,NA,82.18,3.9278860092163086,44.83344,0.01878272701045439,NA,NA,NA,NA,NA
