date,industrial_production,industrial_confidence,unemployment_rate,employment_expectations,construction_confidence,retail_sales_volume,retail_confidence,cpi_index,core_cpi_index,food_price_index,energy_price_index,services_price_index,long_term_rate,short_term_rate,mortgage_rate,household_mortgage_loans,fx_rate_to_usd,real_effective_exchange_rate,consumer_confidence,economic_sentiment_indicator,services_confidence,oil_price,geopolitical_risk,global_activity,financial_stress,share_price_index,construction_weather_constraint
1960-01-01,23.96018,NA,5.2,NA,NA,34.44372,NA,29.37,NA,NA,NA,NA,4.72,NA,NA,NA,NA,NA,101.6328,NA,NA,2.97,NA,NA,NA,3.4181,NA
1960-02-01,23.74695,NA,4.8,NA,NA,34.52426,NA,29.41,NA,NA,NA,NA,4.49,NA,NA,NA,NA,NA,101.3749,NA,NA,2.97,NA,NA,NA,3.255866,NA
1960-03-01,23.53373,NA,5.4,NA,NA,34.48623,NA,29.41,NA,NA,NA,NA,4.25,NA,NA,NA,NA,NA,101.1521,NA,NA,2.97,NA,NA,NA,3.205518,NA
1960-04-01,23.34718,NA,5.2,NA,NA,35.23546,NA,29.54,NA,NA,NA,NA,4.28,NA,NA,NA,NA,NA,101.0292,NA,NA,2.97,NA,NA,NA,3.233489,NA
1960-05-01,23.32051,NA,5.1,NA,NA,34.67404,NA,29.57,NA,NA,NA,NA,4.35,NA,NA,NA,NA,NA,101.0603,NA,NA,2.97,NA,NA,NA,3.205518,NA
1960-06-01,23.02729,NA,5.4,NA,NA,34.57999,NA,29.61,NA,NA,NA,NA,4.15,NA,NA,NA,NA,NA,101.1481,NA,NA,2.97,NA,NA,NA,3.356563,NA
1960-07-01,22.9474,NA,5.5,NA,NA,34.30203,NA,29.55,NA,NA,NA,NA,3.9,NA,NA,NA,NA,NA,101.1666,NA,NA,2.97,NA,NA,NA,3.261461,NA
1960-08-01,22.92073,NA,5.6,NA,NA,34.3496,NA,29.61,NA,NA,NA,NA,3.8,NA,NA,NA,NA,NA,101.0264,NA,NA,2.97,NA,NA,NA,3.255866,NA
1960-09-01,22.68084,NA,5.5,NA,NA,34.3175,NA,29.61,NA,NA,NA,NA,3.8,NA,NA,NA,NA,NA,100.8089,NA,NA,2.97,NA,NA,NA,3.116009,NA
1960-10-01,22.65418,NA,6.1,NA,NA,34.45673,NA,29.75,NA,NA,NA,NA,3.89,NA,NA,NA,NA,NA,100.6283,NA,NA,2.97,NA,NA,NA,3.03769,NA
1960-11-01,22.33439,NA,6.1,NA,NA,33.93008,NA,29.78,NA,NA,NA,NA,3.93,NA,NA,NA,NA,NA,100.5697,NA,NA,2.97,NA,NA,NA,3.132792,NA
1960-12-01,21.90795,NA,6.6,NA,NA,33.64834,NA,29.81,NA,NA,NA,NA,3.84,NA,NA,NA,NA,NA,100.5908,NA,NA,2.97,NA,NA,NA,3.177547,NA
1961-01-01,21.93462,NA,6.6,NA,NA,33.64075,NA,29.84,NA,NA,NA,NA,3.84,NA,NA,NA,NA,NA,100.6394,NA,NA,2.97,NA,NA,NA,3.295026,NA
1961-02-01,21.90795,NA,6.9,NA,NA,33.52082,NA,29.84,NA,NA,NA,NA,3.78,NA,NA,NA,NA,NA,100.6912,NA,NA,2.97,NA,NA,NA,3.390129,NA
1961-03-01,22.04118,NA,6.9,NA,NA,33.87498,NA,29.84,NA,NA,NA,NA,3.74,NA,NA,NA,NA,NA,100.7601,NA,NA,2.97,NA,NA,NA,3.49642,NA
1961-04-01,22.49429,NA,7,NA,NA,33.308839999999996,NA,29.81,NA,NA,NA,NA,3.78,NA,NA,NA,NA,NA,100.882,NA,NA,2.97,NA,NA,NA,3.569146,NA
1961-05-01,22.84074,NA,7.1,NA,NA,33.77567,NA,29.84,NA,NA,NA,NA,3.71,NA,NA,NA,NA,NA,101.0809,NA,NA,2.97,NA,NA,NA,3.6139,NA
1961-06-01,23.16062,NA,6.9,NA,NA,34.02676,NA,29.84,NA,NA,NA,NA,3.88,NA,NA,NA,NA,NA,101.2828,NA,NA,2.97,NA,NA,NA,3.602711,NA
1961-07-01,23.42707,NA,7,NA,NA,33.90961,NA,29.92,NA,NA,NA,NA,3.92,NA,NA,NA,NA,NA,101.3798,NA,NA,2.97,NA,NA,NA,3.597117,NA
1961-08-01,23.64029,NA,6.6,NA,NA,34.26047,NA,29.94,NA,NA,NA,NA,4.04,NA,NA,NA,NA,NA,101.2913,NA,NA,2.97,NA,NA,NA,3.742568,NA
1961-09-01,23.61373,NA,6.7,NA,NA,34.27444,NA,29.98,NA,NA,NA,NA,3.98,NA,NA,NA,NA,NA,101.1308,NA,NA,2.97,NA,NA,NA,3.703408,NA
1961-10-01,24.06674,NA,6.5,NA,NA,34.89178,NA,29.98,NA,NA,NA,NA,3.92,NA,NA,NA,NA,NA,101.0503,NA,NA,2.97,NA,NA,NA,3.664248,NA
1961-11-01,24.43985,NA,6.1,NA,NA,35.13797,NA,29.98,NA,NA,NA,NA,3.94,NA,NA,NA,NA,NA,101.1574,NA,NA,2.97,NA,NA,NA,3.776134,NA
1961-12-01,24.65307,NA,6,NA,NA,35.11589,NA,30.01,NA,NA,NA,NA,4.06,NA,NA,NA,NA,NA,101.3521,NA,NA,2.97,NA,NA,NA,3.798511,NA
1962-01-01,24.43985,NA,5.8,NA,NA,35.38236,NA,30.04,NA,NA,NA,NA,4.08,NA,NA,NA,NA,NA,101.4912,NA,NA,2.97,NA,NA,NA,3.675437,NA
1962-02-01,24.83963,NA,5.5,NA,NA,35.30381,NA,30.11,NA,NA,NA,NA,4.04,NA,NA,NA,NA,NA,101.4639,NA,NA,2.97,NA,NA,NA,3.709002,NA
1962-03-01,24.97296,NA,5.6,NA,NA,35.82667,NA,30.17,NA,NA,NA,NA,3.93,NA,NA,NA,NA,NA,101.3246,NA,NA,2.97,NA,NA,NA,3.720191,NA
1962-04-01,25.02619,NA,5.6,NA,NA,35.97358,NA,30.21,NA,NA,NA,NA,3.84,NA,NA,NA,NA,NA,101.1431,NA,NA,2.97,NA,NA,NA,3.597117,NA
1962-05-01,24.99952,NA,5.5,NA,NA,36.18196,NA,30.24,NA,NA,NA,NA,3.87,NA,NA,NA,NA,NA,100.9669,NA,NA,2.97,NA,NA,NA,3.356563,NA
1962-06-01,24.94629,NA,5.5,NA,NA,35.75332,NA,30.21,NA,NA,NA,NA,3.91,NA,NA,NA,NA,NA,100.8264,NA,NA,2.97,NA,NA,NA,2.981747,NA
1962-07-01,25.18608,NA,5.4,NA,NA,36.30767,NA,30.22,NA,NA,NA,NA,4.01,NA,NA,NA,NA,NA,100.7613,NA,NA,2.97,NA,NA,NA,3.032095,NA
1962-08-01,25.21275,NA,5.7,NA,NA,36.46101,NA,30.28,NA,NA,NA,NA,3.98,NA,NA,NA,NA,NA,100.8116,NA,NA,2.97,NA,NA,NA,3.138387,NA
1962-09-01,25.37274,NA,5.6,NA,NA,36.40166,NA,30.42,NA,NA,NA,NA,3.98,NA,NA,NA,NA,NA,100.934,NA,NA,2.97,NA,NA,NA,3.110415,NA
1962-10-01,25.3994,NA,5.4,NA,NA,37.02198,NA,30.38,NA,NA,NA,NA,3.93,NA,NA,NA,NA,NA,101.0849,NA,NA,2.97,NA,NA,NA,3.026501,NA
1962-11-01,25.50596,NA,5.7,NA,NA,37.21524,NA,30.38,NA,NA,NA,NA,3.92,NA,NA,NA,NA,NA,101.2314,NA,NA,2.97,NA,NA,NA,3.278244,NA
1962-12-01,25.50596,NA,5.5,NA,NA,37.20788,NA,30.38,NA,NA,NA,NA,3.86,NA,NA,NA,NA,NA,101.3343,NA,NA,2.97,NA,NA,NA,3.37894,NA
1963-01-01,25.69252,NA,5.7,NA,NA,37.29067,NA,30.44,NA,NA,NA,NA,3.83,NA,NA,NA,NA,NA,101.3353,NA,NA,2.97,NA,NA,NA,3.502014,NA
1963-02-01,25.98574,NA,5.9,NA,NA,36.96106,NA,30.48,NA,NA,NA,NA,3.92,NA,NA,NA,NA,NA,101.1873,NA,NA,2.97,NA,NA,NA,3.541174,NA
1963-03-01,26.14563,NA,5.7,NA,NA,37.21978,NA,30.51,NA,NA,NA,NA,3.93,NA,NA,NA,NA,NA,100.9873,NA,NA,2.97,NA,NA,NA,3.513203,NA
1963-04-01,26.38552,NA,5.7,NA,NA,37.41784,NA,30.48,NA,NA,NA,NA,3.97,NA,NA,NA,NA,NA,100.8609,NA,NA,2.97,NA,NA,NA,3.686625,NA
1963-05-01,26.7053,NA,5.9,NA,NA,37.14464,NA,30.51,NA,NA,NA,NA,3.93,NA,NA,NA,NA,NA,100.8994,NA,NA,2.97,NA,NA,NA,3.753757,NA
1963-06-01,26.7853,NA,5.6,NA,NA,37.29912,NA,30.61,NA,NA,NA,NA,3.99,NA,NA,NA,NA,NA,101.0223,NA,NA,2.97,NA,NA,NA,3.748162,NA
1963-07-01,26.67863,NA,5.6,NA,NA,37.63369,NA,30.69,NA,NA,NA,NA,4.02,NA,NA,NA,NA,NA,101.124,NA,NA,2.97,NA,NA,NA,3.65306,NA
1963-08-01,26.73196,NA,5.4,NA,NA,37.51298,NA,30.75,NA,NA,NA,NA,4,NA,NA,NA,NA,NA,101.1356,NA,NA,2.97,NA,NA,NA,3.720191,NA
1963-09-01,26.99842,NA,5.5,NA,NA,37.45678,NA,30.72,NA,NA,NA,NA,4.08,NA,NA,NA,NA,NA,101.1075,NA,NA,2.97,NA,NA,NA,3.848859,NA
1963-10-01,27.18507,NA,5.5,NA,NA,38.07122,NA,30.75,NA,NA,NA,NA,4.11,NA,NA,NA,NA,NA,101.1198,NA,NA,2.97,NA,NA,NA,3.893613,NA
1963-11-01,27.3183,NA,5.7,NA,NA,37.60539,NA,30.78,NA,NA,NA,NA,4.12,NA,NA,NA,NA,NA,101.231,NA,NA,2.97,NA,NA,NA,3.871236,NA
1963-12-01,27.26497,NA,5.5,NA,NA,38.30749,NA,30.88,NA,NA,NA,NA,4.13,NA,NA,NA,NA,NA,101.3881,NA,NA,2.97,NA,NA,NA,3.960745,NA
1964-01-01,27.50486,NA,5.6,NA,NA,38.03441,NA,30.94,NA,NA,NA,NA,4.17,NA,NA,NA,NA,NA,101.5147,NA,NA,2.97,NA,NA,NA,4.050253,NA
1964-02-01,27.69141,NA,5.4,NA,NA,38.2468,NA,30.91,NA,NA,NA,NA,4.15,NA,NA,NA,NA,NA,101.5552,NA,NA,2.97,NA,NA,NA,4.134167,NA
1964-03-01,27.69141,NA,5.4,NA,NA,38.48621,NA,30.94,NA,NA,NA,NA,4.22,NA,NA,NA,NA,NA,101.5483,NA,NA,2.97,NA,NA,NA,4.234864,NA
1964-04-01,28.14452,NA,5.3,NA,NA,38.79174,NA,30.95,NA,NA,NA,NA,4.23,NA,NA,NA,NA,NA,101.5471,NA,NA,2.97,NA,NA,NA,4.279618,NA
1964-05-01,28.30442,NA,5.1,NA,NA,39.277589999999996,NA,30.98,NA,NA,NA,NA,4.2,NA,NA,NA,NA,NA,101.5869,NA,NA,2.97,NA,NA,NA,4.290807,NA
1964-06-01,28.38441,NA,5.2,NA,NA,39.27024,NA,31.01,NA,NA,NA,NA,4.17,3.86,NA,NA,NA,NA,101.6468,NA,NA,2.97,NA,NA,NA,4.262836,NA
1964-07-01,28.57097,NA,4.9,NA,NA,39.45226,NA,31.02,NA,NA,NA,NA,4.19,3.87,NA,NA,NA,NA,101.6927,NA,NA,2.92,NA,NA,NA,4.415362,NA
1964-08-01,28.75752,NA,5,NA,NA,39.96879,NA,31.05,NA,NA,NA,NA,4.19,3.85,NA,NA,NA,NA,101.6996,NA,NA,2.92,NA,NA,NA,4.367822,NA
1964-09-01,28.86409,NA,5.1,NA,NA,40.30621,NA,31.08,NA,NA,NA,NA,4.2,3.87,NA,NA,NA,NA,101.6886,NA,NA,2.92,NA,NA,NA,4.448047,NA
1964-10-01,28.46431,NA,5.1,NA,NA,38.69842,NA,31.12,NA,NA,NA,NA,4.19,3.94,NA,NA,NA,NA,101.6924,NA,NA,2.92,NA,NA,NA,4.532234,NA
1964-11-01,29.34386,NA,4.8,NA,NA,38.94872,NA,31.21,NA,NA,NA,NA,4.15,3.99,NA,NA,NA,NA,101.7387,NA,NA,2.92,NA,NA,NA,4.563928,NA
1964-12-01,29.69031,NA,5,NA,NA,40.70782,NA,31.25,NA,NA,NA,NA,4.18,4.14,NA,NA,NA,NA,101.819,NA,NA,2.92,NA,NA,NA,4.482712,NA
1965-01-01,30.01009,NA,4.9,NA,NA,40.9673,NA,31.28,NA,NA,NA,NA,4.19,4.13,NA,NA,NA,NA,101.9246,NA,NA,2.92,NA,NA,NA,4.588689,NA
1965-02-01,30.19675,NA,5.1,NA,NA,41.2265,NA,31.28,NA,NA,NA,NA,4.21,4.19,NA,NA,NA,NA,102.0492,NA,NA,2.92,NA,NA,NA,4.628306,NA
1965-03-01,30.59653,NA,4.7,NA,NA,40.77804,NA,31.31,NA,NA,NA,NA,4.21,4.27,NA,NA,NA,NA,102.1655,NA,NA,2.92,NA,NA,NA,4.633258,NA
1965-04-01,30.72976,NA,4.8,NA,NA,41.02919,NA,31.38,NA,NA,NA,NA,4.2,4.28,NA,NA,NA,NA,102.2342,NA,NA,2.92,NA,NA,NA,4.693675,NA
1965-05-01,30.96964,NA,4.6,NA,NA,41.53297,NA,31.48,NA,NA,NA,NA,4.21,4.32,NA,NA,NA,NA,102.2217,NA,NA,2.92,NA,NA,NA,4.755082,NA
1965-06-01,31.20953,NA,4.6,NA,NA,41.11451,NA,31.61,NA,NA,NA,NA,4.21,4.31,NA,NA,NA,NA,102.1644,NA,NA,2.92,NA,NA,NA,4.513415,NA
1965-07-01,31.50265,NA,4.4,NA,NA,41.82462,NA,31.58,NA,NA,NA,NA,4.2,4.29,NA,NA,NA,NA,102.103,NA,NA,2.92,NA,NA,NA,4.499549,NA
1965-08-01,31.63588,NA,4.4,NA,NA,41.99731,NA,31.55,NA,NA,NA,NA,4.25,4.3,NA,NA,NA,NA,102.0611,NA,NA,2.92,NA,NA,NA,4.59166,NA
1965-09-01,31.71587,NA,4.3,NA,NA,42.01574,NA,31.62,NA,NA,NA,NA,4.29,4.34,NA,NA,NA,NA,102.0279,NA,NA,2.92,NA,NA,NA,4.7491390000000004,NA
1965-10-01,32.03575,NA,4.2,NA,NA,43.05888,NA,31.65,NA,NA,NA,NA,4.35,4.46,NA,NA,NA,NA,101.9807,NA,NA,2.92,NA,NA,NA,4.858087,NA
1965-11-01,32.16898,NA,4.1,NA,NA,43.44102,NA,31.75,NA,NA,NA,NA,4.45,4.49,NA,NA,NA,NA,101.8983,NA,NA,2.92,NA,NA,NA,4.895724,NA
1965-12-01,32.56876,NA,4,NA,NA,43.45912,NA,31.85,NA,NA,NA,NA,4.62,4.75,NA,NA,NA,NA,101.7886,NA,NA,2.92,NA,NA,NA,4.914542,NA
1966-01-01,32.88854,NA,4,NA,NA,43.70587,NA,31.88,NA,NA,NA,NA,4.61,4.95,NA,NA,NA,NA,101.657,NA,NA,2.92,NA,NA,NA,5.007379,NA
1966-02-01,33.10176,NA,3.8,NA,NA,43.56237,NA,32.08,NA,NA,NA,NA,4.83,5.05,NA,NA,NA,NA,101.5022,NA,NA,2.92,NA,NA,NA,4.986718,NA
1966-03-01,33.55487,NA,3.8,NA,NA,44.18631,NA,32.18,NA,NA,NA,NA,4.87,5.19,NA,NA,NA,NA,101.3339,NA,NA,2.92,NA,NA,NA,4.781682,NA
1966-04-01,33.6082,NA,3.8,NA,NA,43.45009,NA,32.28,NA,NA,NA,NA,4.75,5.26,NA,NA,NA,NA,101.1585,NA,NA,2.92,NA,NA,NA,4.912283,NA
1966-05-01,33.92799,NA,3.9,NA,NA,42.61112,NA,32.35,NA,NA,NA,NA,4.78,5.38,NA,NA,NA,NA,100.9787,NA,NA,2.92,NA,NA,NA,4.641294,NA
1966-06-01,34.08788,NA,3.8,NA,NA,43.55421,NA,32.38,NA,NA,NA,NA,4.81,5.5,NA,NA,NA,NA,100.7995,NA,NA,2.92,NA,NA,NA,4.615734,NA
1966-07-01,34.27444,NA,3.8,NA,NA,43.6429,NA,32.45,NA,NA,NA,NA,5.02,5.62,NA,NA,NA,NA,100.6314,NA,NA,2.92,NA,NA,NA,4.60216,NA
1966-08-01,34.3011,NA,3.8,NA,NA,43.86707,NA,32.65,NA,NA,NA,NA,5.22,5.72,NA,NA,NA,NA,100.4926,NA,NA,2.92,NA,NA,NA,4.329972,NA
1966-09-01,34.62098,NA,3.7,NA,NA,43.8219,NA,32.75,NA,NA,NA,NA,5.18,5.86,NA,NA,NA,NA,100.4007,NA,NA,2.97,NA,NA,NA,4.158504,NA
1966-10-01,34.86077,NA,3.7,NA,NA,43.50127,NA,32.85,NA,NA,NA,NA,5.01,5.83,NA,NA,NA,NA,100.3971,NA,NA,2.97,NA,NA,NA,4.109592,NA
1966-11-01,34.62088,NA,3.6,NA,NA,43.47688,NA,32.88,NA,NA,NA,NA,5.16,5.79,NA,NA,NA,NA,100.5253,NA,NA,2.97,NA,NA,NA,4.330366,NA
1966-12-01,34.70088,NA,3.8,NA,NA,43.11493,NA,32.92,NA,NA,NA,NA,4.84,5.65,NA,NA,NA,NA,100.7201,NA,NA,2.97,NA,NA,NA,4.372814,NA
1967-01-01,34.86454,NA,3.9,NA,NA,41.0694,NA,32.9,NA,NA,NA,NA,4.58,5.4,NA,NA,NA,NA,100.9079,NA,NA,2.97,NA,NA,NA,4.557863,NA
1967-02-01,34.46912,NA,3.8,NA,NA,40.52643,NA,33,NA,NA,NA,NA,4.63,5.18,NA,NA,NA,NA,101.0392,NA,NA,3,NA,NA,NA,4.733288,NA
1967-03-01,34.27483,NA,3.8,NA,NA,40.89072,NA,33,NA,NA,NA,NA,4.54,5.01,NA,NA,NA,NA,101.1291,NA,NA,3,NA,NA,NA,4.854181,NA
1967-04-01,34.59809,NA,3.8,NA,NA,40.91584,NA,33.1,NA,NA,NA,NA,4.59,4.43,NA,NA,NA,NA,101.1964,NA,NA,3,NA,NA,NA,4.943822,NA
1967-05-01,34.29625,NA,3.8,NA,NA,40.71651,NA,33.1,NA,NA,NA,NA,4.85,4.49,NA,NA,NA,NA,101.2449,NA,NA,3,NA,NA,NA,5.050295,NA
1967-06-01,34.29198,NA,3.9,NA,NA,41.66415,NA,33.3,NA,NA,NA,NA,5.02,4.66,NA,NA,NA,NA,101.2663,NA,NA,3,NA,NA,NA,5.005238,NA
1967-07-01,34.21387,NA,3.8,NA,NA,41.28661,NA,33.4,NA,NA,NA,NA,5.16,5,NA,NA,NA,NA,101.2357,NA,NA,3,NA,NA,NA,5.117102,NA
1967-08-01,34.8694,NA,3.8,NA,NA,41.14501,NA,33.5,NA,NA,NA,NA,5.28,4.93,NA,NA,NA,NA,101.1324,NA,NA,3.07,NA,NA,NA,5.195627,NA
1967-09-01,34.81279,NA,3.8,NA,NA,42.23072,NA,33.6,NA,NA,NA,NA,5.3,4.91,NA,NA,NA,NA,101.0146,NA,NA,3.07,NA,NA,NA,5.271365,NA
1967-10-01,35.0963,NA,4,NA,NA,41.44006,NA,33.7,NA,NA,NA,NA,5.48,5.22,NA,NA,NA,NA,100.9611,NA,NA,3.07,NA,NA,NA,5.261735,NA
1967-11-01,35.59828,NA,3.9,NA,NA,42.15883,NA,33.9,NA,NA,NA,NA,5.75,5.4,NA,NA,NA,NA,101.0284,NA,NA,3.07,NA,NA,NA,5.090616,NA
1967-12-01,35.9816,NA,3.8,NA,NA,43.25181,NA,34,NA,NA,NA,NA,5.7,5.62,NA,NA,NA,NA,101.1427,NA,NA,3.07,NA,NA,NA,5.254071,NA
1968-01-01,35.94294,NA,3.7,NA,NA,42.33462,NA,34.1,NA,NA,NA,NA,5.53,5.48,NA,NA,NA,NA,101.2016,NA,NA,3.07,NA,-12.199591,NA,5.271944,NA
1968-02-01,36.07171,NA,3.8,NA,NA,42.69968,NA,34.2,NA,NA,NA,NA,5.56,5.33,NA,NA,NA,NA,101.129,NA,NA,3.07,NA,-8.8787913,NA,5.018927,NA
1968-03-01,36.18431,NA,3.7,NA,NA,43.61687,NA,34.3,NA,NA,NA,NA,5.74,5.58,NA,NA,NA,NA,100.9851,NA,NA,3.07,NA,-10.715197999999999,NA,4.899619,NA
1968-04-01,36.23666,NA,3.5,NA,NA,43.39905,NA,34.4,NA,NA,NA,NA,5.64,5.78,NA,NA,NA,NA,100.8503,NA,NA,3.07,NA,-10.841311,NA,5.271408,NA
1968-05-01,36.64317,NA,3.5,NA,NA,43.54068,NA,34.5,NA,NA,NA,NA,5.87,6.14,NA,NA,NA,NA,100.7804,NA,NA,3.07,NA,-10.108204,NA,5.432116,NA
1968-06-01,36.77779,NA,3.7,NA,NA,44.01807,NA,34.7,NA,NA,NA,NA,5.72,6.12,NA,NA,NA,NA,100.753,NA,NA,3.07,NA,-7.1595714,NA,5.608871,NA
1968-07-01,36.72139,NA,3.7,NA,NA,44.31695,NA,34.9,NA,NA,NA,NA,5.5,6.03,NA,NA,NA,NA,100.7374,NA,NA,3.07,NA,-11.789313,NA,5.586795,NA
1968-08-01,36.82388,NA,3.5,NA,NA,44.76386,NA,35,NA,NA,NA,NA,5.42,5.85,NA,NA,NA,NA,100.7217,NA,NA,3.07,NA,-15.41956,NA,5.450272,NA
1968-09-01,36.96336,NA,3.4,NA,NA,43.6837,NA,35.1,NA,NA,NA,NA,5.46,5.78,NA,NA,NA,NA,100.7289,NA,NA,3.07,NA,-14.650964,NA,5.625068,NA
1968-10-01,37.03671,NA,3.4,NA,NA,44.65588,NA,35.3,NA,NA,NA,NA,5.58,5.9,NA,NA,NA,NA,100.8045,NA,NA,3.07,NA,-19.579799,NA,5.775299,NA
1968-11-01,37.51579,NA,3.4,NA,NA,45.6733,NA,35.4,NA,NA,NA,NA,5.7,6.05,NA,NA,NA,NA,100.9821,NA,NA,3.07,NA,-8.3317446,NA,5.886394,NA
1968-12-01,37.63425,NA,3.4,NA,NA,44.73034,NA,35.6,NA,NA,NA,NA,6.03,6.27,NA,NA,NA,NA,101.1802,NA,NA,3.07,NA,-16.013851,NA,5.973374,NA
1969-01-01,37.86194,NA,3.4,NA,NA,45.08274,NA,35.7,NA,NA,NA,NA,6.04,6.5,NA,NA,NA,NA,101.2801,NA,NA,3.07,NA,-18.376633000000002,NA,5.725548,NA
1969-02-01,38.10421,NA,3.4,NA,NA,45.3098,NA,35.8,NA,NA,NA,NA,6.19,6.52,NA,NA,NA,NA,101.1833,NA,NA,3.07,NA,-17.586362,NA,5.677547,NA
1969-03-01,38.40298,NA,3.4,NA,NA,44.58012,NA,36.1,NA,NA,NA,NA,6.3,6.65,NA,NA,NA,NA,100.9668,NA,NA,3.25,NA,-16.47009,NA,5.514977,NA
1969-04-01,38.26172,NA,3.4,NA,NA,44.56401,NA,36.3,NA,NA,NA,NA,6.17,6.84,NA,NA,NA,NA,100.7167,NA,NA,3.35,NA,-22.313468,NA,5.605755,NA
1969-05-01,38.11709,NA,3.4,NA,NA,44.87323,NA,36.4,NA,NA,NA,NA,6.32,7.28,NA,NA,NA,NA,100.4815,NA,NA,3.35,NA,-27.209165,NA,5.793253,NA
1969-06-01,38.48951,NA,3.5,NA,NA,44.3347,NA,36.6,NA,NA,NA,NA,6.57,8.01,NA,NA,NA,NA,100.2591,NA,NA,3.35,NA,-18.239498,NA,5.46613,NA
1969-07-01,38.69262,NA,3.5,NA,NA,44.11958,NA,36.8,NA,NA,NA,NA,6.72,8.69,NA,NA,NA,NA,100.031,NA,NA,3.35,NA,-26.030248,NA,5.189364,NA
1969-08-01,38.78154,NA,3.5,NA,NA,44.52886,NA,36.9,NA,NA,NA,NA,6.69,8.38,NA,NA,NA,NA,99.78498,NA,NA,3.35,NA,-21.440912,NA,5.158938,NA
1969-09-01,38.77282,NA,3.7,NA,NA,44.88262,NA,37.1,NA,NA,NA,NA,7.16,8.47,NA,NA,NA,NA,99.54243,NA,NA,3.35,NA,-13.882772,NA,5.185778,NA
1969-10-01,38.78422,NA,3.7,NA,NA,45.13665,NA,37.3,NA,NA,NA,NA,7.1,8.56,NA,NA,NA,NA,99.34116,NA,NA,3.35,NA,-6.1208353,NA,5.275016,NA
1969-11-01,38.41864,NA,3.5,NA,NA,44.87058,NA,37.5,NA,NA,NA,NA,7.14,8.46,NA,NA,NA,NA,99.21465,NA,NA,3.35,NA,-0.42812575,NA,5.332546,NA
1969-12-01,38.31554,NA,3.5,NA,NA,45.03595,NA,37.7,NA,NA,NA,NA,7.65,8.77,NA,NA,NA,NA,99.13007,NA,NA,3.35,NA,4.2239406,NA,5.038553,NA
1970-01-01,37.606,NA,3.9,NA,NA,44.92223,NA,37.9,NA,NA,NA,NA,7.79,8.91,NA,NA,NA,125.5691,99.0519,NA,NA,3.35,NA,25.753739,NA,5.003093,NA
1970-02-01,37.58121,NA,4.2,NA,NA,44.91829,NA,38.1,NA,NA,NA,NA,7.24,8.58,NA,NA,NA,126.3758,98.96368,NA,NA,3.35,NA,40.001692,NA,4.828743,NA
1970-03-01,37.53244,NA,4.4,NA,NA,44.2443,NA,38.3,NA,NA,NA,NA,7.07,8.08,NA,NA,NA,125.9534,98.88327,NA,NA,3.35,NA,54.082589,NA,4.897915,NA
1970-04-01,37.43589,NA,4.6,NA,NA,44.54746,NA,38.5,NA,NA,NA,NA,7.39,7.51,NA,NA,NA,126.1541,98.84496,NA,NA,3.35,NA,55.393468,NA,4.705036,NA
1970-05-01,37.39228,NA,4.8,NA,NA,45.08536,NA,38.6,NA,NA,NA,NA,7.91,8.08,NA,NA,NA,126.3201,98.87383,NA,NA,3.35,NA,56.938453,NA,4.124212,NA
1970-06-01,37.27134,NA,4.9,NA,NA,45.1138,NA,38.8,NA,NA,NA,NA,7.84,8.07,NA,NA,NA,125.823,98.91792,NA,NA,3.35,NA,52.436691,NA,4.087809,NA
1970-07-01,37.36283,NA,5,NA,NA,45.38305,NA,38.9,NA,NA,NA,NA,7.46,8.01,NA,NA,NA,125.5214,98.9058,NA,NA,3.31,NA,48.014618,NA,4.074982,NA
1970-08-01,37.29622,NA,5.1,NA,NA,45.25378,NA,39,NA,NA,NA,NA,7.53,7.72,NA,NA,NA,124.9587,98.78902,NA,NA,3.31,NA,53.933279,NA,4.186646,NA
1970-09-01,37.03919,NA,5.4,NA,NA,45.15127,NA,39.2,NA,NA,NA,NA,7.39,7.3,NA,NA,NA,124.974,98.64056,NA,NA,3.31,NA,59.256311,NA,4.466088,NA
1970-10-01,36.29821,NA,5.5,NA,NA,45.29106,NA,39.4,NA,NA,NA,NA,7.33,6.76,NA,NA,NA,124.8989,98.56737,NA,NA,3.31,NA,59.69673,NA,4.560902,NA
1970-11-01,36.07835,NA,5.9,NA,NA,44.05415,NA,39.6,NA,NA,NA,NA,6.84,6.08,NA,NA,NA,125.326,98.65442,NA,NA,3.31,NA,54.554486,NA,4.539128,NA
1970-12-01,36.90695,NA,6.1,NA,NA,45.10421,NA,39.8,NA,NA,NA,NA,6.39,5.67,NA,NA,NA,125.4716,98.83361,NA,NA,3.56,NA,16.89529,NA,4.852874,NA
1971-01-01,37.19085,NA,5.9,NA,NA,46.09545,NA,39.9,NA,NA,NA,NA,6.24,5.09,NA,NA,NA,124.2024,99.0207,NA,NA,3.56,NA,8.108219,NA,5.07919,NA
1971-02-01,37.11998,NA,5.9,NA,NA,46.57472,NA,39.9,NA,NA,NA,NA,6.11,4.38,NA,NA,NA,124.1676,99.16006,NA,NA,3.56,NA,-15.842979,NA,5.29002,NA
1971-03-01,37.07973,NA,6,NA,NA,46.52818,NA,40,NA,NA,NA,NA,5.7,3.85,NA,NA,NA,123.6326,99.2616,NA,NA,3.56,NA,-17.594989,NA,5.436094,NA
1971-04-01,37.28799,NA,5.9,NA,NA,47.23762,NA,40.1,NA,NA,NA,NA,5.83,4.45,NA,NA,NA,123.1442,99.34393,NA,NA,3.56,NA,-22.853236,NA,5.625946,NA
1971-05-01,37.47723,NA,5.9,NA,NA,46.76177,NA,40.3,NA,NA,NA,NA,6.39,4.98,NA,NA,NA,122.9581,99.41532,NA,NA,3.56,NA,-29.580614,NA,5.545519,NA
1971-06-01,37.63435,NA,5.9,NA,NA,47.38545,NA,40.5,NA,NA,NA,NA,6.52,5.4,NA,NA,NA,123.8063,99.47388,NA,NA,3.56,NA,-53.172886,NA,5.452541,NA
1971-07-01,37.52511,NA,6,NA,NA,47.41885,NA,40.6,NA,NA,NA,NA,6.73,5.75,NA,NA,NA,123.3583,99.51089,NA,NA,3.56,NA,-59.391382,NA,5.42943,NA
1971-08-01,37.30732,NA,6.1,NA,NA,47.54551,NA,40.7,NA,NA,NA,NA,6.58,5.74,NA,NA,NA,122.2215,99.52679,NA,NA,3.56,NA,-63.343828,NA,5.321332,NA
1971-09-01,37.91368,NA,6,NA,NA,48.25811,NA,40.8,NA,NA,NA,NA,6.14,5.63,NA,NA,NA,120.2904,99.56897,NA,NA,3.56,NA,-49.906741,NA,5.441507,NA
1971-10-01,38.19749,NA,5.8,NA,NA,48.74985,NA,40.9,NA,NA,NA,NA,5.93,5.27,NA,NA,NA,118.1729,99.7118,NA,NA,3.56,NA,-59.632558,NA,5.324319,NA
1971-11-01,38.35956,NA,6,NA,NA,49.17646,NA,41,NA,NA,NA,NA,5.81,4.87,NA,NA,NA,117.9451,100.0106,NA,NA,3.56,NA,-43.396586,NA,5.067212,NA
1971-12-01,38.80236,NA,6,NA,NA,49.01736,NA,41.1,NA,NA,NA,NA,5.93,4.65,NA,NA,NA,116.3046,100.355,NA,NA,3.56,NA,-47.871496,NA,5.422477,NA
1972-01-01,39.73237,NA,5.8,NA,NA,48.53466,NA,41.2,NA,NA,NA,NA,5.95,3.95,NA,NA,NA,114.0373,100.5941,NA,NA,3.56,NA,-59.868353,NA,5.663243,NA
1972-02-01,40.13155,NA,5.7,NA,NA,48.69322,NA,41.4,NA,NA,NA,NA,6.08,3.61,NA,NA,NA,113.4427,100.617,NA,NA,3.56,NA,-66.725883,NA,5.787961,NA
1972-03-01,40.41585,NA,5.8,NA,NA,49.95468,NA,41.4,NA,NA,NA,NA,6.07,4.08,NA,NA,NA,112.691,100.5379,NA,NA,3.56,NA,-69.300773,NA,5.938244,NA
1972-04-01,40.81642,NA,5.7,NA,NA,49.96635,NA,41.5,NA,NA,NA,NA,6.19,4.6,NA,NA,NA,112.3981,100.5079,NA,NA,3.56,NA,-60.098846,NA,6.006318,NA
1972-05-01,40.81969,NA,5.7,NA,NA,50.52367,NA,41.6,NA,NA,NA,NA,6.13,4.41,NA,NA,NA,112.0097,100.6295,NA,NA,3.56,NA,-64.045963,NA,5.924429,NA
1972-06-01,40.92596,NA,5.7,NA,NA,50.68678,NA,41.7,NA,NA,NA,NA,6.11,4.64,NA,NA,NA,111.5969,100.8214,NA,NA,3.56,NA,-66.787876,NA,5.929423,NA
1972-07-01,40.88739,NA,5.6,NA,NA,50.87586,NA,41.8,NA,NA,NA,NA,6.11,4.82,NA,NA,NA,112.035,100.9558,NA,NA,3.56,NA,-56.596974,NA,5.8638,NA
1972-08-01,41.45222,NA,5.6,NA,NA,51.20816,NA,41.9,NA,NA,NA,NA,6.21,4.85,NA,NA,NA,111.4184,100.9265,NA,NA,3.56,NA,-62.962297,NA,6.047339,NA
1972-09-01,41.76962,NA,5.5,NA,NA,51.97162,NA,42.1,NA,NA,NA,NA,6.55,5.13,NA,NA,NA,111.1456,100.7737,NA,NA,3.56,NA,-8.6191098,NA,5.94715,NA
1972-10-01,42.30798,NA,5.6,NA,NA,52.53217,NA,42.2,NA,NA,NA,NA,6.48,5.25,NA,NA,NA,111.6407,100.536,NA,NA,3.56,NA,-5.7281701,NA,5.941314,NA
1972-11-01,42.80679,NA,5.3,NA,NA,52.6589,NA,42.4,NA,NA,NA,NA,6.28,5.22,NA,NA,NA,112.1144,100.227,NA,NA,3.56,NA,-4.5866754,NA,6.237797,NA
1972-12-01,43.28775,NA,5.2,NA,NA,53.7296,NA,42.5,NA,NA,NA,NA,6.36,5.43,NA,NA,NA,111.9547,99.89554,NA,NA,3.56,NA,9.4127494,NA,6.363502,NA
1973-01-01,43.60337,NA,4.9,NA,NA,54.39851,NA,42.7,NA,NA,NA,NA,6.46,5.81,NA,NA,NA,110.6771,99.58959,NA,NA,3.56,NA,20.886577,NA,6.37602,NA
1973-02-01,44.23788,NA,5,NA,NA,54.80049,NA,43,NA,NA,NA,NA,6.64,6.34,NA,NA,NA,106.1321,99.34142,NA,NA,3.56,NA,29.629638,NA,6.092156,NA
1973-03-01,44.25414,NA,4.9,NA,NA,54.69352,NA,43.4,NA,NA,NA,NA,6.71,7.05,NA,NA,NA,102.4459,99.12789,NA,NA,3.56,NA,38.744362,NA,5.956482,NA
1973-04-01,44.188720000000004,NA,5,NA,NA,53.93931,NA,43.7,NA,NA,NA,NA,6.67,7.31,NA,NA,NA,102.7523,98.92616,NA,NA,3.56,NA,43.143198,NA,5.809699,NA
1973-05-01,44.48085,NA,4.9,NA,NA,53.67319,NA,43.9,NA,NA,NA,NA,6.85,7.55,NA,NA,NA,101.7827,98.73454,NA,NA,3.56,NA,50.418217,NA,5.619145,NA
1973-06-01,44.53467,NA,4.9,NA,NA,53.82124,NA,44.2,NA,NA,NA,NA,6.9,8.16,NA,NA,NA,99.94434,98.58174,NA,NA,3.56,NA,57.875301,NA,5.460078,NA
1973-07-01,44.69843,NA,4.8,NA,NA,53.81744,NA,44.2,NA,NA,NA,NA,7.13,9.7,NA,NA,NA,97.30833,98.52205,NA,NA,3.56,NA,59.340235,NA,5.558031,NA
1973-08-01,44.63737,NA,4.8,NA,NA,53.01601,NA,45,NA,NA,NA,NA,7.4,10.77,NA,NA,NA,99.43223,98.59159,NA,NA,4.31,NA,69.858101,NA,5.47903,NA
1973-09-01,44.99492,NA,4.8,NA,NA,53.50758,NA,45.2,NA,NA,NA,NA,7.09,10.59,NA,NA,NA,98.65298,98.67157,NA,NA,4.31,NA,81.285305,NA,5.615889,NA
1973-10-01,45.35475,NA,4.6,NA,NA,53.33618,NA,45.6,NA,NA,NA,NA,6.79,9.2,NA,NA,NA,98.29595,98.59557,NA,NA,4.31,NA,107.20737,NA,5.869773,NA
1973-11-01,45.55935,NA,4.8,NA,NA,53.38105,NA,45.9,NA,NA,NA,NA,6.73,9.24,NA,NA,NA,100.7329,98.24638,NA,NA,4.31,NA,104.23624,NA,5.406132,NA
1973-12-01,45.43197,NA,4.9,NA,NA,51.56367,NA,46.3,NA,NA,NA,NA,6.74,9.27,NA,NA,NA,101.3774,97.80881,NA,NA,4.31,NA,114.2407,NA,4.990267,NA
1974-01-01,45.13221,NA,5.1,NA,NA,51.62688,NA,46.8,NA,NA,NA,NA,6.99,9,NA,NA,NA,103.0176,97.54128,NA,NA,10.11,NA,105.77078,NA,5.089559,NA
1974-02-01,45.00186,NA,5.2,NA,NA,51.4086,NA,47.3,NA,NA,NA,NA,6.96,8.08,NA,NA,NA,100.3902,97.63576,NA,NA,10.11,NA,88.829192,NA,4.952109,NA
1974-03-01,44.99442,NA,5.1,NA,NA,51.60663,NA,47.8,NA,NA,NA,NA,7.21,8.84,NA,NA,NA,98.66634,97.90758,NA,NA,10.11,NA,98.413761,NA,5.164505,NA
1974-04-01,44.85793,NA,5.1,NA,NA,51.98108,NA,48.1,NA,NA,NA,NA,7.51,10.25,NA,NA,NA,96.58015,98.10578,NA,NA,10.11,NA,86.437623,NA,4.873208,NA
1974-05-01,45.22023,NA,5.1,NA,NA,52.0204,NA,48.6,NA,NA,NA,NA,7.58,11.2,NA,NA,NA,96.10609,98.046,NA,NA,10.11,NA,104.19358,NA,4.688923,NA
1974-06-01,45.13786,NA,5.4,NA,NA,51.72127,NA,49,NA,NA,NA,NA,7.54,11.38,NA,NA,NA,97.23167,97.81698,NA,NA,10.11,NA,82.523275,NA,4.667977,NA
1974-07-01,45.22132,NA,5.5,NA,NA,52.24242,NA,49.3,NA,NA,NA,NA,7.81,12.25,NA,NA,NA,97.65147,97.53783,NA,NA,10.11,NA,62.219697,NA,4.284795,NA
1974-08-01,44.747,NA,5.5,NA,NA,53.07656,NA,49.9,NA,NA,NA,NA,8.04,12.23,NA,NA,NA,99.54552,97.28444,NA,NA,10.11,NA,58.853184,NA,3.94705,NA
1974-09-01,44.75335,NA,5.9,NA,NA,51.06709,NA,50.6,NA,NA,NA,NA,8.04,11.6,NA,NA,NA,100.0461,97.06608,NA,NA,10.11,NA,60.600561,NA,3.534503,NA
1974-10-01,44.61338,NA,6,NA,NA,50.19512,NA,51,NA,NA,NA,NA,7.9,9.78,NA,NA,NA,99.1562,96.88621,NA,NA,11.16,NA,61.753835,NA,3.626133,NA
1974-11-01,43.14223,NA,6.6,NA,NA,49.49933,NA,51.5,NA,NA,NA,NA,7.68,9.09,NA,NA,NA,98.36533,96.76833,NA,NA,11.16,NA,59.167554,NA,3.761538,NA
1974-12-01,41.5909,NA,7.2,NA,NA,48.30981,NA,51.9,NA,NA,NA,NA,7.43,9.23,NA,NA,NA,98.07749,96.7433,NA,NA,11.16,NA,22.003305,NA,3.506448,NA
1975-01-01,41.01537,NA,8.1,NA,NA,49.71935,NA,52.3,NA,NA,NA,NA,7.5,7.48,NA,NA,NA,96.92377,96.89253,NA,NA,11.16,NA,-0.56230564,NA,3.818399,NA
1975-02-01,40.07872,NA,8.1,NA,NA,50.16076,NA,52.6,NA,NA,NA,NA,7.39,6.41,NA,NA,NA,95.89873,97.29836,NA,NA,11.16,NA,-9.5110476,NA,4.206449,NA
1975-03-01,39.64276,NA,8.6,NA,NA,48.85881,NA,52.8,NA,NA,NA,NA,7.73,6.18,NA,NA,NA,95.24861,97.82019,NA,NA,11.16,NA,-26.315214,NA,4.392218,NA
1975-04-01,39.71621,NA,8.8,NA,NA,49.34752,NA,53,NA,NA,NA,NA,8.23,6.26,NA,NA,NA,95.72546,98.2859,NA,NA,11.16,NA,-41.069979,NA,4.447789,NA
1975-05-01,39.6033,NA,9,NA,NA,51.52804,NA,53.1,NA,NA,NA,NA,8.06,5.79,NA,NA,NA,95.38386,98.56734,NA,NA,11.16,NA,-43.736798,NA,4.729234,NA
1975-06-01,39.8539,NA,8.8,NA,NA,51.06335,NA,53.5,NA,NA,NA,NA,7.86,5.82,NA,NA,NA,95.6306,98.71187,NA,NA,11.16,NA,-36.593095,NA,4.874242,NA
1975-07-01,40.26408,NA,8.6,NA,NA,51.37749,NA,54,NA,NA,NA,NA,8.06,6.55,NA,NA,NA,98.15154,98.77493,NA,NA,11.16,NA,-41.578362,NA,4.906289,NA
1975-08-01,40.66228,NA,8.4,NA,NA,51.77698,NA,54.2,NA,NA,NA,NA,8.4,6.87,NA,NA,NA,99.6869,98.7894,NA,NA,11.16,NA,-45.292172,NA,4.526278,NA
1975-09-01,41.18983,NA,8.4,NA,NA,51.47139,NA,54.6,NA,NA,NA,NA,8.43,7.03,NA,NA,NA,99.93119,98.81657,NA,NA,11.16,NA,-34.084158,NA,4.453368,NA
1975-10-01,41.36598,NA,8.4,NA,NA,51.52216,NA,54.9,NA,NA,NA,NA,8.14,6.56,NA,NA,NA,99.55973,98.9277,NA,NA,11.16,NA,-33.676578,NA,4.641525,NA
1975-11-01,41.42337,NA,8.3,NA,NA,51.38911,NA,55.3,NA,NA,NA,NA,8.05,6.26,NA,NA,NA,99.74318,99.17293,NA,NA,11.16,NA,-23.780246000000002,NA,4.717562,NA
1975-12-01,41.98294,NA,8.2,NA,NA,51.90832,NA,55.6,NA,NA,NA,NA,8,6.03,NA,NA,NA,100.4895,99.46616,NA,NA,11.16,NA,-35.404065,NA,4.632754,NA
1976-01-01,42.54321,NA,7.9,NA,NA,52.99488,NA,55.8,NA,NA,NA,NA,7.74,5.14,NA,NA,NA,99.40297,99.69358,NA,NA,11.16,NA,-45.710648,NA,5.081689,NA
1976-02-01,42.96847,NA,7.7,NA,NA,52.50798,NA,55.9,NA,NA,NA,NA,7.79,5.18,NA,NA,NA,98.69241,99.77404,NA,NA,12.03,NA,-49.97143,NA,5.321243,NA
1976-03-01,43.06036,NA,7.6,NA,NA,52.78565,NA,56,NA,NA,NA,NA,7.73,5.34,NA,NA,NA,98.80424,99.78529,NA,NA,12.1,NA,-32.243819,NA,5.348521,NA
1976-04-01,43.27507,NA,7.7,NA,NA,53.7361,NA,56.1,NA,NA,NA,NA,7.56,5.12,NA,NA,NA,98.45791,99.83242,NA,NA,12.17,NA,-28.656726,NA,5.37534,NA
1976-05-01,43.45924,NA,7.4,NA,NA,53.03289,NA,56.4,NA,NA,NA,NA,7.9,5.56,NA,NA,NA,98.72407,99.98558,NA,NA,12.17,NA,-19.06451,NA,5.334991,NA
1976-06-01,43.50603,NA,7.6,NA,NA,53.82621,NA,56.7,NA,NA,NA,NA,7.86,5.84,NA,NA,NA,99.02066,100.1817,NA,NA,12.17,NA,-15.937888,NA,5.370225,NA
1976-07-01,43.74751,NA,7.8,NA,NA,53.94413,NA,57,NA,NA,NA,NA,7.83,5.52,NA,NA,NA,98.56861,100.323,NA,NA,12.17,NA,-21.249121,NA,5.513566,NA
1976-08-01,44.04935,NA,7.8,NA,NA,53.35041,NA,57.3,NA,NA,NA,NA,7.77,5.39,NA,NA,NA,98.70798,100.3318,NA,NA,12.17,NA,-23.734932,NA,5.464653,NA
1976-09-01,44.19556,NA,7.6,NA,NA,53.08905,NA,57.6,NA,NA,NA,NA,7.59,5.33,NA,NA,NA,98.50301,100.2616,NA,NA,13.9,NA,-24.469478,NA,5.574532,NA
1976-10-01,44.18158,NA,7.7,NA,NA,53.61938,NA,57.9,NA,NA,NA,NA,7.41,5.12,NA,NA,NA,98.59488,100.1814,NA,NA,13.9,NA,-20.560264,NA,5.390575,NA
1976-11-01,44.85921,NA,7.8,NA,NA,53.64942,NA,58.1,NA,NA,NA,NA,7.29,5.01,NA,NA,NA,99.18494,100.1403,NA,NA,13.9,NA,-19.132661,NA,5.364653,NA
1976-12-01,45.34285,NA,7.8,NA,NA,54.90478,NA,58.4,NA,NA,NA,NA,6.87,4.67,NA,NA,NA,99.11437,100.141,NA,NA,13.9,NA,-35.536353,NA,5.579038,NA
1977-01-01,45.03268,NA,7.5,NA,NA,54.29459,NA,58.7,NA,NA,NA,NA,7.21,4.83,NA,NA,NA,98.11121,100.1856,NA,NA,13.9,NA,-48.91991,NA,5.573832,NA
1977-02-01,45.74303,NA,7.6,NA,NA,54.93237,NA,59.3,NA,NA,NA,NA,7.39,4.83,NA,NA,NA,98.47826,100.2784,NA,NA,13.9,NA,-44.832584,NA,5.439291,NA
1977-03-01,46.32342,NA,7.4,NA,NA,55.06021,NA,59.6,NA,NA,NA,NA,7.46,4.84,NA,NA,NA,98.58078,100.3852,NA,NA,13.9,NA,-45.172203,NA,5.413836,NA
1977-04-01,46.77603,NA,7.2,NA,NA,55.69588,NA,60,NA,NA,NA,NA,7.37,4.8,NA,NA,NA,97.91914,100.4625,NA,NA,13.9,NA,-43.295029,NA,5.339599,NA
1977-05-01,47.13685,NA,7,NA,NA,55.10774,NA,60.2,NA,NA,NA,NA,7.46,5.36,NA,NA,NA,97.731,100.4725,NA,NA,13.9,NA,-35.549068,NA,5.343278,NA
1977-06-01,47.49718,NA,7.2,NA,NA,55.08309,NA,60.5,NA,NA,NA,NA,7.28,5.42,NA,NA,NA,97.73062,100.4276,NA,NA,13.9,NA,-40.326338,NA,5.377556,NA
1977-07-01,47.55844,NA,6.9,NA,NA,55.49368,NA,60.8,NA,NA,NA,NA,7.33,5.46,NA,NA,NA,96.78728,100.333,NA,NA,13.9,NA,-44.124528,NA,5.440961,NA
1977-08-01,47.60731,NA,7,NA,NA,55.36763,NA,61.1,NA,NA,NA,NA,7.4,5.9,NA,NA,NA,97.2156,100.1848,NA,NA,14.85,NA,-46.832792,NA,5.298797,NA
1977-09-01,47.79694,NA,6.8,NA,NA,55.11037,NA,61.3,NA,NA,NA,NA,7.34,6.19,NA,NA,NA,96.98637,100.0172,NA,NA,14.85,NA,-46.994582,NA,5.21487,NA
1977-10-01,47.87337,NA,6.8,NA,NA,56.09734,NA,61.6,NA,NA,NA,NA,7.52,6.67,NA,NA,NA,95.93209,99.87012,NA,NA,14.85,NA,-32.767018,NA,5.087028,NA
1977-11-01,47.9599,NA,6.8,NA,NA,56.21701,NA,62,NA,NA,NA,NA,7.58,6.68,NA,NA,NA,95.27027,99.77582,NA,NA,14.85,NA,-33.249262,NA,5.136777,NA
1977-12-01,48.04476,NA,6.4,NA,NA,56.0881,NA,62.3,NA,NA,NA,NA,7.69,6.71,NA,NA,NA,93.84026,99.72543,NA,NA,14.85,NA,-37.822919,NA,5.132763,NA
1978-01-01,47.34343,NA,6.4,NA,NA,54.61288,NA,62.7,NA,NA,NA,NA,7.96,6.94,NA,NA,NA,93.1175,99.69241,NA,NA,14.85,NA,-38.297913,NA,4.940922,NA
1978-02-01,47.60781,NA,6.3,NA,NA,55.70809,NA,63,NA,NA,NA,NA,8.03,6.9,NA,NA,NA,92.93278,99.61221,NA,NA,14.85,NA,-38.610233,NA,4.892696,NA
1978-03-01,48.51859,NA,6.3,NA,NA,56.60632,NA,63.4,NA,NA,NA,NA,8.04,6.86,NA,NA,NA,92.27174,99.47431,NA,NA,14.85,NA,-39.078139,NA,4.901751,NA
1978-04-01,49.48398,NA,6.1,NA,NA,57.63608,NA,63.9,NA,NA,NA,NA,8.15,7.03,NA,NA,NA,91.79254,99.47305,NA,NA,14.85,NA,-39.698681,NA,5.125091,NA
1978-05-01,49.72228,NA,6,NA,NA,57.62007,NA,64.5,NA,NA,NA,NA,8.35,7.4,NA,NA,NA,92.77552,99.49724,NA,NA,14.85,NA,-22.59908,NA,5.395874,NA
1978-06-01,50.04187,NA,5.9,NA,NA,57.89685,NA,65,NA,NA,NA,NA,8.46,7.83,NA,NA,NA,91.86014,99.461429999999993,NA,NA,14.85,NA,-17.03692,NA,5.429991,NA
1978-07-01,50.00599,NA,6.2,NA,NA,57.31148,NA,65.5,NA,NA,NA,NA,8.64,8.12,NA,NA,NA,89.65517,99.435059999999993,NA,NA,14.85,NA,-25.64247,NA,5.407871,NA
1978-08-01,50.21088,NA,5.9,NA,NA,57.63985,NA,65.9,NA,NA,NA,NA,8.41,8.06,NA,NA,NA,88.0095,99.33629,NA,NA,14.85,NA,-26.086292,NA,5.796533,NA
1978-09-01,50.32914,NA,6,NA,NA,57.46116,NA,66.5,NA,NA,NA,NA,8.42,8.64,NA,NA,NA,88.54214,99.24139,NA,NA,14.85,NA,-13.822322,NA,5.800773,NA
1978-10-01,50.71821,NA,5.8,NA,NA,57.81899,NA,67.1,NA,NA,NA,NA,8.64,9.44,NA,NA,NA,86.97679,99.01192,NA,NA,14.85,NA,-17.861609,NA,5.585466,NA
1978-11-01,51.10808,NA,5.9,NA,NA,58.35526,NA,67.5,NA,NA,NA,NA,8.81,10.72,NA,NA,NA,89.00638,98.62542,NA,NA,14.85,NA,-3.8409143,NA,5.222412,NA
1978-12-01,51.36293,NA,6,NA,NA,58.75922,NA,67.9,NA,NA,NA,NA,9.01,10.72,NA,NA,NA,89.71532,98.27516,NA,NA,14.85,NA,-6.8451617,NA,5.316517,NA
1979-01-01,51.08597,NA,5.9,NA,NA,58.09761,NA,68.5,NA,NA,NA,NA,9.1,10.51,NA,NA,NA,89.88676,98.24982,NA,NA,14.85,NA,-16.125469,NA,5.522627,NA
1979-02-01,51.34717,NA,5.9,NA,NA,57.85575,NA,69.2,NA,NA,NA,NA,9.1,10.19,NA,NA,NA,90.75194,98.23451,NA,NA,15.85,NA,-10.675876,NA,5.454675,NA
1979-03-01,51.50082,NA,5.8,NA,NA,58.42026,NA,69.9,NA,NA,NA,NA,9.12,10.13,NA,NA,NA,91.1461,98.0434,NA,NA,15.85,NA,7.2224242,NA,5.564126,NA
1979-04-01,50.88584,NA,5.8,NA,NA,57.65648,NA,70.6,NA,NA,NA,NA,9.18,10.06,NA,NA,NA,92.19448,97.84727,NA,NA,15.85,NA,9.1992795,NA,5.693924,NA
1979-05-01,51.34003,NA,5.6,NA,NA,57.57902,NA,71.4,NA,NA,NA,NA,9.25,10.16,NA,NA,NA,93.17973,97.71627,NA,NA,18.1,NA,29.001452,NA,5.566561,NA
1979-06-01,51.3439,NA,5.7,NA,NA,57.37162,NA,72.2,NA,NA,NA,NA,8.91,9.95,NA,NA,NA,93.65518,97.53304,NA,NA,19.1,NA,46.284398,NA,5.705211,NA
1979-07-01,51.26093,NA,5.7,NA,NA,56.42578,NA,73,NA,NA,NA,NA,8.95,10.11,NA,NA,NA,92.21774,97.37135,NA,NA,21.75,NA,54.308682,NA,5.781885,NA
1979-08-01,50.92806,NA,6,NA,NA,57.91249,NA,73.7,NA,NA,NA,NA,9.03,10.71,NA,NA,NA,93.17063,97.40817,NA,NA,26.5,NA,37.211423,NA,6.060129,NA
1979-09-01,50.92559,NA,5.9,NA,NA,57.88844,NA,74.4,NA,NA,NA,NA,9.33,11.89,NA,NA,NA,93.20123,97.44877,NA,NA,28.5,NA,43.777832,NA,6.128747,NA
1979-10-01,51.27521,NA,6,NA,NA,57.04731,NA,75.2,NA,NA,NA,NA,10.3,13.66,NA,NA,NA,94.41483,97.37322,NA,NA,29,NA,43.703191,NA,5.869858,NA
1979-11-01,51.19135,NA,5.9,NA,NA,57.01847,NA,76,NA,NA,NA,NA,10.65,13.9,NA,NA,NA,96.41821,97.35517,NA,NA,31,NA,49.212174,NA,5.845224,NA
1979-12-01,51.22515,NA,6,NA,NA,56.59764,NA,76.9,NA,NA,NA,NA,10.39,13.43,NA,NA,NA,95.70547,97.39511,NA,NA,32.5,NA,35.398972,NA,6.114708,NA
1980-01-01,51.50092,NA,6.3,NA,NA,56.9235,NA,78,NA,NA,NA,NA,10.8,13.39,NA,NA,NA,95.29894,97.47986,NA,NA,32.5,NA,34.775481,0.1783319714653283,6.326556,NA
1980-02-01,51.52411,NA,6.3,NA,NA,55.76413,NA,79,NA,NA,NA,NA,12.41,14.3,NA,NA,NA,96.14034,97.27154,NA,NA,37,NA,40.129393,0.12234185041595785,6.541523,NA
1980-03-01,51.30465,NA,6.3,NA,NA,54.22906,NA,80.1,NA,NA,NA,NA,12.75,17.57,NA,NA,NA,99.36994,96.73009,NA,NA,38,NA,42.105389,0.4244830110637907,5.894791,NA
1980-04-01,50.29395,NA,6.9,NA,NA,52.98298,NA,80.9,NA,NA,NA,NA,11.47,16.14,NA,NA,NA,100.1242,96.30981,NA,NA,39.5,NA,60.435767,0.6911795388931452,5.790051,NA
1980-05-01,49.05793,NA,7.5,NA,NA,52.43338,NA,81.7,NA,NA,NA,NA,10.18,9.79,NA,NA,NA,96.17794,96.27487,NA,NA,39.5,NA,63.591419,0.5556769520222333,6.078551,NA
1980-06-01,48.42402,NA,7.6,NA,NA,52.58439,NA,82.5,NA,NA,NA,NA,9.78,8.49,NA,NA,NA,94.58219,96.67149,NA,NA,39.5,NA,56.829845,0.2939308615880932,6.479213,NA
1980-07-01,48.07628,NA,7.8,NA,NA,53.68844,NA,82.6,NA,NA,NA,NA,10.25,8.65,NA,NA,NA,93.75433,97.24512,NA,NA,39.5,NA,44.715652,0.12192273524654804,6.789402,NA
1980-08-01,48.23062,NA,7.7,NA,NA,53.88528,NA,83.2,NA,NA,NA,NA,11.1,9.91,NA,NA,NA,94.94862,97.86894,NA,NA,38,NA,53.468007,0.11591884592554166,7.018506,NA
1980-09-01,49.03583,NA,7.5,NA,NA,53.60831,NA,83.9,NA,NA,NA,NA,11.51,11.29,NA,NA,NA,93.77962,98.39467,NA,NA,36,NA,54.716271,0.17217125094837257,7.240799,NA
1980-10-01,49.65736,NA,7.5,NA,NA,54.18264,NA,84.7,NA,NA,NA,NA,11.75,12.94,NA,NA,NA,94.05586,98.61813,NA,NA,36,NA,54.600225,0.23761988170952114,7.444011,NA
1980-11-01,50.48645,NA,7.5,NA,NA,54.18388,NA,85.6,NA,NA,NA,NA,12.68,15.68,NA,NA,NA,96.01464,98.50801,NA,NA,36,NA,64.425044,0.271346199839499,7.738816,NA
1980-12-01,50.81684,NA,7.2,NA,NA,53.79996,NA,86.4,NA,NA,NA,NA,12.84,18.65,NA,NA,NA,97.20106,98.13569,NA,NA,37,NA,68.06207,0.3537584902831388,7.594362,NA
1981-01-01,50.50053,NA,7.5,NA,NA,54.46764,NA,87.2,NA,NA,NA,NA,12.57,17.19,NA,NA,NA,96.12416,97.98567,NA,NA,38,NA,63.752515,0.362523978564046,7.550431,NA
1981-02-01,50.29028,NA,7.4,NA,NA,54.68158,NA,88,NA,NA,NA,NA,13.19,16.14,NA,NA,NA,98.9668,97.88979,NA,NA,38,NA,61.562623,0.2867245022118526,7.280319,NA
1981-03-01,50.54702,NA,7.4,NA,NA,54.60095,NA,88.6,NA,NA,NA,NA,13.12,14.43,NA,NA,NA,99.09641,97.99059,NA,NA,38,NA,50.039089,0.23176497487784667,7.57145,NA
1981-04-01,50.33469,NA,7.2,NA,NA,53.93747,NA,89.1,NA,NA,NA,NA,13.68,15.08,NA,NA,NA,100.6114,98.30675,NA,NA,38,NA,45.687338,0.12834088752988174,7.685257,NA
1981-05-01,50.62087,NA,7.5,NA,NA,53.19394,NA,89.7,NA,NA,NA,NA,14.1,18.27,NA,NA,NA,103.3808,98.58509,NA,NA,38,NA,35.617106,0.16841197787997764,7.554264,NA
1981-06-01,50.88732,NA,7.5,NA,NA,53.32735,NA,90.5,NA,NA,NA,NA,13.47,16.9,NA,NA,NA,105.3864,98.67999,NA,NA,36,NA,40.871405,0.23845035593320207,7.605069,NA
1981-07-01,51.21355,NA,7.2,NA,NA,53.04642,NA,91.5,NA,NA,NA,NA,14.28,17.76,NA,NA,NA,108.2186,98.73473,NA,NA,36,NA,32.521055,0.26534760378153593,7.425051,NA
1981-08-01,51.15437,NA,7.4,NA,NA,53.64008,NA,92.2,NA,NA,NA,NA,14.94,17.96,NA,NA,NA,110.0117,98.70944,NA,NA,36,NA,14.926407,0.3980046505237045,7.451368,NA
1981-09-01,50.90437,NA,7.6,NA,NA,52.80143,NA,93.1,NA,NA,NA,NA,15.32,16.84,NA,NA,NA,107.8694,98.44422,NA,NA,36,NA,12.851064,0.5168997757488829,6.770684,NA
1981-10-01,50.51322,NA,7.9,NA,NA,51.89129,NA,93.4,NA,NA,NA,NA,15.15,15.39,NA,NA,NA,106.7266,98.04984,NA,NA,35,NA,15.382812,0.4743327572598838,6.873013,NA
1981-11-01,49.92371,NA,8.3,NA,NA,51.5782,NA,93.8,NA,NA,NA,NA,13.39,12.48,NA,NA,NA,104.7603,97.68962,NA,NA,36,NA,14.413873,0.420001475704412,7.080006,NA
1981-12-01,49.38317,NA,8.5,NA,NA,51.58787,NA,94.1,NA,NA,NA,NA,13.72,12.49,NA,NA,NA,104.596,97.64383,NA,NA,35,NA,7.4681555,0.3452827055066657,7.111047,NA
1982-01-01,48.37188,NA,8.6,NA,NA,50.89972,NA,94.4,NA,NA,NA,NA,14.59,13.51,NA,NA,NA,105.7079,97.75028,NA,NA,33.85,NA,2.8908477,0.2955934275504211,6.725087,NA
1982-02-01,49.35948,NA,8.9,NA,NA,52.07937,NA,94.7,NA,NA,NA,NA,14.43,15,NA,NA,NA,109.0149,97.6624,NA,NA,31.56,NA,-6.4517642,0.44721147334899297,6.552295,NA
1982-03-01,49.02721,NA,9,NA,NA,51.60525,NA,94.7,NA,NA,NA,NA,13.86,14.21,NA,NA,NA,111.1466,97.53255,NA,NA,28.48,NA,2.7724255,0.5062736225806695,6.324361,NA
1982-04-01,48.57935,NA,9.3,NA,NA,51.68007,NA,95,NA,NA,NA,NA,13.87,14.44,NA,NA,NA,111.8042,97.56945,NA,NA,33.45,NA,10.717287,0.35698801238206856,6.631616,NA
1982-05-01,48.25342,NA,9.4,NA,NA,51.75771,NA,95.9,NA,NA,NA,NA,13.62,13.8,NA,NA,NA,110.1244,97.63757,NA,NA,35.93,NA,7.5690969,0.3406665158158204,6.641652,NA
1982-06-01,48.12902,NA,9.6,NA,NA,50.35279,NA,97,NA,NA,NA,NA,14.3,14.46,NA,NA,NA,115.292,97.63278,NA,NA,35.07,NA,-16.774805,0.48618958748444546,6.248705,NA
1982-07-01,47.96347,NA,9.8,NA,NA,50.98233,NA,97.5,NA,NA,NA,NA,13.95,13.44,NA,NA,NA,116.9357,97.65004,NA,NA,34.16,NA,-41.075426,0.5011287669648666,6.221205,NA
1982-08-01,47.53088,NA,9.8,NA,NA,50.62901,NA,97.7,NA,NA,NA,NA,13.06,10.61,NA,NA,NA,116.4816,97.77594,NA,NA,33.95,NA,-43.421641,0.678221261966579,6.230021,NA
1982-09-01,47.40826,NA,10.1,NA,NA,51.31922,NA,97.7,NA,NA,NA,NA,12.34,10.66,NA,NA,NA,118.0658,98.03615,NA,NA,35.63,NA,-27.618371,0.5915381786990681,6.952616,NA
1982-10-01,46.95208,NA,10.4,NA,NA,51.70388,NA,98.1,NA,NA,NA,NA,10.91,9.51,NA,NA,NA,119.6849,98.26945,NA,NA,35.68,NA,-27.052983,0.417989785905431,7.53648,NA
1982-11-01,46.8026,NA,10.8,NA,NA,52.55942,NA,98,NA,NA,NA,NA,10.55,8.95,NA,NA,NA,119.2076,98.32732,NA,NA,34.15,NA,-24.460394,0.3182363454899149,7.897333,NA
1982-12-01,46.47042,NA,10.8,NA,NA,52.72997,NA,97.7,NA,NA,NA,NA,10.54,8.66,NA,NA,NA,114.3291,98.32396,NA,NA,31.72,NA,-19.710052,0.35265920962997166,7.951669,NA
1983-01-01,47.33223,NA,10.4,NA,NA,52.27156,NA,97.9,NA,NA,NA,NA,10.46,8.36,NA,NA,NA,115.399,98.42515,NA,NA,31.19,NA,-17.681555,0.22335624679854266,8.244418,NA
1983-02-01,47.0405,NA,10.4,NA,NA,52.36258,NA,98,NA,NA,NA,NA,10.72,8.54,NA,NA,NA,116.3332,98.82806,NA,NA,28.95,NA,-12.807882,0.20300800981088402,8.391662,NA
1983-03-01,47.433839999999996,NA,10.3,NA,NA,53.7028,NA,98.1,NA,NA,NA,NA,10.51,8.69,NA,NA,NA,116.6476,99.48321,NA,NA,28.82,NA,-9.9195093,0.11408822527168354,8.66558,NA
1983-04-01,48.0281,NA,10.2,NA,NA,53.46946,NA,98.8,NA,NA,NA,NA,10.4,8.63,NA,NA,NA,117.2022,100.1867,NA,NA,30.61,NA,-7.2322072,0.049268826434159564,8.972832,NA
1983-05-01,48.32856,NA,10.1,NA,NA,54.14613,NA,99.2,NA,NA,NA,NA,10.38,8.49,NA,NA,NA,117.1127,100.656,NA,NA,30,NA,-7.4394915,0.03355923349029579,9.369154,NA
1983-06-01,48.62138,NA,10.1,NA,NA,55.28373,NA,99.4,NA,NA,NA,NA,10.85,9.2,NA,NA,NA,118.833,100.8046,NA,NA,31,NA,-22.377964,0.024083293445123777,9.549047,NA
1983-07-01,49.34273,NA,9.4,NA,NA,55.38487,NA,99.8,NA,NA,NA,NA,11.38,9.5,NA,NA,NA,119.4844,100.7686,NA,NA,31.66,NA,-33.634472,0.06942417763697228,9.58049,NA
1983-08-01,49.93293,NA,9.5,NA,NA,54.39664,NA,100.1,NA,NA,NA,NA,11.85,9.77,NA,NA,NA,121.2307,100.6273,NA,NA,31.91,NA,-34.679771,0.08548870709431403,9.305114,NA
1983-09-01,50.6519,NA,9.2,NA,NA,55.26941,NA,100.4,NA,NA,NA,NA,11.65,9.39,NA,NA,NA,121.1579,100.5111,NA,NA,31.11,NA,-31.663925,0.04427147327387425,9.5762,NA
1983-10-01,51.04969,NA,8.8,NA,NA,55.90379,NA,100.8,NA,NA,NA,NA,11.54,9.18,NA,NA,NA,119.2674,100.5179,NA,NA,30.41,NA,-28.696908,0.030285124499043414,9.584584,NA
1983-11-01,51.27541,NA,8.5,NA,NA,56.46352,NA,101.1,NA,NA,NA,NA,11.69,9.36,NA,NA,NA,120.6171,100.7117,NA,NA,29.84,NA,-21.321197,0.01474880929172179,9.448442,NA
1983-12-01,51.53472,NA,8.3,NA,NA,56.65049,NA,101.4,NA,NA,NA,NA,11.83,9.69,NA,NA,NA,121.5355,101.0454,NA,NA,29.24,NA,-31.645389,0.03752701493962214,9.400146,NA
1984-01-01,52.55464,NA,8,NA,NA,57.53866,NA,102.1,NA,NA,NA,NA,11.67,9.42,NA,NA,NA,122.0567,101.3788,NA,NA,29.69,NA,-29.781145,0.030807419779742752,9.531851,NA
1984-02-01,52.80008,NA,7.8,NA,NA,57.19068,NA,102.6,NA,NA,NA,NA,11.84,9.54,NA,NA,NA,120.674,101.5106,NA,NA,30.145,NA,-23.152266,0.0501335725970408,8.972541,NA
1984-03-01,53.0473,NA,7.8,NA,NA,56.62292,NA,102.9,NA,NA,NA,NA,12.32,10.08,NA,NA,NA,118.8964,101.5403,NA,NA,30.761,NA,-18.905335,0.12297944276314107,8.978227,NA
1984-04-01,53.36193,NA,7.7,NA,NA,57.45052,NA,103.3,NA,NA,NA,NA,12.63,10.41,NA,NA,NA,119.6289,101.4181,NA,NA,30.618,NA,-14.935474,0.08180799623777922,8.978723,NA
1984-05-01,53.64791,NA,7.4,NA,NA,57.71389,NA,103.5,NA,NA,NA,NA,13.41,11.11,NA,NA,NA,122.1259,101.3399,NA,NA,30.52,NA,-15.571924,0.1477271653017884,8.919742,NA
1984-06-01,53.83913,NA,7.2,NA,NA,58.42647,NA,103.7,NA,NA,NA,NA,13.56,11.34,NA,NA,NA,122.9957,101.2913,NA,NA,29.967,NA,-24.426623,0.2294955818175421,8.742867,NA
1984-07-01,53.98891,NA,7.5,NA,NA,57.28724,NA,104.1,NA,NA,NA,NA,13.36,11.56,NA,NA,NA,126.0554,101.3624,NA,NA,28.752,NA,-29.317473,0.19501048165970258,8.625086,NA
1984-08-01,54.05393,NA,7.5,NA,NA,56.8061,NA,104.4,NA,NA,NA,NA,12.72,11.47,NA,NA,NA,126.4075,101.4888,NA,NA,29.25,NA,-28.47042,0.2357822872907514,9.317769,NA
1984-09-01,53.90276,NA,7.3,NA,NA,57.44707,NA,104.7,NA,NA,NA,NA,12.52,11.29,NA,NA,NA,128.2696,101.5114,NA,NA,29.311,NA,-25.328418,0.07949898752312956,9.475889,NA
1984-10-01,53.87828,NA,7.4,NA,NA,57.50561,NA,105.1,NA,NA,NA,NA,12.16,10.38,NA,NA,NA,129.2255,101.3439,NA,NA,28.765,NA,-24.058361,0.07590550579505399,9.416708,NA
1984-11-01,54.0583,NA,7.2,NA,NA,58.49186,NA,105.3,NA,NA,NA,NA,11.57,9.18,NA,NA,NA,128.1248,101.1624,NA,NA,28.098,NA,-16.514834,0.060141969271208025,9.498795,NA
1984-12-01,54.08447,NA,7.3,NA,NA,58.13452,NA,105.5,NA,NA,NA,NA,11.5,8.6,NA,NA,NA,129.9968,101.0312,NA,NA,25.429,NA,-19.674552,0.04767262659588107,9.382779,NA
1985-01-01,54.0581,NA,7.3,NA,NA,58.46253,NA,105.7,NA,NA,NA,NA,11.38,8.14,NA,NA,NA,131.4453,101.0129,NA,NA,25.641,2.5725138187408447,-23.231647,0.032446537329746096,9.815166,NA
1985-02-01,54.22433,NA,7.2,NA,NA,58.75587,NA,106.3,NA,NA,NA,NA,11.51,8.69,NA,NA,NA,134.6252,100.9701,NA,NA,27.271,2.856086492538452,-27.563124,0.026484272190859096,10.37154,NA
1985-03-01,54.2957,NA,7.2,NA,NA,58.77817,NA,106.8,NA,NA,NA,NA,11.86,9.02,NA,NA,NA,135.2704,100.9487,NA,NA,28.238,2.945244550704956,-25.834789,0.06299633442266796,10.29142,NA
1985-04-01,54.18895,NA,7.3,NA,NA,59.42655,NA,107,NA,NA,NA,NA,11.43,8.49,NA,NA,NA,131.415,100.9498,NA,NA,28.805,1.9975031614303589,-20.853376,0.08953813641844181,10.36456,NA
1985-05-01,54.26924,NA,7.2,NA,NA,59.68758,NA,107.2,NA,NA,NA,NA,10.85,7.92,NA,NA,NA,132.3752,100.9508,NA,NA,27.623,2.389719247817993,-24.877596,0.08845664710848607,10.59652,NA
1985-06-01,54.24337,NA,7.4,NA,NA,59.18916,NA,107.5,NA,NA,NA,NA,10.16,7.44,NA,NA,NA,132.0299,101.0109,NA,NA,27.143,3.8085711002349854,-34.383721,0.073808849063529,10.84758,NA
1985-07-01,53.96284,NA,7.4,NA,NA,59.18256,NA,107.7,NA,NA,NA,NA,10.31,7.64,NA,NA,NA,129.522,100.9398,NA,NA,27.329,3.114363431930542,-50.130129,0.05256384744945816,11.05607,NA
1985-08-01,54.14215,NA,7.1,NA,NA,59.92013,NA,107.9,NA,NA,NA,NA,10.33,7.81,NA,NA,NA,127.9974,100.7916,NA,NA,27.755,1.8287056684494019,-57.590999,0.04981630441733435,10.80291,NA
1985-09-01,54.3414,NA,7.1,NA,NA,61.495,NA,108.1,NA,NA,NA,NA,10.37,7.93,NA,NA,NA,129.1173,100.6409,NA,NA,28.289,2.4928548336029053,-50.042868,0.13064119032208651,10.55842,NA
1985-10-01,54.15346,NA,7.1,NA,NA,59.49137,NA,108.5,NA,NA,NA,NA,10.24,7.88,NA,NA,NA,123.8064,100.543,NA,NA,29.538,2.8208954334259033,-36.97402,0.1866106362616464,10.65283,NA
1985-11-01,54.33902,NA,7,NA,NA,59.50421,NA,109,NA,NA,NA,NA,9.78,7.81,NA,NA,NA,122.9013,100.6489,NA,NA,30.813,2.4306368827819824,-36.155186,0.026453641501055482,11.28278,NA
1985-12-01,54.87629,NA,7,NA,NA,59.97293,NA,109.5,NA,NA,NA,NA,9.26,7.8,NA,NA,NA,121.8722,100.867,NA,NA,27.228,2.277383804321289,-36.005855,0.01727214215546094,11.81692,NA
1986-01-01,55.16525,NA,6.7,NA,NA,60.33364,NA,109.9,NA,NA,NA,NA,9.19,7.82,NA,NA,NA,120.2438,101.0519,NA,NA,22.945,3.3805618286132813,-37.761065,0.073304652633599,11.8989,NA
1986-02-01,54.78747,NA,7.2,NA,NA,59.88041,NA,109.7,NA,NA,NA,NA,8.7,7.69,NA,NA,NA,115.8803,101.14,NA,NA,15.442,2.3026909828186035,-51.715379,0.10173541790726012,12.52,NA
1986-03-01,54.40365,NA,7.2,NA,NA,59.79203,NA,109.1,NA,NA,NA,NA,7.78,7.24,NA,NA,NA,113.2661,101.165,NA,NA,12.618,2.428256034851074,-55.359048,0.17737645302464786,13.2667,NA
1986-04-01,54.4659,NA,7.1,NA,NA,60.39476,NA,108.7,NA,NA,NA,NA,7.3,6.6,NA,NA,NA,112.0701,101.2053,NA,NA,12.847,4.075026988983154,-61.523793,0.19663134524243206,13.59399,NA
1986-05-01,54.57286,NA,7.2,NA,NA,61.10317,NA,109,NA,NA,NA,NA,7.71,6.65,NA,NA,NA,109.8919,101.2643,NA,NA,15.444,2.916428327560425,-66.362009,0.08468772850712676,13.60329,NA
1986-06-01,54.35825,NA,7.2,NA,NA,60.94416,NA,109.4,NA,NA,NA,NA,7.8,6.73,NA,NA,NA,111.4884,101.3604,NA,NA,13.469,2.3318605422973633,-69.324214,0.11021041209941015,13.94495,NA
1986-07-01,54.68993,NA,7,NA,NA,61.09633,NA,109.5,NA,NA,NA,NA,7.3,6.37,NA,NA,NA,108.609,101.3022,NA,NA,11.575,2.256929636001587,-80.951145,0.10750829400241448,13.69767,NA
1986-08-01,54.59834,NA,6.9,NA,NA,61.66504,NA,109.6,NA,NA,NA,NA,7.17,5.92,NA,NA,NA,107.0378,101.1237,NA,NA,15.092,2.524789571762085,-78.288837,0.03486473401353198,13.9549,NA
1986-09-01,54.74951,NA,7,NA,NA,65.05087,NA,110,NA,NA,NA,NA,7.45,5.71,NA,NA,NA,107.0536,100.9532,NA,NA,14.913,2.9872794151306152,-54.250312,0.12363278505818859,13.57344,NA
1986-10-01,54.98027,NA,7,NA,NA,62.2152,NA,110.2,NA,NA,NA,NA,7.43,5.69,NA,NA,NA,107.0192,100.8622,NA,NA,14.852,2.51557993888855,-48.80396,0.09193787611435263,13.54146,NA
1986-11-01,55.19925,NA,6.9,NA,NA,61.81431,NA,110.4,NA,NA,NA,NA,7.25,5.76,NA,NA,NA,108.5155,100.682,NA,NA,15.207,2.7994272708892822,-51.125115,0.02430318954635291,13.94781,NA
1986-12-01,55.72125,NA,6.6,NA,NA,64.37328,NA,110.8,NA,NA,NA,NA,7.11,6.04,NA,NA,NA,107.7041,100.5306,NA,NA,16.076,2.242044448852539,-60.11716,0.023509770114194334,14.07404,NA
1987-01-01,55.51229,NA,6.6,NA,NA,59.89418,NA,111.4,NA,NA,NA,NA,7.08,5.87,NA,NA,NA,104.3211,100.4986,NA,NA,18.656,2.4187841415405273,-46.522163,0.07049133460856723,14.97068,NA
1987-02-01,56.24841,NA,6.6,NA,NA,62.65368,NA,111.8,NA,NA,NA,NA,7.25,6.1,NA,NA,NA,103.409,100.5286,NA,NA,17.726,2.565866470336914,-41.79557,0.0731309372368125,15.86818,NA
1987-03-01,56.32741,NA,6.6,NA,NA,62.85391,NA,112.2,NA,NA,NA,NA,7.25,6.17,NA,NA,NA,102.8102,100.6011,NA,NA,18.305,2.278419256210327,-35.088418,0.03312303459236142,16.48206,NA
1987-04-01,56.69606,NA,6.3,NA,NA,63.08757,NA,112.7,NA,NA,NA,NA,8.02,6.52,NA,NA,NA,100.2425,100.6803,NA,NA,18.643,2.8680689334869385,-25.193309,0.16662248185107228,16.22884,NA
1987-05-01,57.04737,NA,6.3,NA,NA,62.9087,NA,113,NA,NA,NA,NA,8.61,6.99,NA,NA,NA,99.54916,100.713,NA,NA,19.415,2.5165183544158936,-19.446763,0.19708206430160163,16.14232,NA
1987-06-01,57.35516,NA,6.2,NA,NA,63.49714,NA,113.5,NA,NA,NA,NA,8.4,6.94,NA,NA,NA,100.7561,100.7848,NA,NA,20.034,2.3698363304138184,-30.73634,0.14144342487510536,16.79351,NA
1987-07-01,57.74155,NA,6.1,NA,NA,63.74739,NA,113.8,NA,NA,NA,NA,8.45,6.7,NA,NA,NA,102.1862,100.8868,NA,NA,21.355,2.5334439277648926,-33.682092,0.027694497955339775,17.25948,NA
1987-08-01,58.17653,NA,6,NA,NA,64.65385,NA,114.3,NA,NA,NA,NA,8.76,6.75,NA,NA,NA,101.9332,100.8915,NA,NA,20.274,2.7580819129943848,-18.800499,0.023107411061494228,18.23986,NA
1987-09-01,58.39936,NA,5.9,NA,NA,63.57917,NA,114.7,NA,NA,NA,NA,9.42,7.37,NA,NA,NA,100.098,100.7095,NA,NA,19.526,3.1439285278320313,-22.34964,0.06942711751129674,17.67034,NA
1987-10-01,59.18703,NA,6,NA,NA,63.19695,NA,115,NA,NA,NA,NA,9.52,8.02,NA,NA,NA,99.85715,100.3681,NA,NA,19.848,2.5918400287628174,-17.349789,0.296713649517798,15.56063,NA
1987-11-01,59.47836,NA,5.8,NA,NA,63.21628,NA,115.4,NA,NA,NA,NA,8.86,7.24,NA,NA,NA,96.88439,100.098,NA,NA,18.92,2.5192363262176514,-12.33946,0.645376107800222,13.58801,NA
1987-12-01,59.80687,NA,5.7,NA,NA,63.89436,NA,115.6,NA,NA,NA,NA,8.99,7.66,NA,NA,NA,94.18498,100.1689,NA,NA,17.241,2.9535624980926514,-5.151453,0.5323232676854915,13.3575,NA
1988-01-01,59.792,NA,5.7,NA,NA,63.88902,NA,116,NA,NA,NA,NA,8.67,6.92,NA,NA,NA,93.62298,100.4277,NA,NA,17.16,2.057518243789673,2.8625339,0.5613673734359688,13.91834,NA
1988-02-01,60.09166,NA,5.7,NA,NA,64.20972,NA,116.2,NA,NA,NA,NA,8.21,6.6,NA,NA,NA,94.29989,100.6644,NA,NA,16.765,2.153738498687744,14.109333,0.34928990986978786,14.37273,NA
1988-03-01,60.22865,NA,5.7,NA,NA,65.14732,NA,116.5,NA,NA,NA,NA,8.37,6.63,NA,NA,NA,92.97923,100.8249,NA,NA,16.217,2.8069794178009033,19.201659,0.1307732627518813,14.84251,NA
1988-04-01,60.58085,NA,5.4,NA,NA,64.46576,NA,117.2,NA,NA,NA,NA,8.72,6.92,NA,NA,NA,92.07749,100.868,NA,NA,17.875,3.085813283920288,11.658671,0.24364164134581456,14.70187,NA
1988-05-01,60.46269,NA,5.6,NA,NA,64.87411,NA,117.5,NA,NA,NA,NA,9.09,7.24,NA,NA,NA,92.18354,100.9591,NA,NA,17.438,2.6535463333129883,5.2079084,0.14359436292131875,14.35853,NA
1988-06-01,60.63567,NA,5.4,NA,NA,64.90913,NA,118,NA,NA,NA,NA,8.92,7.51,NA,NA,NA,93.44993,101.0263,NA,NA,16.53,1.9453059434890747,-5.1051492,0.24667700728790182,15.12444,NA
1988-07-01,60.64082,NA,5.4,NA,NA,64.81833,NA,118.5,NA,NA,NA,NA,9.06,7.94,NA,NA,NA,95.91189,101.0932,NA,NA,15.498,2.112338066101074,-11.464908,0.3079229948609493,15.06437,NA
1988-08-01,60.94831,NA,5.6,NA,NA,64.91671,NA,119,NA,NA,NA,NA,9.26,8.35,NA,NA,NA,96.89337,101.2005,NA,NA,15.524,2.1282832622528076,-9.3991243,0.2530760019400457,14.78065,NA
1988-09-01,60.74937,NA,5.4,NA,NA,64.43407,NA,119.5,NA,NA,NA,NA,8.98,8.23,NA,NA,NA,97.04201,101.1854,NA,NA,14.467,1.9280991554260254,-4.8524822,0.16235151826919852,15.00061,NA
1988-10-01,61.02206,NA,5.4,NA,NA,65.57151,NA,119.9,NA,NA,NA,NA,8.8,8.36,NA,NA,NA,95.04956,101.0462,NA,NA,13.798,1.8569388389587402,-1.9444774,0.06573729400753733,15.48469,NA
1988-11-01,61.17403,NA,5.3,NA,NA,65.89822,NA,120.3,NA,NA,NA,NA,8.96,8.78,NA,NA,NA,92.54765,100.9454,NA,NA,13.977,1.7273359298706055,7.8308642,0.13955770526868613,15.11941,NA
1988-12-01,61.45703,NA,5.3,NA,NA,66.15004,NA,120.7,NA,NA,NA,NA,9.11,9.25,NA,NA,NA,92.26711,100.9718,NA,NA,16.266,2.372479200363159,11.300686,0.1906468122726146,15.38439,NA
1989-01-01,61.63605,NA,5.4,NA,NA,66.35925,NA,121.2,NA,NA,NA,NA,9.09,9.2,NA,NA,NA,93.75247,101.1114,NA,NA,17.983,2.162069320678711,17.76623,0.11187531996159099,15.88492,NA
1989-02-01,61.36692,NA,5.2,NA,NA,65.2558,NA,121.6,NA,NA,NA,NA,9.17,9.51,NA,NA,NA,94.07731,101.0913,NA,NA,17.826,2.2095344066619873,12.201897,0.09427031900148028,16.3478,NA
1989-03-01,61.5174,NA,5,NA,NA,65.3074,NA,122.2,NA,NA,NA,NA,9.36,10.09,NA,NA,NA,94.91294,100.948,NA,NA,19.445,1.9464033842086792,17.521615,0.0971718919461265,16.30056,NA
1989-04-01,61.50075,NA,5.2,NA,NA,66.04224,NA,123.1,NA,NA,NA,NA,9.18,9.94,NA,NA,NA,95.03653,100.752,NA,NA,21.04,1.9624392986297607,16.952824,0.029927546552573393,16.7725,NA
1989-05-01,61.15618,NA,5.2,NA,NA,66.16037,NA,123.7,NA,NA,NA,NA,8.86,9.59,NA,NA,NA,96.72533,100.6218,NA,NA,20.032,2.527961492538452,21.507686,0.0425838878937522,17.35978,NA
1989-06-01,61.15291,NA,5.3,NA,NA,65.96695,NA,124.1,NA,NA,NA,NA,8.28,9.2,NA,NA,NA,98.377,100.59,NA,NA,20.005,2.1583943367004395,3.0941928,0.07422489482007363,17.90099,NA
1989-07-01,60.5644,NA,5.2,NA,NA,66.08376,NA,124.5,NA,NA,NA,NA,8.02,8.76,NA,NA,NA,96.65813,100.6386,NA,NA,19.644,1.9499598741531372,1.0149469,0.03902108381193297,18.33109,NA
1989-08-01,61.15628,NA,5.2,NA,NA,67.11762,NA,124.5,NA,NA,NA,NA,8.11,8.64,NA,NA,NA,96.82783,100.7196,NA,NA,18.522,2.7339186668395996,2.3946894,0.0392101057966423,19.10661,NA
1989-09-01,60.94712,NA,5.3,NA,NA,66.89087,NA,124.8,NA,NA,NA,NA,8.19,8.78,NA,NA,NA,97.61827,100.8713,NA,NA,19.594,2.076507329940796,3.8694421,0.012473569254002231,19.11225,NA
1989-10-01,60.87436,NA,5.3,NA,NA,65.8351,NA,125.4,NA,NA,NA,NA,8.01,8.6,NA,NA,NA,96.08736,100.8542,NA,NA,20.091,1.66191828250885,10.575259,0.04624905829345876,19.06244,NA
1989-11-01,61.07926,NA,5.4,NA,NA,66.147,NA,125.9,NA,NA,NA,NA,7.87,8.39,NA,NA,NA,96.39584,100.7303,NA,NA,19.82,2.35657000541687,18.115671,0.01697030283899775,18.66268,NA
1989-12-01,61.42253,NA,5.4,NA,NA,66.10795,NA,126.3,NA,NA,NA,NA,7.84,8.32,NA,NA,NA,95.61977,100.6563,NA,NA,21.088,2.786993980407715,14.527549,0.02242705275159191,19.07521,NA
1990-01-01,61.10583,NA,5.4,NA,NA,67.50922,NA,127.5,NA,NA,NA,NA,8.21,8.16,NA,NA,NA,95.48068,100.6537,NA,NA,22.641,1.9214224815368652,16.456449,0.0457005630179455,18.56648,NA
1990-02-01,61.66768,NA,5.3,NA,NA,66.67545,NA,128,NA,NA,NA,NA,8.47,8.22,NA,NA,NA,95.62781,100.6357,NA,NA,22.108,1.9154350757598877,13.019915,0.060791771092439724,18.07759,NA
1990-03-01,61.96109,NA,5.2,NA,NA,66.53828,NA,128.6,NA,NA,NA,NA,8.59,8.35,NA,NA,NA,97.05516,100.7045,NA,NA,20.418,1.6040080785751343,12.466012,0.01501157962607843,18.44583,NA
1990-04-01,61.81528,NA,5.4,NA,NA,66.134,NA,128.9,NA,NA,NA,NA,8.79,8.42,NA,NA,NA,97.06885,100.7568,NA,NA,18.582,1.961506962776184,2.6277123,0.012627265519694824,18.38141,NA
1990-05-01,62.00134,NA,5.4,NA,NA,65.87952,NA,129.1,NA,NA,NA,NA,8.76,8.35,NA,NA,NA,95.73436,100.6273,NA,NA,18.237,2.1114461421966553,-6.278035,0.03297244456497616,18.94923,NA
1990-06-01,62.20623,NA,5.2,NA,NA,65.98774,NA,129.9,NA,NA,NA,NA,8.48,8.23,NA,NA,NA,96.396,100.3423,NA,NA,16.871,1.9874694347381592,-15.108514,0.009540527364227265,19.47706,NA
1990-07-01,62.10275,NA,5.5,NA,NA,65.997559999999993,NA,130.5,NA,NA,NA,NA,8.47,8.1,NA,NA,NA,94.68993,99.86092,NA,NA,18.638,1.9984790086746216,-25.092113,0.004847253827485925,19.47469,NA
1990-08-01,62.32717,NA,5.7,NA,NA,65.71868,NA,131.6,NA,NA,NA,NA,8.75,7.97,NA,NA,NA,93.54211,99.08856,NA,NA,27.174,6.412270545959473,-16.078707,0.10640906388243075,17.96866,NA
1990-09-01,62.3469,NA,5.9,NA,NA,65.60694,NA,132.5,NA,NA,NA,NA,8.89,8.06,NA,NA,NA,92.25301,98.34657,NA,NA,33.687,4.952878952026367,-18.677803,0.1751107966388368,17.15432,NA
1990-10-01,61.9603,NA,5.9,NA,NA,65.19072,NA,133.4,NA,NA,NA,NA,8.72,8.06,NA,NA,NA,90.0778,97.75354,NA,NA,35.922,3.5994842052459717,-14.664085,0.3467702786288663,16.64209,NA
1990-11-01,61.1882,NA,6.2,NA,NA,64.99886,NA,133.7,NA,NA,NA,NA,8.39,8.03,NA,NA,NA,89.85317,97.54295,NA,NA,32.3,4.112239837646484,-9.7030495,0.2894525162799542,17.05451,NA
1990-12-01,60.75878,NA,6.3,NA,NA,63.84296,NA,134.2,NA,NA,NA,NA,8.08,7.82,NA,NA,NA,90.90469,97.60697,NA,NA,27.337,3.9765121936798096,-0.42899827,0.24666947619980473,17.78271,NA
1991-01-01,60.55973,NA,6.4,NA,NA,62.56282,NA,134.7,NA,NA,NA,NA,8.09,7.17,NA,NA,NA,90.58582,97.95465,NA,NA,24.959,9.602984428405762,0.19572948,0.3867885939660208,17.62213,NA
1991-02-01,60.12268,NA,6.6,NA,NA,63.49616,NA,134.8,NA,NA,NA,NA,7.85,6.52,NA,NA,NA,89.37877,98.58894,NA,NA,20.523,8.503796577453613,9.9492096,0.20477035054286227,19.58308,NA
1991-03-01,59.7804,NA,6.8,NA,NA,63.99102,NA,134.8,NA,NA,NA,NA,8.11,6.45,NA,NA,NA,92.26898,99.31223,NA,NA,19.86,3.819074869155884,17.886873,0.07431495615259823,20.15921,NA
1991-04-01,59.93791,NA,6.7,NA,NA,64.06124,NA,135.1,NA,NA,NA,NA,8.04,6.06,NA,NA,NA,93.27055,99.51653,NA,NA,20.823,2.4060089588165283,10.432156,0.03822368719111384,20.56992,NA
1991-05-01,60.53396,NA,6.9,NA,NA,64.20357,NA,135.6,NA,NA,NA,NA,8.07,5.91,NA,NA,NA,93.50515,99.4995,NA,NA,21.24,2.1132302284240723,14.264996,0.013668887277908841,20.49271,NA
1991-06-01,61.02365,NA,6.9,NA,NA,64.01308,NA,136,NA,NA,NA,NA,8.28,6.07,NA,NA,NA,94.86261,99.56474,NA,NA,20.195,2.1353442668914795,16.446667,0.01322623032328261,20.53056,NA
1991-07-01,61.18414,NA,6.8,NA,NA,64.22904,NA,136.2,NA,NA,NA,NA,8.27,5.98,NA,NA,NA,94.63875,99.62606,NA,NA,21.42,2.6572444438934326,7.9710724,0.010294625590065241,20.62734,NA
1991-08-01,61.19702,NA,6.9,NA,NA,63.55959,NA,136.6,NA,NA,NA,NA,7.9,5.65,NA,NA,NA,93.74146,99.59038,NA,NA,21.688,2.5267090797424316,2.8074365,0.01634050600449859,21.12646,NA
1991-09-01,61.70296,NA,6.9,NA,NA,63.61645,NA,137,NA,NA,NA,NA,7.65,5.47,NA,NA,NA,92.74586,99.39061,NA,NA,21.857,2.7077460289001465,5.9135847,0.011736954231670215,21.04894,NA
1991-10-01,61.63963,NA,7,NA,NA,63.07949,NA,137.2,NA,NA,NA,NA,7.53,5.33,NA,NA,NA,91.72334,98.91525,NA,NA,23.228,2.334829092025757,10.253589,0.025869696274692718,21.10341,NA
1991-11-01,61.55616,NA,7,NA,NA,62.93184,NA,137.8,NA,NA,NA,NA,7.42,4.94,NA,NA,NA,90.51841,98.3261,NA,NA,22.465,2.30000376701355,10.849111,0.03418018118129884,21.11836,NA
1991-12-01,61.27117,NA,7.3,NA,NA,62.79015,NA,138.2,NA,NA,NA,NA,7.09,4.47,NA,NA,NA,89.82445,97.97945,NA,NA,19.517,2.528790235519409,5.4065556,0.04011163327277689,21.21873,NA
1992-01-01,60.95297,NA,7.3,NA,NA,63.84161,NA,138.3,NA,NA,NA,NA,7.03,4.05,NA,NA,NA,89.24728,97.93081,NA,NA,18.82,2.361933946609497,2.5296956,0.025360188361176757,22.71159,NA
1992-02-01,61.38923,NA,7.4,NA,NA,63.85823,NA,138.6,NA,NA,NA,NA,7.34,4.07,NA,NA,NA,90.57018,98.17536,NA,NA,18.995,2.1098380088806152,-10.82729,0.009064086166634629,22.59063,NA
1992-03-01,61.9038,NA,7.4,NA,NA,63.43901,NA,139.1,NA,NA,NA,NA,7.54,4.25,NA,NA,NA,92.4341,98.61414,NA,NA,18.916,1.981751799583435,-18.156945,0.010659158098358375,22.30278,NA
1992-04-01,62.38179,NA,7.4,NA,NA,63.84183,NA,139.4,NA,NA,NA,NA,7.48,4,NA,NA,NA,91.70016,98.96271,NA,NA,20.243,1.9861048460006714,-21.975089,0.02554373042262034,22.23713,NA
1992-05-01,62.5847,NA,7.6,NA,NA,64.1061,NA,139.7,NA,NA,NA,NA,7.39,3.82,NA,NA,NA,90.73371,99.16116,NA,NA,20.94,1.825685977935791,-14.309995,0.027372135602717704,22.63905,NA
1992-06-01,62.62207,NA,7.8,NA,NA,64.26882,NA,140.1,NA,NA,NA,NA,7.26,3.86,NA,NA,NA,89.5794,99.16701,NA,NA,22.375,2.2141785621643066,-22.316763,0.03998988624017368,22.24978,NA
1992-07-01,63.18432,NA,7.7,NA,NA,64.50847,NA,140.5,NA,NA,NA,NA,6.84,3.37,NA,NA,NA,88.34914,98.99251,NA,NA,21.759,1.73699152469635,-31.745901,0.026376209970260737,22.59568,NA
1992-08-01,62.83827,NA,7.6,NA,NA,64.47987,NA,140.8,NA,NA,NA,NA,6.59,3.31,NA,NA,NA,88.12115,98.84028,NA,NA,21.35,1.8211407661437988,-31.700423,0.014079915885713555,22.78407,NA
1992-09-01,63.03751,NA,7.6,NA,NA,64.99487,NA,141.1,NA,NA,NA,NA,6.42,3.13,NA,NA,NA,88.11708,98.8298,NA,NA,21.902,1.700445294380188,-33.069031,0.013635462315741706,22.78987,NA
1992-10-01,63.46921,NA,7.3,NA,NA,65.13615,NA,141.7,NA,NA,NA,NA,6.59,3.26,NA,NA,NA,89.65172,99.09079,NA,NA,21.688,1.481773853302002,-32.477283,0.013577685266611725,22.47702,NA
1992-11-01,63.71207,NA,7.4,NA,NA,64.96465,NA,142.1,NA,NA,NA,NA,6.87,3.58,NA,NA,NA,92.31548,99.7146,NA,NA,20.342,2.0712099075317383,-19.712946,0.01176446281057797,23.05813,NA
1992-12-01,63.80486,NA,7.4,NA,NA,65.67536,NA,142.3,NA,NA,NA,NA,6.77,3.48,NA,NA,NA,92.44824,100.2222,NA,NA,19.407,1.990410566329956,-7.9102812,0.005912389025559816,23.71526,NA
1993-01-01,64.06139,NA,7.3,NA,NA,66.29597,NA,142.8,NA,NA,NA,NA,6.6,3.19,NA,NA,NA,93.33482,100.3551,NA,NA,19.075,2.8389692306518555,-12.534515,0.004520356809656684,23.73477,NA
1993-02-01,64.36214,NA,7.1,NA,NA,65.63914,NA,143.1,NA,NA,NA,NA,6.26,3.12,NA,NA,NA,93.19585,100.2392,NA,NA,20.053,1.9494937658309937,-10.373119,0.012256591532535494,24.10519,NA
1993-03-01,64.30564,NA,7,NA,NA,64.9109,NA,143.3,NA,NA,NA,NA,5.98,3.11,NA,NA,NA,92.44843,100.0521,NA,NA,20.347,2.164163827896118,-2.2567219,0.018371792607111356,24.5713,NA
1993-04-01,64.4931,NA,7.1,NA,NA,66.44971,NA,143.8,NA,NA,NA,NA,5.97,3.09,NA,NA,NA,90.66433,99.82066,NA,NA,20.27,2.441223382949829,1.7725544,0.007023764280249487,24.23496,NA
1993-05-01,64.24458,NA,7.1,NA,NA,66.94389,NA,144.2,NA,NA,NA,NA,6.04,3.1,NA,NA,NA,90.35262,99.52497,NA,NA,19.94,2.5114939212799072,7.8513168,0.00718713306069072,24.36321,NA
1993-06-01,64.38821,NA,7,NA,NA,66.70884,NA,144.3,NA,NA,NA,NA,5.96,3.21,NA,NA,NA,90.40446,99.29503,NA,NA,19.07,2.272256374359131,4.5115483,0.003470538367755733,24.47691,NA
1993-07-01,64.55128,NA,6.9,NA,NA,67.72324,NA,144.5,NA,NA,NA,NA,5.81,3.16,NA,NA,NA,91.26841,99.08138,NA,NA,17.866,2.617969036102295,-6.9736169,0.00225477725626901,24.54492,NA
1993-08-01,64.4815,NA,6.8,NA,NA,67.4414,NA,144.8,NA,NA,NA,NA,5.68,3.14,NA,NA,NA,90.85336,99.02661,NA,NA,18.009,2.1235592365264893,-6.2924139,0.005051583366094258,24.94888,NA
1993-09-01,64.81734,NA,6.7,NA,NA,67.67747,NA,145,NA,NA,NA,NA,5.36,3.12,NA,NA,NA,90.36552,99.14845,NA,NA,17.514,1.9028000831604004,-4.1255502,0.005640120949424852,25.23904,NA
1993-10-01,65.29513,NA,6.8,NA,NA,67.98718,NA,145.6,NA,NA,NA,NA,5.33,3.24,NA,NA,NA,91.09542,99.42997,NA,NA,18.145,2.323782444000244,-7.6736376,0.005181348430550573,25.5033,NA
1993-11-01,65.60014,NA,6.6,NA,NA,68.57561,NA,146,NA,NA,NA,NA,5.72,3.35,NA,NA,NA,91.83002,99.76839,NA,NA,16.699,1.7831765413284302,-13.254556,0.014245931965325925,25.34482,NA
1993-12-01,65.9791,NA,6.5,NA,NA,69.05447,NA,146.3,NA,NA,NA,NA,5.77,3.26,NA,NA,NA,91.87138,100.2595,NA,NA,14.51,1.7174028158187866,-18.432256,0.005828183851566691,25.52289,NA
1994-01-01,66.18925,NA,6.6,NA,NA,68.80923,NA,146.3,NA,NA,NA,NA,5.75,3.15,NA,NA,NA,93.43852,100.6824,NA,NA,15,1.8379966020584106,-18.918186,0.00812329932187367,25.95653,NA
1994-02-01,66.22355,NA,6.6,NA,NA,69.50158,NA,146.7,NA,NA,NA,NA,5.97,3.43,NA,NA,NA,92.73032,100.8334,NA,NA,14.78,2.6492974758148193,-24.996884,0.03226486385064454,25.94262,NA
1994-03-01,66.89405,NA,6.5,NA,NA,70.58852,NA,147.1,NA,NA,NA,NA,6.48,3.77,NA,NA,NA,92.8356,100.8226,NA,NA,14.66,2.0049710273742676,-25.625457,0.0106167797903711,25.48287,NA
1994-04-01,67.28451,NA,6.4,NA,NA,70.67284,NA,147.2,NA,NA,NA,NA,6.97,4.01,NA,NA,NA,92.58772,100.7928,NA,NA,16.38,2.175499677658081,-13.402277,0.06251289619474441,24.55667,NA
1994-05-01,67.60072,NA,6.1,NA,NA,70.21985,NA,147.5,NA,NA,NA,NA,7.18,4.51,NA,NA,NA,91.88826,100.7301,NA,NA,17.88,2.364232301712036,-0.50332656,0.029158069527402637,24.7144,NA
1994-06-01,68.05324,NA,6.1,NA,NA,70.82922,NA,147.9,NA,NA,NA,NA,7.1,4.52,NA,NA,NA,91.6404,100.6233,NA,NA,19.07,2.7626564502716064,-9.8355356,0.027467278515754884,24.87754,NA
1994-07-01,68.13522,NA,6.1,NA,NA,70.79063,NA,148.4,NA,NA,NA,NA,7.3,4.73,NA,NA,NA,90.3232,100.5505,NA,NA,19.65,2.284783124923706,-5.8574461,0.026216244307543313,24.68769,NA
1994-08-01,68.5913,NA,6,NA,NA,71.5091,NA,149,NA,NA,NA,NA,7.24,4.81,NA,NA,NA,90.14088,100.5967,NA,NA,18.38,2.13395094871521,-0.61416099,0.012241192690525086,25.36024,NA
1994-09-01,68.7958,NA,5.9,NA,NA,71.96399,NA,149.3,NA,NA,NA,NA,7.46,5.03,NA,NA,NA,89.11811,100.6677,NA,NA,17.46,2.3236935138702393,3.0612001,0.02266786343390432,25.51085,NA
1994-10-01,69.35815,NA,5.8,NA,NA,72.63708,NA,149.4,NA,NA,NA,NA,7.74,5.51,NA,NA,NA,88.45659,100.7621,NA,NA,17.71,2.1631321907043457,19.398131,0.01234060289885732,25.27446,NA
1994-11-01,69.82176,NA,5.6,NA,NA,72.49368,NA,149.8,NA,NA,NA,NA,7.96,5.79,NA,NA,NA,88.72925,100.877,NA,NA,18.1,1.9211959838867188,22.238751,0.01348127285978625,25.00329,NA
1994-12-01,70.52021,NA,5.5,NA,NA,72.6679,NA,150.1,NA,NA,NA,NA,7.81,6.29,NA,NA,NA,90.89038,101.0542,NA,NA,17.16,2.097728729248047,29.002678,0.013493376871641068,24.62429,NA
1995-01-01,70.65393,NA,5.6,NA,NA,72.84653,NA,150.5,NA,NA,NA,NA,7.78,6.24,NA,NA,NA,92.62496,101.1366,NA,NA,17.99,1.668933629989624,30.098574,0.004969442039777108,25.11062,NA
1995-02-01,70.56889,NA,5.4,NA,NA,71.47814,NA,150.9,NA,NA,NA,NA,7.47,6.16,NA,NA,NA,91.88456,101.0032,NA,NA,18.53,1.5944693088531494,28.650491,0.005763980761347445,25.93257,NA
1995-03-01,70.66672,NA,5.4,NA,NA,71.94208,NA,151.2,NA,NA,NA,NA,7.2,6.15,NA,NA,NA,90.59663,100.7811,NA,NA,18.55,1.7398362159729004,38.467178,0.014035165087628502,26.42236,NA
1995-04-01,70.54103,NA,5.8,NA,NA,71.93723,NA,151.8,NA,NA,NA,NA,7.06,6.11,NA,NA,NA,86.81998,100.6848,NA,NA,19.87,2.2009217739105225,41.02034,0.009686375290442039,27.17155,NA
1995-05-01,70.88014,NA,5.6,NA,NA,72.52277,NA,152.1,NA,NA,NA,NA,6.63,6.02,NA,NA,NA,86.51261,100.6721,NA,NA,19.74,1.991496205329895,40.588536,0.008032875587782214,27.90742,NA
1995-06-01,71.11666,NA,5.6,NA,NA,73.38364,NA,152.4,NA,NA,NA,NA,6.17,5.9,NA,NA,NA,86.49048,100.7997,NA,NA,18.42,2.1323773860931396,29.122201,0.011987440435777463,28.67153,NA
1995-07-01,70.82215,NA,5.7,NA,NA,73.04407,NA,152.6,NA,NA,NA,NA,6.28,5.77,NA,NA,NA,86.53892,100.9175,NA,NA,17.3,2.2772469520568848,27.345147,0.015135726833171643,29.52861,NA
1995-08-01,71.7481,NA,5.7,NA,NA,73.42902,NA,152.9,NA,NA,NA,NA,6.49,5.77,NA,NA,NA,88.73687,100.8834,NA,NA,18.03,2.3781585693359375,33.178949,0.006594108094768833,29.71381,NA
1995-09-01,72.02575,NA,5.6,NA,NA,73.5388,NA,153.1,NA,NA,NA,NA,6.2,5.73,NA,NA,NA,89.8878,100.6454,NA,NA,18.23,1.4541047811508179,29.358162,0.008398185310831972,30.73981,NA
1995-10-01,71.90948,NA,5.5,NA,NA,73.03707,NA,153.5,NA,NA,NA,NA,6.04,5.79,NA,NA,NA,89.92842,100.4881,NA,NA,17.44,1.38241446018219,13.448372,0.005418073369877818,30.87537,NA
1995-11-01,72.08295,NA,5.6,NA,NA,73.92191,NA,153.7,NA,NA,NA,NA,5.93,5.74,NA,NA,NA,90.85854,100.41,NA,NA,17.99,1.550011157989502,9.8032309,0.006838918701595987,31.44986,NA
1995-12-01,72.33017,NA,5.6,NA,NA,74.51197,NA,153.9,NA,NA,NA,NA,5.71,5.62,NA,NA,NA,91.06245,100.4341,NA,NA,19.04,1.412654161453247,7.8845358,0.03393633262166583,32.47175,NA
1996-01-01,71.9529,NA,5.6,NA,NA,73.48875,NA,154.7,NA,NA,NA,NA,5.65,5.39,NA,NA,NA,91.82612,100.4504,NA,NA,18.88,1.4743882417678833,2.8614541,0.03600883619805515,32.60315,NA
1996-02-01,72.996,NA,5.5,NA,NA,74.54926,NA,155,NA,NA,NA,NA,5.81,5.15,NA,NA,NA,91.78162,100.5219,NA,NA,19.07,1.6478923559188843,-4.7471664,0.026375056162483868,34.30991,NA
1996-03-01,72.87834,NA,5.5,NA,NA,74.97586,NA,155.5,NA,NA,NA,NA,6.27,5.29,NA,NA,NA,91.84084,100.6673,NA,NA,21.36,1.7185032367706299,-8.5229191,0.01562716637195786,34.33728,NA
1996-04-01,73.61803,NA,5.6,NA,NA,74.96449,NA,156.1,NA,NA,NA,NA,6.51,5.36,NA,NA,NA,91.76167,100.696,NA,NA,23.57,1.7814347743988037,-3.7402163,0.023418446456148944,34.41352,NA
1996-05-01,74.16134,NA,5.6,NA,NA,75.39633,NA,156.4,NA,NA,NA,NA,6.74,5.36,NA,NA,NA,91.78308,100.6753,NA,NA,21.25,1.3213279247283936,-6.5548453,0.020820328487259964,35.14032,NA
1996-06-01,74.71983,NA,5.3,NA,NA,75.22015,NA,156.7,NA,NA,NA,NA,6.91,5.46,NA,NA,NA,92.18043,100.7838,NA,NA,20.45,1.312994122505188,-17.235376,0.03967127997838862,35.48436,NA
1996-07-01,74.71735,NA,5.5,NA,NA,75.11546,NA,157,NA,NA,NA,NA,6.87,5.53,NA,NA,NA,92.33149,100.943,NA,NA,21.32,1.604606032371521,-30.166543,0.04898675738537286,34.21694,NA
1996-08-01,75.09541,NA,5.1,NA,NA,75.01454,NA,157.2,NA,NA,NA,NA,6.64,5.4,NA,NA,NA,91.63476,101.063,NA,NA,21.96,1.6037836074829102,-33.032857,0.02207698108684276,35.1152,NA
1996-09-01,75.56488,NA,5.2,NA,NA,75.77822,NA,157.7,NA,NA,NA,NA,6.83,5.51,NA,NA,NA,92.05755,101.1537,NA,NA,23.99,2.0218417644500732,-38.479653,0.04820179015200776,35.7465,NA
1996-10-01,75.55388,NA,5.2,NA,NA,76.16364,NA,158.2,NA,NA,NA,NA,6.53,5.41,NA,NA,NA,92.65532,101.2757,NA,NA,24.9,1.0725080966949463,-29.188483,0.03697149319189581,36.99174,NA
1996-11-01,76.22279,NA,5.4,NA,NA,75.81462,NA,158.7,NA,NA,NA,NA,6.2,5.38,NA,NA,NA,92.32557,101.3795,NA,NA,23.71,1.0855921506881714,-4.7193009,0.03713539318351319,38.49857,NA
1996-12-01,76.6976,NA,5.4,NA,NA,75.99835,NA,159.1,NA,NA,NA,NA,6.3,5.44,NA,NA,NA,92.91336,101.3947,NA,NA,25.39,1.5119444131851196,-2.2828758,0.04666903283739168,38.78163,NA
1997-01-01,76.83707,NA,5.3,NA,NA,76.31643,NA,159.4,NA,NA,NA,NA,6.58,5.43,NA,NA,NA,93.5784,101.4454,NA,NA,25.17,0.9729240536689758,-3.9356149,0.015777609283656548,39.9673,NA
1997-02-01,77.73992,NA,5.2,NA,NA,76.87265,NA,159.7,NA,NA,NA,NA,6.42,5.37,NA,NA,NA,95.10296,101.5631,NA,NA,22.21,1.050157904624939,-5.6149883,0.005381856209910337,41.45096,NA
1997-03-01,78.23754,NA,5.2,NA,NA,77.0848,NA,159.8,NA,NA,NA,NA,6.69,5.53,NA,NA,NA,95.95776,101.6957,NA,NA,20.99,1.1519078016281128,-3.1740947,0.00865770192379826,41.26777,NA
1997-04-01,78.30276,NA,5.1,NA,NA,76.43786,NA,159.9,NA,NA,NA,NA,6.89,5.71,NA,NA,NA,96.28146,101.8602,NA,NA,19.72,1.2982195615768433,-9.4575396,0.018491635170709057,39.71159,NA
1997-05-01,78.74755,NA,4.9,NA,NA,75.80042,NA,159.9,NA,NA,NA,NA,6.71,5.7,NA,NA,NA,94.9042,102.0461,NA,NA,20.83,1.1006957292556763,-16.893029,0.01199565518646235,42.91642,NA
1997-06-01,79.10808,NA,5,NA,NA,76.78016,NA,160.2,NA,NA,NA,NA,6.49,5.66,NA,NA,NA,94.5328,102.2155,NA,NA,19.17,0.7511608600616455,-17.385683,0.010806927273621862,45.26382,NA
1997-07-01,79.77738,NA,4.9,NA,NA,77.57729,NA,160.4,NA,NA,NA,NA,6.22,5.6,NA,NA,NA,95.53225,102.3295,NA,NA,19.63,0.9073299765586853,-12.216112,0.006225812506177701,47.62737,NA
1997-08-01,80.57655,NA,4.8,NA,NA,77.60632,NA,160.8,NA,NA,NA,NA,6.3,5.6,NA,NA,NA,97.06995,102.3321,NA,NA,19.93,1.051243782043457,-15.793311,0.01978638629791092,47.68659,NA
1997-09-01,81.32178,NA,4.9,NA,NA,77.65794,NA,161.2,NA,NA,NA,NA,6.21,5.6,NA,NA,NA,97.32475,102.343,NA,NA,19.79,0.860172688961029,-15.64518,0.009360969502241112,48.49962,NA
1997-10-01,82.04313,NA,4.7,NA,NA,77.42661,NA,161.5,NA,NA,NA,NA,6.03,5.65,NA,NA,NA,98.07171,102.3361,NA,NA,21.26,1.0718635320663452,-13.605748,0.02085601410517915,49.44086,NA
1997-11-01,82.7037,NA,4.6,NA,NA,77.67204,NA,161.7,NA,NA,NA,NA,5.88,5.74,NA,NA,NA,99.83372,102.3177,NA,NA,20.17,1.4865221977233887,-20.361339,0.02575005179042532,48.73145,NA
1997-12-01,83.05115,NA,4.7,NA,NA,77.77149,NA,161.8,NA,NA,NA,NA,5.81,5.8,NA,NA,NA,102.8324,102.2861,NA,NA,18.32,0.9454402327537537,-20.419967,0.006773759287168687,49.97653,NA
1998-01-01,83.4308,NA,4.6,NA,NA,77.78862,NA,162,NA,NA,NA,NA,5.54,5.54,NA,NA,NA,105.5071,102.4385,NA,NA,16.71,1.113872766494751,-26.989012,0.012391918949326149,49.9245,NA
1998-02-01,83.56879,NA,4.6,NA,NA,77.73223,NA,162,NA,NA,NA,NA,5.57,5.54,NA,NA,NA,103.9004,102.6015,NA,NA,16.06,1.838814377784729,-42.831945,0.011796208517585107,52.69964,NA
1998-03-01,83.60527,NA,4.7,NA,NA,78.19967,NA,162,NA,NA,NA,NA,5.65,5.58,NA,NA,NA,103.3947,102.6091,NA,NA,15.02,1.2498539686203003,-35.801496,0.007169960948668506,55.5262,NA
1998-04-01,83.88748,NA,4.3,NA,NA,79.1522,NA,162.2,NA,NA,NA,NA,5.64,5.58,NA,NA,NA,103.235,102.5876,NA,NA,15.44,1.0672954320907593,-42.726884,0.008537713131951421,57.24488,NA
1998-05-01,84.44022,NA,4.4,NA,NA,79.32561,NA,162.6,NA,NA,NA,NA,5.65,5.59,NA,NA,NA,104.0638,102.4888,NA,NA,14.86,1.957215666770935,-43.113525,0.012020670995143392,56.88943,NA
1998-06-01,83.9416,NA,4.5,NA,NA,79.85757,NA,162.8,NA,NA,NA,NA,5.5,5.6,NA,NA,NA,106.4494,102.3699,NA,NA,13.66,1.5843377113342285,-52.023102,0.02272250880072935,56.42339,NA
1998-07-01,83.60844,NA,4.5,NA,NA,79.12015,NA,163.2,NA,NA,NA,NA,5.46,5.59,NA,NA,NA,106.956,102.234,NA,NA,14.08,1.147668719291687,-58.66889,0.01161291156037376,58.07058,NA
1998-08-01,85.33305,NA,4.5,NA,NA,78.58782,NA,163.4,NA,NA,NA,NA,5.34,5.58,NA,NA,NA,108.7957,102.042,NA,NA,13.36,2.2329885959625244,-63.630451,0.06277527844462892,53.39362,NA
1998-09-01,85.24374,NA,4.6,NA,NA,79.29072,NA,163.5,NA,NA,NA,NA,4.81,5.41,NA,NA,NA,107.0792,101.8018,NA,NA,14.95,1.417198896408081,-54.783776,0.21420255355426956,50.16512,NA
1998-10-01,85.84068,NA,4.5,NA,NA,80.47336,NA,163.9,NA,NA,NA,NA,4.53,5.21,NA,NA,NA,104.1722,101.666,NA,NA,14.39,1.226663589477539,-42.77947,0.32894803882751394,50.65313,NA
1998-11-01,85.75613,NA,4.4,NA,NA,80.99238,NA,164.1,NA,NA,NA,NA,4.83,5.24,NA,NA,NA,103.6492,101.7593,NA,NA,12.85,1.6170976161956787,-45.309895,0.17991716858104168,55.87901,NA
1998-12-01,86.10247,NA,4.4,NA,NA,81.6035,NA,164.4,NA,NA,NA,NA,4.65,5.14,NA,NA,NA,102.7838,101.9019,NA,NA,11.28,1.7790558338165283,-57.510725,0.1213634319766113,57.03838,NA
1999-01-01,86.46617,NA,4.3,NA,NA,81.74458,NA,164.7,NA,NA,NA,NA,4.72,4.89,NA,NA,NA,102.5573,102.1411,NA,NA,12.47,1.3240206241607666,-63.098479,0.08284799272704595,58.96622,NA
1999-02-01,86.96072,NA,4.4,NA,NA,82.55466,NA,164.7,NA,NA,NA,NA,5,4.9,NA,NA,NA,103.5668,102.3489,NA,NA,12.01,1.2488939762115479,-58.906081,0.08051919178698856,58.29973,NA
1999-03-01,87.15273,NA,4.2,NA,NA,82.93015,NA,164.8,NA,NA,NA,NA,5.23,4.91,NA,NA,NA,104.8708,102.3841,NA,NA,14.66,1.9307531118392944,-44.244783,0.054804252974655174,59.78408,NA
1999-04-01,87.34602,NA,4.3,NA,NA,82.94939,NA,165.9,NA,NA,NA,NA,5.18,4.88,NA,NA,NA,104.4875,102.3793,NA,NA,17.34,2.3571739196777344,-49.293676,0.023742870783826548,62.16686,NA
1999-05-01,87.88141,NA,4.2,NA,NA,83.71763,NA,166,NA,NA,NA,NA,5.54,4.92,NA,NA,NA,104.2646,102.4228,NA,NA,17.75,1.8464792966842651,-35.175096,0.01800188912445738,62.94555,NA
1999-06-01,87.82233,NA,4.3,NA,NA,83.96671,NA,166,NA,NA,NA,NA,5.9,5.13,NA,NA,NA,104.753,102.4339,NA,NA,17.89,1.6317658424377441,-42.225693,0.04452218481528168,62.34271,NA
1999-07-01,88.34542,NA,4.3,NA,NA,84.33769,NA,166.7,NA,NA,NA,NA,5.79,5.24,NA,NA,NA,105.1701,102.3785,NA,NA,20.07,1.2352309226989746,-43.702253,0.03439774091262578,64.2543,NA
1999-08-01,88.73013,NA,4.2,NA,NA,85.09106,NA,167.1,NA,NA,NA,NA,5.94,5.41,NA,NA,NA,104.0599,102.317,NA,NA,21.26,1.2700074911117554,-36.95271,0.08827296010653053,61.5006,NA
1999-09-01,88.35791,NA,4.2,NA,NA,85.0681,NA,167.8,NA,NA,NA,NA,5.92,5.5,NA,NA,NA,103.4082,102.3068,NA,NA,23.88,1.3955544233322144,-28.075313,0.11981474280928286,60.19794,NA
1999-10-01,89.49599,NA,4.1,NA,NA,84.93201,NA,168.1,NA,NA,NA,NA,6.11,6.13,NA,NA,NA,102.9418,102.2862,NA,NA,22.64,1.482270359992981,-12.524384,0.20399954662504297,59.32374,NA
1999-11-01,89.9707,NA,4.1,NA,NA,85.81638,NA,168.4,NA,NA,NA,NA,6.03,6,NA,NA,NA,103.146,102.4039,NA,NA,24.97,1.1889114379882813,-12.911794,0.09653522931164397,62.80751,NA
1999-12-01,90.69384,NA,4,NA,NA,87.40601,NA,168.8,NA,NA,NA,NA,6.28,6.05,NA,NA,NA,102.9521,102.5672,NA,NA,26.08,1.8293263912200928,-12.311638,0.07264142549147551,63.19875,NA
2000-01-01,90.62692,NA,4,NA,NA,86.43259,NA,169.3,NA,NA,NA,NA,6.66,5.95,NA,NA,NA,102.7747,102.7963,NA,NA,27.18,1.1989688873291016,-10.378952,0.07392744129912175,62.86602,NA
2000-02-01,90.93481,NA,4.1,NA,NA,87.36916,NA,170,NA,NA,NA,NA,6.52,6.01,NA,NA,NA,104.0999,102.8489,NA,NA,29.35,1.2321325540542603,-9.0346292,0.05613166268651364,59.92387,NA
2000-03-01,91.28929,NA,4,NA,NA,87.80997,NA,171,NA,NA,NA,NA,6.26,6.14,NA,NA,NA,104.8024,102.7685,NA,NA,29.89,1.0100457668304443,5.6405123,0.06463626628058067,61.62468,NA
2000-04-01,91.87463,NA,3.8,NA,NA,86.43221,NA,170.9,NA,NA,NA,NA,5.99,6.28,NA,NA,NA,105.2945,102.7501,NA,NA,25.74,1.0314223766326904,8.7239624,0.08525613532038133,64.01819,NA
2000-05-01,92.12622,NA,4,NA,NA,86.43591,NA,171.2,NA,NA,NA,NA,6.44,6.71,NA,NA,NA,107.4844,102.7249,NA,NA,28.78,1.392322301864624,4.7363075,0.19823857673655332,63.33833,NA
2000-06-01,92.19561,NA,4,NA,NA,86.61556,NA,172.2,NA,NA,NA,NA,6.1,6.73,NA,NA,NA,106.8905,102.6267,NA,NA,31.83,1.2740495204925537,3.5041066,0.18335232643222962,64.33157,NA
2000-07-01,92.03522,NA,4,NA,NA,86.01889,NA,172.7,NA,NA,NA,NA,6.05,6.67,NA,NA,NA,107.1732,102.5935,NA,NA,29.77,0.9578033089637756,5.1877684,0.08964841578263202,64.67895,NA
2000-08-01,91.7888,NA,4.1,NA,NA,86.16783,NA,172.7,NA,NA,NA,NA,5.83,6.61,NA,NA,NA,107.5962,102.5589,NA,NA,31.22,0.820108950138092,6.6423245,0.038123591829445864,65.96814,NA
2000-09-01,92.15368,NA,3.9,NA,NA,87.17511,NA,173.6,NA,NA,NA,NA,5.8,6.6,NA,NA,NA,108.6726,102.5094,NA,NA,33.88,1.104864239692688,10.645149,0.032297303005715594,66.10835,NA
2000-10-01,91.833,NA,3.9,NA,NA,86.83637,NA,173.9,NA,NA,NA,NA,5.74,6.67,NA,NA,NA,110.2407,102.4011,NA,NA,33.08,1.7102947235107422,11.914355,0.05898815831537938,64.02615,NA
2000-11-01,91.85283,NA,3.9,NA,NA,86.32906,NA,174.2,NA,NA,NA,NA,5.72,6.65,NA,NA,NA,110.8518,102.1504,NA,NA,34.4,0.9510831832885742,11.212551,0.04203594109586192,63.94636,NA
2000-12-01,91.53969,NA,3.9,NA,NA,86.25658,NA,174.6,NA,NA,NA,NA,5.24,6.45,NA,NA,NA,109.708,101.624,NA,NA,28.46,0.9818148016929626,4.3608476,0.07513550910771209,63.89025,NA
2001-01-01,91.08807,NA,4.2,NA,NA,86.49676,NA,175.6,NA,NA,NA,NA,5.16,5.62,NA,NA,NA,110.315,101.1024,NA,NA,29.58,1.0246317386627197,1.2459248,0.13533863665911847,64.42542,NA
2001-02-01,90.49449,NA,4.2,NA,NA,86.29983,NA,176,NA,NA,NA,NA,5.1,5.26,NA,NA,NA,111.1044,100.7213,NA,NA,29.61,1.1720848083496094,-4.53244,0.10872422101912835,64.176,NA
2001-03-01,90.25768,NA,4.3,NA,NA,85.43893,NA,176.1,NA,NA,NA,NA,4.89,4.89,NA,NA,NA,112.9135,100.5567,NA,NA,27.24,1.1910302639007568,-2.8810971,0.14358062166767666,59.7594,NA
2001-04-01,89.9372,NA,4.4,NA,NA,86.79337,NA,176.4,NA,NA,NA,NA,5.14,4.53,NA,NA,NA,113.642,100.5238,NA,NA,27.41,1.1368091106414795,-7.1712144,0.24089051405864872,60.09292,NA
2001-05-01,89.46972,NA,4.3,NA,NA,86.52736,NA,177.3,NA,NA,NA,NA,5.39,4.02,NA,NA,NA,113.4975,100.6463,NA,NA,28.64,1.2756264209747314,-6.8916267,0.15032200923177438,63.83125,NA
2001-06-01,88.98399,NA,4.5,NA,NA,85.90848,NA,177.7,NA,NA,NA,NA,5.28,3.74,NA,NA,NA,114.0693,100.7251,NA,NA,27.6,1.5124449729919434,-11.979578,0.05874139435252223,62.47472,NA
2001-07-01,88.44702,NA,4.6,NA,NA,85.71532,NA,177.4,NA,NA,NA,NA,5.24,3.66,NA,NA,NA,114.4029,100.6393,NA,NA,26.45,1.317399024963379,-24.822532,0.05518629327819639,60.79872,NA
2001-08-01,88.35444,NA,4.9,NA,NA,86.24212,NA,177.4,NA,NA,NA,NA,4.97,3.48,NA,NA,NA,112.6876,100.3387,NA,NA,27.47,1.3494141101837158,-45.491588,0.051906573694050134,59.8657,NA
2001-09-01,87.8938,NA,5,NA,NA,84.31244,NA,178.1,NA,NA,NA,NA,4.73,2.87,NA,NA,NA,113.1759,99.90548,NA,NA,25.88,13.229009628295898,-49.357157,0.14708500046104653,54.59542,NA
2001-10-01,87.6209,NA,5.3,NA,NA,90.714,NA,177.6,NA,NA,NA,NA,4.57,2.31,NA,NA,NA,113.5256,99.74929,NA,NA,22.21,13.10019588470459,-54.012499,0.13698605393073424,55.06464,NA
2001-11-01,87.1102,NA,5.5,NA,NA,88.15495,NA,177.5,NA,NA,NA,NA,4.65,2.03,NA,NA,NA,114.0686,99.89661,NA,NA,19.67,7.890068531036377,-58.698029,0.12438241316049276,56.99183,NA
2001-12-01,87.06757,NA,5.7,NA,NA,86.91222,NA,177.4,NA,NA,NA,NA,5.09,1.83,NA,NA,NA,113.64,100.2531,NA,NA,19.33,6.047550678253174,-56.737492,0.10680402138552829,57.73238,NA
2002-01-01,87.69415,NA,5.7,NA,NA,86.70934,NA,177.7,NA,NA,NA,NA,5.04,1.74,NA,NA,NA,115.0471,100.5978,NA,NA,19.67,4.232385158538818,-49.964844,0.0982075978200564,57.62083,NA
2002-02-01,87.69376,NA,5.7,NA,NA,87.00044,NA,178,NA,NA,NA,NA,4.91,1.82,NA,NA,NA,115.5057,100.8044,NA,NA,20.74,3.621983051300049,-46.901117,0.12794852807673376,56.41106,NA
2002-03-01,88.34473,NA,5.7,NA,NA,86.54699,NA,178.5,NA,NA,NA,NA,5.28,1.91,NA,NA,NA,115.1402,100.9911,NA,NA,24.42,3.863307237625122,-36.636935,0.11709229330808615,59.49042,NA
2002-04-01,88.77137,NA,5.9,NA,NA,87.59308,NA,179.3,NA,NA,NA,NA,5.21,1.87,NA,NA,NA,114.9549,101.0437,NA,NA,26.27,3.8404908180236816,-35.798645,0.06121235880581421,58.18821,NA
2002-05-01,89.14884,NA,5.8,NA,NA,86.25065,NA,179.5,NA,NA,NA,NA,5.16,1.82,NA,NA,NA,113.3695,101.0177,NA,NA,27.02,4.089163780212402,-39.91634,0.10033847532836593,57.0232,NA
2002-06-01,89.88526,NA,5.8,NA,NA,86.94081,NA,179.6,NA,NA,NA,NA,4.93,1.81,NA,NA,NA,112.1229,100.7677,NA,NA,25.52,3.673884868621826,-43.555,0.12519176180128846,53.90807,NA
2002-07-01,89.85413,NA,5.8,NA,NA,87.74792,NA,180,NA,NA,NA,NA,4.65,1.79,NA,NA,NA,110.785,100.433,NA,NA,26.94,2.954308032989502,-44.318466,0.2431267472970966,48.25622,NA
2002-08-01,89.75699,NA,5.7,NA,NA,88.22903,NA,180.5,NA,NA,NA,NA,4.26,1.73,NA,NA,NA,112.0904,100.1572,NA,NA,28.38,3.130244016647339,-43.023792,0.27636918302318925,48.70765,NA
2002-09-01,89.84679,NA,5.7,NA,NA,86.63934,NA,180.8,NA,NA,NA,NA,3.87,1.76,NA,NA,NA,112.7253,99.91587,NA,NA,29.67,4.386018753051758,-26.503859,0.23224387154301085,46.76304,NA
2002-10-01,89.61484,NA,5.7,NA,NA,86.90546,NA,181.2,NA,NA,NA,NA,3.94,1.73,NA,NA,NA,113.4989,99.7337,NA,NA,28.85,4.156506538391113,-12.165195,0.16065532046194209,45.54277,NA
2002-11-01,90.10493,NA,5.9,NA,NA,87.27042,NA,181.5,NA,NA,NA,NA,4.05,1.39,NA,NA,NA,112.1998,99.74871,NA,NA,26.27,3.697484016418457,-5.4374124,0.16024301481687034,47.87475,NA
2002-12-01,89.59987,NA,6,NA,NA,87.86557,NA,181.8,NA,NA,NA,NA,4.03,1.34,NA,NA,NA,111.2877,99.74618,NA,NA,29.42,4.328754901885986,7.7613536,0.12652865153157236,47.52485,NA
2003-01-01,90.33985,NA,5.8,NA,NA,87.97069,NA,182.6,NA,NA,NA,NA,4.05,1.29,NA,NA,NA,109.8948,99.56802,NA,NA,32.94,4.968297004699707,9.1539883,0.13342005567330978,47.3499,NA
2003-02-01,90.45355,NA,5.9,NA,NA,86.15765,NA,183.6,NA,NA,NA,NA,3.9,1.27,NA,NA,NA,110.2503,99.41,NA,NA,35.87,5.824158191680908,7.5851829,0.08341849011115443,44.37599,NA
2003-03-01,90.21139,NA,5.9,NA,NA,87.53281,NA,183.9,NA,NA,NA,NA,3.81,1.23,NA,NA,NA,110.0923,99.49301,NA,NA,33.55,9.004739761352539,17.583892,0.1147554840219384,44.24553,NA
2003-04-01,89.63863,NA,6,NA,NA,87.67241,NA,183.2,NA,NA,NA,NA,3.96,1.24,NA,NA,NA,108.8106,99.92635,NA,NA,28.25,6.5873847007751465,29.076289,0.15410370870937104,46.62976,NA
2003-05-01,89.61801,NA,6.1,NA,NA,87.85236,NA,182.9,NA,NA,NA,NA,3.57,1.22,NA,NA,NA,105.1698,100.3536,NA,NA,28.14,4.000342845916748,37.185594,0.10709467735801292,49.36493,NA
2003-06-01,89.73151,NA,6.3,NA,NA,88.76931,NA,183.1,NA,NA,NA,NA,3.33,1.04,NA,NA,NA,104.99,100.5095,NA,NA,30.72,3.5495827198028564,32.889812,0.14703851354170708,52.29276,NA
2003-07-01,90.19523,NA,6.2,NA,NA,89.45332,NA,183.7,NA,NA,NA,NA,3.98,1.05,NA,NA,NA,106.1718,100.5117,NA,NA,30.76,3.4111475944519043,35.315611,0.09767011046574992,52.14394,NA
2003-08-01,89.99321,NA,6.1,NA,NA,90.53062,NA,184.5,NA,NA,NA,NA,4.45,1.08,NA,NA,NA,107.5768,100.4225,NA,NA,31.59,3.3566434383392334,39.244992,0.056662936927158264,52.26897,NA
2003-09-01,90.58509,NA,6.1,NA,NA,89.75664,NA,185.1,NA,NA,NA,NA,4.27,1.08,NA,NA,NA,106.3816,100.3871,NA,NA,28.29,2.8184759616851807,46.54298,0.04680028198616812,53.80064,NA
2003-10-01,90.70167,NA,6,NA,NA,89.32327,NA,184.9,NA,NA,NA,NA,4.29,1.1,NA,NA,NA,104.0714,100.5351,NA,NA,30.33,2.6449177265167236,99.301681,0.06981545778914089,55.20531,NA
2003-11-01,91.3222,NA,5.8,NA,NA,90.42693,NA,185,NA,NA,NA,NA,4.3,1.11,NA,NA,NA,103.3641,100.827,NA,NA,31.09,2.8708133697509766,101.48092,0.03809207200042638,56.13243,NA
2003-12-01,91.3675,NA,5.7,NA,NA,89.93405,NA,185.5,NA,NA,NA,NA,4.27,1.1,NA,NA,NA,101.7874,101.1297,NA,NA,32.15,3.160040855407715,109.48522,0.021830636686709814,58.51985,NA
2004-01-01,91.52095,NA,5.7,NA,NA,89.97884,NA,186.3,NA,NA,NA,NA,4.15,1.06,NA,NA,NA,100.3274,101.4088,NA,NA,34.27,2.693431854248047,121.8408,0.00487823656644372,61.47464,NA
2004-02-01,92.07636,NA,5.6,NA,NA,90.44853,NA,186.7,NA,NA,NA,NA,4.08,1.05,NA,NA,NA,101.1225,101.2953,NA,NA,34.74,2.816727876663208,125.93089,0.004023492814014521,62.40279,NA
2004-03-01,91.72466,NA,5.8,NA,NA,91.95309,NA,187.1,NA,NA,NA,NA,3.83,1.05,NA,NA,NA,102.3423,101.1277,NA,NA,36.76,3.165661096572876,119.85037,0.02670303466661242,61.57739,NA
2004-04-01,92.09846,NA,5.6,NA,NA,90.76041,NA,187.4,NA,NA,NA,NA,4.35,1.08,NA,NA,NA,103.1452,100.9568,NA,NA,36.69,3.5463106632232666,106.4881,0.02044534471528476,61.8445,NA
2004-05-01,92.76678,NA,5.6,NA,NA,92.06102,NA,188.2,NA,NA,NA,NA,4.72,1.2,NA,NA,NA,105.2118,100.8785,NA,NA,40.28,2.880948305130005,84.046343,0.034317527393941984,59.72372,NA
2004-06-01,92.05138,NA,5.6,NA,NA,90.41608,NA,188.9,NA,NA,NA,NA,4.73,1.46,NA,NA,NA,104.5019,101.0162,NA,NA,38.02,3.3609933853149414,62.3979,0.007529033051184639,61.33126,NA
2004-07-01,92.73437,NA,5.5,NA,NA,91.33874,NA,189.1,NA,NA,NA,NA,4.5,1.57,NA,NA,NA,103.4957,101.1275,NA,NA,40.69,3.175800085067749,88.836549,0.009538531204887955,60.38981,NA
2004-08-01,92.81535,NA,5.4,NA,NA,91.46993,NA,189.2,NA,NA,NA,NA,4.28,1.68,NA,NA,NA,103.4143,101.1028,NA,NA,44.94,3.450162649154663,98.796832,0.028107329432080677,59.49894,NA
2004-09-01,92.9234,NA,5.4,NA,NA,92.8517,NA,189.8,NA,NA,NA,NA,4.13,1.86,NA,NA,NA,102.7962,100.9841,NA,NA,45.95,3.508509635925293,97.971328,0.0047374897232079485,61.34568,NA
2004-10-01,93.74149,NA,5.5,NA,NA,92.95187,NA,190.8,NA,NA,NA,NA,4.1,2.04,NA,NA,NA,101.5541,100.895,NA,NA,53.13,2.9396610260009766,106.78779,0.01550785934396137,61.89985,NA
2004-11-01,93.97236,NA,5.4,NA,NA,92.87036,NA,191.7,NA,NA,NA,NA,4.19,2.26,NA,NA,NA,98.86028,100.9591,NA,NA,48.46,2.9749932289123535,122.15189,0.005687729100319776,64.97321,NA
2004-12-01,94.70848,NA,5.4,NA,NA,93.98581,NA,191.7,NA,NA,NA,NA,4.23,2.45,NA,NA,NA,97.42225,101.0947,NA,NA,43.33,2.5848655700683594,126.19621,0.011848763205753999,66.84936,NA
2005-01-01,95.04601,NA,5.3,NA,NA,93.41003,NA,191.6,NA,NA,NA,NA,4.22,2.61,NA,NA,NA,98.14476,101.08,NA,NA,46.84,2.455801486968994,106.04591,0.007437489365142058,66.09673,NA
2005-02-01,95.71858,NA,5.4,NA,NA,93.81379,NA,192.4,NA,NA,NA,NA,4.17,2.77,NA,NA,NA,98.3634,100.9246,NA,NA,47.97,2.622012138366699,106.45841,0.011340355439728105,67.847,NA
2005-03-01,95.59517,NA,5.2,NA,NA,93.46406,NA,193.1,NA,NA,NA,NA,4.5,2.97,NA,NA,NA,98.22874,100.6953,NA,NA,54.31,2.1218717098236084,109.43098,0.01464112579237178,68.08076,NA
2005-04-01,95.7844,NA,5.2,NA,NA,94.64397,NA,193.7,NA,NA,NA,NA,4.34,3.09,NA,NA,NA,99.63554,100.5071,NA,NA,53.04,1.9423761367797852,106.11502,0.02382260298668518,66.29041,NA
2005-05-01,95.88611,NA,5.1,NA,NA,93.75258,NA,193.6,NA,NA,NA,NA,4.14,3.22,NA,NA,NA,99.88911,100.575,NA,NA,49.83,2.28169846534729,85.152721,0.019111854100880028,66.47942,NA
2005-06-01,96.30066,NA,5,NA,NA,96.12085,NA,193.7,NA,NA,NA,NA,4,3.38,NA,NA,NA,100.879,100.8249,NA,NA,56.26,1.9303158521652222,56.452422,0.0281143509515147,67.7982,NA
2005-07-01,95.99287,NA,5,NA,NA,96.92034,NA,194.9,NA,NA,NA,NA,4.18,3.57,NA,NA,NA,101.4537,100.7314,NA,NA,58.7,3.4862778186798096,34.626825,0.013044420780165938,69.14153,NA
2005-08-01,96.31206,NA,4.9,NA,NA,94.87979,NA,196.1,NA,NA,NA,NA,4.26,3.77,NA,NA,NA,100.3751,100.1407,NA,NA,64.97,2.485919713973999,33.590713,0.01863438502459964,70.08316,NA
2005-09-01,94.44113,NA,5,NA,NA,93.74657,NA,198.8,NA,NA,NA,NA,4.2,3.87,NA,NA,NA,100.8893,99.42278,NA,NA,65.57,2.362940788269043,56.329549,0.031786467038434865,71.01159,NA
2005-10-01,95.59636,NA,5,NA,NA,93.89993,NA,199.1,NA,NA,NA,NA,4.46,4.13,NA,NA,NA,101.913,99.18978,NA,NA,62.37,2.013789176940918,68.327912,0.031449501978771964,69.05574,NA
2005-11-01,96.64394,NA,5,NA,NA,95.11386,NA,198.1,NA,NA,NA,NA,4.54,4.31,NA,NA,NA,101.7931,99.57593,NA,NA,58.3,1.7658361196517944,60.928884,0.008727950147268454,71.1132,NA
2005-12-01,97.12341,NA,4.9,NA,NA,95.17879,NA,198.1,NA,NA,NA,NA,4.47,4.45,NA,NA,NA,100.5272,100.1521,NA,NA,59.43,2.129260778427124,49.623755,0.01722136550480693,72.95638,NA
2006-01-01,97.27379,NA,4.7,NA,NA,97.3495,NA,199.3,NA,NA,NA,NA,4.42,4.56,NA,NA,NA,99.59711,100.4121,NA,NA,65.51,2.19144344329834,35.258629,0.010910731920023991,74.89481,NA
2006-02-01,97.32077,NA,4.8,NA,NA,96.43537,NA,199.4,NA,NA,NA,NA,4.57,4.72,NA,NA,NA,99.75614,100.3635,NA,NA,61.63,2.225618600845337,43.11214,0.02113179542242428,75.36825,NA
2006-03-01,97.53082,NA,4.7,NA,NA,96.70641,NA,199.7,NA,NA,NA,NA,4.72,4.88,NA,NA,NA,100.3967,100.2323,NA,NA,62.9,2.1922523975372314,49.275882,0.024909205771282375,76.55873,NA
2006-04-01,97.81541,NA,4.7,NA,NA,96.81058,NA,200.7,NA,NA,NA,NA,4.99,5.03,NA,NA,NA,100.2152,99.981,NA,NA,69.69,2.043182611465454,43.647893,0.01500172647328053,78.15821,NA
2006-05-01,97.84347,NA,4.6,NA,NA,95.94402,NA,201.3,NA,NA,NA,NA,5.11,5.15,NA,NA,NA,98.50846,99.69939,NA,NA,70.94,2.0020949840545654,42.57695,0.02732362054936024,78.19043,NA
2006-06-01,98.17802,NA,4.6,NA,NA,96.14944,NA,201.8,NA,NA,NA,NA,5.11,5.35,NA,NA,NA,99.97716,99.67864,NA,NA,70.96,2.342168092727661,53.201775,0.015218795441875639,74.79095,NA
2006-07-01,98.11626,NA,4.7,NA,NA,96.3752,NA,202.9,NA,NA,NA,NA,5.09,5.46,NA,NA,NA,99.94476,99.71475,NA,NA,74.41,2.9761147499084473,64.347696,0.006185433606552031,75.96101,NA
2006-08-01,98.54271,NA,4.7,NA,NA,95.92335,NA,203.8,NA,NA,NA,NA,4.88,5.38,NA,NA,NA,99.19896,99.81288,NA,NA,73.05,3.0335302352905273,83.03727,0.02694031291735962,77.68768,NA
2006-09-01,98.35447,NA,4.5,NA,NA,95.77935,NA,202.8,NA,NA,NA,NA,4.72,5.34,NA,NA,NA,98.84596,100.1277,NA,NA,63.87,2.479890823364258,92.812565,0.030830037190467986,78.53902,NA
2006-10-01,98.2599,NA,4.4,NA,NA,96.15154,NA,201.9,NA,NA,NA,NA,4.73,5.33,NA,NA,NA,98.583,100.5471,NA,NA,58.88,2.5926477909088135,93.149631,0.01891971926356391,81.02309,NA
2006-11-01,98.23175,NA,4.5,NA,NA,96.29464,NA,202,NA,NA,NA,NA,4.6,5.32,NA,NA,NA,97.58488,100.7777,NA,NA,59.37,1.9614392518997192,97.208198,0.022128323324939726,82.98521,NA
2006-12-01,99.23818,NA,4.4,NA,NA,97.05734,NA,203.1,NA,NA,NA,NA,4.56,5.32,NA,NA,NA,96.67015,100.893,NA,NA,62.03,2.0609843730926514,100.25528,0.025092302155395537,85.11807,NA
2007-01-01,98.88618,NA,4.6,NA,NA,96.61237,NA,203.437,NA,NA,NA,NA,4.76,5.32,NA,NA,NA,97.73014,100.9249,NA,NA,54.57,2.368746042251587,103.11898,0.014289153146415929,85.53719,NA
2007-02-01,99.84811,NA,4.5,NA,NA,96.56136,NA,204.226,NA,NA,NA,NA,4.72,5.31,NA,NA,NA,97.52864,100.7022,NA,NA,59.26,2.3036303520202637,101.45218,0.022578850425077845,87.57293,NA
2007-03-01,100.0214,NA,4.4,NA,NA,96.93979,NA,205.288,NA,NA,NA,NA,4.56,5.3,NA,NA,NA,97.69572,100.4308,NA,NA,60.56,1.9545481204986572,116.35756,0.03213135042068474,85.42087,NA
2007-04-01,100.7005,NA,4.5,NA,NA,96.16672,NA,205.904,NA,NA,NA,NA,4.69,5.31,NA,NA,NA,96.73203,100.257,NA,NA,63.97,1.7691173553466797,127.83846,0.014909022390045028,89.44112,NA
2007-05-01,100.7426,NA,4.4,NA,NA,97.17051,NA,206.755,NA,NA,NA,NA,4.75,5.31,NA,NA,NA,96.1787,100.1968,NA,NA,63.46,1.9922128915786743,138.26253,0.018226215045868233,92.02119,NA
2007-06-01,100.7608,NA,4.6,NA,NA,96.16782,NA,207.234,NA,NA,NA,NA,5.1,5.33,NA,NA,NA,95.93275,100.1562,NA,NA,67.48,2.1809420585632324,127.83696,0.024781422283959825,92.69252,NA
2007-07-01,100.6064,NA,4.7,NA,NA,96.36773,NA,207.603,NA,NA,NA,NA,5,5.32,NA,NA,NA,94.43619,100.1331,NA,NA,74.18,2.392127752304077,140.80402,0.027612627348324186,93.54096,NA
2007-08-01,100.7996,NA,4.6,NA,NA,96.67808,NA,207.667,NA,NA,NA,NA,4.67,5.49,NA,NA,NA,94.46745,99.90429,NA,NA,72.39,1.9360777139663696,149.99502,0.12422268470633238,88.41669,NA
2007-09-01,101.0498,NA,4.7,NA,NA,97.16492,NA,208.547,NA,NA,NA,NA,4.52,5.46,NA,NA,NA,93.11201,99.64957,NA,NA,79.93,2.180305242538452,167.27197,0.13021226568743102,91.48969,NA
2007-10-01,100.7472,NA,4.7,NA,NA,96.91711,NA,209.19,NA,NA,NA,NA,4.53,5.08,NA,NA,NA,91.03483,99.35554,NA,NA,86.2,2.3484654426574707,186.67637,0.06427554176521469,95.14953,NA
2007-11-01,101.3145,NA,4.7,NA,NA,97.0784,NA,210.834,NA,NA,NA,NA,4.15,4.97,NA,NA,NA,89.90979,99.07018,NA,NA,94.62,1.9533239603042603,187.18409,0.19048675689213512,91.09004,NA
2007-12-01,101.3676,NA,5,NA,NA,95.87584,NA,211.445,NA,NA,NA,NA,4.1,5.02,NA,NA,NA,90.28029,98.9023,NA,NA,91.73,2.1452412605285645,180.30125,0.2776471500672129,91.88258,NA
2008-01-01,101.2483,NA,5,NA,NA,95.71468,NA,212.174,NA,NA,NA,NA,3.74,3.84,NA,NA,NA,89.94765,98.74091,NA,NA,92.95,1.8372621536254883,148.3249,0.3260349144447371,85.92138,NA
2008-02-01,100.8786,NA,4.9,NA,NA,94.64911,NA,212.687,NA,NA,NA,NA,3.74,3.06,NA,NA,NA,88.76021,98.35253,NA,NA,95.35,1.7704459428787231,144.03247,0.31663883729375936,84.64895,NA
2008-03-01,100.5499,NA,5.1,NA,NA,94.41865,NA,213.448,NA,NA,NA,NA,3.51,2.79,NA,NA,NA,87.51482,97.88428,NA,NA,105.56,1.6349786520004272,159.79427,0.46995638857358435,82.16946,NA
2008-04-01,99.86288,NA,5,NA,NA,94.64503,NA,213.942,NA,NA,NA,NA,3.68,2.85,NA,NA,NA,87.35898,97.35648,NA,NA,112.57,1.6309856176376343,162.46834,0.42879238143981546,85.92222,NA
2008-05-01,99.25781,NA,5.4,NA,NA,94.41808,NA,215.208,NA,NA,NA,NA,3.88,2.66,NA,NA,NA,87.80774,96.97754,NA,NA,125.39,1.6150206327438354,188.93573,0.20752424056373303,88.26169,NA
2008-06-01,98.99324,NA,5.6,NA,NA,93.83696,NA,217.463,NA,NA,NA,NA,4.1,2.76,NA,NA,NA,88.50574,96.85837,NA,NA,133.93,1.856080412864685,182.37615,0.22537298990217994,84.26327,NA
2008-07-01,98.55341,NA,5.8,NA,NA,92.67024,NA,219.016,NA,NA,NA,NA,4.01,2.79,NA,NA,NA,88.01945,97.06129,NA,NA,133.44,2.0377159118652344,168.15938,0.3166583866124492,78.95065,NA
2008-08-01,96.99058,NA,6.1,NA,NA,92.23843,NA,218.69,NA,NA,NA,NA,3.89,2.79,NA,NA,NA,89.72111,97.31839,NA,NA,116.61,1.955353856086731,149.65307,0.30140463395313555,78.31818,NA
2008-09-01,92.7422,NA,6.1,NA,NA,90.259,NA,218.877,NA,NA,NA,NA,3.69,3.59,NA,NA,NA,91.52544,97.39437,NA,NA,103.9,2.0341079235076904,109.98661,0.4291917467785885,74.07194,NA
2008-10-01,93.67062,NA,6.5,NA,NA,87.45851,NA,216.995,NA,NA,NA,NA,3.81,4.32,NA,NA,NA,97.0219,97.04175,NA,NA,76.65,1.380818486213684,9.7947734,0.8286148848721491,57.41563,NA
2008-11-01,92.45463,NA,6.8,NA,NA,85.53561,NA,213.153,NA,NA,NA,NA,3.53,2.36,NA,NA,NA,97.95574,96.78537,NA,NA,57.44,1.7603729963302612,-67.443055,0.872339461052015,51.77961,NA
2008-12-01,89.83678,NA,7.3,NA,NA,83.83606,NA,211.398,NA,NA,NA,NA,2.42,1.77,NA,NA,NA,96.4696,96.77791,NA,NA,41.02,1.924009084701538,-76.19009,0.7982615042652067,51.73662,NA
2009-01-01,87.6095,NA,7.8,NA,NA,84.97112,NA,211.933,NA,NA,NA,NA,2.52,1.02,NA,NA,NA,97.56053,96.78511,NA,NA,41.74,1.7657831907272339,-56.55395,0.6682506748005593,51.37847,NA
2009-02-01,87.07432,NA,8.3,NA,NA,84.49518,NA,212.705,NA,NA,NA,NA,2.87,1.16,NA,NA,NA,100.0101,96.7591,NA,NA,39.16,1.58318293094635,12.893116,0.6930629976258613,47.38305,NA
2009-03-01,85.7244,NA,8.7,NA,NA,83.13628,NA,212.495,NA,NA,NA,NA,2.82,1.07,NA,NA,NA,100.6218,96.96084,NA,NA,47.98,1.637637972831726,20.685627,0.6991172843166733,44.39098,NA
2009-04-01,85.03934,NA,9,NA,NA,83.27103,NA,212.709,NA,NA,NA,NA,2.93,0.89,NA,NA,NA,98.09348,97.40855,NA,NA,49.79,1.995373010635376,4.1791242,0.6735608089481872,50.01416,NA
2009-05-01,84.20995,NA,9.4,NA,NA,84.18803,NA,213.022,NA,NA,NA,NA,3.29,0.57,NA,NA,NA,95.24876,97.79377,NA,NA,59.16,2.078538656234741,46.791998,0.5060925704856969,54.52264,NA
2009-06-01,83.9534,NA,9.5,NA,NA,84.71975,NA,214.79,NA,NA,NA,NA,3.72,0.39,NA,NA,NA,94.85116,97.95326,NA,NA,69.68,1.759729266166687,87.017607,0.5035598458576874,56.05994,NA
2009-07-01,84.95617,NA,9.5,NA,NA,85.14412,NA,214.726,NA,NA,NA,NA,3.56,0.35,NA,NA,NA,94.37266,97.90809,NA,NA,64.09,1.9257221221923828,74.362474,0.44598235917065526,56.34072,NA
2009-08-01,85.90511,NA,9.6,NA,NA,86.82044,NA,215.445,NA,NA,NA,NA,3.59,0.3,NA,NA,NA,92.98994,97.95174,NA,NA,71.06,1.6925415992736816,51.707666,0.35875596868899434,61.60015,NA
2009-09-01,86.64024,NA,9.8,NA,NA,84.26071,NA,215.861,NA,NA,NA,NA,3.4,0.25,NA,NA,NA,92.29348,98.1294,NA,NA,69.46,2.2041807174682617,38.395775,0.2415674759762483,63.97417,NA
2009-10-01,86.83869,NA,10,NA,NA,84.77965,NA,216.509,NA,NA,NA,NA,3.39,0.24,NA,NA,NA,90.93216,98.15902,NA,NA,75.82,2.1051135063171387,53.791494,0.25187407563000147,65.43233,NA
2009-11-01,87.18801,NA,9.9,NA,NA,85.40496,NA,217.234,NA,NA,NA,NA,3.4,0.21,NA,NA,NA,90.39381,98.17303,NA,NA,78.08,1.7382686138153076,89.751121,0.2625780611009033,66.3718,NA
2009-12-01,87.47637,NA,9.9,NA,NA,85.72665,NA,217.347,NA,NA,NA,NA,3.59,0.22,NA,NA,NA,90.3588,98.34699,NA,NA,74.3,2.2085444927215576,80.033241,0.2430880378815748,67.1647,NA
2010-01-01,88.41243,NA,9.8,NA,NA,85.88136,NA,217.488,NA,NA,NA,NA,3.73,0.2,NA,NA,NA,90.31056,98.50824,NA,NA,78.22,2.0555288791656494,68.130878,0.18075753556491156,67.98261,NA
2010-02-01,88.71586,NA,9.8,NA,NA,85.79529,NA,217.281,NA,NA,NA,NA,3.69,0.19,NA,NA,NA,91.10194,98.56321,NA,NA,76.42,1.8095757961273193,51.588087,0.21085162417019643,65.13094,NA
2010-03-01,89.35493,NA,9.9,NA,NA,87.829580000000007,NA,217.353,NA,NA,NA,NA,3.73,0.23,NA,NA,NA,90.54726,98.56012,NA,NA,81.24,1.6630464792251587,69.746531,0.17429599537770357,68.83686,NA
2010-04-01,89.66936,NA,9.9,NA,NA,88.3465,NA,217.403,NA,NA,NA,NA,3.85,0.3,NA,NA,NA,90.01986,98.53974,NA,NA,84.48,1.9718109369277954,64.639332,0.11760809263598637,71.22054,NA
2010-05-01,90.90141,NA,9.6,NA,NA,87.82629,NA,217.29,NA,NA,NA,NA,3.42,0.45,NA,NA,NA,92.61191,98.53848,NA,NA,73.84,2.033574342727661,88.067084,0.35085128968760515,65.55708,NA
2010-06-01,91.09738,NA,9.4,NA,NA,87.69872,NA,217.199,NA,NA,NA,NA,3.2,0.52,NA,NA,NA,93.1329,98.44367,NA,NA,75.35,2.119023084640503,66.531203,0.3506947087247487,63.38498,NA
2010-07-01,91.44681,NA,9.4,NA,NA,87.64446,NA,217.605,NA,NA,NA,NA,3.01,0.41,NA,NA,NA,91.64175,98.15993,NA,NA,76.37,1.6248153448104858,18.467422,0.2699758265699914,63.66211,NA
2010-08-01,91.78156,NA,9.5,NA,NA,88.08109,NA,217.923,NA,NA,NA,NA,2.7,0.32,NA,NA,NA,90.82546,97.98689,NA,NA,76.82,1.7309353351593018,42.647472,0.30762126515334154,64.83236,NA
2010-09-01,92.04573,NA,9.5,NA,NA,88.6965,NA,218.275,NA,NA,NA,NA,2.65,0.28,NA,NA,NA,89.78892,97.93621,NA,NA,75.31,1.5473343133926392,53.806106,0.2745549398260431,66.91848,NA
2010-10-01,91.79523,NA,9.4,NA,NA,89.78533,NA,219.035,NA,NA,NA,NA,2.54,0.27,NA,NA,NA,87.22536,98.0344,NA,NA,81.9,1.4335503578186035,52.662699,0.13534620427711408,70.07586,NA
2010-11-01,91.86819,NA,9.8,NA,NA,90.12165,NA,219.59,NA,NA,NA,NA,2.76,0.27,NA,NA,NA,87.12127,98.29088,NA,NA,84.14,2.0334718227386475,37.708874,0.13461009605074778,71.24583,NA
2010-12-01,92.76807,NA,9.3,NA,NA,90.43715,NA,220.472,NA,NA,NA,NA,3.29,0.3,NA,NA,NA,87.51381,98.54091,NA,NA,89.04,2.1148834228515625,24.126045,0.1387758436545189,73.43909,NA
2011-01-01,92.57903,NA,9.1,NA,NA,90.94744,NA,221.187,NA,NA,NA,NA,3.39,0.29,NA,NA,NA,86.44601,98.64883,NA,NA,89.42,1.5277677774429321,-13.166928,0.0893189266649539,75.83663,NA
2011-02-01,92.18114,NA,9,NA,NA,91.20204,NA,221.898,NA,NA,NA,NA,3.58,0.28,NA,NA,NA,85.80323,98.59994,NA,NA,89.58,1.802498698234558,-30.405325,0.06535066966833847,78.38196,NA
2011-03-01,93.16151,NA,9,NA,NA,91.60509,NA,223.046,NA,NA,NA,NA,3.41,0.28,NA,NA,NA,85.50067,98.35714,NA,NA,102.94,2.9379470348358154,-7.3137402,0.04936789052160957,77.49942,NA
2011-04-01,92.83488,NA,9.1,NA,NA,91.72152,NA,224.093,NA,NA,NA,NA,3.46,0.23,NA,NA,NA,84.38957,98.29892,NA,NA,110.04,1.9177788496017456,-18.205204,0.020376365512247436,79.34373,NA
2011-05-01,92.95879,NA,9,NA,NA,91.34801,NA,224.806,NA,NA,NA,NA,3.17,0.21,NA,NA,NA,84.68466,98.28327,NA,NA,101.33,2.2956907749176025,-17.660375,0.013050757246205575,78.79452,NA
2011-06-01,93.22564,NA,9.1,NA,NA,91.92947,NA,224.806,NA,NA,NA,NA,3,0.22,NA,NA,NA,84.6292,97.97703,NA,NA,96.29,1.7967090606689453,-11.690382,0.10168352608240354,75.94405,NA
2011-07-01,93.66814,NA,9,NA,NA,91.96814,NA,225.395,NA,NA,NA,NA,3,0.24,NA,NA,NA,83.89075,97.40202,NA,NA,97.19,1.5707964897155762,-16.626568,0.12277895652231471,77.6741,NA
2011-08-01,94.26667,NA,9,NA,NA,91.62711,NA,226.106,NA,NA,NA,NA,2.3,0.29,NA,NA,NA,84.617,96.91122,NA,NA,86.33,1.704949975013733,-15.219332,0.28370856400957967,68.76672,NA
2011-09-01,94.19847,NA,9,NA,NA,92.20832,NA,226.597,NA,NA,NA,NA,1.98,0.33,NA,NA,NA,86.94705,96.84426,NA,NA,85.61,1.6370738744735718,13.016885,0.33828074573938716,66.55733,NA
2011-10-01,94.85697,NA,8.8,NA,NA,93.24153,NA,226.75,NA,NA,NA,NA,2.15,0.37,NA,NA,NA,87.49996,97.07516,NA,NA,86.41,1.5346795320510864,24.990154,0.3289149309126797,67.9489,NA
2011-11-01,94.85588,NA,8.6,NA,NA,93.32485,NA,227.169,NA,NA,NA,NA,2.01,0.41,NA,NA,NA,87.84509,97.51543,NA,NA,97.21,1.7399039268493652,12.817837,0.31839987496876804,68.64421,NA
2011-12-01,95.354,NA,8.5,NA,NA,93.05035,NA,227.223,NA,NA,NA,NA,1.98,0.49,NA,NA,NA,88.23012,98.06004,NA,NA,98.57,1.8332573175430298,14.767913,0.24857240990858767,69.36818,NA
2012-01-01,95.93408,NA,8.3,NA,NA,93.62659,NA,227.842,NA,NA,NA,NA,1.97,0.4,NA,NA,NA,87.59342,98.52432,NA,NA,100.24,1.7756315469741821,-44.00732,0.14151932531248493,72.31305,NA
2012-02-01,96.24821,NA,8.3,NA,NA,94.65398,NA,228.329,NA,NA,NA,NA,1.97,0.3,NA,NA,NA,86.07629,98.78316,NA,NA,102.25,1.9082080125808716,-83.212401,0.09094647065440992,75.6142,NA
2012-03-01,95.74862,NA,8.2,NA,NA,94.84367,NA,228.807,NA,NA,NA,NA,2.17,0.29,NA,NA,NA,86.82172,98.9079,NA,NA,106.19,1.910476565361023,-63.166406,0.0647499661736316,76.48755,NA
2012-04-01,96.44479,NA,8.2,NA,NA,94.26869,NA,229.187,NA,NA,NA,NA,2.05,0.29,NA,NA,NA,87.28197,98.94286,NA,NA,103.33,1.9654715061187744,-45.931562,0.06858760510149206,75.34689,NA
2012-05-01,96.63422,NA,8.2,NA,NA,94.39758,NA,228.713,NA,NA,NA,NA,1.8,0.29,NA,NA,NA,88.84853,98.8867,NA,NA,94.7,1.6257225275039673,-37.944718,0.0719466391123955,72.17181,NA
2012-06-01,96.64472,NA,8.2,NA,NA,93.41975,NA,228.524,NA,NA,NA,NA,1.62,0.32,NA,NA,NA,90.09183,98.68109,NA,NA,82.41,1.488796591758728,-53.805966,0.1840847077800364,70.76199,NA
2012-07-01,96.83931,NA,8.2,NA,NA,93.97172,NA,228.59,NA,NA,NA,NA,1.53,0.3,NA,NA,NA,89.29314,98.60864,NA,NA,87.93,1.6981786489486694,-41.715708,0.1329487737996946,72.79951,NA
2012-08-01,96.45658,NA,8.1,NA,NA,94.73041,NA,229.918,NA,NA,NA,NA,1.68,0.26,NA,NA,NA,88.61198,98.77948,NA,NA,94.16,1.7376681566238403,-74.957912,0.0897843216394943,75.0352,NA
2012-09-01,96.38937,NA,7.8,NA,NA,95.38387,NA,231.015,NA,NA,NA,NA,1.72,0.24,NA,NA,NA,87.38882,99.09757,NA,NA,94.72,1.5685700178146362,-82.598199,0.029717907921163734,77.42225,NA
2012-10-01,96.69092,NA,7.8,NA,NA,95.09075,NA,231.638,NA,NA,NA,NA,1.75,0.23,NA,NA,NA,86.94406,99.32568,NA,NA,89.57,1.5631542205810547,-52.910482,0.015417632944702879,77.60919,NA
2012-11-01,97.079,NA,7.7,NA,NA,95.5961,NA,231.249,NA,NA,NA,NA,1.65,0.23,NA,NA,NA,87.11366,99.23881,NA,NA,86.66,1.5683213472366333,-45.270256,0.03403819447987247,76.13493,NA
2012-12-01,97.34109,NA,7.9,NA,NA,95.86162,NA,231.221,NA,NA,NA,NA,1.72,0.24,NA,NA,NA,86.11122,98.90295,NA,NA,88.25,1.5649269819259644,-63.111921,0.006126400083889262,78.39357,NA
2013-01-01,97.34555,NA,8,NA,NA,96.40856,NA,231.679,NA,NA,NA,NA,1.91,0.23,NA,NA,NA,86.03838,98.77381,NA,NA,94.69,1.757733702659607,-73.619557,0.019730655012161664,81.92726,NA
2013-02-01,97.81184,NA,7.7,NA,NA,97.0355,NA,232.937,NA,NA,NA,NA,1.98,0.22,NA,NA,NA,86.8429,98.8774,NA,NA,95.32,1.8393527269363403,-77.380126,0.022619064019026712,83.34364,NA
2013-03-01,98.21381,NA,7.5,NA,NA,96.33449,NA,232.282,NA,NA,NA,NA,1.96,0.21,NA,NA,NA,87.69974,99.04517,NA,NA,93.05,1.6417275667190552,-60.717216,0.020293004146704874,84.68098,NA
2013-04-01,98.10179,NA,7.6,NA,NA,96.51479,NA,231.797,NA,NA,NA,NA,1.76,0.2,NA,NA,NA,87.20351,99.25853,NA,NA,92.07,2.2199759483337402,-60.583178,0.01992544736977486,85.15526,NA
2013-05-01,98.1919,NA,7.5,NA,NA,97.17718,NA,231.893,NA,NA,NA,NA,1.93,0.2,NA,NA,NA,87.82319,99.59885,NA,NA,94.8,1.7678042650222778,-63.081646,0.01180864842064918,88.4166,NA
2013-06-01,98.37598,NA,7.5,NA,NA,97.58321,NA,232.445,NA,NA,NA,NA,2.3,0.19,NA,NA,NA,88.73689,99.7748,NA,NA,95.8,1.8646067380905151,-53.1992,0.04382264093134186,86.20319,NA
2013-07-01,98.06214,NA,7.3,NA,NA,97.92363,NA,232.9,NA,NA,NA,NA,2.58,0.14,NA,NA,NA,89.03664,99.73689,NA,NA,104.61,1.4333962202072144,-35.483401,0.05136887200481574,88.49967,NA
2013-08-01,98.63718,NA,7.2,NA,NA,97.36631,NA,233.456,NA,NA,NA,NA,2.74,0.12,NA,NA,NA,88.8365,99.45435,NA,NA,106.57,2.058542251586914,-38.725951,0.01425255016695616,88.94305,NA
2013-09-01,99.16573,NA,7.2,NA,NA,97.63971,NA,233.544,NA,NA,NA,NA,2.81,0.11,NA,NA,NA,88.59246,99.07097,NA,NA,106.29,2.3628108501434326,4.8690552,0.010476567171125755,90.11507,NA
2013-10-01,99.04796,NA,7.2,NA,NA,98.06844,NA,233.669,NA,NA,NA,NA,2.62,0.12,NA,NA,NA,87.41872,98.83395,NA,NA,100.54,1.5660603046417236,16.365861,0.006975818217708521,92.16814,NA
2013-11-01,99.29161,NA,6.9,NA,NA,97.73128,NA,234.1,NA,NA,NA,NA,2.72,0.12,NA,NA,NA,87.85941,98.93504,NA,NA,93.86,1.7572429180145264,-2.553975,0.005010726337040371,94.64922,NA
2013-12-01,99.50137,NA,6.7,NA,NA,98.10188,NA,234.719,NA,NA,NA,NA,2.9,0.14,NA,NA,NA,87.84155,99.24061,NA,NA,97.63,1.631973385810852,30.795073,0.0031277628380640913,95.09109,NA
2014-01-01,99.12598,NA,6.6,NA,NA,96.80002,NA,235.288,NA,NA,NA,NA,2.86,0.12,NA,NA,NA,88.71648,99.41454,NA,NA,94.62,1.6967792510986328,-8.4354566,0.009260801465093395,95.98233,NA
2014-02-01,99.87865,NA,6.7,NA,NA,97.83638,NA,235.547,NA,NA,NA,NA,2.71,0.13,NA,NA,NA,88.91195,99.48507,NA,NA,100.82,1.4558274745941162,-33.980788,0.021208275144560824,95.36447,NA
2014-03-01,100.8882,NA,6.7,NA,NA,99.06774,NA,236.028,NA,NA,NA,NA,2.72,0.12,NA,NA,NA,89.29128,99.51752,NA,NA,100.8,2.701395273208618,-7.6257044,0.0022312939015789717,97.53705,NA
2014-04-01,100.9534,NA,6.2,NA,NA,99.15636,NA,236.468,NA,NA,NA,NA,2.71,0.12,NA,NA,NA,89.03793,99.591,NA,NA,102.07,2.1098711490631104,-42.695506,0.00833162816266509,98.45526,NA
2014-05-01,101.3666,NA,6.3,NA,NA,99.31631,NA,236.918,NA,NA,NA,NA,2.56,0.11,NA,NA,NA,88.89616,99.5773,NA,NA,102.18,1.802445888519287,-48.01447,0.0022403410103577445,99.72694,NA
2014-06-01,101.7029,NA,6.1,NA,NA,99.57972,NA,237.231,NA,NA,NA,NA,2.6,0.11,NA,NA,NA,89.1193,99.55072,NA,NA,105.79,2.1296002864837646,-56.381344,7.084166552170486e-4,102.1338,NA
2014-07-01,101.9187,NA,6.2,NA,NA,99.70285,NA,237.498,NA,NA,NA,NA,2.54,0.13,NA,NA,NA,88.73855,99.54248,NA,NA,103.59,2.9183337688446045,-69.940534,0.0019715589658833264,102.8774,NA
2014-08-01,101.76,NA,6.1,NA,NA,100.2989,NA,237.46,NA,NA,NA,NA,2.42,0.13,NA,NA,NA,89.29137,99.63799,NA,NA,96.54,2.797318458557129,-53.385807,0.0065565380875006315,101.5284,NA
2014-09-01,102.0786,NA,5.9,NA,NA,100.0827,NA,237.477,NA,NA,NA,NA,2.53,0.12,NA,NA,NA,90.39545,99.84365,NA,NA,93.21,2.9062299728393555,-35.155351,0.0019785933187301805,102.3879,NA
2014-10-01,102.0901,NA,5.7,NA,NA,100.2906,NA,237.43,NA,NA,NA,NA,2.3,0.12,NA,NA,NA,91.28819,100.1328,NA,NA,84.4,1.7717283964157104,-36.928692,0.03775260341939202,98.07211,NA
2014-11-01,102.7354,NA,5.8,NA,NA,100.8685,NA,236.983,NA,NA,NA,NA,2.33,0.13,NA,NA,NA,92.26635,100.4875,NA,NA,75.79,1.7623627185821533,-17.51376,0.011752238660151898,102.2602,NA
2014-12-01,102.7297,NA,5.6,NA,NA,100.0183,NA,236.252,NA,NA,NA,NA,2.21,0.15,NA,NA,NA,94.01565,100.8809,NA,NA,59.29,1.7766165733337402,-55.193044,0.03280343302464172,101.3765,NA
2015-01-01,101.9262,NA,5.7,NA,NA,99.76503,NA,234.747,NA,NA,NA,NA,1.88,0.16,NA,NA,NA,95.69852,101.1459,NA,NA,47.22,2.1024417877197266,-77.047248,0.08040632969959596,100.0791,NA
2015-02-01,101.2595,NA,5.5,NA,NA,98.96555,NA,235.342,NA,NA,NA,NA,1.98,0.15,NA,NA,NA,96.89861,101.1482,NA,NA,50.58,2.4174420833587646,-106.73308,0.07280525699017033,102.7756,NA
2015-03-01,100.935,NA,5.4,NA,NA,99.48942,NA,235.976,NA,NA,NA,NA,2.04,0.14,NA,NA,NA,98.98391,101.0514,NA,NA,47.82,2.496189832687378,-100.27997,0.023695921998909575,102.2537,NA
2015-04-01,100.3601,NA,5.4,NA,NA,99.47028,NA,236.222,NA,NA,NA,NA,1.94,0.13,NA,NA,NA,98.24212,100.9965,NA,NA,54.45,2.4401650428771973,-97.581223,0.014916895507500041,103.8488,NA
2015-05-01,99.90313,NA,5.6,NA,NA,100.0124,NA,237.001,NA,NA,NA,NA,2.2,0.15,NA,NA,NA,97.83601,100.9159,NA,NA,59.27,1.6674505472183228,-96.794541,0.011060073071264854,104.4068,NA
2015-06-01,99.60089,NA,5.3,NA,NA,99.90698,NA,237.657,NA,NA,NA,NA,2.36,0.18,NA,NA,NA,98.91504,100.93,NA,NA,59.82,1.9097522497177124,-81.126077,0.015307684532064667,103.1632,NA
2015-07-01,100.2225,NA,5.2,NA,NA,100.4663,NA,238.034,NA,NA,NA,NA,2.32,0.19,NA,NA,NA,100.5055,100.815,NA,NA,50.9,2.4546518325805664,-47.811737,0.04211775743290496,101.6938,NA
2015-08-01,100.0629,NA,5.1,NA,NA,100.4028,NA,238.033,NA,NA,NA,NA,2.17,0.26,NA,NA,NA,102.1376,100.625,NA,NA,42.87,1.8612760305404663,-38.801087,0.06426722360985504,98.64014,NA
2015-09-01,99.77198,NA,5,NA,NA,100.2735,NA,237.498,NA,NA,NA,NA,2.17,0.27,NA,NA,NA,102.6895,100.4538,NA,NA,45.48,2.2881503105163574,-56.561778,0.17220713026041398,93.22412,NA
2015-10-01,99.31243,NA,5,NA,NA,99.8126,NA,237.733,NA,NA,NA,NA,2.07,0.25,NA,NA,NA,101.5775,100.4831,NA,NA,46.22,2.0396578311920166,-67.887274,0.10015205504628881,96.70031,NA
2015-11-01,98.57007,NA,5.1,NA,NA,100.0306,NA,238.017,NA,NA,NA,NA,2.26,0.3,NA,NA,NA,102.9046,100.5999,NA,NA,42.44,3.168949842453003,-98.736032,0.032135962744158406,97.66068,NA
2015-12-01,98.07523,NA,5,NA,NA,100.383,NA,237.761,NA,NA,NA,NA,2.24,0.54,NA,NA,NA,103.6628,100.6973,NA,NA,37.19,3.349400043487549,-109.92886,0.10825933933489149,95.55367,NA
2016-01-01,98.58752,NA,4.8,NA,NA,99.98344,NA,237.652,NA,NA,NA,NA,2.09,0.57,NA,NA,NA,105.9945,100.7104,NA,NA,31.68,2.507415533065796,-139.27907,0.1172877106858528,89.20781,NA
2016-02-01,98.05005,NA,4.9,NA,NA,100.8187,NA,237.336,NA,NA,NA,NA,1.78,0.54,NA,NA,NA,104.6075,100.673,NA,NA,30.32,2.245816707611084,-161.98868,0.22832625076969218,88.24099,NA
2016-03-01,97.33346,NA,5,NA,NA,100.1788,NA,238.08,NA,NA,NA,NA,1.89,0.55,NA,NA,NA,102.6788,100.633,NA,NA,37.55,2.448961019515991,-139.89992,0.15425132646628484,94.19507,NA
2016-04-01,97.60725,NA,5.1,NA,NA,100.3329,NA,238.992,NA,NA,NA,NA,1.81,0.55,NA,NA,NA,101.4045,100.6551,NA,NA,40.75,2.012362241744995,-94.076438,0.04248632525566656,96.83752,NA
2016-05-01,97.39403,NA,4.8,NA,NA,100.4086,NA,239.557,NA,NA,NA,NA,1.81,0.57,NA,NA,NA,102.8587,100.7778,NA,NA,46.71,1.9210634231567383,-92.123041,0.04066420230654236,96.83658,NA
2016-06-01,97.86557,NA,4.9,NA,NA,101.2555,NA,240.222,NA,NA,NA,NA,1.64,0.55,NA,NA,NA,103.511,100.7557,NA,NA,48.76,1.7746731042861938,-94.196004,0.05575673624229585,97.52459,NA
2016-07-01,97.97313,NA,4.8,NA,NA,101.2474,NA,240.101,NA,NA,NA,NA,1.5,0.62,NA,NA,NA,103.9032,100.6087,NA,NA,44.65,2.4603447914123535,-78.812005,0.09177272835553521,99.99921,NA
2016-08-01,97.89323,NA,4.9,NA,NA,101.0815,NA,240.545,NA,NA,NA,NA,1.56,0.73,NA,NA,NA,103.0647,100.5024,NA,NA,44.72,2.1500930786132813,-83.83439,0.007431608767381441,101.048,NA
2016-09-01,97.79826,NA,5,NA,NA,101.2616,NA,241.176,NA,NA,NA,NA,1.63,0.75,NA,NA,NA,103.7778,100.4832,NA,NA,45.18,2.6114134788513184,-63.218521,0.007429456404033597,100.2302,NA
2016-10-01,97.87023,NA,4.9,NA,NA,101.4125,NA,241.741,NA,NA,NA,NA,1.76,0.72,NA,NA,NA,104.6058,100.5603,NA,NA,49.78,1.997644066810608,-58.487354,0.003788321047804279,99.05186,NA
2016-11-01,97.48661,NA,4.7,NA,NA,100.9648,NA,242.026,NA,NA,NA,NA,2.14,0.71,NA,NA,NA,107.0076,100.8904,NA,NA,45.66,1.917850375175476,-37.403016,0.023609449264165746,99.85423,NA
2016-12-01,98.16682,NA,4.7,NA,NA,102.1563,NA,242.637,NA,NA,NA,NA,2.49,0.87,NA,NA,NA,108.4822,101.2288,NA,NA,51.97,2.2972464561462402,-39.591598,0.012349896601856395,103.8437,NA
2017-01-01,97.93615,NA,4.7,NA,NA,102.698,NA,243.618,NA,NA,NA,NA,2.43,0.9,NA,NA,NA,108.3973,101.3774,NA,NA,52.5,2.5729334354400635,-54.409804,0.01001508440723945,105.0235,NA
2017-02-01,97.57285,NA,4.6,NA,NA,102.2295,NA,244.006,NA,NA,NA,NA,2.42,0.87,NA,NA,NA,106.9056,101.365,NA,NA,53.47,3.023460626602173,-72.174481,0.006034796598879087,106.9744,NA
2017-03-01,98.20142,NA,4.4,NA,NA,102.0688,NA,243.892,NA,NA,NA,NA,2.48,0.98,NA,NA,NA,106.3382,101.3344,NA,NA,49.33,2.1438183784484863,-31.221867,0.004443300185747426,107.798,NA
2017-04-01,99.13509,NA,4.4,NA,NA,102.6894,NA,244.193,NA,NA,NA,NA,2.3,1.03,NA,NA,NA,105.6642,101.2947,NA,NA,51.06,3.0787012577056885,-24.369748,0.005395326275450259,107.2743,NA
2017-05-01,99.25444,NA,4.4,NA,NA,102.2155,NA,244.004,NA,NA,NA,NA,2.3,1.05,NA,NA,NA,105.3244,101.2233,NA,NA,48.48,2.518277883529663,-46.884997,0.008399211744385751,108.3879,NA
2017-06-01,99.44744,NA,4.3,NA,NA,102.659,NA,244.163,NA,NA,NA,NA,2.19,1.16,NA,NA,NA,103.9098,101.1172,NA,NA,45.18,2.858617067337036,-59.118557,0.0066695150220441755,109.9261,NA
2017-07-01,99.22084,NA,4.3,NA,NA,102.7696,NA,244.243,NA,NA,NA,NA,2.32,1.22,NA,NA,NA,102.3032,101.0761,NA,NA,46.63,2.6227943897247314,-53.796785,0.007439421775965131,111.1847,NA
2017-08-01,98.7941,NA,4.4,NA,NA,102.5408,NA,245.183,NA,NA,NA,NA,2.21,1.25,NA,NA,NA,101.1616,101.1728,NA,NA,48.04,3.556932210922241,-30.891351,0.021614163931936582,110.9526,NA
2017-09-01,98.89758,NA,4.3,NA,NA,104.2683,NA,246.435,NA,NA,NA,NA,2.2,1.25,NA,NA,NA,100.4674,101.2939,NA,NA,49.82,2.881110429763794,-13.486652,0.014312894039053392,112.8619,NA
2017-10-01,100.1163,NA,4.2,NA,NA,104.4583,NA,246.626,NA,NA,NA,NA,2.36,1.26,NA,NA,NA,102.1049,101.4439,NA,NA,51.58,2.098043918609619,-4.9169299,0.01961575176261146,115.6323,NA
2017-11-01,100.3757,NA,4.2,NA,NA,104.9228,NA,247.284,NA,NA,NA,NA,2.35,1.32,NA,NA,NA,102.153,101.4238,NA,NA,56.64,2.1755597591400146,-7.0853365,0.013736700848934526,115.9486,NA
2017-12-01,100.5715,NA,4.1,NA,NA,105.1844,NA,247.805,NA,NA,NA,NA,2.4,1.54,NA,NA,NA,101.632,101.341,NA,NA,57.88,2.001279354095459,3.6083088,0.01899422084871464,119.0448,NA
2018-01-01,100.5087,NA,4,NA,NA,104.0962,NA,248.859,NA,NA,NA,NA,2.58,1.63,NA,NA,NA,99.57512,101.3704,NA,NA,63.7,2.203904628753662,-23.140381,0.017922872817843015,124.2432,NA
2018-02-01,100.8772,NA,4.1,NA,NA,104.4692,NA,249.529,NA,NA,NA,NA,2.86,1.78,NA,NA,NA,98.68851,101.5302,NA,NA,62.23,1.5902538299560547,-33.173796,0.04315482988435088,119.4891,NA
2018-03-01,101.3515,NA,4,NA,NA,104.2413,NA,249.577,NA,NA,NA,NA,2.84,2.08,NA,NA,NA,99.32869,101.6295,NA,NA,62.73,2.749058246612549,-30.447348,0.01217434043657379,118.0817,NA
2018-04-01,102.4445,NA,4,NA,NA,104.4367,NA,250.227,NA,NA,NA,NA,2.87,2.2,NA,NA,NA,99.48795,101.5796,NA,NA,66.25,3.360255718231201,-32.73263,0.013827562483118278,117.4013,NA
2018-05-01,101.4972,NA,3.8,NA,NA,105.3874,NA,250.792,NA,NA,NA,NA,2.98,2.16,NA,NA,NA,102.5428,101.4953,NA,NA,69.98,3.3196067810058594,-19.229881,0.012012686395130397,118.3035,NA
2018-06-01,102.2915,NA,4,NA,NA,104.7536,NA,251.018,NA,NA,NA,NA,2.91,2.19,NA,NA,NA,104.2447,101.4384,NA,NA,67.87,2.622774839401245,-14.692959,0.034788606941195115,118.5999,NA
2018-07-01,102.4313,NA,3.8,NA,NA,105.2893,NA,251.214,NA,NA,NA,NA,2.89,2.17,NA,NA,NA,104.266,101.4075,NA,NA,70.98,2.685394763946533,5.3130282,0.036264800354700456,119.5296,NA
2018-08-01,103.172,NA,3.8,NA,NA,104.941,NA,251.663,NA,NA,NA,NA,2.89,2.19,NA,NA,NA,104.6883,101.4186,NA,NA,68.06,2.8082590103149414,8.871272,0.038409240385831406,121.2815,NA
2018-09-01,103.2091,NA,3.7,NA,NA,104.551,NA,252.182,NA,NA,NA,NA,3,2.24,NA,NA,NA,104.8036,101.5003,NA,NA,70.23,1.8185635805130005,-7.8698281,0.020829630080137787,122.2612,NA
2018-10-01,103.0323,NA,3.8,NA,NA,105.4604,NA,252.772,NA,NA,NA,NA,3.15,2.37,NA,NA,NA,105.4018,101.4828,NA,NA,70.75,2.389190912246704,-1.3853586,0.060454892501484156,117.4184,NA
2018-11-01,103.0927,NA,3.8,NA,NA,105.9924,NA,252.594,NA,NA,NA,NA,3.12,2.56,NA,NA,NA,106.4575,101.3758,NA,NA,56.96,1.9454922676086426,-27.089041,0.031335375566828486,115.5294,NA
2018-12-01,103.0867,NA,3.9,NA,NA,103.4949,NA,252.767,NA,NA,NA,NA,2.83,2.69,NA,NA,NA,105.9566,101.2088,NA,NA,49.52,2.234217405319214,-15.662626,0.07813846171848608,108.7552,NA
2019-01-01,102.4705,NA,4,NA,NA,104.3151,NA,252.561,NA,NA,NA,NA,2.71,2.59,NA,NA,NA,104.4911,101.0089,NA,NA,51.38,2.2481937408447266,-38.199706,0.08202030024592515,111.1662,NA
2019-02-01,101.9315,NA,3.8,NA,NA,104.1105,NA,253.319,NA,NA,NA,NA,2.68,2.49,NA,NA,NA,104.226,101.0619,NA,NA,54.95,2.431309700012207,-90.806287,0.03418898876129369,117.2234,NA
2019-03-01,101.9309,NA,3.8,NA,NA,105.4327,NA,254.277,NA,NA,NA,NA,2.57,2.48,NA,NA,NA,104.9168,101.2753,NA,NA,58.15,1.8770334720611572,-83.22259,0.015355434390188846,118.283,NA
2019-04-01,101.3554,NA,3.7,NA,NA,105.0079,NA,255.233,NA,NA,NA,NA,2.53,2.47,NA,NA,NA,105.1921,101.4318,NA,NA,63.86,1.9384009838104248,-70.61422,0.005491402429605703,121.0378,NA
2019-05-01,101.525,NA,3.6,NA,NA,105.6675,NA,255.296,NA,NA,NA,NA,2.4,2.44,NA,NA,NA,106.3702,101.5178,NA,NA,60.83,2.7765839099884033,-41.189555,0.01870392173870076,118.6425,NA
2019-06-01,101.5945,NA,3.6,NA,NA,105.6988,NA,255.213,NA,NA,NA,NA,2.07,2.3,NA,NA,NA,105.9772,101.426,NA,NA,54.66,2.8691000938415527,-28.487073,0.008849208409329668,120.1735,NA
2019-07-01,101.1329,NA,3.7,NA,NA,106.2979,NA,255.802,NA,NA,NA,NA,2.06,2.22,NA,NA,NA,105.4387,101.1991,NA,NA,57.35,2.3758959770202637,17.999584,0.004566596228520846,123.43,NA
2019-08-01,101.8781,NA,3.6,NA,NA,106.9714,NA,256.036,NA,NA,NA,NA,1.63,2.06,NA,NA,NA,107.1449,100.9093,NA,NA,54.81,2.747544527053833,23.889958,0.06520827674211367,118.284,NA
2019-09-01,101.6364,NA,3.5,NA,NA,105.9326,NA,256.43,NA,NA,NA,NA,1.7,2.03,NA,NA,NA,107.3097,100.9092,NA,NA,56.95,2.3340272903442383,36.805553,0.012196829707710168,121.7589,NA
2019-10-01,100.7152,NA,3.6,NA,NA,105.9018,NA,257.155,NA,NA,NA,NA,1.71,1.88,NA,NA,NA,106.61,101.1078,NA,NA,53.96,2.4678382873535156,15.586013,0.018717151641369303,121.3509,NA
2019-11-01,101.2562,NA,3.6,NA,NA,106.4239,NA,257.879,NA,NA,NA,NA,1.81,1.77,NA,NA,NA,106.115,101.3707,NA,NA,57.03,1.7385563850402832,-9.7476641999999991,0.01256609017486044,125.887,NA
2019-12-01,100.9945,NA,3.6,NA,NA,106.3502,NA,258.63,NA,NA,NA,NA,1.86,1.76,NA,NA,NA,105.2508,101.5937,NA,NA,59.88,1.7231336832046509,-12.587907,0.026909938102715584,128.5203,NA
2020-01-01,100.4917,NA,3.6,NA,NA,105.927,NA,259.127,NA,NA,NA,NA,1.76,1.65,NA,NA,NA,104.5709,101.5921,NA,NA,57.52,3.6223251819610596,-80.420408,0.030562926372557725,130.9052,NA
2020-02-01,100.7457,NA,3.5,NA,NA,105.8673,NA,259.25,NA,NA,NA,NA,1.5,1.59,NA,NA,NA,105.8092,101.1732,NA,NA,50.54,1.5158270597457886,-122.21384,0.04358066154729832,128.6936,NA
2020-03-01,96.81453,NA,4.4,NA,NA,100.0725,NA,258.076,NA,NA,NA,NA,0.87,1.35,NA,NA,NA,110.1864,100.1966,NA,NA,29.21,1.7102787494659424,-95.07527,0.5041100378225233,100.458,NA
2020-04-01,83.85933,NA,14.8,NA,NA,88.459460000000007,NA,256.032,NA,NA,NA,NA,0.66,NA,NA,NA,NA,112.4755,99.13439,NA,NA,16.55,1.531962275505066,-84.146372,0.5596335405692745,101.8041,NA
2020-05-01,85.22263,NA,13.2,NA,NA,104.471,NA,255.802,NA,NA,NA,NA,0.67,0.17,NA,NA,NA,111.7795,98.6451,NA,NA,28.56,1.7078226804733276,-114.48346,0.2542314035978061,105.6555,NA
2020-06-01,90.76313,NA,11,NA,NA,110.9872,NA,257.042,NA,NA,NA,NA,0.73,0.2,NA,NA,NA,109.336,98.59637,NA,NA,38.31,1.651901125907898,-29.634987,0.21063719371971978,113.1662,NA
2020-07-01,94.18489,NA,10.2,NA,NA,111.7424,NA,258.352,NA,NA,NA,NA,0.62,0.18,NA,NA,NA,109.0511,98.6133,NA,NA,40.71,1.5392231941223145,5.4357901,0.09861331871407732,115.0943,NA
2020-08-01,95.05096,NA,8.4,NA,NA,111.9829,NA,259.316,NA,NA,NA,NA,0.65,0.15,NA,NA,NA,107.5041,98.81078,NA,NA,42.34,1.455986499786377,-2.2059945,0.04905568422732507,120.638,NA
2020-09-01,95.00764,NA,7.8,NA,NA,113.8419,NA,259.997,NA,NA,NA,NA,0.68,0.13,NA,NA,NA,106.8481,99.11648,NA,NA,39.63,1.6983330249786377,-9.4809176,0.08083286534332138,119.7456,NA
2020-10-01,95.58734,NA,6.9,NA,NA,113.2661,NA,260.319,NA,NA,NA,NA,0.79,0.12,NA,NA,NA,106.1725,99.26201,NA,NA,39.4,1.6619564294815063,5.0497845,0.09059806479089709,121.4711,NA
2020-11-01,96.01081,NA,6.7,NA,NA,112.3733,NA,260.911,NA,NA,NA,NA,0.87,0.16,NA,NA,NA,104.4776,99.21984,NA,NA,40.94,1.3123480081558228,-27.380251,0.08173282022016334,128.248,NA
2020-12-01,97.12004,NA,6.7,NA,NA,113.8697,NA,262.045,NA,NA,NA,NA,0.93,0.17,NA,NA,NA,102.3815,99.22284,NA,NA,47.02,1.4353163242340088,-22.367177,0.021588308401989137,134.5941,NA
2021-01-01,97.92118,NA,6.4,NA,NA,116.9248,NA,262.687,NA,NA,NA,NA,1.08,0.14,NA,NA,NA,101.7669,99.2288,NA,NA,52,1.9018974304199219,6.2811411,0.007421674125197826,138.8357,NA
2021-02-01,94.54175,NA,6.2,NA,NA,113.4924,NA,263.579,NA,NA,NA,NA,1.26,0.11,NA,NA,NA,102.2923,99.36539,NA,NA,59.04,1.5754880905151367,-3.9075381,0.016520887980746767,142.3429,NA
2021-03-01,97.27834,NA,6.1,NA,NA,124.8549,NA,264.961,NA,NA,NA,NA,1.61,0.1,NA,NA,NA,104.0886,99.72382,NA,NA,62.33,1.759825348854065,25.3987,0.015236481770473242,144.9649,NA
2021-04-01,97.4305,NA,6.1,NA,NA,124.4943,NA,266.614,NA,NA,NA,NA,1.64,0.11,NA,NA,NA,104.1359,99.96289,NA,NA,61.72,1.9786767959594727,45.355128,0.011804940306534515,150.286,NA
2021-05-01,98.28518,NA,5.8,NA,NA,122.0732,NA,268.383,NA,NA,NA,NA,1.62,0.1,NA,NA,NA,103.3842,99.90543,NA,NA,65.17,2.0172648429870605,62.922485,0.007453732309295389,153.5066,NA
2021-06-01,98.64085,NA,5.9,NA,NA,121.771,NA,270.654,NA,NA,NA,NA,1.52,0.09,NA,NA,NA,104.5265,99.70004,NA,NA,71.38,1.698848843574524,61.12565,0.025462287080037966,155.2178,NA
2021-07-01,99.24899,NA,5.4,NA,NA,118.7565,NA,271.903,NA,NA,NA,NA,1.32,0.1,NA,NA,NA,105.9605,99.24198,NA,NA,72.49,1.2503361701965332,69.201142,0.009887639480265716,154.7849,NA
2021-08-01,99.25137,NA,5.1,NA,NA,119.6221,NA,272.676,NA,NA,NA,NA,1.28,0.1,NA,NA,NA,106.2013,98.68501,NA,NA,67.73,2.1482017040252686,84.515252,0.004464139602355335,156.6078,NA
2021-09-01,98.19656,NA,4.7,NA,NA,120.071,NA,273.91,NA,NA,NA,NA,1.37,0.1,NA,NA,NA,106.2244,98.3926,NA,NA,71.65,1.9194756746292114,98.438404,0.013612161740268695,155.121,NA
2021-10-01,99.4288,NA,4.5,NA,NA,121.13720000000001,NA,276.55,NA,NA,NA,NA,1.58,0.11,NA,NA,NA,107.0569,98.20995,NA,NA,81.48,1.6444863080978394,109.33956,0.008529565689661815,156.8541,NA
2021-11-01,100.3136,NA,4.2,NA,NA,121.4392,NA,278.919,NA,NA,NA,NA,1.56,0.14,NA,NA,NA,107.8262,98.05109,NA,NA,79.15,1.8621180057525635,53.619288,0.018280314185992026,159.9428,NA
2021-12-01,100.0052,NA,3.9,NA,NA,120.0435,NA,280.845,NA,NA,NA,NA,1.47,0.17,NA,NA,NA,108.6944,97.95181,NA,NA,71.71,2.478400468826294,54.949371,0.022682620417007134,157.3382,NA
2022-01-01,100.1407,NA,4,NA,NA,121.8225,NA,282.543,NA,NA,NA,NA,1.76,0.22,NA,NA,NA,108.2222,97.72173,NA,NA,83.22,3.3158812522888184,7.0014604,0.013329566846698657,158.1003,NA
2022-02-01,100.7889,NA,3.8,NA,NA,122.0696,NA,284.5,NA,NA,NA,NA,1.93,0.38,NA,NA,NA,108.4139,97.42072,NA,NA,91.64,4.87768030166626,10.592483,0.025292487104206264,155.2735,NA
2022-03-01,101.5833,NA,3.7,NA,NA,123.1512,NA,287.674,NA,NA,NA,NA,2.13,0.73,NA,NA,NA,110.1359,97.18818,NA,NA,108.5,6.899374008178711,39.122184,0.10991757137555448,152.9557,NA
2022-04-01,101.8979,NA,3.7,NA,NA,123.9112,NA,288.561,NA,NA,NA,NA,2.75,0.91,NA,NA,NA,110.5633,97.02539,NA,NA,101.78,3.965939521789551,28.551446,0.054079647869610344,153.5939,NA
2022-05-01,101.8796,NA,3.6,NA,NA,122.4697,NA,291.298,NA,NA,NA,NA,2.9,1.33,NA,NA,NA,113.4666,96.62722,NA,NA,109.55,3.1463980674743652,55.964652,0.16742823936126852,144.4183,NA
2022-06-01,101.7898,NA,3.6,NA,NA,121.9116,NA,294.957,NA,NA,NA,NA,3.14,1.87,NA,NA,NA,114.694,96.22865,NA,NA,114.84,2.878502368927002,34.025921,0.20168740414818442,139.7295,NA
2022-07-01,102.2324,NA,3.5,NA,NA,121.0757,NA,294.913,NA,NA,NA,NA,2.9,2.5,NA,NA,NA,116.5294,96.20132,NA,NA,101.62,2.5851051807403564,20.210815,0.21786617358798366,137.4874,NA
2022-08-01,102.3331,NA,3.6,NA,NA,121.4561,NA,295.097,NA,NA,NA,NA,2.9,2.76,NA,NA,NA,115.9721,96.46188,NA,NA,93.67,3.132401704788208,-18.278289,0.21897362770621148,144.2186,NA
2022-09-01,102.6245,NA,3.5,NA,NA,120.4937,NA,296.349,NA,NA,NA,NA,3.52,3.21,NA,NA,NA,118.5999,96.67612,NA,NA,84.26,2.927834987640381,-13.361298,0.19229441069688447,135.1335,NA
2022-10-01,102.5086,NA,3.6,NA,NA,121.5807,NA,298.007,NA,NA,NA,NA,3.98,3.85,NA,NA,NA,120.4467,96.78831,NA,NA,87.55,3.402249336242676,6.1231622,0.23740448397919664,131.9779,NA
2022-11-01,102.1709,NA,3.6,NA,NA,119.5196,NA,298.786,NA,NA,NA,NA,3.89,4.46,NA,NA,NA,117.7188,96.854,NA,NA,84.37,2.6968469619750977,-27.366853,0.2538725959941566,142.0909,NA
2022-12-01,100.5988,NA,3.5,NA,NA,117.7899,NA,298.832,NA,NA,NA,NA,3.62,4.51,NA,NA,NA,115.0363,97.06937,NA,NA,76.44,2.5540883541107178,-16.013675,0.158054420876052,143.193,NA
2023-01-01,101.6525,NA,3.5,NA,NA,121.3139,NA,300.42,NA,NA,NA,NA,3.53,4.61,NA,NA,NA,112.9743,97.35186,NA,NA,78.12,2.4071266651153564,-63.282719,0.12278879493521182,147.018,NA
2023-02-01,101.6717,NA,3.6,NA,NA,119.7294,NA,301.45,NA,NA,NA,NA,3.75,4.74,NA,NA,NA,113.537,97.46672,NA,NA,76.83,2.9753167629241943,-95.773995,0.052481830279441484,148.2392,NA
2023-03-01,101.7629,NA,3.5,NA,NA,118.3638,NA,301.821,NA,NA,NA,NA,3.66,4.91,NA,NA,NA,114.1401,97.35742,NA,NA,73.28,2.6241302490234375,-19.517977,0.19094496873236178,141.1346,NA
2023-04-01,102.2507,NA,3.4,NA,NA,118.3621,NA,302.845,NA,NA,NA,NA,3.46,5.03,NA,NA,NA,113.1712,97.26667,NA,NA,79.45,2.4448766708374023,-14.846431,0.1304931177166505,145.1761,NA
2023-05-01,102.0254,NA,3.6,NA,NA,118.856,NA,303.334,NA,NA,NA,NA,3.57,5.15,NA,NA,NA,113.7964,97.268,NA,NA,71.58,2.508178949356079,-19.263371,0.152856154579026,142.4708,NA
2023-06-01,101.4071,NA,3.6,NA,NA,118.7604,NA,304.014,NA,NA,NA,NA,3.75,5.22,NA,NA,NA,113.9507,97.55695,NA,NA,70.25,2.4588658809661865,-46.224768,0.04970102776089617,145.8344,NA
2023-07-01,102.2891,NA,3.5,NA,NA,119.1196,NA,304.609,NA,NA,NA,NA,3.9,5.35,NA,NA,NA,112.8052,97.89566,NA,NA,76.07,2.4838550090789795,-50.214331,0.024377530642411153,150.752,NA
2023-08-01,102.2139,NA,3.7,NA,NA,119.4148,NA,306.082,NA,NA,NA,NA,4.17,5.44,NA,NA,NA,114.3557,97.937,NA,NA,81.39,2.1599321365356445,-40.477605,0.01132451409439318,149.6734,NA
2023-09-01,102.3956,NA,3.8,NA,NA,119.8176,NA,307.276,NA,NA,NA,NA,4.38,5.49,NA,NA,NA,115.9039,97.7463,NA,NA,89.43,2.2203400135040283,-21.532154,0.00886543159419085,147.9842,NA
2023-10-01,101.6728,NA,3.9,NA,NA,119.318,NA,307.696,NA,NA,NA,NA,4.8,5.46,NA,NA,NA,117.3584,97.51254,NA,NA,85.64,4.424673080444336,7.8371266,0.051570966441920614,141.8852,NA
2023-11-01,102.0065,NA,3.7,NA,NA,118.8418,NA,308.148,NA,NA,NA,NA,4.5,5.41,NA,NA,NA,115.1076,97.56221,NA,NA,77.69,3.72989559173584,5.8547367,0.06141571707343749,146.6592,NA
2023-12-01,101.6788,NA,3.8,NA,NA,119.0781,NA,308.741,NA,NA,NA,NA,4.02,5.32,NA,NA,NA,113.3395,98.1097,NA,NA,71.9,3.424304723739624,38.4789,0.012194863407229539,154.8774,NA
2024-01-01,100.91,NA,3.7,NA,NA,NA,NA,309.698,NA,NA,NA,NA,4.06,5.26,NA,NA,NA,113.8705,98.91297,NA,NA,74.15,3.851935386657715,-6.7459599,0.024913924887062792,157.3779,NA
2024-02-01,101.7357,NA,3.9,NA,NA,NA,NA,310.967,NA,NA,NA,NA,4.21,5.22,NA,NA,NA,114.828,NA,NA,NA,77.25,3.395930051803589,19.66905,0.02456332745740988,162.4479,NA
2024-03-01,101.8591,NA,3.9,NA,NA,NA,NA,312.345,NA,NA,NA,NA,4.21,5.29,NA,NA,NA,115.0217,NA,NA,NA,81.28,2.9444308280944824,25.010324,0.026166026074011865,168.4436,NA
2024-04-01,101.8652,NA,3.9,NA,NA,NA,NA,313.023,NA,NA,NA,NA,4.54,5.33,NA,NA,NA,116.4677,NA,NA,NA,85.35,4.018733024597168,-0.50617047,0.04340836852465257,166.7338,NA
2024-05-01,NA,NA,4,NA,NA,NA,NA,313.175,NA,NA,NA,NA,4.48,5.33,NA,NA,NA,116.2397,NA,NA,NA,80.02,3.1074137687683105,8.6622468,0.020564908119889966,169.2566,NA
2024-06-01,NA,NA,4.1,NA,NA,NA,NA,313.044,NA,NA,NA,NA,4.31,5.28,NA,NA,NA,118.0579,NA,NA,NA,79.77,2.6883084774017334,10.28384,0.026775091779033387,168.4892,NA
2024-07-01,NA,NA,4.2,NA,NA,NA,NA,313.569,NA,NA,NA,NA,4.25,5.31,NA,NA,NA,117.4011,NA,NA,NA,81.8,2.0938539505004883,10.437247,0.030479112868055807,172.0642,NA
2024-08-01,NA,NA,4.2,NA,NA,NA,NA,314.062,NA,NA,NA,NA,3.87,5.12,NA,NA,NA,116.689,NA,NA,NA,76.68,3.2092669010162354,-1.0478408,0.03793999161024295,174.2961,NA
2024-09-01,NA,NA,4.1,NA,NA,NA,NA,314.732,NA,NA,NA,NA,3.72,4.86,NA,NA,NA,116.2803,NA,NA,NA,70.24,2.9731311798095703,12.453685,0.0072438173955068925,179.6647,NA
2024-10-01,NA,NA,4.1,NA,NA,NA,NA,315.631,NA,NA,NA,NA,4.1,4.62,NA,NA,NA,117.6348,NA,NA,NA,71.99,3.0295536518096924,-4.1132036,0.00447388359056591,183.3279,NA
2024-11-01,NA,NA,4.2,NA,NA,NA,NA,316.528,NA,NA,NA,NA,4.36,4.53,NA,NA,NA,120.1253,NA,NA,NA,69.95,3.167306900024414,-12.156304,0.025850232869167933,186.0236,NA
2024-12-01,NA,NA,4.1,NA,NA,NA,NA,317.604,NA,NA,NA,NA,4.39,4.46,NA,NA,NA,121.1936,NA,NA,NA,70.12,3.2895195484161377,-46.068832,0.01837708498442991,183.487,NA
2025-01-01,NA,NA,4,NA,NA,NA,NA,318.961,NA,NA,NA,NA,4.63,4.33,NA,NA,NA,122.6724,NA,NA,NA,75.74,2.745809316635132,-63.027312,0.016733553100820777,183.0461,NA
2025-02-01,NA,NA,4.1,NA,NA,NA,NA,319.679,NA,NA,NA,NA,4.45,4.34,NA,NA,NA,122.0071,NA,NA,NA,71.53,3.5360679626464844,-67.259002,0.006608441425572338,187.7849,NA
2025-03-01,NA,NA,4.2,NA,NA,NA,NA,319.785,NA,NA,NA,NA,4.28,4.29,NA,NA,NA,120.7588,NA,NA,NA,68.24,4.469472408294678,-13.040825,0.031534329305644766,182.063,NA
2025-04-01,NA,NA,4.2,NA,NA,NA,NA,320.302,NA,NA,NA,NA,4.28,4.32,NA,NA,NA,119.2075,NA,NA,NA,63.54,3.5187768936157227,-24.72595,0.13575745401817813,173.0038,NA
2025-05-01,NA,NA,4.2,NA,NA,NA,NA,320.62,NA,NA,NA,NA,4.42,4.29,NA,NA,NA,117.4618,NA,NA,NA,62.17,4.126185417175293,-26.212885,0.06621995112976797,183.3964,NA
2025-06-01,NA,NA,4.1,NA,NA,NA,NA,321.435,NA,NA,NA,NA,4.38,4.31,NA,NA,NA,116.1653,NA,NA,NA,68.17,5.638092994689941,-3.4819675,0.023300324488928617,187.7724,NA
2025-07-01,NA,NA,4.2,NA,NA,NA,NA,322.169,NA,NA,NA,NA,4.39,4.28,NA,NA,NA,115.464,NA,NA,NA,68.39,3.168950319290161,4.0477538,0.017430090757050803,193.2824,NA
2025-08-01,NA,NA,4.3,NA,NA,NA,NA,323.291,NA,NA,NA,NA,4.26,4.22,NA,NA,NA,116.2397,NA,NA,NA,64.86,3.4015345573425293,13.351131,0.034765997149953674,194.6145,NA
2025-09-01,NA,NA,4.4,NA,NA,NA,NA,324.245,NA,NA,NA,NA,4.12,4.1,NA,NA,NA,115.9623,NA,NA,NA,63.96,3.128674030303955,19.236875,0.019373753729463407,199.9697,NA
2025-10-01,NA,NA,NA,NA,NA,NA,NA,NA,NA,NA,NA,NA,4.06,3.98,NA,NA,NA,116.2758,NA,NA,NA,60.89,3.752814531326294,13.060231,0.012819167781095243,201.9479,NA
2025-11-01,NA,NA,NA,NA,NA,NA,NA,325.063,NA,NA,NA,NA,4.09,3.86,NA,NA,NA,116.6596,NA,NA,NA,60.06,2.6585381031036377,22.100626,0.01596625578843895,200.6944,NA
2025-12-01,NA,NA,NA,NA,NA,NA,NA,326.031,NA,NA,NA,NA,4.14,3.74,NA,NA,NA,115.2969,NA,NA,NA,57.97,3.245901584625244,28.824831,0.02060112271508769,205.5674,NA
2026-01-01,NA,NA,NA,NA,NA,NA,NA,326.588,NA,NA,NA,NA,4.21,3.63,NA,NA,NA,114.7042,NA,NA,NA,60.04,4.566380500793457,1.3394484,0.022407332326535148,212.011,NA
2026-02-01,NA,NA,NA,NA,NA,NA,NA,327.46,NA,NA,NA,NA,4.13,3.66,NA,NA,NA,113.3281,NA,NA,NA,64.51,3.0740814208984375,15.089143,0.012548807364945158,217.9211,NA
2026-03-01,NA,NA,NA,NA,NA,NA,NA,330.293,NA,NA,NA,NA,4.25,3.69,NA,NA,NA,115.8974,NA,NA,NA,91.38,8.682634353637695,14.68627,0.021753347445607373,208.5646,NA
2026-04-01,NA,NA,NA,NA,NA,NA,NA,332.407,NA,NA,NA,NA,4.32,3.77,NA,NA,NA,115.5963,NA,NA,NA,100.32,6.689791679382324,31.898428,0.014251461895851136,213.351,NA
2026-05-01,NA,NA,NA,NA,NA,NA,NA,333.979,NA,NA,NA,NA,4.48,3.72,NA,NA,NA,115.6794,NA,NA,NA,102.13,5.303407192230225,53.750324,0.007276544402936942,216.0802,NA
2026-06-01,NA,NA,NA,NA,NA,NA,NA,332.568,NA,NA,NA,NA,4.47,3.77,NA,NA,NA,116.3878,NA,NA,NA,84.81,4.604442119598389,44.922417,0.012787121180591821,220.0752,NA
2026-07-01,NA,NA,NA,NA,NA,NA,NA,332.813,NA,NA,NA,NA,4.6,3.82,NA,NA,NA,116.6031,NA,NA,NA,80.46,3.9278860092163086,44.83344,0.015987813705758042,224.2012,NA
2026-08-01,NA,NA,NA,NA,NA,NA,NA,334.131,NA,NA,NA,NA,4.68,3.82,NA,NA,NA,114.8088,NA,NA,NA,83.9,NA,NA,0.01848407479832727,230.718,NA
2026-09-01,NA,NA,NA,NA,NA,NA,NA,NA,NA,NA,NA,NA,NA,NA,NA,NA,NA,NA,NA,NA,NA,NA,NA,NA,0.022933003625906473,NA,NA
